solid OpenSCAD_Model
  facet normal 0.998629 0.0523367 0
    outer loop
      vertex 55 0 15
      vertex 54.6987 5.74907 0
      vertex 54.6987 5.74907 15
    endloop
  endfacet
  facet normal 0.998629 0.0523367 0
    outer loop
      vertex 54.6987 5.74907 0
      vertex 55 0 15
      vertex 55 0 0
    endloop
  endfacet
  facet normal -0.998629 0.0523367 0
    outer loop
      vertex -55 0 0
      vertex -54.6987 5.74907 15
      vertex -54.6987 5.74907 0
    endloop
  endfacet
  facet normal -0.998629 0.0523367 0
    outer loop
      vertex -54.6987 5.74907 15
      vertex -55 0 0
      vertex -55 0 15
    endloop
  endfacet
  facet normal 0.0523367 0.998629 -0
    outer loop
      vertex 5.74907 54.6987 0
      vertex 0 55 15
      vertex 5.74907 54.6987 15
    endloop
  endfacet
  facet normal 0.0523367 0.998629 0
    outer loop
      vertex 0 55 15
      vertex 5.74907 54.6987 0
      vertex 0 55 0
    endloop
  endfacet
  facet normal 0.707107 0.707107 0
    outer loop
      vertex 40.873 36.8022 17.6204
      vertex 36.8022 40.873 0
      vertex 36.8022 40.873 17.6204
    endloop
  endfacet
  facet normal 0.707107 0.707107 0
    outer loop
      vertex 36.8022 40.873 0
      vertex 40.873 36.8022 17.6204
      vertex 40.873 36.8022 0
    endloop
  endfacet
  facet normal -0.629313 0.777152 0
    outer loop
      vertex -32.3282 44.4959 15
      vertex -36.8022 40.873 17.6204
      vertex -32.3282 44.4959 17.6204
    endloop
  endfacet
  facet normal -0.629313 0.777152 0
    outer loop
      vertex -36.8022 40.873 0
      vertex -32.3282 44.4959 15
      vertex -32.3282 44.4959 0
    endloop
  endfacet
  facet normal -0.629313 0.777152 0
    outer loop
      vertex -32.3282 44.4959 15
      vertex -36.8022 40.873 0
      vertex -36.8022 40.873 17.6204
    endloop
  endfacet
  facet normal -0.258817 0.965926 0
    outer loop
      vertex -11.4351 53.7981 0
      vertex -16.9959 52.3081 17.6204
      vertex -11.4351 53.7981 17.6204
    endloop
  endfacet
  facet normal -0.258817 0.965926 0
    outer loop
      vertex -16.9959 52.3081 17.6204
      vertex -11.4351 53.7981 0
      vertex -16.9959 52.3081 0
    endloop
  endfacet
  facet normal 0.933581 0.358366 0
    outer loop
      vertex 52.3081 16.9959 17.6204
      vertex 50.245 22.3705 15
      vertex 50.245 22.3705 17.6204
    endloop
  endfacet
  facet normal 0.933581 0.358366 -0
    outer loop
      vertex 52.3081 16.9959 0
      vertex 50.245 22.3705 15
      vertex 52.3081 16.9959 17.6204
    endloop
  endfacet
  facet normal 0.933581 0.358366 0
    outer loop
      vertex 50.245 22.3705 15
      vertex 52.3081 16.9959 0
      vertex 50.245 22.3705 0
    endloop
  endfacet
  facet normal 0.358366 0.933581 -0
    outer loop
      vertex 22.3705 50.245 15
      vertex 16.9959 52.3081 17.6204
      vertex 22.3705 50.245 17.6204
    endloop
  endfacet
  facet normal 0.358366 0.933581 0
    outer loop
      vertex 16.9959 52.3081 0
      vertex 22.3705 50.245 15
      vertex 22.3705 50.245 0
    endloop
  endfacet
  facet normal 0.358366 0.933581 0
    outer loop
      vertex 22.3705 50.245 15
      vertex 16.9959 52.3081 0
      vertex 16.9959 52.3081 17.6204
    endloop
  endfacet
  facet normal 0.258817 0.965926 -0
    outer loop
      vertex 16.9959 52.3081 0
      vertex 11.4351 53.7981 17.6204
      vertex 16.9959 52.3081 17.6204
    endloop
  endfacet
  facet normal 0.258817 0.965926 0
    outer loop
      vertex 11.4351 53.7981 17.6204
      vertex 16.9959 52.3081 0
      vertex 11.4351 53.7981 0
    endloop
  endfacet
  facet normal 0.544643 0.838668 -0
    outer loop
      vertex 32.3282 44.4959 0
      vertex 27.5 47.6314 15
      vertex 32.3282 44.4959 15
    endloop
  endfacet
  facet normal 0.544643 0.838668 0
    outer loop
      vertex 27.5 47.6314 15
      vertex 32.3282 44.4959 0
      vertex 27.5 47.6314 0
    endloop
  endfacet
  facet normal -0.891007 0.453989 0
    outer loop
      vertex -50.245 22.3705 0
      vertex -47.6314 27.5 15
      vertex -47.6314 27.5 0
    endloop
  endfacet
  facet normal -0.891007 0.453989 0
    outer loop
      vertex -47.6314 27.5 15
      vertex -50.245 22.3705 0
      vertex -50.245 22.3705 15
    endloop
  endfacet
  facet normal -0.156438 0.987688 0
    outer loop
      vertex -5.74907 54.6987 15
      vertex -11.4351 53.7981 17.6204
      vertex -5.74907 54.6987 17.6204
    endloop
  endfacet
  facet normal -0.156438 0.987688 0
    outer loop
      vertex -11.4351 53.7981 0
      vertex -5.74907 54.6987 15
      vertex -5.74907 54.6987 0
    endloop
  endfacet
  facet normal -0.156438 0.987688 0
    outer loop
      vertex -5.74907 54.6987 15
      vertex -11.4351 53.7981 0
      vertex -11.4351 53.7981 17.6204
    endloop
  endfacet
  facet normal 0 0 -1
    outer loop
      vertex 50 0 0
      vertex 54.75 0 0
      vertex 54.4501 -5.72293 0
    endloop
  endfacet
  facet normal 0 0 -1
    outer loop
      vertex 49.7261 -5.22642 0
      vertex 54.4501 -5.72293 0
      vertex 53.5536 -11.3832 0
    endloop
  endfacet
  facet normal 0 0 -1
    outer loop
      vertex 54.75 0 0
      vertex 50 0 0
      vertex 54.4501 5.72293 0
    endloop
  endfacet
  facet normal 0 0 -1
    outer loop
      vertex 48.9074 -10.3956 0
      vertex 53.5536 -11.3832 0
      vertex 52.0703 -16.9187 0
    endloop
  endfacet
  facet normal 0 0 -1
    outer loop
      vertex 49.7261 5.22642 0
      vertex 54.4501 5.72293 0
      vertex 50 0 0
    endloop
  endfacet
  facet normal 0 0 -1
    outer loop
      vertex 47.5528 -15.4508 0
      vertex 52.0703 -16.9187 0
      vertex 50.0166 -22.2688 0
    endloop
  endfacet
  facet normal -0 0 -1
    outer loop
      vertex 54.4501 5.72293 0
      vertex 49.7261 5.22642 0
      vertex 53.5536 11.3832 0
    endloop
  endfacet
  facet normal 0 0 -1
    outer loop
      vertex 48.9074 10.3956 0
      vertex 53.5536 11.3832 0
      vertex 49.7261 5.22642 0
    endloop
  endfacet
  facet normal 0 0 -1
    outer loop
      vertex 54.4501 -5.72293 0
      vertex 49.7261 -5.22642 0
      vertex 50 0 0
    endloop
  endfacet
  facet normal 0 0 -1
    outer loop
      vertex 53.5536 -11.3832 0
      vertex 48.9074 -10.3956 0
      vertex 49.7261 -5.22642 0
    endloop
  endfacet
  facet normal 0 0 -1
    outer loop
      vertex 52.0703 -16.9187 0
      vertex 47.5528 -15.4508 0
      vertex 48.9074 -10.3956 0
    endloop
  endfacet
  facet normal 0 0 -1
    outer loop
      vertex 45.6773 -20.3368 0
      vertex 50.0166 -22.2688 0
      vertex 47.4149 -27.375 0
    endloop
  endfacet
  facet normal 0 0 -1
    outer loop
      vertex 50.0166 -22.2688 0
      vertex 45.6773 -20.3368 0
      vertex 47.5528 -15.4508 0
    endloop
  endfacet
  facet normal 0 0 -1
    outer loop
      vertex 43.3013 -25 0
      vertex 47.4149 -27.375 0
      vertex 44.2937 -32.1812 0
    endloop
  endfacet
  facet normal 0 0 -1
    outer loop
      vertex 47.4149 -27.375 0
      vertex 43.3013 -25 0
      vertex 45.6773 -20.3368 0
    endloop
  endfacet
  facet normal 0 0 -1
    outer loop
      vertex 40.4509 -29.3893 0
      vertex 44.2937 -32.1812 0
      vertex 40.6872 -36.6349 0
    endloop
  endfacet
  facet normal 0 0 -1
    outer loop
      vertex 44.2937 -32.1812 0
      vertex 40.4509 -29.3893 0
      vertex 43.3013 -25 0
    endloop
  endfacet
  facet normal 0 0 -1
    outer loop
      vertex 40.6872 -36.6349 0
      vertex 37.1572 -33.4565 0
      vertex 40.4509 -29.3893 0
    endloop
  endfacet
  facet normal 0 0 -1
    outer loop
      vertex 36.6349 -40.6872 0
      vertex 37.1572 -33.4565 0
      vertex 40.6872 -36.6349 0
    endloop
  endfacet
  facet normal 0 0 -1
    outer loop
      vertex 36.6349 -40.6872 0
      vertex 33.4565 -37.1572 0
      vertex 37.1572 -33.4565 0
    endloop
  endfacet
  facet normal 0 0 -1
    outer loop
      vertex 32.1812 -44.2937 0
      vertex 33.4565 -37.1572 0
      vertex 36.6349 -40.6872 0
    endloop
  endfacet
  facet normal 0 0 -1
    outer loop
      vertex 32.1812 -44.2937 0
      vertex 29.3893 -40.4509 0
      vertex 33.4565 -37.1572 0
    endloop
  endfacet
  facet normal 0 0 -1
    outer loop
      vertex 27.375 -47.4149 0
      vertex 29.3893 -40.4509 0
      vertex 32.1812 -44.2937 0
    endloop
  endfacet
  facet normal 0 0 -1
    outer loop
      vertex 27.375 -47.4149 0
      vertex 25 -43.3013 0
      vertex 29.3893 -40.4509 0
    endloop
  endfacet
  facet normal 0 0 -1
    outer loop
      vertex 22.2688 -50.0166 0
      vertex 25 -43.3013 0
      vertex 27.375 -47.4149 0
    endloop
  endfacet
  facet normal 0 0 -1
    outer loop
      vertex 22.2688 -50.0166 0
      vertex 20.3368 -45.6773 0
      vertex 25 -43.3013 0
    endloop
  endfacet
  facet normal 0 0 -1
    outer loop
      vertex 16.9187 -52.0703 0
      vertex 20.3368 -45.6773 0
      vertex 22.2688 -50.0166 0
    endloop
  endfacet
  facet normal 0 0 -1
    outer loop
      vertex 16.9187 -52.0703 0
      vertex 15.4508 -47.5528 0
      vertex 20.3368 -45.6773 0
    endloop
  endfacet
  facet normal 0 0 -1
    outer loop
      vertex 11.3832 -53.5536 0
      vertex 15.4508 -47.5528 0
      vertex 16.9187 -52.0703 0
    endloop
  endfacet
  facet normal 0 0 -1
    outer loop
      vertex 11.3832 -53.5536 0
      vertex 10.3956 -48.9074 0
      vertex 15.4508 -47.5528 0
    endloop
  endfacet
  facet normal 0 0 -1
    outer loop
      vertex 5.72293 -54.4501 0
      vertex 10.3956 -48.9074 0
      vertex 11.3832 -53.5536 0
    endloop
  endfacet
  facet normal 0 0 -1
    outer loop
      vertex 5.72293 -54.4501 0
      vertex 5.22642 -49.7261 0
      vertex 10.3956 -48.9074 0
    endloop
  endfacet
  facet normal 0 0 -1
    outer loop
      vertex 0 -54.75 0
      vertex 5.22642 -49.7261 0
      vertex 5.72293 -54.4501 0
    endloop
  endfacet
  facet normal 0 0 -1
    outer loop
      vertex 0 -54.75 0
      vertex 0 -50 0
      vertex 5.22642 -49.7261 0
    endloop
  endfacet
  facet normal 0 0 -1
    outer loop
      vertex 0 -54.75 0
      vertex -5.22642 -49.7261 0
      vertex 0 -50 0
    endloop
  endfacet
  facet normal 0 0 -1
    outer loop
      vertex -5.72293 -54.4501 0
      vertex -5.22642 -49.7261 0
      vertex 0 -54.75 0
    endloop
  endfacet
  facet normal 0 0 -1
    outer loop
      vertex -5.72293 -54.4501 0
      vertex -10.3956 -48.9074 0
      vertex -5.22642 -49.7261 0
    endloop
  endfacet
  facet normal 0 0 -1
    outer loop
      vertex -11.3832 -53.5536 0
      vertex -10.3956 -48.9074 0
      vertex -5.72293 -54.4501 0
    endloop
  endfacet
  facet normal 0 0 -1
    outer loop
      vertex -11.3832 -53.5536 0
      vertex -15.4508 -47.5528 0
      vertex -10.3956 -48.9074 0
    endloop
  endfacet
  facet normal 0 0 -1
    outer loop
      vertex -16.9187 -52.0703 0
      vertex -15.4508 -47.5528 0
      vertex -11.3832 -53.5536 0
    endloop
  endfacet
  facet normal 0 0 -1
    outer loop
      vertex -16.9187 -52.0703 0
      vertex -20.3368 -45.6773 0
      vertex -15.4508 -47.5528 0
    endloop
  endfacet
  facet normal 0 0 -1
    outer loop
      vertex -22.2688 -50.0166 0
      vertex -20.3368 -45.6773 0
      vertex -16.9187 -52.0703 0
    endloop
  endfacet
  facet normal 0 0 -1
    outer loop
      vertex -22.2688 -50.0166 0
      vertex -25 -43.3013 0
      vertex -20.3368 -45.6773 0
    endloop
  endfacet
  facet normal 0 0 -1
    outer loop
      vertex -27.375 -47.4149 0
      vertex -25 -43.3013 0
      vertex -22.2688 -50.0166 0
    endloop
  endfacet
  facet normal 0 0 -1
    outer loop
      vertex -27.375 -47.4149 0
      vertex -29.3893 -40.4509 0
      vertex -25 -43.3013 0
    endloop
  endfacet
  facet normal 0 0 -1
    outer loop
      vertex -32.1812 -44.2937 0
      vertex -29.3893 -40.4509 0
      vertex -27.375 -47.4149 0
    endloop
  endfacet
  facet normal 0 0 -1
    outer loop
      vertex -32.1812 -44.2937 0
      vertex -33.4565 -37.1572 0
      vertex -29.3893 -40.4509 0
    endloop
  endfacet
  facet normal 0 0 -1
    outer loop
      vertex -36.6349 -40.6872 0
      vertex -33.4565 -37.1572 0
      vertex -32.1812 -44.2937 0
    endloop
  endfacet
  facet normal 0 0 -1
    outer loop
      vertex -36.6349 -40.6872 0
      vertex -37.1572 -33.4565 0
      vertex -33.4565 -37.1572 0
    endloop
  endfacet
  facet normal 0 0 -1
    outer loop
      vertex -40.6872 -36.6349 0
      vertex -37.1572 -33.4565 0
      vertex -36.6349 -40.6872 0
    endloop
  endfacet
  facet normal -0 0 -1
    outer loop
      vertex -37.1572 -33.4565 0
      vertex -40.6872 -36.6349 0
      vertex -40.4509 -29.3893 0
    endloop
  endfacet
  facet normal 0 0 -1
    outer loop
      vertex -44.2937 -32.1812 0
      vertex -40.4509 -29.3893 0
      vertex -40.6872 -36.6349 0
    endloop
  endfacet
  facet normal -0 0 -1
    outer loop
      vertex -40.4509 -29.3893 0
      vertex -44.2937 -32.1812 0
      vertex -43.3013 -25 0
    endloop
  endfacet
  facet normal 0 0 -1
    outer loop
      vertex -47.4149 -27.375 0
      vertex -43.3013 -25 0
      vertex -44.2937 -32.1812 0
    endloop
  endfacet
  facet normal -0 0 -1
    outer loop
      vertex -43.3013 -25 0
      vertex -47.4149 -27.375 0
      vertex -45.6773 -20.3368 0
    endloop
  endfacet
  facet normal 0 0 -1
    outer loop
      vertex -50.0166 -22.2688 0
      vertex -45.6773 -20.3368 0
      vertex -47.4149 -27.375 0
    endloop
  endfacet
  facet normal -0 0 -1
    outer loop
      vertex -45.6773 -20.3368 0
      vertex -50.0166 -22.2688 0
      vertex -47.5528 -15.4508 0
    endloop
  endfacet
  facet normal 0 0 -1
    outer loop
      vertex -52.0703 -16.9187 0
      vertex -47.5528 -15.4508 0
      vertex -50.0166 -22.2688 0
    endloop
  endfacet
  facet normal 0 0 -1
    outer loop
      vertex -53.5536 -11.3832 0
      vertex -48.9074 -10.3956 0
      vertex -52.0703 -16.9187 0
    endloop
  endfacet
  facet normal -0 0 -1
    outer loop
      vertex -47.5528 -15.4508 0
      vertex -52.0703 -16.9187 0
      vertex -48.9074 -10.3956 0
    endloop
  endfacet
  facet normal -0 0 -1
    outer loop
      vertex 53.5536 11.3832 0
      vertex 48.9074 10.3956 0
      vertex 52.0703 16.9187 0
    endloop
  endfacet
  facet normal 0 0 -1
    outer loop
      vertex 47.5528 15.4508 0
      vertex 52.0703 16.9187 0
      vertex 48.9074 10.3956 0
    endloop
  endfacet
  facet normal -0 0 -1
    outer loop
      vertex 52.0703 16.9187 0
      vertex 47.5528 15.4508 0
      vertex 50.0166 22.2688 0
    endloop
  endfacet
  facet normal 0 0 -1
    outer loop
      vertex 45.6773 20.3368 0
      vertex 50.0166 22.2688 0
      vertex 47.5528 15.4508 0
    endloop
  endfacet
  facet normal -0 0 -1
    outer loop
      vertex 50.0166 22.2688 0
      vertex 45.6773 20.3368 0
      vertex 47.4149 27.375 0
    endloop
  endfacet
  facet normal 0 0 -1
    outer loop
      vertex 43.3013 25 0
      vertex 47.4149 27.375 0
      vertex 45.6773 20.3368 0
    endloop
  endfacet
  facet normal -0 0 -1
    outer loop
      vertex 47.4149 27.375 0
      vertex 43.3013 25 0
      vertex 44.2937 32.1812 0
    endloop
  endfacet
  facet normal 0 0 -1
    outer loop
      vertex 40.4509 29.3893 0
      vertex 44.2937 32.1812 0
      vertex 43.3013 25 0
    endloop
  endfacet
  facet normal -0 0 -1
    outer loop
      vertex 44.2937 32.1812 0
      vertex 40.4509 29.3893 0
      vertex 40.6872 36.6349 0
    endloop
  endfacet
  facet normal 0 0 -1
    outer loop
      vertex 37.1572 33.4565 0
      vertex 40.6872 36.6349 0
      vertex 40.4509 29.3893 0
    endloop
  endfacet
  facet normal 0 0 -1
    outer loop
      vertex 37.1572 33.4565 0
      vertex 36.6349 40.6872 0
      vertex 40.6872 36.6349 0
    endloop
  endfacet
  facet normal 0 0 -1
    outer loop
      vertex 33.4565 37.1572 0
      vertex 36.6349 40.6872 0
      vertex 37.1572 33.4565 0
    endloop
  endfacet
  facet normal 0 0 -1
    outer loop
      vertex 33.4565 37.1572 0
      vertex 32.1812 44.2937 0
      vertex 36.6349 40.6872 0
    endloop
  endfacet
  facet normal 0 0 -1
    outer loop
      vertex 29.3893 40.4509 0
      vertex 32.1812 44.2937 0
      vertex 33.4565 37.1572 0
    endloop
  endfacet
  facet normal 0 0 -1
    outer loop
      vertex 29.3893 40.4509 0
      vertex 27.375 47.4149 0
      vertex 32.1812 44.2937 0
    endloop
  endfacet
  facet normal 0 0 -1
    outer loop
      vertex 25 43.3013 0
      vertex 27.375 47.4149 0
      vertex 29.3893 40.4509 0
    endloop
  endfacet
  facet normal 0 0 -1
    outer loop
      vertex 25 43.3013 0
      vertex 22.2688 50.0166 0
      vertex 27.375 47.4149 0
    endloop
  endfacet
  facet normal 0 0 -1
    outer loop
      vertex 20.3368 45.6773 0
      vertex 22.2688 50.0166 0
      vertex 25 43.3013 0
    endloop
  endfacet
  facet normal 0 0 -1
    outer loop
      vertex 20.3368 45.6773 0
      vertex 16.9187 52.0703 0
      vertex 22.2688 50.0166 0
    endloop
  endfacet
  facet normal 0 0 -1
    outer loop
      vertex 15.4508 47.5528 0
      vertex 16.9187 52.0703 0
      vertex 20.3368 45.6773 0
    endloop
  endfacet
  facet normal 0 0 -1
    outer loop
      vertex 15.4508 47.5528 0
      vertex 11.3832 53.5536 0
      vertex 16.9187 52.0703 0
    endloop
  endfacet
  facet normal 0 0 -1
    outer loop
      vertex 10.3956 48.9074 0
      vertex 11.3832 53.5536 0
      vertex 15.4508 47.5528 0
    endloop
  endfacet
  facet normal 0 0 -1
    outer loop
      vertex 10.3956 48.9074 0
      vertex 5.72293 54.4501 0
      vertex 11.3832 53.5536 0
    endloop
  endfacet
  facet normal 0 0 -1
    outer loop
      vertex 5.22642 49.7261 0
      vertex 5.72293 54.4501 0
      vertex 10.3956 48.9074 0
    endloop
  endfacet
  facet normal 0 0 -1
    outer loop
      vertex 0 50 0
      vertex 5.72293 54.4501 0
      vertex 5.22642 49.7261 0
    endloop
  endfacet
  facet normal 0 0 -1
    outer loop
      vertex 0 50 0
      vertex 0 54.75 0
      vertex 5.72293 54.4501 0
    endloop
  endfacet
  facet normal 0 0 -1
    outer loop
      vertex -5.22642 49.7261 0
      vertex 0 54.75 0
      vertex 0 50 0
    endloop
  endfacet
  facet normal 0 0 -1
    outer loop
      vertex -5.22642 49.7261 0
      vertex -5.72293 54.4501 0
      vertex 0 54.75 0
    endloop
  endfacet
  facet normal 0 0 -1
    outer loop
      vertex -10.3956 48.9074 0
      vertex -5.72293 54.4501 0
      vertex -5.22642 49.7261 0
    endloop
  endfacet
  facet normal 0 0 -1
    outer loop
      vertex -10.3956 48.9074 0
      vertex -11.3832 53.5536 0
      vertex -5.72293 54.4501 0
    endloop
  endfacet
  facet normal 0 0 -1
    outer loop
      vertex -15.4508 47.5528 0
      vertex -11.3832 53.5536 0
      vertex -10.3956 48.9074 0
    endloop
  endfacet
  facet normal 0 0 -1
    outer loop
      vertex -15.4508 47.5528 0
      vertex -16.9187 52.0703 0
      vertex -11.3832 53.5536 0
    endloop
  endfacet
  facet normal 0 0 -1
    outer loop
      vertex -20.3368 45.6773 0
      vertex -16.9187 52.0703 0
      vertex -15.4508 47.5528 0
    endloop
  endfacet
  facet normal 0 0 -1
    outer loop
      vertex -20.3368 45.6773 0
      vertex -22.2688 50.0166 0
      vertex -16.9187 52.0703 0
    endloop
  endfacet
  facet normal 0 0 -1
    outer loop
      vertex -25 43.3013 0
      vertex -22.2688 50.0166 0
      vertex -20.3368 45.6773 0
    endloop
  endfacet
  facet normal 0 0 -1
    outer loop
      vertex -25 43.3013 0
      vertex -27.375 47.4149 0
      vertex -22.2688 50.0166 0
    endloop
  endfacet
  facet normal 0 0 -1
    outer loop
      vertex -29.3893 40.4509 0
      vertex -27.375 47.4149 0
      vertex -25 43.3013 0
    endloop
  endfacet
  facet normal 0 0 -1
    outer loop
      vertex -29.3893 40.4509 0
      vertex -32.1812 44.2937 0
      vertex -27.375 47.4149 0
    endloop
  endfacet
  facet normal 0 0 -1
    outer loop
      vertex -33.4565 37.1572 0
      vertex -32.1812 44.2937 0
      vertex -29.3893 40.4509 0
    endloop
  endfacet
  facet normal 0 0 -1
    outer loop
      vertex -33.4565 37.1572 0
      vertex -36.6349 40.6872 0
      vertex -32.1812 44.2937 0
    endloop
  endfacet
  facet normal 0 0 -1
    outer loop
      vertex -37.1572 33.4565 0
      vertex -36.6349 40.6872 0
      vertex -33.4565 37.1572 0
    endloop
  endfacet
  facet normal 0 0 -1
    outer loop
      vertex -40.6872 36.6349 0
      vertex -37.1572 33.4565 0
      vertex -40.4509 29.3893 0
    endloop
  endfacet
  facet normal 0 0 -1
    outer loop
      vertex -37.1572 33.4565 0
      vertex -40.6872 36.6349 0
      vertex -36.6349 40.6872 0
    endloop
  endfacet
  facet normal 0 0 -1
    outer loop
      vertex -44.2937 32.1812 0
      vertex -40.4509 29.3893 0
      vertex -43.3013 25 0
    endloop
  endfacet
  facet normal 0 0 -1
    outer loop
      vertex -40.4509 29.3893 0
      vertex -44.2937 32.1812 0
      vertex -40.6872 36.6349 0
    endloop
  endfacet
  facet normal 0 0 -1
    outer loop
      vertex -47.4149 27.375 0
      vertex -43.3013 25 0
      vertex -45.6773 20.3368 0
    endloop
  endfacet
  facet normal 0 0 -1
    outer loop
      vertex -43.3013 25 0
      vertex -47.4149 27.375 0
      vertex -44.2937 32.1812 0
    endloop
  endfacet
  facet normal 0 0 -1
    outer loop
      vertex -50.0166 22.2688 0
      vertex -45.6773 20.3368 0
      vertex -47.5528 15.4508 0
    endloop
  endfacet
  facet normal 0 0 -1
    outer loop
      vertex -52.0703 16.9187 0
      vertex -47.5528 15.4508 0
      vertex -48.9074 10.3956 0
    endloop
  endfacet
  facet normal 0 0 -1
    outer loop
      vertex -53.5536 11.3832 0
      vertex -48.9074 10.3956 0
      vertex -49.7261 5.22642 0
    endloop
  endfacet
  facet normal 0 0 -1
    outer loop
      vertex -45.6773 20.3368 0
      vertex -50.0166 22.2688 0
      vertex -47.4149 27.375 0
    endloop
  endfacet
  facet normal 0 0 -1
    outer loop
      vertex -54.4501 5.72293 0
      vertex -49.7261 5.22642 0
      vertex -50 0 0
    endloop
  endfacet
  facet normal -0 0 -1
    outer loop
      vertex -48.9074 -10.3956 0
      vertex -53.5536 -11.3832 0
      vertex -49.7261 -5.22642 0
    endloop
  endfacet
  facet normal 0 0 -1
    outer loop
      vertex -54.4501 -5.72293 0
      vertex -49.7261 -5.22642 0
      vertex -53.5536 -11.3832 0
    endloop
  endfacet
  facet normal 0 0 -1
    outer loop
      vertex -47.5528 15.4508 0
      vertex -52.0703 16.9187 0
      vertex -50.0166 22.2688 0
    endloop
  endfacet
  facet normal -0 0 -1
    outer loop
      vertex -49.7261 -5.22642 0
      vertex -54.4501 -5.72293 0
      vertex -50 0 0
    endloop
  endfacet
  facet normal 0 0 -1
    outer loop
      vertex -48.9074 10.3956 0
      vertex -53.5536 11.3832 0
      vertex -52.0703 16.9187 0
    endloop
  endfacet
  facet normal 0 0 -1
    outer loop
      vertex -54.75 0 0
      vertex -50 0 0
      vertex -54.4501 -5.72293 0
    endloop
  endfacet
  facet normal 0 0 -1
    outer loop
      vertex -49.7261 5.22642 0
      vertex -54.4501 5.72293 0
      vertex -53.5536 11.3832 0
    endloop
  endfacet
  facet normal 0 0 -1
    outer loop
      vertex -50 0 0
      vertex -54.75 0 0
      vertex -54.4501 5.72293 0
    endloop
  endfacet
  facet normal 0 0 -1
    outer loop
      vertex 54.6987 -5.74907 0
      vertex 54.75 0 0
      vertex 55 0 0
    endloop
  endfacet
  facet normal 0 0 -1
    outer loop
      vertex 54.6987 -5.74907 0
      vertex 54.4501 -5.72293 0
      vertex 54.75 0 0
    endloop
  endfacet
  facet normal 0 0 -1
    outer loop
      vertex 53.7981 -11.4351 0
      vertex 54.4501 -5.72293 0
      vertex 54.6987 -5.74907 0
    endloop
  endfacet
  facet normal 0 0 -1
    outer loop
      vertex 53.7981 -11.4351 0
      vertex 53.5536 -11.3832 0
      vertex 54.4501 -5.72293 0
    endloop
  endfacet
  facet normal 0 0 -1
    outer loop
      vertex 52.3081 -16.9959 0
      vertex 53.5536 -11.3832 0
      vertex 53.7981 -11.4351 0
    endloop
  endfacet
  facet normal 0 0 -1
    outer loop
      vertex 52.3081 -16.9959 0
      vertex 52.0703 -16.9187 0
      vertex 53.5536 -11.3832 0
    endloop
  endfacet
  facet normal 0 0 -1
    outer loop
      vertex 50.245 -22.3705 0
      vertex 52.0703 -16.9187 0
      vertex 52.3081 -16.9959 0
    endloop
  endfacet
  facet normal 0 0 -1
    outer loop
      vertex 50.245 -22.3705 0
      vertex 50.0166 -22.2688 0
      vertex 52.0703 -16.9187 0
    endloop
  endfacet
  facet normal 0 0 -1
    outer loop
      vertex 47.6314 -27.5 0
      vertex 50.0166 -22.2688 0
      vertex 50.245 -22.3705 0
    endloop
  endfacet
  facet normal 0 0 -1
    outer loop
      vertex 47.6314 -27.5 0
      vertex 47.4149 -27.375 0
      vertex 50.0166 -22.2688 0
    endloop
  endfacet
  facet normal 0 0 -1
    outer loop
      vertex 44.4959 -32.3282 0
      vertex 47.4149 -27.375 0
      vertex 47.6314 -27.5 0
    endloop
  endfacet
  facet normal 0 0 -1
    outer loop
      vertex 44.4959 -32.3282 0
      vertex 44.2937 -32.1812 0
      vertex 47.4149 -27.375 0
    endloop
  endfacet
  facet normal 0 0 -1
    outer loop
      vertex 40.873 -36.8022 0
      vertex 44.2937 -32.1812 0
      vertex 44.4959 -32.3282 0
    endloop
  endfacet
  facet normal 0 0 -1
    outer loop
      vertex 40.873 -36.8022 0
      vertex 40.6872 -36.6349 0
      vertex 44.2937 -32.1812 0
    endloop
  endfacet
  facet normal 0 0 -1
    outer loop
      vertex 36.8022 -40.873 0
      vertex 40.6872 -36.6349 0
      vertex 40.873 -36.8022 0
    endloop
  endfacet
  facet normal 0 0 -1
    outer loop
      vertex 36.8022 -40.873 0
      vertex 36.6349 -40.6872 0
      vertex 40.6872 -36.6349 0
    endloop
  endfacet
  facet normal 0 0 -1
    outer loop
      vertex 32.3282 -44.4959 0
      vertex 36.6349 -40.6872 0
      vertex 36.8022 -40.873 0
    endloop
  endfacet
  facet normal 0 0 -1
    outer loop
      vertex 32.3282 -44.4959 0
      vertex 32.1812 -44.2937 0
      vertex 36.6349 -40.6872 0
    endloop
  endfacet
  facet normal 0 0 -1
    outer loop
      vertex 27.5 -47.6314 0
      vertex 32.1812 -44.2937 0
      vertex 32.3282 -44.4959 0
    endloop
  endfacet
  facet normal 0 0 -1
    outer loop
      vertex 27.5 -47.6314 0
      vertex 27.375 -47.4149 0
      vertex 32.1812 -44.2937 0
    endloop
  endfacet
  facet normal 0 0 -1
    outer loop
      vertex 22.3705 -50.245 0
      vertex 27.375 -47.4149 0
      vertex 27.5 -47.6314 0
    endloop
  endfacet
  facet normal 0 0 -1
    outer loop
      vertex 22.3705 -50.245 0
      vertex 22.2688 -50.0166 0
      vertex 27.375 -47.4149 0
    endloop
  endfacet
  facet normal 0 0 -1
    outer loop
      vertex 16.9959 -52.3081 0
      vertex 22.2688 -50.0166 0
      vertex 22.3705 -50.245 0
    endloop
  endfacet
  facet normal 0 0 -1
    outer loop
      vertex 16.9959 -52.3081 0
      vertex 16.9187 -52.0703 0
      vertex 22.2688 -50.0166 0
    endloop
  endfacet
  facet normal 0 0 -1
    outer loop
      vertex 11.4351 -53.7981 0
      vertex 16.9187 -52.0703 0
      vertex 16.9959 -52.3081 0
    endloop
  endfacet
  facet normal 0 0 -1
    outer loop
      vertex 11.4351 -53.7981 0
      vertex 11.3832 -53.5536 0
      vertex 16.9187 -52.0703 0
    endloop
  endfacet
  facet normal 0 0 -1
    outer loop
      vertex 5.74907 -54.6987 0
      vertex 11.3832 -53.5536 0
      vertex 11.4351 -53.7981 0
    endloop
  endfacet
  facet normal 0 0 -1
    outer loop
      vertex 5.74907 -54.6987 0
      vertex 5.72293 -54.4501 0
      vertex 11.3832 -53.5536 0
    endloop
  endfacet
  facet normal 0 0 -1
    outer loop
      vertex 0 -55 0
      vertex 5.72293 -54.4501 0
      vertex 5.74907 -54.6987 0
    endloop
  endfacet
  facet normal 0 0 -1
    outer loop
      vertex 0 -55 0
      vertex 0 -54.75 0
      vertex 5.72293 -54.4501 0
    endloop
  endfacet
  facet normal 0 0 -1
    outer loop
      vertex 0 -55 0
      vertex -5.72293 -54.4501 0
      vertex 0 -54.75 0
    endloop
  endfacet
  facet normal 0 0 -1
    outer loop
      vertex -5.74907 -54.6987 0
      vertex -5.72293 -54.4501 0
      vertex 0 -55 0
    endloop
  endfacet
  facet normal 0 0 -1
    outer loop
      vertex -5.74907 -54.6987 0
      vertex -11.3832 -53.5536 0
      vertex -5.72293 -54.4501 0
    endloop
  endfacet
  facet normal 0 0 -1
    outer loop
      vertex -11.4351 -53.7981 0
      vertex -11.3832 -53.5536 0
      vertex -5.74907 -54.6987 0
    endloop
  endfacet
  facet normal 0 0 -1
    outer loop
      vertex -11.4351 -53.7981 0
      vertex -16.9187 -52.0703 0
      vertex -11.3832 -53.5536 0
    endloop
  endfacet
  facet normal 0 0 -1
    outer loop
      vertex -16.9959 -52.3081 0
      vertex -16.9187 -52.0703 0
      vertex -11.4351 -53.7981 0
    endloop
  endfacet
  facet normal 0 0 -1
    outer loop
      vertex -16.9959 -52.3081 0
      vertex -22.2688 -50.0166 0
      vertex -16.9187 -52.0703 0
    endloop
  endfacet
  facet normal 0 0 -1
    outer loop
      vertex -22.3705 -50.245 0
      vertex -22.2688 -50.0166 0
      vertex -16.9959 -52.3081 0
    endloop
  endfacet
  facet normal 0 0 -1
    outer loop
      vertex -22.3705 -50.245 0
      vertex -27.375 -47.4149 0
      vertex -22.2688 -50.0166 0
    endloop
  endfacet
  facet normal 0 0 -1
    outer loop
      vertex -27.5 -47.6314 0
      vertex -27.375 -47.4149 0
      vertex -22.3705 -50.245 0
    endloop
  endfacet
  facet normal 0 0 -1
    outer loop
      vertex -27.5 -47.6314 0
      vertex -32.1812 -44.2937 0
      vertex -27.375 -47.4149 0
    endloop
  endfacet
  facet normal 0 0 -1
    outer loop
      vertex -32.3282 -44.4959 0
      vertex -32.1812 -44.2937 0
      vertex -27.5 -47.6314 0
    endloop
  endfacet
  facet normal 0 0 -1
    outer loop
      vertex -32.3282 -44.4959 0
      vertex -36.6349 -40.6872 0
      vertex -32.1812 -44.2937 0
    endloop
  endfacet
  facet normal 0 0 -1
    outer loop
      vertex -36.8022 -40.873 0
      vertex -36.6349 -40.6872 0
      vertex -32.3282 -44.4959 0
    endloop
  endfacet
  facet normal 0 0 -1
    outer loop
      vertex -36.8022 -40.873 0
      vertex -40.6872 -36.6349 0
      vertex -36.6349 -40.6872 0
    endloop
  endfacet
  facet normal 0 0 -1
    outer loop
      vertex -40.873 -36.8022 0
      vertex -40.6872 -36.6349 0
      vertex -36.8022 -40.873 0
    endloop
  endfacet
  facet normal 0 0 -1
    outer loop
      vertex -40.873 -36.8022 0
      vertex -44.2937 -32.1812 0
      vertex -40.6872 -36.6349 0
    endloop
  endfacet
  facet normal 0 0 -1
    outer loop
      vertex -44.4959 -32.3282 0
      vertex -44.2937 -32.1812 0
      vertex -40.873 -36.8022 0
    endloop
  endfacet
  facet normal 0 0 -1
    outer loop
      vertex -44.4959 -32.3282 0
      vertex -47.4149 -27.375 0
      vertex -44.2937 -32.1812 0
    endloop
  endfacet
  facet normal 0 0 -1
    outer loop
      vertex -47.6314 -27.5 0
      vertex -47.4149 -27.375 0
      vertex -44.4959 -32.3282 0
    endloop
  endfacet
  facet normal 0 0 -1
    outer loop
      vertex -47.6314 -27.5 0
      vertex -50.0166 -22.2688 0
      vertex -47.4149 -27.375 0
    endloop
  endfacet
  facet normal 0 0 -1
    outer loop
      vertex -50.245 -22.3705 0
      vertex -50.0166 -22.2688 0
      vertex -47.6314 -27.5 0
    endloop
  endfacet
  facet normal 0 0 -1
    outer loop
      vertex -50.245 -22.3705 0
      vertex -52.0703 -16.9187 0
      vertex -50.0166 -22.2688 0
    endloop
  endfacet
  facet normal 0 0 -1
    outer loop
      vertex -52.3081 -16.9959 0
      vertex -52.0703 -16.9187 0
      vertex -50.245 -22.3705 0
    endloop
  endfacet
  facet normal 0 0 -1
    outer loop
      vertex -52.3081 -16.9959 0
      vertex -53.5536 -11.3832 0
      vertex -52.0703 -16.9187 0
    endloop
  endfacet
  facet normal 0 0 -1
    outer loop
      vertex -53.7981 -11.4351 0
      vertex -53.5536 -11.3832 0
      vertex -52.3081 -16.9959 0
    endloop
  endfacet
  facet normal 0 0 -1
    outer loop
      vertex -53.7981 -11.4351 0
      vertex -54.4501 -5.72293 0
      vertex -53.5536 -11.3832 0
    endloop
  endfacet
  facet normal 0 0 -1
    outer loop
      vertex -54.6987 -5.74907 0
      vertex -54.4501 -5.72293 0
      vertex -53.7981 -11.4351 0
    endloop
  endfacet
  facet normal 0 0 -1
    outer loop
      vertex -54.6987 -5.74907 0
      vertex -54.75 0 0
      vertex -54.4501 -5.72293 0
    endloop
  endfacet
  facet normal -0 -0 -1
    outer loop
      vertex -54.75 0 0
      vertex -54.6987 -5.74907 0
      vertex -55 0 0
    endloop
  endfacet
  facet normal 0 0 -1
    outer loop
      vertex 54.75 0 0
      vertex 54.6987 5.74907 0
      vertex 55 0 0
    endloop
  endfacet
  facet normal 0 0 -1
    outer loop
      vertex 54.4501 5.72293 0
      vertex 54.6987 5.74907 0
      vertex 54.75 0 0
    endloop
  endfacet
  facet normal 0 0 -1
    outer loop
      vertex 54.4501 5.72293 0
      vertex 53.7981 11.4351 0
      vertex 54.6987 5.74907 0
    endloop
  endfacet
  facet normal 0 0 -1
    outer loop
      vertex 53.5536 11.3832 0
      vertex 53.7981 11.4351 0
      vertex 54.4501 5.72293 0
    endloop
  endfacet
  facet normal 0 0 -1
    outer loop
      vertex 53.5536 11.3832 0
      vertex 52.3081 16.9959 0
      vertex 53.7981 11.4351 0
    endloop
  endfacet
  facet normal 0 0 -1
    outer loop
      vertex 52.0703 16.9187 0
      vertex 52.3081 16.9959 0
      vertex 53.5536 11.3832 0
    endloop
  endfacet
  facet normal 0 0 -1
    outer loop
      vertex 52.0703 16.9187 0
      vertex 50.245 22.3705 0
      vertex 52.3081 16.9959 0
    endloop
  endfacet
  facet normal 0 0 -1
    outer loop
      vertex 50.0166 22.2688 0
      vertex 50.245 22.3705 0
      vertex 52.0703 16.9187 0
    endloop
  endfacet
  facet normal 0 0 -1
    outer loop
      vertex 50.0166 22.2688 0
      vertex 47.6314 27.5 0
      vertex 50.245 22.3705 0
    endloop
  endfacet
  facet normal 0 0 -1
    outer loop
      vertex 47.4149 27.375 0
      vertex 47.6314 27.5 0
      vertex 50.0166 22.2688 0
    endloop
  endfacet
  facet normal 0 0 -1
    outer loop
      vertex 47.4149 27.375 0
      vertex 44.4959 32.3282 0
      vertex 47.6314 27.5 0
    endloop
  endfacet
  facet normal 0 0 -1
    outer loop
      vertex 44.2937 32.1812 0
      vertex 44.4959 32.3282 0
      vertex 47.4149 27.375 0
    endloop
  endfacet
  facet normal 0 0 -1
    outer loop
      vertex 44.2937 32.1812 0
      vertex 40.873 36.8022 0
      vertex 44.4959 32.3282 0
    endloop
  endfacet
  facet normal 0 0 -1
    outer loop
      vertex 40.6872 36.6349 0
      vertex 40.873 36.8022 0
      vertex 44.2937 32.1812 0
    endloop
  endfacet
  facet normal 0 0 -1
    outer loop
      vertex 40.6872 36.6349 0
      vertex 36.8022 40.873 0
      vertex 40.873 36.8022 0
    endloop
  endfacet
  facet normal 0 0 -1
    outer loop
      vertex 36.6349 40.6872 0
      vertex 36.8022 40.873 0
      vertex 40.6872 36.6349 0
    endloop
  endfacet
  facet normal 0 0 -1
    outer loop
      vertex 36.6349 40.6872 0
      vertex 32.3282 44.4959 0
      vertex 36.8022 40.873 0
    endloop
  endfacet
  facet normal 0 0 -1
    outer loop
      vertex 32.1812 44.2937 0
      vertex 32.3282 44.4959 0
      vertex 36.6349 40.6872 0
    endloop
  endfacet
  facet normal 0 0 -1
    outer loop
      vertex 32.1812 44.2937 0
      vertex 27.5 47.6314 0
      vertex 32.3282 44.4959 0
    endloop
  endfacet
  facet normal 0 0 -1
    outer loop
      vertex 27.375 47.4149 0
      vertex 27.5 47.6314 0
      vertex 32.1812 44.2937 0
    endloop
  endfacet
  facet normal 0 0 -1
    outer loop
      vertex 27.375 47.4149 0
      vertex 22.3705 50.245 0
      vertex 27.5 47.6314 0
    endloop
  endfacet
  facet normal 0 0 -1
    outer loop
      vertex 22.2688 50.0166 0
      vertex 22.3705 50.245 0
      vertex 27.375 47.4149 0
    endloop
  endfacet
  facet normal 0 0 -1
    outer loop
      vertex 22.2688 50.0166 0
      vertex 16.9959 52.3081 0
      vertex 22.3705 50.245 0
    endloop
  endfacet
  facet normal 0 0 -1
    outer loop
      vertex 16.9187 52.0703 0
      vertex 16.9959 52.3081 0
      vertex 22.2688 50.0166 0
    endloop
  endfacet
  facet normal 0 0 -1
    outer loop
      vertex 16.9187 52.0703 0
      vertex 11.4351 53.7981 0
      vertex 16.9959 52.3081 0
    endloop
  endfacet
  facet normal 0 0 -1
    outer loop
      vertex 11.3832 53.5536 0
      vertex 11.4351 53.7981 0
      vertex 16.9187 52.0703 0
    endloop
  endfacet
  facet normal 0 0 -1
    outer loop
      vertex 11.3832 53.5536 0
      vertex 5.74907 54.6987 0
      vertex 11.4351 53.7981 0
    endloop
  endfacet
  facet normal 0 0 -1
    outer loop
      vertex 5.72293 54.4501 0
      vertex 5.74907 54.6987 0
      vertex 11.3832 53.5536 0
    endloop
  endfacet
  facet normal 0 0 -1
    outer loop
      vertex 0 54.75 0
      vertex 5.74907 54.6987 0
      vertex 5.72293 54.4501 0
    endloop
  endfacet
  facet normal 0 0 -1
    outer loop
      vertex 0 54.75 0
      vertex 0 55 0
      vertex 5.74907 54.6987 0
    endloop
  endfacet
  facet normal 0 0 -1
    outer loop
      vertex -5.72293 54.4501 0
      vertex 0 55 0
      vertex 0 54.75 0
    endloop
  endfacet
  facet normal 0 0 -1
    outer loop
      vertex -5.72293 54.4501 0
      vertex -5.74907 54.6987 0
      vertex 0 55 0
    endloop
  endfacet
  facet normal 0 0 -1
    outer loop
      vertex -11.3832 53.5536 0
      vertex -5.74907 54.6987 0
      vertex -5.72293 54.4501 0
    endloop
  endfacet
  facet normal 0 0 -1
    outer loop
      vertex -11.3832 53.5536 0
      vertex -11.4351 53.7981 0
      vertex -5.74907 54.6987 0
    endloop
  endfacet
  facet normal 0 0 -1
    outer loop
      vertex -16.9187 52.0703 0
      vertex -11.4351 53.7981 0
      vertex -11.3832 53.5536 0
    endloop
  endfacet
  facet normal 0 0 -1
    outer loop
      vertex -16.9187 52.0703 0
      vertex -16.9959 52.3081 0
      vertex -11.4351 53.7981 0
    endloop
  endfacet
  facet normal 0 0 -1
    outer loop
      vertex -22.2688 50.0166 0
      vertex -16.9959 52.3081 0
      vertex -16.9187 52.0703 0
    endloop
  endfacet
  facet normal 0 0 -1
    outer loop
      vertex -22.2688 50.0166 0
      vertex -22.3705 50.245 0
      vertex -16.9959 52.3081 0
    endloop
  endfacet
  facet normal 0 0 -1
    outer loop
      vertex -27.375 47.4149 0
      vertex -22.3705 50.245 0
      vertex -22.2688 50.0166 0
    endloop
  endfacet
  facet normal 0 0 -1
    outer loop
      vertex -27.375 47.4149 0
      vertex -27.5 47.6314 0
      vertex -22.3705 50.245 0
    endloop
  endfacet
  facet normal 0 0 -1
    outer loop
      vertex -32.1812 44.2937 0
      vertex -27.5 47.6314 0
      vertex -27.375 47.4149 0
    endloop
  endfacet
  facet normal 0 0 -1
    outer loop
      vertex -32.1812 44.2937 0
      vertex -32.3282 44.4959 0
      vertex -27.5 47.6314 0
    endloop
  endfacet
  facet normal 0 0 -1
    outer loop
      vertex -36.6349 40.6872 0
      vertex -32.3282 44.4959 0
      vertex -32.1812 44.2937 0
    endloop
  endfacet
  facet normal 0 0 -1
    outer loop
      vertex -36.6349 40.6872 0
      vertex -36.8022 40.873 0
      vertex -32.3282 44.4959 0
    endloop
  endfacet
  facet normal 0 0 -1
    outer loop
      vertex -40.6872 36.6349 0
      vertex -36.8022 40.873 0
      vertex -36.6349 40.6872 0
    endloop
  endfacet
  facet normal 0 0 -1
    outer loop
      vertex -40.6872 36.6349 0
      vertex -40.873 36.8022 0
      vertex -36.8022 40.873 0
    endloop
  endfacet
  facet normal 0 0 -1
    outer loop
      vertex -44.2937 32.1812 0
      vertex -40.873 36.8022 0
      vertex -40.6872 36.6349 0
    endloop
  endfacet
  facet normal 0 0 -1
    outer loop
      vertex -44.2937 32.1812 0
      vertex -44.4959 32.3282 0
      vertex -40.873 36.8022 0
    endloop
  endfacet
  facet normal 0 0 -1
    outer loop
      vertex -47.4149 27.375 0
      vertex -44.4959 32.3282 0
      vertex -44.2937 32.1812 0
    endloop
  endfacet
  facet normal 0 0 -1
    outer loop
      vertex -47.4149 27.375 0
      vertex -47.6314 27.5 0
      vertex -44.4959 32.3282 0
    endloop
  endfacet
  facet normal 0 0 -1
    outer loop
      vertex -50.0166 22.2688 0
      vertex -47.6314 27.5 0
      vertex -47.4149 27.375 0
    endloop
  endfacet
  facet normal 0 0 -1
    outer loop
      vertex -50.0166 22.2688 0
      vertex -50.245 22.3705 0
      vertex -47.6314 27.5 0
    endloop
  endfacet
  facet normal 0 0 -1
    outer loop
      vertex -52.0703 16.9187 0
      vertex -50.245 22.3705 0
      vertex -50.0166 22.2688 0
    endloop
  endfacet
  facet normal 0 0 -1
    outer loop
      vertex -52.0703 16.9187 0
      vertex -52.3081 16.9959 0
      vertex -50.245 22.3705 0
    endloop
  endfacet
  facet normal 0 0 -1
    outer loop
      vertex -53.5536 11.3832 0
      vertex -52.3081 16.9959 0
      vertex -52.0703 16.9187 0
    endloop
  endfacet
  facet normal 0 0 -1
    outer loop
      vertex -53.5536 11.3832 0
      vertex -53.7981 11.4351 0
      vertex -52.3081 16.9959 0
    endloop
  endfacet
  facet normal 0 0 -1
    outer loop
      vertex -54.4501 5.72293 0
      vertex -53.7981 11.4351 0
      vertex -53.5536 11.3832 0
    endloop
  endfacet
  facet normal 0 0 -1
    outer loop
      vertex -54.4501 5.72293 0
      vertex -54.6987 5.74907 0
      vertex -53.7981 11.4351 0
    endloop
  endfacet
  facet normal 0 0 -1
    outer loop
      vertex -54.75 0 0
      vertex -54.6987 5.74907 0
      vertex -54.4501 5.72293 0
    endloop
  endfacet
  facet normal 0 0 -1
    outer loop
      vertex -54.6987 5.74907 0
      vertex -54.75 0 0
      vertex -55 0 0
    endloop
  endfacet
  facet normal 0.965926 0.258817 0
    outer loop
      vertex 53.7981 11.4351 17.6204
      vertex 52.3081 16.9959 0
      vertex 52.3081 16.9959 17.6204
    endloop
  endfacet
  facet normal 0.965926 0.258817 0
    outer loop
      vertex 52.3081 16.9959 0
      vertex 53.7981 11.4351 17.6204
      vertex 53.7981 11.4351 0
    endloop
  endfacet
  facet normal 0.987688 0.156438 -0
    outer loop
      vertex 54.6987 5.74907 15
      vertex 53.7981 11.4351 17.6204
      vertex 54.6987 5.74907 17.6204
    endloop
  endfacet
  facet normal 0.987688 0.156438 0
    outer loop
      vertex 53.7981 11.4351 17.6204
      vertex 54.6987 5.74907 15
      vertex 53.7981 11.4351 0
    endloop
  endfacet
  facet normal 0.987688 0.156438 0
    outer loop
      vertex 53.7981 11.4351 0
      vertex 54.6987 5.74907 15
      vertex 54.6987 5.74907 0
    endloop
  endfacet
  facet normal 0.838668 0.544643 0
    outer loop
      vertex 47.6314 27.5 15
      vertex 44.4959 32.3282 0
      vertex 44.4959 32.3282 15
    endloop
  endfacet
  facet normal 0.838668 0.544643 0
    outer loop
      vertex 44.4959 32.3282 0
      vertex 47.6314 27.5 15
      vertex 47.6314 27.5 0
    endloop
  endfacet
  facet normal 0.777152 0.629313 -0
    outer loop
      vertex 44.4959 32.3282 15
      vertex 40.873 36.8022 17.6204
      vertex 44.4959 32.3282 17.6204
    endloop
  endfacet
  facet normal 0.777152 0.629313 0
    outer loop
      vertex 40.873 36.8022 17.6204
      vertex 44.4959 32.3282 15
      vertex 40.873 36.8022 0
    endloop
  endfacet
  facet normal 0.777152 0.629313 0
    outer loop
      vertex 40.873 36.8022 0
      vertex 44.4959 32.3282 15
      vertex 44.4959 32.3282 0
    endloop
  endfacet
  facet normal 0.891007 0.453989 0
    outer loop
      vertex 50.245 22.3705 15
      vertex 47.6314 27.5 0
      vertex 47.6314 27.5 15
    endloop
  endfacet
  facet normal 0.891007 0.453989 0
    outer loop
      vertex 47.6314 27.5 0
      vertex 50.245 22.3705 15
      vertex 50.245 22.3705 0
    endloop
  endfacet
  facet normal 0.156438 0.987688 0
    outer loop
      vertex 11.4351 53.7981 17.6204
      vertex 5.74907 54.6987 15
      vertex 5.74907 54.6987 17.6204
    endloop
  endfacet
  facet normal 0.156438 0.987688 -0
    outer loop
      vertex 11.4351 53.7981 0
      vertex 5.74907 54.6987 15
      vertex 11.4351 53.7981 17.6204
    endloop
  endfacet
  facet normal 0.156438 0.987688 0
    outer loop
      vertex 5.74907 54.6987 15
      vertex 11.4351 53.7981 0
      vertex 5.74907 54.6987 0
    endloop
  endfacet
  facet normal 0.453989 0.891007 -0
    outer loop
      vertex 27.5 47.6314 0
      vertex 22.3705 50.245 15
      vertex 27.5 47.6314 15
    endloop
  endfacet
  facet normal 0.453989 0.891007 0
    outer loop
      vertex 22.3705 50.245 15
      vertex 27.5 47.6314 0
      vertex 22.3705 50.245 0
    endloop
  endfacet
  facet normal 0.629313 0.777152 0
    outer loop
      vertex 36.8022 40.873 17.6204
      vertex 32.3282 44.4959 15
      vertex 32.3282 44.4959 17.6204
    endloop
  endfacet
  facet normal 0.629313 0.777152 -0
    outer loop
      vertex 36.8022 40.873 0
      vertex 32.3282 44.4959 15
      vertex 36.8022 40.873 17.6204
    endloop
  endfacet
  facet normal 0.629313 0.777152 0
    outer loop
      vertex 32.3282 44.4959 15
      vertex 36.8022 40.873 0
      vertex 32.3282 44.4959 0
    endloop
  endfacet
  facet normal -0.965926 0.258817 0
    outer loop
      vertex -53.7981 11.4351 0
      vertex -52.3081 16.9959 17.6204
      vertex -52.3081 16.9959 0
    endloop
  endfacet
  facet normal -0.965926 0.258817 0
    outer loop
      vertex -52.3081 16.9959 17.6204
      vertex -53.7981 11.4351 0
      vertex -53.7981 11.4351 17.6204
    endloop
  endfacet
  facet normal -0.777152 0.629313 0
    outer loop
      vertex -44.4959 32.3282 15
      vertex -40.873 36.8022 0
      vertex -44.4959 32.3282 0
    endloop
  endfacet
  facet normal -0.777152 0.629313 0
    outer loop
      vertex -40.873 36.8022 0
      vertex -44.4959 32.3282 15
      vertex -40.873 36.8022 17.6204
    endloop
  endfacet
  facet normal -0.777152 0.629313 0
    outer loop
      vertex -40.873 36.8022 17.6204
      vertex -44.4959 32.3282 15
      vertex -44.4959 32.3282 17.6204
    endloop
  endfacet
  facet normal -0.707107 0.707107 0
    outer loop
      vertex -40.873 36.8022 0
      vertex -36.8022 40.873 17.6204
      vertex -36.8022 40.873 0
    endloop
  endfacet
  facet normal -0.707107 0.707107 0
    outer loop
      vertex -36.8022 40.873 17.6204
      vertex -40.873 36.8022 0
      vertex -40.873 36.8022 17.6204
    endloop
  endfacet
  facet normal -0.838668 0.544643 0
    outer loop
      vertex -47.6314 27.5 0
      vertex -44.4959 32.3282 15
      vertex -44.4959 32.3282 0
    endloop
  endfacet
  facet normal -0.838668 0.544643 0
    outer loop
      vertex -44.4959 32.3282 15
      vertex -47.6314 27.5 0
      vertex -47.6314 27.5 15
    endloop
  endfacet
  facet normal -0.933581 0.358366 0
    outer loop
      vertex -52.3081 16.9959 0
      vertex -50.245 22.3705 15
      vertex -50.245 22.3705 0
    endloop
  endfacet
  facet normal -0.933581 0.358366 0
    outer loop
      vertex -52.3081 16.9959 17.6204
      vertex -50.245 22.3705 15
      vertex -52.3081 16.9959 0
    endloop
  endfacet
  facet normal -0.933581 0.358366 0
    outer loop
      vertex -50.245 22.3705 15
      vertex -52.3081 16.9959 17.6204
      vertex -50.245 22.3705 17.6204
    endloop
  endfacet
  facet normal -0.987688 0.156438 0
    outer loop
      vertex -54.6987 5.74907 15
      vertex -53.7981 11.4351 0
      vertex -54.6987 5.74907 0
    endloop
  endfacet
  facet normal -0.987688 0.156438 0
    outer loop
      vertex -53.7981 11.4351 0
      vertex -54.6987 5.74907 15
      vertex -53.7981 11.4351 17.6204
    endloop
  endfacet
  facet normal -0.987688 0.156438 0
    outer loop
      vertex -53.7981 11.4351 17.6204
      vertex -54.6987 5.74907 15
      vertex -54.6987 5.74907 17.6204
    endloop
  endfacet
  facet normal -0.453989 0.891007 0
    outer loop
      vertex -22.3705 50.245 0
      vertex -27.5 47.6314 15
      vertex -22.3705 50.245 15
    endloop
  endfacet
  facet normal -0.453989 0.891007 0
    outer loop
      vertex -27.5 47.6314 15
      vertex -22.3705 50.245 0
      vertex -27.5 47.6314 0
    endloop
  endfacet
  facet normal -0.358366 0.933581 0
    outer loop
      vertex -16.9959 52.3081 17.6204
      vertex -22.3705 50.245 15
      vertex -22.3705 50.245 17.6204
    endloop
  endfacet
  facet normal -0.358366 0.933581 0
    outer loop
      vertex -16.9959 52.3081 0
      vertex -22.3705 50.245 15
      vertex -16.9959 52.3081 17.6204
    endloop
  endfacet
  facet normal -0.358366 0.933581 0
    outer loop
      vertex -22.3705 50.245 15
      vertex -16.9959 52.3081 0
      vertex -22.3705 50.245 0
    endloop
  endfacet
  facet normal -0.544643 0.838668 0
    outer loop
      vertex -27.5 47.6314 0
      vertex -32.3282 44.4959 15
      vertex -27.5 47.6314 15
    endloop
  endfacet
  facet normal -0.544643 0.838668 0
    outer loop
      vertex -32.3282 44.4959 15
      vertex -27.5 47.6314 0
      vertex -32.3282 44.4959 0
    endloop
  endfacet
  facet normal -0.0523367 0.998629 0
    outer loop
      vertex 0 55 0
      vertex -5.74907 54.6987 15
      vertex 0 55 15
    endloop
  endfacet
  facet normal -0.0523367 0.998629 0
    outer loop
      vertex -5.74907 54.6987 15
      vertex 0 55 0
      vertex -5.74907 54.6987 0
    endloop
  endfacet
  facet normal 0.998629 -0.0523367 0
    outer loop
      vertex 54.6987 -5.74907 15
      vertex 55 0 0
      vertex 55 0 15
    endloop
  endfacet
  facet normal 0.998629 -0.0523367 0
    outer loop
      vertex 55 0 0
      vertex 54.6987 -5.74907 15
      vertex 54.6987 -5.74907 0
    endloop
  endfacet
  facet normal 0.0523367 -0.998629 0
    outer loop
      vertex 0 -55 0
      vertex 5.74907 -54.6987 15
      vertex 0 -55 15
    endloop
  endfacet
  facet normal 0.0523367 -0.998629 0
    outer loop
      vertex 5.74907 -54.6987 15
      vertex 0 -55 0
      vertex 5.74907 -54.6987 0
    endloop
  endfacet
  facet normal 0.258817 -0.965926 0
    outer loop
      vertex 11.4351 -53.7981 0
      vertex 16.9959 -52.3081 17.6204
      vertex 11.4351 -53.7981 17.6204
    endloop
  endfacet
  facet normal 0.258817 -0.965926 0
    outer loop
      vertex 16.9959 -52.3081 17.6204
      vertex 11.4351 -53.7981 0
      vertex 16.9959 -52.3081 0
    endloop
  endfacet
  facet normal 0.629313 -0.777152 0
    outer loop
      vertex 32.3282 -44.4959 15
      vertex 36.8022 -40.873 17.6204
      vertex 32.3282 -44.4959 17.6204
    endloop
  endfacet
  facet normal 0.629313 -0.777152 0
    outer loop
      vertex 36.8022 -40.873 0
      vertex 32.3282 -44.4959 15
      vertex 32.3282 -44.4959 0
    endloop
  endfacet
  facet normal 0.629313 -0.777152 0
    outer loop
      vertex 32.3282 -44.4959 15
      vertex 36.8022 -40.873 0
      vertex 36.8022 -40.873 17.6204
    endloop
  endfacet
  facet normal 0.453989 -0.891007 0
    outer loop
      vertex 22.3705 -50.245 0
      vertex 27.5 -47.6314 15
      vertex 22.3705 -50.245 15
    endloop
  endfacet
  facet normal 0.453989 -0.891007 0
    outer loop
      vertex 27.5 -47.6314 15
      vertex 22.3705 -50.245 0
      vertex 27.5 -47.6314 0
    endloop
  endfacet
  facet normal 0.777152 -0.629313 0
    outer loop
      vertex 40.873 -36.8022 17.6204
      vertex 44.4959 -32.3282 15
      vertex 44.4959 -32.3282 17.6204
    endloop
  endfacet
  facet normal 0.777152 -0.629313 0
    outer loop
      vertex 40.873 -36.8022 0
      vertex 44.4959 -32.3282 15
      vertex 40.873 -36.8022 17.6204
    endloop
  endfacet
  facet normal 0.777152 -0.629313 0
    outer loop
      vertex 44.4959 -32.3282 15
      vertex 40.873 -36.8022 0
      vertex 44.4959 -32.3282 0
    endloop
  endfacet
  facet normal 0.891007 -0.453989 0
    outer loop
      vertex 47.6314 -27.5 15
      vertex 50.245 -22.3705 0
      vertex 50.245 -22.3705 15
    endloop
  endfacet
  facet normal 0.891007 -0.453989 0
    outer loop
      vertex 50.245 -22.3705 0
      vertex 47.6314 -27.5 15
      vertex 47.6314 -27.5 0
    endloop
  endfacet
  facet normal -0.707107 -0.707107 0
    outer loop
      vertex -36.8022 -40.873 0
      vertex -40.873 -36.8022 17.6204
      vertex -40.873 -36.8022 0
    endloop
  endfacet
  facet normal -0.707107 -0.707107 0
    outer loop
      vertex -40.873 -36.8022 17.6204
      vertex -36.8022 -40.873 0
      vertex -36.8022 -40.873 17.6204
    endloop
  endfacet
  facet normal -0.544643 -0.838668 0
    outer loop
      vertex -32.3282 -44.4959 0
      vertex -27.5 -47.6314 15
      vertex -32.3282 -44.4959 15
    endloop
  endfacet
  facet normal -0.544643 -0.838668 -0
    outer loop
      vertex -27.5 -47.6314 15
      vertex -32.3282 -44.4959 0
      vertex -27.5 -47.6314 0
    endloop
  endfacet
  facet normal -0.358366 -0.933581 0
    outer loop
      vertex -22.3705 -50.245 15
      vertex -16.9959 -52.3081 17.6204
      vertex -22.3705 -50.245 17.6204
    endloop
  endfacet
  facet normal -0.358366 -0.933581 0
    outer loop
      vertex -16.9959 -52.3081 0
      vertex -22.3705 -50.245 15
      vertex -22.3705 -50.245 0
    endloop
  endfacet
  facet normal -0.358366 -0.933581 0
    outer loop
      vertex -22.3705 -50.245 15
      vertex -16.9959 -52.3081 0
      vertex -16.9959 -52.3081 17.6204
    endloop
  endfacet
  facet normal -0.156438 -0.987688 0
    outer loop
      vertex -11.4351 -53.7981 17.6204
      vertex -5.74907 -54.6987 15
      vertex -5.74907 -54.6987 17.6204
    endloop
  endfacet
  facet normal -0.156438 -0.987688 0
    outer loop
      vertex -11.4351 -53.7981 0
      vertex -5.74907 -54.6987 15
      vertex -11.4351 -53.7981 17.6204
    endloop
  endfacet
  facet normal -0.156438 -0.987688 -0
    outer loop
      vertex -5.74907 -54.6987 15
      vertex -11.4351 -53.7981 0
      vertex -5.74907 -54.6987 0
    endloop
  endfacet
  facet normal -0.933581 -0.358366 -0
    outer loop
      vertex -50.245 -22.3705 15
      vertex -52.3081 -16.9959 0
      vertex -50.245 -22.3705 0
    endloop
  endfacet
  facet normal -0.933581 -0.358366 0
    outer loop
      vertex -52.3081 -16.9959 0
      vertex -50.245 -22.3705 15
      vertex -52.3081 -16.9959 17.6204
    endloop
  endfacet
  facet normal -0.933581 -0.358366 0
    outer loop
      vertex -52.3081 -16.9959 17.6204
      vertex -50.245 -22.3705 15
      vertex -50.245 -22.3705 17.6204
    endloop
  endfacet
  facet normal -0.838668 -0.544643 0
    outer loop
      vertex -44.4959 -32.3282 0
      vertex -47.6314 -27.5 15
      vertex -47.6314 -27.5 0
    endloop
  endfacet
  facet normal -0.838668 -0.544643 0
    outer loop
      vertex -47.6314 -27.5 15
      vertex -44.4959 -32.3282 0
      vertex -44.4959 -32.3282 15
    endloop
  endfacet
  facet normal -0.965926 -0.258817 0
    outer loop
      vertex -52.3081 -16.9959 0
      vertex -53.7981 -11.4351 17.6204
      vertex -53.7981 -11.4351 0
    endloop
  endfacet
  facet normal -0.965926 -0.258817 0
    outer loop
      vertex -53.7981 -11.4351 17.6204
      vertex -52.3081 -16.9959 0
      vertex -52.3081 -16.9959 17.6204
    endloop
  endfacet
  facet normal -0.998629 -0.0523367 0
    outer loop
      vertex -54.6987 -5.74907 0
      vertex -55 0 15
      vertex -55 0 0
    endloop
  endfacet
  facet normal -0.998629 -0.0523367 0
    outer loop
      vertex -55 0 15
      vertex -54.6987 -5.74907 0
      vertex -54.6987 -5.74907 15
    endloop
  endfacet
  facet normal 0.156438 -0.987688 0
    outer loop
      vertex 5.74907 -54.6987 15
      vertex 11.4351 -53.7981 17.6204
      vertex 5.74907 -54.6987 17.6204
    endloop
  endfacet
  facet normal 0.156438 -0.987688 0
    outer loop
      vertex 11.4351 -53.7981 0
      vertex 5.74907 -54.6987 15
      vertex 5.74907 -54.6987 0
    endloop
  endfacet
  facet normal 0.156438 -0.987688 0
    outer loop
      vertex 5.74907 -54.6987 15
      vertex 11.4351 -53.7981 0
      vertex 11.4351 -53.7981 17.6204
    endloop
  endfacet
  facet normal 0.358366 -0.933581 0
    outer loop
      vertex 16.9959 -52.3081 17.6204
      vertex 22.3705 -50.245 15
      vertex 22.3705 -50.245 17.6204
    endloop
  endfacet
  facet normal 0.358366 -0.933581 0
    outer loop
      vertex 16.9959 -52.3081 0
      vertex 22.3705 -50.245 15
      vertex 16.9959 -52.3081 17.6204
    endloop
  endfacet
  facet normal 0.358366 -0.933581 0
    outer loop
      vertex 22.3705 -50.245 15
      vertex 16.9959 -52.3081 0
      vertex 22.3705 -50.245 0
    endloop
  endfacet
  facet normal 0.707107 -0.707107 0
    outer loop
      vertex 36.8022 -40.873 17.6204
      vertex 40.873 -36.8022 0
      vertex 40.873 -36.8022 17.6204
    endloop
  endfacet
  facet normal 0.707107 -0.707107 0
    outer loop
      vertex 40.873 -36.8022 0
      vertex 36.8022 -40.873 17.6204
      vertex 36.8022 -40.873 0
    endloop
  endfacet
  facet normal 0.544643 -0.838668 0
    outer loop
      vertex 27.5 -47.6314 0
      vertex 32.3282 -44.4959 15
      vertex 27.5 -47.6314 15
    endloop
  endfacet
  facet normal 0.544643 -0.838668 0
    outer loop
      vertex 32.3282 -44.4959 15
      vertex 27.5 -47.6314 0
      vertex 32.3282 -44.4959 0
    endloop
  endfacet
  facet normal 0.838668 -0.544643 0
    outer loop
      vertex 44.4959 -32.3282 15
      vertex 47.6314 -27.5 0
      vertex 47.6314 -27.5 15
    endloop
  endfacet
  facet normal 0.838668 -0.544643 0
    outer loop
      vertex 47.6314 -27.5 0
      vertex 44.4959 -32.3282 15
      vertex 44.4959 -32.3282 0
    endloop
  endfacet
  facet normal 0.933581 -0.358366 0
    outer loop
      vertex 50.245 -22.3705 15
      vertex 52.3081 -16.9959 17.6204
      vertex 50.245 -22.3705 17.6204
    endloop
  endfacet
  facet normal 0.933581 -0.358366 0
    outer loop
      vertex 52.3081 -16.9959 17.6204
      vertex 50.245 -22.3705 15
      vertex 52.3081 -16.9959 0
    endloop
  endfacet
  facet normal 0.933581 -0.358366 0
    outer loop
      vertex 52.3081 -16.9959 0
      vertex 50.245 -22.3705 15
      vertex 50.245 -22.3705 0
    endloop
  endfacet
  facet normal 0.987688 -0.156438 0
    outer loop
      vertex 53.7981 -11.4351 17.6204
      vertex 54.6987 -5.74907 15
      vertex 54.6987 -5.74907 17.6204
    endloop
  endfacet
  facet normal 0.987688 -0.156438 0
    outer loop
      vertex 53.7981 -11.4351 0
      vertex 54.6987 -5.74907 15
      vertex 53.7981 -11.4351 17.6204
    endloop
  endfacet
  facet normal 0.987688 -0.156438 0
    outer loop
      vertex 54.6987 -5.74907 15
      vertex 53.7981 -11.4351 0
      vertex 54.6987 -5.74907 0
    endloop
  endfacet
  facet normal 0.965926 -0.258817 0
    outer loop
      vertex 52.3081 -16.9959 17.6204
      vertex 53.7981 -11.4351 0
      vertex 53.7981 -11.4351 17.6204
    endloop
  endfacet
  facet normal 0.965926 -0.258817 0
    outer loop
      vertex 53.7981 -11.4351 0
      vertex 52.3081 -16.9959 17.6204
      vertex 52.3081 -16.9959 0
    endloop
  endfacet
  facet normal -0.629313 -0.777152 0
    outer loop
      vertex -36.8022 -40.873 17.6204
      vertex -32.3282 -44.4959 15
      vertex -32.3282 -44.4959 17.6204
    endloop
  endfacet
  facet normal -0.629313 -0.777152 0
    outer loop
      vertex -36.8022 -40.873 0
      vertex -32.3282 -44.4959 15
      vertex -36.8022 -40.873 17.6204
    endloop
  endfacet
  facet normal -0.629313 -0.777152 -0
    outer loop
      vertex -32.3282 -44.4959 15
      vertex -36.8022 -40.873 0
      vertex -32.3282 -44.4959 0
    endloop
  endfacet
  facet normal -0.453989 -0.891007 0
    outer loop
      vertex -27.5 -47.6314 0
      vertex -22.3705 -50.245 15
      vertex -27.5 -47.6314 15
    endloop
  endfacet
  facet normal -0.453989 -0.891007 -0
    outer loop
      vertex -22.3705 -50.245 15
      vertex -27.5 -47.6314 0
      vertex -22.3705 -50.245 0
    endloop
  endfacet
  facet normal -0.258817 -0.965926 0
    outer loop
      vertex -16.9959 -52.3081 0
      vertex -11.4351 -53.7981 17.6204
      vertex -16.9959 -52.3081 17.6204
    endloop
  endfacet
  facet normal -0.258817 -0.965926 -0
    outer loop
      vertex -11.4351 -53.7981 17.6204
      vertex -16.9959 -52.3081 0
      vertex -11.4351 -53.7981 0
    endloop
  endfacet
  facet normal -0.0523367 -0.998629 0
    outer loop
      vertex -5.74907 -54.6987 0
      vertex 0 -55 15
      vertex -5.74907 -54.6987 15
    endloop
  endfacet
  facet normal -0.0523367 -0.998629 -0
    outer loop
      vertex 0 -55 15
      vertex -5.74907 -54.6987 0
      vertex 0 -55 0
    endloop
  endfacet
  facet normal -0.891007 -0.453989 0
    outer loop
      vertex -47.6314 -27.5 0
      vertex -50.245 -22.3705 15
      vertex -50.245 -22.3705 0
    endloop
  endfacet
  facet normal -0.891007 -0.453989 0
    outer loop
      vertex -50.245 -22.3705 15
      vertex -47.6314 -27.5 0
      vertex -47.6314 -27.5 15
    endloop
  endfacet
  facet normal -0.777152 -0.629313 0
    outer loop
      vertex -40.873 -36.8022 0
      vertex -44.4959 -32.3282 15
      vertex -44.4959 -32.3282 0
    endloop
  endfacet
  facet normal -0.777152 -0.629313 -0
    outer loop
      vertex -40.873 -36.8022 17.6204
      vertex -44.4959 -32.3282 15
      vertex -40.873 -36.8022 0
    endloop
  endfacet
  facet normal -0.777152 -0.629313 0
    outer loop
      vertex -44.4959 -32.3282 15
      vertex -40.873 -36.8022 17.6204
      vertex -44.4959 -32.3282 17.6204
    endloop
  endfacet
  facet normal -0.987688 -0.156438 0
    outer loop
      vertex -53.7981 -11.4351 0
      vertex -54.6987 -5.74907 15
      vertex -54.6987 -5.74907 0
    endloop
  endfacet
  facet normal -0.987688 -0.156438 -0
    outer loop
      vertex -53.7981 -11.4351 17.6204
      vertex -54.6987 -5.74907 15
      vertex -53.7981 -11.4351 0
    endloop
  endfacet
  facet normal -0.987688 -0.156438 0
    outer loop
      vertex -54.6987 -5.74907 15
      vertex -53.7981 -11.4351 17.6204
      vertex -54.6987 -5.74907 17.6204
    endloop
  endfacet
  facet normal 0.688584 0.688584 0.227388
    outer loop
      vertex 35.597 39.5344 27.9587
      vertex 40.4252 36.399 22.8325
      vertex 36.399 40.4252 22.8325
    endloop
  endfacet
  facet normal 0.688584 0.688584 0.227388
    outer loop
      vertex 40.4252 36.399 22.8325
      vertex 35.597 39.5344 27.9587
      vertex 39.5344 35.597 27.9587
    endloop
  endfacet
  facet normal 0.348987 -0.909123 0.227385
    outer loop
      vertex 21.6379 -48.5995 27.9587
      vertex 16.4393 -50.5951 27.9587
      vertex 22.1254 -49.6945 22.8325
    endloop
  endfacet
  facet normal -0.280149 0.0443697 0.958931
    outer loop
      vertex -13.9431 2.96369 63.3626
      vertex -19.306 4.10361 61.7431
      vertex -14.1765 1.49001 63.3626
    endloop
  endfacet
  facet normal 0.930214 -0.147327 0.336149
    outer loop
      vertex 51.1357 -5.37458 32.943
      vertex 50.2938 -10.6903 32.943
      vertex 52.0363 -11.0607 27.9587
    endloop
  endfacet
  facet normal 0.491533 -0.250449 0.834069
    outer loop
      vertex 27.4029 -12.2006 56.9911
      vertex 25.9775 -14.9981 56.9911
      vertex 30.0165 -17.3301 53.9106
    endloop
  endfacet
  facet normal -0.867667 0.442097 0.227384
    outer loop
      vertex -46.0715 26.5994 27.9587
      vertex -49.6945 22.1254 22.8325
      vertex -48.5995 21.6379 27.9587
    endloop
  endfacet
  facet normal -0.253389 -0.390181 0.885185
    outer loop
      vertex -14.6968 -20.2285 59.6115
      vertex -17.6314 -24.2675 56.9911
      vertex -12.5019 -21.6539 59.6115
    endloop
  endfacet
  facet normal 0.772026 0.625158 0.11469
    outer loop
      vertex 40.873 36.8022 17.6204
      vertex 40.4252 36.399 22.8325
      vertex 44.0084 31.974 22.8325
    endloop
  endfacet
  facet normal 0.68675 -0.184008 0.703218
    outer loop
      vertex 38.0932 -8.09696 50.4039
      vertex 37.0382 -12.0344 50.4039
      vertex 41.8664 -8.89897 46.5092
    endloop
  endfacet
  facet normal -0.788387 0.302626 0.535596
    outer loop
      vertex -44.8301 19.9596 37.7307
      vertex -46.6708 15.1643 37.7307
      vertex -42.1968 18.7872 42.2693
    endloop
  endfacet
  facet normal 0.838668 0.544643 0
    outer loop
      vertex 47.6314 27.5 17.6204
      vertex 44.4959 32.3282 15
      vertex 44.4959 32.3282 17.6204
    endloop
  endfacet
  facet normal 0.838668 0.544643 0
    outer loop
      vertex 44.4959 32.3282 15
      vertex 47.6314 27.5 17.6204
      vertex 47.6314 27.5 15
    endloop
  endfacet
  facet normal -0.142782 -0.532863 0.834069
    outer loop
      vertex -9.26935 -28.5281 56.9911
      vertex -10.7106 -32.9637 53.9106
      vertex -7.20624 -33.9027 53.9106
    endloop
  endfacet
  facet normal 0.492641 0.398946 0.7734
    outer loop
      vertex 28.9412 26.0588 50.4039
      vertex 25.7575 23.1921 53.9106
      vertex 31.5066 22.8909 50.4039
    endloop
  endfacet
  facet normal -0.302626 -0.788387 0.535596
    outer loop
      vertex -18.7872 -42.1968 42.2693
      vertex -19.9596 -44.8301 37.7307
      vertex -15.1643 -46.6708 37.7307
    endloop
  endfacet
  facet normal -0.815712 -0.21856 0.53558
    outer loop
      vertex -45.1808 -9.60348 42.2693
      vertex -46.6708 -15.1643 37.7307
      vertex -43.9295 -14.2736 42.2693
    endloop
  endfacet
  facet normal 0.0331704 -0.633049 0.773401
    outer loop
      vertex 3.62297 -34.4702 53.9106
      vertex 0 -38.9442 50.4039
      vertex 4.07078 -38.7309 50.4039
    endloop
  endfacet
  facet normal -0.626116 0.0991695 0.773397
    outer loop
      vertex -38.0932 8.09696 50.4039
      vertex -38.7309 4.07078 50.4039
      vertex -33.9027 7.20624 53.9106
    endloop
  endfacet
  facet normal 0.280109 0.729669 0.623796
    outer loop
      vertex 14.2736 43.9295 42.2693
      vertex 13.2264 40.7068 46.5092
      vertex 18.7872 42.1968 42.2693
    endloop
  endfacet
  facet normal -0.371001 -0.0587638 0.926771
    outer loop
      vertex -19.6292 -2.06311 61.7431
      vertex -24.8668 -2.6136 59.6115
      vertex -19.306 -4.10361 61.7431
    endloop
  endfacet
  facet normal 0.512952 0.789858 0.336162
    outer loop
      vertex 31.2695 43.0388 27.9587
      vertex 25.7087 44.5288 32.943
      vertex 30.2224 41.5975 32.943
    endloop
  endfacet
  facet normal 0.0523367 0.998629 -0
    outer loop
      vertex 5.74907 54.6987 15
      vertex 0 55 17.6204
      vertex 5.74907 54.6987 17.6204
    endloop
  endfacet
  facet normal 0.0523367 0.998629 0
    outer loop
      vertex 0 55 17.6204
      vertex 5.74907 54.6987 15
      vertex 0 55 15
    endloop
  endfacet
  facet normal 0.552665 0.552665 0.623797
    outer loop
      vertex 30.9073 34.326 42.2693
      vertex 31.8078 28.6399 46.5092
      vertex 34.326 30.9073 42.2693
    endloop
  endfacet
  facet normal 0.552665 0.552665 0.623797
    outer loop
      vertex 31.8078 28.6399 46.5092
      vertex 30.9073 34.326 42.2693
      vertex 28.6399 31.8078 46.5092
    endloop
  endfacet
  facet normal -0.2648 -0.101652 0.958931
    outer loop
      vertex -13.0222 -5.79786 63.3626
      vertex -18.7713 -6.09916 61.7431
      vertex -18.0309 -8.02788 61.7431
    endloop
  endfacet
  facet normal 0.552665 -0.552665 0.623797
    outer loop
      vertex 31.8078 -28.6399 46.5092
      vertex 30.9073 -34.326 42.2693
      vertex 34.326 -30.9073 42.2693
    endloop
  endfacet
  facet normal 0.552665 -0.552665 0.623797
    outer loop
      vertex 30.9073 -34.326 42.2693
      vertex 31.8078 -28.6399 46.5092
      vertex 28.6399 -31.8078 46.5092
    endloop
  endfacet
  facet normal -0.897088 -0.0470101 0.439343
    outer loop
      vertex -49.0726 0 37.7307
      vertex -51.1357 -5.37458 32.943
      vertex -48.8038 -5.12948 37.7307
    endloop
  endfacet
  facet normal 0.771975 -0.12226 0.623784
    outer loop
      vertex 42.5672 -4.47399 46.5092
      vertex 41.8664 -8.89897 46.5092
      vertex 45.9371 -4.82819 42.2693
    endloop
  endfacet
  facet normal 0.321923 -0.838656 0.439342
    outer loop
      vertex 19.9596 -44.8301 37.7307
      vertex 15.1643 -46.6708 37.7307
      vertex 15.8888 -48.9008 32.943
    endloop
  endfacet
  facet normal 0.897084 -0.0470192 0.439351
    outer loop
      vertex 51.4174 0 32.943
      vertex 49.0726 0 37.7307
      vertex 51.1357 -5.37458 32.943
    endloop
  endfacet
  facet normal 0.257109 0.959553 0.114685
    outer loop
      vertex 11.4351 53.7981 17.6204
      vertex 11.3099 53.2087 22.8325
      vertex 16.9959 52.3081 17.6204
    endloop
  endfacet
  facet normal -0.187632 -0.0297191 0.98179
    outer loop
      vertex -8.56851 -0.900586 64.4522
      vertex -14.1765 -1.49001 63.3626
      vertex -8.42743 -1.7913 64.4522
    endloop
  endfacet
  facet normal -0.530371 -0.816704 0.227379
    outer loop
      vertex -26.5994 -46.0715 27.9587
      vertex -31.974 -44.0084 22.8325
      vertex -27.1987 -47.1095 22.8325
    endloop
  endfacet
  facet normal -0.789858 -0.512952 0.336162
    outer loop
      vertex -41.5975 -30.2224 32.943
      vertex -44.5288 -25.7087 32.943
      vertex -43.0388 -31.2695 27.9587
    endloop
  endfacet
  facet normal -0.909714 0.243769 0.336149
    outer loop
      vertex -48.9008 15.8888 32.943
      vertex -52.0363 11.0607 27.9587
      vertex -50.2938 10.6903 32.943
    endloop
  endfacet
  facet normal -0.843318 0.0441923 0.535595
    outer loop
      vertex -48.8038 5.12948 37.7307
      vertex -49.0726 0 37.7307
      vertex -45.9371 4.82819 42.2693
    endloop
  endfacet
  facet normal -0.816713 0.530362 0.227366
    outer loop
      vertex -44.0084 31.974 22.8325
      vertex -46.0715 26.5994 27.9587
      vertex -43.0388 31.2695 27.9587
    endloop
  endfacet
  facet normal 0.0862879 -0.544876 0.834065
    outer loop
      vertex 6.23657 -29.3408 56.9911
      vertex 3.13546 -29.8319 56.9911
      vertex 7.20624 -33.9027 53.9106
    endloop
  endfacet
  facet normal 0.532865 -0.142793 0.834065
    outer loop
      vertex 29.3408 -6.23657 56.9911
      vertex 28.5281 -9.26935 56.9911
      vertex 33.9027 -7.20624 53.9106
    endloop
  endfacet
  facet normal 0.22718 0.591813 0.7734
    outer loop
      vertex 12.0344 37.0382 50.4039
      vertex 10.7106 32.9637 53.9106
      vertex 15.8401 35.5773 50.4039
    endloop
  endfacet
  facet normal 0.879252 0.337509 0.336159
    outer loop
      vertex 50.5951 16.4393 27.9587
      vertex 46.9721 20.9133 32.943
      vertex 48.9008 15.8888 32.943
    endloop
  endfacet
  facet normal 0.434344 0.166728 0.885182
    outer loop
      vertex 28.5281 9.26935 56.9911
      vertex 22.8421 10.1699 59.6115
      vertex 23.78 7.72658 59.6115
    endloop
  endfacet
  facet normal 0.197697 0.515019 0.834069
    outer loop
      vertex 10.7106 32.9637 53.9106
      vertex 9.26935 28.5281 56.9911
      vertex 12.2006 27.4029 56.9911
    endloop
  endfacet
  facet normal 0.0470101 0.897088 0.439343
    outer loop
      vertex 5.37458 51.1357 32.943
      vertex 0 49.0726 37.7307
      vertex 5.12948 48.8038 37.7307
    endloop
  endfacet
  facet normal -0.218577 -0.815697 0.535596
    outer loop
      vertex -9.60348 -45.1808 42.2693
      vertex -15.1643 -46.6708 37.7307
      vertex -10.2028 -48.0003 37.7307
    endloop
  endfacet
  facet normal -0.22043 -0.1785 0.958931
    outer loop
      vertex -10.5932 -9.53818 63.3626
      vertex -15.9678 -11.6013 61.7431
      vertex -14.6677 -13.2068 61.7431
    endloop
  endfacet
  facet normal -0.315025 -0.204579 0.926772
    outer loop
      vertex -17.093 -9.86864 61.7431
      vertex -21.6539 -12.5019 59.6115
      vertex -15.9678 -11.6013 61.7431
    endloop
  endfacet
  facet normal -0.464597 -0.02436 0.885187
    outer loop
      vertex -25.0037 0 59.6115
      vertex -29.9963 0 56.9911
      vertex -29.8319 -3.13546 56.9911
    endloop
  endfacet
  facet normal -0.232514 -0.867707 0.439343
    outer loop
      vertex -15.1643 -46.6708 37.7307
      vertex -15.8888 -48.9008 32.943
      vertex -10.2028 -48.0003 37.7307
    endloop
  endfacet
  facet normal -0.550906 -0.0288761 0.834068
    outer loop
      vertex -29.8319 -3.13546 56.9911
      vertex -34.6601 0 53.9106
      vertex -34.4702 -3.62297 53.9106
    endloop
  endfacet
  facet normal 0.731921 -0.592694 0.336161
    outer loop
      vertex 41.5975 -30.2224 32.943
      vertex 38.2106 -34.4049 32.943
      vertex 43.0388 -31.2695 27.9587
    endloop
  endfacet
  facet normal -0.891007 -0.453989 0
    outer loop
      vertex -47.6314 -27.5 15
      vertex -50.245 -22.3705 17.6204
      vertex -50.245 -22.3705 15
    endloop
  endfacet
  facet normal -0.891007 -0.453989 0
    outer loop
      vertex -50.245 -22.3705 17.6204
      vertex -47.6314 -27.5 15
      vertex -47.6314 -27.5 17.6204
    endloop
  endfacet
  facet normal 0.591813 -0.22718 0.7734
    outer loop
      vertex 37.0382 -12.0344 50.4039
      vertex 32.9637 -10.7106 53.9106
      vertex 35.5773 -15.8401 50.4039
    endloop
  endfacet
  facet normal 0.354849 -0.696404 0.623782
    outer loop
      vertex 21.4008 -37.0673 46.5092
      vertex 17.409 -39.1013 46.5092
      vertex 18.7872 -42.1968 42.2693
    endloop
  endfacet
  facet normal 0.273973 0.0734158 0.958931
    outer loop
      vertex 18.7713 6.09916 61.7431
      vertex 13.5569 4.40491 63.3626
      vertex 13.9431 2.96369 63.3626
    endloop
  endfacet
  facet normal 0.940623 -0.252045 0.22738
    outer loop
      vertex 52.0363 -11.0607 27.9587
      vertex 51.735 -16.8097 22.8325
      vertex 53.2087 -11.3099 22.8325
    endloop
  endfacet
  facet normal -0.833133 0.541048 0.1147
    outer loop
      vertex -44.4959 32.3282 17.6204
      vertex -47.6314 27.5 17.6204
      vertex -47.1095 27.1987 22.8325
    endloop
  endfacet
  facet normal -0.992039 -0.0519913 0.114695
    outer loop
      vertex -54.3974 0 22.8325
      vertex -55 0 17.6204
      vertex -54.6987 -5.74907 17.6204
    endloop
  endfacet
  facet normal -0.702228 0.111214 0.703212
    outer loop
      vertex -41.8664 8.89897 46.5092
      vertex -42.5672 4.47399 46.5092
      vertex -38.7309 4.07078 50.4039
    endloop
  endfacet
  facet normal -0.961819 -0.152333 0.227376
    outer loop
      vertex -52.9074 -5.56079 27.9587
      vertex -54.0994 -5.68608 22.8325
      vertex -53.2087 -11.3099 22.8325
    endloop
  endfacet
  facet normal -0.998629 -0.0523367 0
    outer loop
      vertex -54.6987 -5.74907 15
      vertex -55 0 17.6204
      vertex -55 0 15
    endloop
  endfacet
  facet normal -0.998629 -0.0523367 0
    outer loop
      vertex -55 0 17.6204
      vertex -54.6987 -5.74907 15
      vertex -54.6987 -5.74907 17.6204
    endloop
  endfacet
  facet normal -0.0951132 -0.00498386 0.995454
    outer loop
      vertex -2.86664 -0.301295 65
      vertex -8.6157 0 64.4522
      vertex -8.56851 -0.900586 64.4522
    endloop
  endfacet
  facet normal -0.459516 -0.0727701 0.885183
    outer loop
      vertex -24.4574 -5.19857 59.6115
      vertex -29.8319 -3.13546 56.9911
      vertex -29.3408 -6.23657 56.9911
    endloop
  endfacet
  facet normal -0.059939 0.0740181 0.995454
    outer loop
      vertex -5.06418 6.97025 64.4522
      vertex -5.76503 6.40271 64.4522
      vertex -1.92872 2.14206 65
    endloop
  endfacet
  facet normal 0.134617 0.350673 0.926772
    outer loop
      vertex 10.1699 22.8421 59.6115
      vertex 6.09916 18.7713 61.7431
      vertex 8.02788 18.0309 61.7431
    endloop
  endfacet
  facet normal -0.838656 0.321923 0.439342
    outer loop
      vertex -44.8301 19.9596 37.7307
      vertex -48.9008 15.8888 32.943
      vertex -46.6708 15.1643 37.7307
    endloop
  endfacet
  facet normal -0.789878 -0.512936 0.336139
    outer loop
      vertex -44.5288 -25.7087 32.943
      vertex -46.0715 -26.5994 27.9587
      vertex -43.0388 -31.2695 27.9587
    endloop
  endfacet
  facet normal 0.449391 0.120418 0.885182
    outer loop
      vertex 28.5281 9.26935 56.9911
      vertex 23.78 7.72658 59.6115
      vertex 24.4574 5.19857 59.6115
    endloop
  endfacet
  facet normal 0.34526 -0.53165 0.773398
    outer loop
      vertex 20.3727 -28.0406 53.9106
      vertex 17.3301 -30.0165 53.9106
      vertex 19.4721 -33.7267 50.4039
    endloop
  endfacet
  facet normal 0.843318 0.0441923 0.535595
    outer loop
      vertex 48.8038 5.12948 37.7307
      vertex 45.9371 4.82819 42.2693
      vertex 49.0726 0 37.7307
    endloop
  endfacet
  facet normal 0.204579 0.315025 0.926772
    outer loop
      vertex 12.5019 21.6539 59.6115
      vertex 9.86864 17.093 61.7431
      vertex 11.6013 15.9678 61.7431
    endloop
  endfacet
  facet normal 0.729669 0.280109 0.623796
    outer loop
      vertex 42.1968 18.7872 42.2693
      vertex 40.7068 13.2264 46.5092
      vertex 43.9295 14.2736 42.2693
    endloop
  endfacet
  facet normal 0.459516 0.0727701 0.885183
    outer loop
      vertex 29.3408 6.23657 56.9911
      vertex 24.4574 5.19857 59.6115
      vertex 29.8319 3.13546 56.9911
    endloop
  endfacet
  facet normal 0.53165 0.34526 0.773398
    outer loop
      vertex 33.7267 19.4721 50.4039
      vertex 28.0406 20.3727 53.9106
      vertex 30.0165 17.3301 53.9106
    endloop
  endfacet
  facet normal 0.492643 0.398934 0.773404
    outer loop
      vertex 31.5066 22.8909 50.4039
      vertex 25.7575 23.1921 53.9106
      vertex 28.0406 20.3727 53.9106
    endloop
  endfacet
  facet normal 0.530371 0.816704 0.227379
    outer loop
      vertex 27.1987 47.1095 22.8325
      vertex 26.5994 46.0715 27.9587
      vertex 31.974 44.0084 22.8325
    endloop
  endfacet
  facet normal 0.152337 0.961817 0.22738
    outer loop
      vertex 11.3099 53.2087 22.8325
      vertex 5.56079 52.9074 27.9587
      vertex 11.0607 52.0363 27.9587
    endloop
  endfacet
  facet normal -0.780522 -0.040916 0.623788
    outer loop
      vertex -42.8017 0 46.5092
      vertex -46.1902 0 42.2693
      vertex -45.9371 -4.82819 42.2693
    endloop
  endfacet
  facet normal 0.375112 -0.0196483 0.926771
    outer loop
      vertex 25.0037 0 59.6115
      vertex 19.6292 -2.06311 61.7431
      vertex 24.8668 -2.6136 59.6115
    endloop
  endfacet
  facet normal -0.839159 -0.427571 0.336148
    outer loop
      vertex -46.9721 -20.9133 32.943
      vertex -48.5995 -21.6379 27.9587
      vertex -46.0715 -26.5994 27.9587
    endloop
  endfacet
  facet normal -0.134612 -0.350677 0.926771
    outer loop
      vertex -6.09916 -18.7713 61.7431
      vertex -10.1699 -22.8421 59.6115
      vertex -7.72658 -23.78 59.6115
    endloop
  endfacet
  facet normal -0.0372143 -0.710006 0.703212
    outer loop
      vertex -4.07078 -38.7309 50.4039
      vertex -4.47399 -42.5672 46.5092
      vertex 0 -42.8017 46.5092
    endloop
  endfacet
  facet normal -0.752438 -0.383371 0.535597
    outer loop
      vertex -42.1968 -18.7872 42.2693
      vertex -44.8301 -19.9596 37.7307
      vertex -40.0019 -23.0951 42.2693
    endloop
  endfacet
  facet normal -0.450998 -0.885125 0.114695
    outer loop
      vertex -22.1254 -49.6945 22.8325
      vertex -27.1987 -47.1095 22.8325
      vertex -22.3705 -50.245 17.6204
    endloop
  endfacet
  facet normal -0.147331 -0.930212 0.336154
    outer loop
      vertex -5.37458 -51.1357 32.943
      vertex -11.0607 -52.0363 27.9587
      vertex -5.56079 -52.9074 27.9587
    endloop
  endfacet
  facet normal -0.867666 -0.442102 0.227379
    outer loop
      vertex -46.0715 -26.5994 27.9587
      vertex -49.6945 -22.1254 22.8325
      vertex -47.1095 -27.1987 22.8325
    endloop
  endfacet
  facet normal -0.0523367 -0.998629 0
    outer loop
      vertex -5.74907 -54.6987 15
      vertex 0 -55 17.6204
      vertex -5.74907 -54.6987 17.6204
    endloop
  endfacet
  facet normal -0.0523367 -0.998629 -0
    outer loop
      vertex 0 -55 17.6204
      vertex -5.74907 -54.6987 15
      vertex 0 -55 15
    endloop
  endfacet
  facet normal 0.788387 0.302626 0.535596
    outer loop
      vertex 44.8301 19.9596 37.7307
      vertex 42.1968 18.7872 42.2693
      vertex 46.6708 15.1643 37.7307
    endloop
  endfacet
  facet normal 0.838656 0.321923 0.439342
    outer loop
      vertex 48.9008 15.8888 32.943
      vertex 44.8301 19.9596 37.7307
      vertex 46.6708 15.1643 37.7307
    endloop
  endfacet
  facet normal 0.992039 -0.0519913 0.114695
    outer loop
      vertex 55 0 17.6204
      vertex 54.3974 0 22.8325
      vertex 54.6987 -5.74907 17.6204
    endloop
  endfacet
  facet normal 0.981171 -0.155406 0.114687
    outer loop
      vertex 54.6987 -5.74907 17.6204
      vertex 53.2087 -11.3099 22.8325
      vertex 53.7981 -11.4351 17.6204
    endloop
  endfacet
  facet normal 0.489269 -0.753391 0.439338
    outer loop
      vertex 28.8442 -39.7006 37.7307
      vertex 25.7087 -44.5288 32.943
      vertex 30.2224 -41.5975 32.943
    endloop
  endfacet
  facet normal 0.591817 -0.227176 0.773397
    outer loop
      vertex 32.9637 -10.7106 53.9106
      vertex 31.6636 -14.0975 53.9106
      vertex 35.5773 -15.8401 50.4039
    endloop
  endfacet
  facet normal 0.752438 -0.383371 0.535597
    outer loop
      vertex 42.1968 -18.7872 42.2693
      vertex 40.0019 -23.0951 42.2693
      vertex 44.8301 -19.9596 37.7307
    endloop
  endfacet
  facet normal 0.663759 -0.254798 0.703208
    outer loop
      vertex 37.0382 -12.0344 50.4039
      vertex 35.5773 -15.8401 50.4039
      vertex 40.7068 -13.2264 46.5092
    endloop
  endfacet
  facet normal 0.696404 -0.354849 0.623782
    outer loop
      vertex 39.1013 -17.409 46.5092
      vertex 37.0673 -21.4008 46.5092
      vertex 42.1968 -18.7872 42.2693
    endloop
  endfacet
  facet normal -0.756787 0.612844 0.227367
    outer loop
      vertex -39.5344 35.597 27.9587
      vertex -44.0084 31.974 22.8325
      vertex -43.0388 31.2695 27.9587
    endloop
  endfacet
  facet normal -0.816704 0.530371 0.227379
    outer loop
      vertex -44.0084 31.974 22.8325
      vertex -47.1095 27.1987 22.8325
      vertex -46.0715 26.5994 27.9587
    endloop
  endfacet
  facet normal 0.147327 0.930214 0.336149
    outer loop
      vertex 11.0607 52.0363 27.9587
      vertex 5.37458 51.1357 32.943
      vertex 10.6903 50.2938 32.943
    endloop
  endfacet
  facet normal 0.218577 0.815697 0.535596
    outer loop
      vertex 10.2028 48.0003 37.7307
      vertex 9.60348 45.1808 42.2693
      vertex 15.1643 46.6708 37.7307
    endloop
  endfacet
  facet normal -0.834079 -0.132099 0.535595
    outer loop
      vertex -45.9371 -4.82819 42.2693
      vertex -48.8038 -5.12948 37.7307
      vertex -48.0003 -10.2028 37.7307
    endloop
  endfacet
  facet normal -0.981171 -0.155398 0.114695
    outer loop
      vertex -54.0994 -5.68608 22.8325
      vertex -54.6987 -5.74907 17.6204
      vertex -53.2087 -11.3099 22.8325
    endloop
  endfacet
  facet normal -0.492643 -0.398934 0.773404
    outer loop
      vertex -28.0406 -20.3727 53.9106
      vertex -31.5066 -22.8909 50.4039
      vertex -25.7575 -23.1921 53.9106
    endloop
  endfacet
  facet normal -0.867708 -0.232513 0.439342
    outer loop
      vertex -48.0003 -10.2028 37.7307
      vertex -50.2938 -10.6903 32.943
      vertex -48.9008 -15.8888 32.943
    endloop
  endfacet
  facet normal -0.940625 0.252041 0.227376
    outer loop
      vertex -51.735 16.8097 22.8325
      vertex -52.0363 11.0607 27.9587
      vertex -50.5951 16.4393 27.9587
    endloop
  endfacet
  facet normal -0.387218 -0.59629 0.703207
    outer loop
      vertex -22.8909 -31.5066 50.4039
      vertex -25.1582 -34.6273 46.5092
      vertex -19.4721 -33.7267 50.4039
    endloop
  endfacet
  facet normal 0.0288856 -0.55091 0.834064
    outer loop
      vertex 0 -29.9963 56.9911
      vertex 0 -34.6601 53.9106
      vertex 3.13546 -29.8319 56.9911
    endloop
  endfacet
  facet normal -0.371 0.0587579 0.926772
    outer loop
      vertex -24.4574 5.19857 59.6115
      vertex -24.8668 2.6136 59.6115
      vertex -19.306 4.10361 61.7431
    endloop
  endfacet
  facet normal -0.375112 0.0196483 0.926771
    outer loop
      vertex -24.8668 2.6136 59.6115
      vertex -25.0037 0 59.6115
      vertex -19.6292 2.06311 61.7431
    endloop
  endfacet
  facet normal -0.464597 0.02436 0.885187
    outer loop
      vertex -29.8319 3.13546 56.9911
      vertex -29.9963 0 56.9911
      vertex -25.0037 0 59.6115
    endloop
  endfacet
  facet normal -0.532863 0.142782 0.834069
    outer loop
      vertex -32.9637 10.7106 53.9106
      vertex -33.9027 7.20624 53.9106
      vertex -28.5281 9.26935 56.9911
    endloop
  endfacet
  facet normal -0.2648 0.101652 0.958931
    outer loop
      vertex -18.0309 8.02788 61.7431
      vertex -18.7713 6.09916 61.7431
      vertex -13.0222 5.79786 63.3626
    endloop
  endfacet
  facet normal -0.491532 0.250449 0.834069
    outer loop
      vertex -30.0165 17.3301 53.9106
      vertex -31.6636 14.0975 53.9106
      vertex -27.4029 12.2006 56.9911
    endloop
  endfacet
  facet normal 0.134612 0.350677 0.926771
    outer loop
      vertex 7.72658 23.78 59.6115
      vertex 6.09916 18.7713 61.7431
      vertex 10.1699 22.8421 59.6115
    endloop
  endfacet
  facet normal 0.243769 0.909714 0.336149
    outer loop
      vertex 11.0607 52.0363 27.9587
      vertex 10.6903 50.2938 32.943
      vertex 15.8888 48.9008 32.943
    endloop
  endfacet
  facet normal 0.375115 -0.0196547 0.92677
    outer loop
      vertex 19.7373 0 61.7431
      vertex 19.6292 -2.06311 61.7431
      vertex 25.0037 0 59.6115
    endloop
  endfacet
  facet normal -0.0288856 -0.55091 0.834064
    outer loop
      vertex 0 -29.9963 56.9911
      vertex -3.13546 -29.8319 56.9911
      vertex 0 -34.6601 53.9106
    endloop
  endfacet
  facet normal 0.334684 -0.170528 0.926772
    outer loop
      vertex 22.8421 -10.1699 59.6115
      vertex 18.0309 -8.02788 61.7431
      vertex 21.6539 -12.5019 59.6115
    endloop
  endfacet
  facet normal 0.273976 0.0734108 0.958931
    outer loop
      vertex 18.7713 6.09916 61.7431
      vertex 13.9431 2.96369 63.3626
      vertex 19.306 4.10361 61.7431
    endloop
  endfacet
  facet normal 0.729669 -0.280109 0.623796
    outer loop
      vertex 43.9295 -14.2736 42.2693
      vertex 40.7068 -13.2264 46.5092
      vertex 42.1968 -18.7872 42.2693
    endloop
  endfacet
  facet normal 0.612322 -0.164066 0.773398
    outer loop
      vertex 38.0932 -8.09696 50.4039
      vertex 33.9027 -7.20624 53.9106
      vertex 37.0382 -12.0344 50.4039
    endloop
  endfacet
  facet normal 0.0297191 -0.187632 0.98179
    outer loop
      vertex 1.7913 -8.42743 64.4522
      vertex 0.900586 -8.56851 64.4522
      vertex 1.49001 -14.1765 63.3626
    endloop
  endfacet
  facet normal 0.328975 0.328975 0.885184
    outer loop
      vertex 20.0714 22.2916 56.9911
      vertex 18.5814 16.7308 59.6115
      vertex 22.2916 20.0714 56.9911
    endloop
  endfacet
  facet normal 0.328975 0.328975 0.885184
    outer loop
      vertex 18.5814 16.7308 59.6115
      vertex 20.0714 22.2916 56.9911
      vertex 16.7308 18.5814 59.6115
    endloop
  endfacet
  facet normal 0.236388 0.291916 0.926772
    outer loop
      vertex 14.6968 20.2285 59.6115
      vertex 11.6013 15.9678 61.7431
      vertex 13.2068 14.6677 61.7431
    endloop
  endfacet
  facet normal 0.834079 0.132099 0.535595
    outer loop
      vertex 48.0003 10.2028 37.7307
      vertex 45.9371 4.82819 42.2693
      vertex 48.8038 5.12948 37.7307
    endloop
  endfacet
  facet normal -0.512936 0.789878 0.336139
    outer loop
      vertex -26.5994 46.0715 27.9587
      vertex -31.2695 43.0388 27.9587
      vertex -25.7087 44.5288 32.943
    endloop
  endfacet
  facet normal -0.232513 0.867708 0.439342
    outer loop
      vertex -10.6903 50.2938 32.943
      vertex -15.8888 48.9008 32.943
      vertex -10.2028 48.0003 37.7307
    endloop
  endfacet
  facet normal 0.02436 0.464597 0.885187
    outer loop
      vertex 0 29.9963 56.9911
      vertex 0 25.0037 59.6115
      vertex 3.13546 29.8319 56.9911
    endloop
  endfacet
  facet normal 0.147635 0.119553 0.98179
    outer loop
      vertex 10.5932 9.53818 63.3626
      vertex 6.40271 5.76503 64.4522
      vertex 6.97025 5.06418 64.4522
    endloop
  endfacet
  facet normal 0.34898 0.909127 0.227376
    outer loop
      vertex 16.8097 51.735 22.8325
      vertex 16.4393 50.5951 27.9587
      vertex 22.1254 49.6945 22.8325
    endloop
  endfacet
  facet normal 0.998629 -0.0523367 0
    outer loop
      vertex 54.6987 -5.74907 17.6204
      vertex 55 0 15
      vertex 55 0 17.6204
    endloop
  endfacet
  facet normal 0.998629 -0.0523367 0
    outer loop
      vertex 55 0 15
      vertex 54.6987 -5.74907 17.6204
      vertex 54.6987 -5.74907 15
    endloop
  endfacet
  facet normal 0.834079 0.1321 0.535596
    outer loop
      vertex 48.0003 10.2028 37.7307
      vertex 45.1808 9.60348 42.2693
      vertex 45.9371 4.82819 42.2693
    endloop
  endfacet
  facet normal 0.940625 0.252041 0.227376
    outer loop
      vertex 51.735 16.8097 22.8325
      vertex 50.5951 16.4393 27.9587
      vertex 52.0363 11.0607 27.9587
    endloop
  endfacet
  facet normal 0.450998 0.885125 0.114695
    outer loop
      vertex 22.3705 50.245 17.6204
      vertex 22.1254 49.6945 22.8325
      vertex 27.1987 47.1095 22.8325
    endloop
  endfacet
  facet normal 0.909123 0.348987 0.227385
    outer loop
      vertex 49.6945 22.1254 22.8325
      vertex 48.5995 21.6379 27.9587
      vertex 50.5951 16.4393 27.9587
    endloop
  endfacet
  facet normal 0.780522 -0.040916 0.623788
    outer loop
      vertex 46.1902 0 42.2693
      vertex 42.8017 0 46.5092
      vertex 45.9371 -4.82819 42.2693
    endloop
  endfacet
  facet normal 0.696404 0.354849 0.623782
    outer loop
      vertex 42.1968 18.7872 42.2693
      vertex 37.0673 21.4008 46.5092
      vertex 39.1013 17.409 46.5092
    endloop
  endfacet
  facet normal 0.867708 0.232513 0.439342
    outer loop
      vertex 48.9008 15.8888 32.943
      vertex 48.0003 10.2028 37.7307
      vertex 50.2938 10.6903 32.943
    endloop
  endfacet
  facet normal 0.462674 0.300449 0.834064
    outer loop
      vertex 28.0406 20.3727 53.9106
      vertex 24.2675 17.6314 56.9911
      vertex 25.9775 14.9981 56.9911
    endloop
  endfacet
  facet normal 0.448248 0.448248 0.7734
    outer loop
      vertex 26.0588 28.9412 50.4039
      vertex 25.7575 23.1921 53.9106
      vertex 28.9412 26.0588 50.4039
    endloop
  endfacet
  facet normal 0.448248 0.448248 0.7734
    outer loop
      vertex 25.7575 23.1921 53.9106
      vertex 26.0588 28.9412 50.4039
      vertex 23.1921 25.7575 53.9106
    endloop
  endfacet
  facet normal 0.512936 0.789878 0.336139
    outer loop
      vertex 26.5994 46.0715 27.9587
      vertex 25.7087 44.5288 32.943
      vertex 31.2695 43.0388 27.9587
    endloop
  endfacet
  facet normal 0.531444 0.656278 0.535598
    outer loop
      vertex 28.8442 39.7006 37.7307
      vertex 27.1499 37.3686 42.2693
      vertex 32.836 36.4681 37.7307
    endloop
  endfacet
  facet normal 0.753395 0.489246 0.439357
    outer loop
      vertex 44.5288 25.7087 32.943
      vertex 39.7006 28.8442 37.7307
      vertex 42.4981 24.5363 37.7307
    endloop
  endfacet
  facet normal -0.729669 -0.280109 0.623796
    outer loop
      vertex -40.7068 -13.2264 46.5092
      vertex -43.9295 -14.2736 42.2693
      vertex -42.1968 -18.7872 42.2693
    endloop
  endfacet
  facet normal -0.491533 -0.250449 0.834069
    outer loop
      vertex -27.4029 -12.2006 56.9911
      vertex -30.0165 -17.3301 53.9106
      vertex -25.9775 -14.9981 56.9911
    endloop
  endfacet
  facet normal -0.68675 -0.184008 0.703218
    outer loop
      vertex -38.0932 -8.09696 50.4039
      vertex -41.8664 -8.89897 46.5092
      vertex -37.0382 -12.0344 50.4039
    endloop
  endfacet
  facet normal -0.815697 -0.218577 0.535596
    outer loop
      vertex -45.1808 -9.60348 42.2693
      vertex -48.0003 -10.2028 37.7307
      vertex -46.6708 -15.1643 37.7307
    endloop
  endfacet
  facet normal 0.280149 -0.0443697 0.958931
    outer loop
      vertex 14.1765 -1.49001 63.3626
      vertex 13.9431 -2.96369 63.3626
      vertex 19.306 -4.10361 61.7431
    endloop
  endfacet
  facet normal 0.350673 0.134617 0.926772
    outer loop
      vertex 22.8421 10.1699 59.6115
      vertex 18.0309 8.02788 61.7431
      vertex 18.7713 6.09916 61.7431
    endloop
  endfacet
  facet normal 0.291916 -0.236389 0.926771
    outer loop
      vertex 20.2285 -14.6968 59.6115
      vertex 14.6677 -13.2068 61.7431
      vertex 18.5814 -16.7308 59.6115
    endloop
  endfacet
  facet normal -0.164072 -0.612317 0.773401
    outer loop
      vertex -10.7106 -32.9637 53.9106
      vertex -12.0344 -37.0382 50.4039
      vertex -7.20624 -33.9027 53.9106
    endloop
  endfacet
  facet normal -0.337509 -0.879252 0.336159
    outer loop
      vertex -15.8888 -48.9008 32.943
      vertex -20.9133 -46.9721 32.943
      vertex -16.4393 -50.5951 27.9587
    endloop
  endfacet
  facet normal 0.530371 -0.816704 0.227379
    outer loop
      vertex 31.974 -44.0084 22.8325
      vertex 26.5994 -46.0715 27.9587
      vertex 27.1987 -47.1095 22.8325
    endloop
  endfacet
  facet normal 0.541048 -0.833133 0.1147
    outer loop
      vertex 32.3282 -44.4959 17.6204
      vertex 27.1987 -47.1095 22.8325
      vertex 27.5 -47.6314 17.6204
    endloop
  endfacet
  facet normal -0.152333 -0.961819 0.227376
    outer loop
      vertex -5.56079 -52.9074 27.9587
      vertex -11.3099 -53.2087 22.8325
      vertex -5.68608 -54.0994 22.8325
    endloop
  endfacet
  facet normal -0.147327 -0.930214 0.336149
    outer loop
      vertex -10.6903 -50.2938 32.943
      vertex -11.0607 -52.0363 27.9587
      vertex -5.37458 -51.1357 32.943
    endloop
  endfacet
  facet normal -0.34898 -0.909127 0.227376
    outer loop
      vertex -16.4393 -50.5951 27.9587
      vertex -22.1254 -49.6945 22.8325
      vertex -16.8097 -51.735 22.8325
    endloop
  endfacet
  facet normal -0.140522 -0.88726 0.439343
    outer loop
      vertex -5.12948 -48.8038 37.7307
      vertex -10.2028 -48.0003 37.7307
      vertex -5.37458 -51.1357 32.943
    endloop
  endfacet
  facet normal -0.232513 -0.867708 0.439342
    outer loop
      vertex -10.2028 -48.0003 37.7307
      vertex -15.8888 -48.9008 32.943
      vertex -10.6903 -50.2938 32.943
    endloop
  endfacet
  facet normal -0.152337 -0.961817 0.22738
    outer loop
      vertex -11.0607 -52.0363 27.9587
      vertex -11.3099 -53.2087 22.8325
      vertex -5.56079 -52.9074 27.9587
    endloop
  endfacet
  facet normal -0.633486 -0.322789 0.703209
    outer loop
      vertex -33.7267 -19.4721 50.4039
      vertex -39.1013 -17.409 46.5092
      vertex -37.0673 -21.4008 46.5092
    endloop
  endfacet
  facet normal -0.838657 -0.321926 0.439339
    outer loop
      vertex -44.8301 -19.9596 37.7307
      vertex -48.9008 -15.8888 32.943
      vertex -46.9721 -20.9133 32.943
    endloop
  endfacet
  facet normal 0.612825 -0.756796 0.227389
    outer loop
      vertex 35.597 -39.5344 27.9587
      vertex 31.974 -44.0084 22.8325
      vertex 36.399 -40.4252 22.8325
    endloop
  endfacet
  facet normal 0.252045 -0.940623 0.22738
    outer loop
      vertex 16.8097 -51.735 22.8325
      vertex 11.0607 -52.0363 27.9587
      vertex 11.3099 -53.2087 22.8325
    endloop
  endfacet
  facet normal 0.780525 -0.0409105 0.623784
    outer loop
      vertex 42.8017 0 46.5092
      vertex 42.5672 -4.47399 46.5092
      vertex 45.9371 -4.82819 42.2693
    endloop
  endfacet
  facet normal 0.788389 -0.30265 0.53558
    outer loop
      vertex 43.9295 -14.2736 42.2693
      vertex 42.1968 -18.7872 42.2693
      vertex 46.6708 -15.1643 37.7307
    endloop
  endfacet
  facet normal 0.843318 -0.0441923 0.535595
    outer loop
      vertex 49.0726 0 37.7307
      vertex 45.9371 -4.82819 42.2693
      vertex 48.8038 -5.12948 37.7307
    endloop
  endfacet
  facet normal 0.688584 -0.688584 0.227388
    outer loop
      vertex 35.597 -39.5344 27.9587
      vertex 40.4252 -36.399 22.8325
      vertex 39.5344 -35.597 27.9587
    endloop
  endfacet
  facet normal 0.688584 -0.688584 0.227388
    outer loop
      vertex 40.4252 -36.399 22.8325
      vertex 35.597 -39.5344 27.9587
      vertex 36.399 -40.4252 22.8325
    endloop
  endfacet
  facet normal 0.867667 -0.442097 0.227384
    outer loop
      vertex 48.5995 -21.6379 27.9587
      vertex 46.0715 -26.5994 27.9587
      vertex 49.6945 -22.1254 22.8325
    endloop
  endfacet
  facet normal 0.45993 -0.70825 0.53558
    outer loop
      vertex 28.8442 -39.7006 37.7307
      vertex 23.0951 -40.0019 42.2693
      vertex 24.5363 -42.4981 37.7307
    endloop
  endfacet
  facet normal 0.698126 -0.565332 0.439341
    outer loop
      vertex 39.7006 -28.8442 37.7307
      vertex 36.4681 -32.836 37.7307
      vertex 38.2106 -34.4049 32.943
    endloop
  endfacet
  facet normal 0.53165 -0.34526 0.773398
    outer loop
      vertex 30.0165 -17.3301 53.9106
      vertex 28.0406 -20.3727 53.9106
      vertex 33.7267 -19.4721 50.4039
    endloop
  endfacet
  facet normal 0.252723 -0.128773 0.958931
    outer loop
      vertex 13.0222 -5.79786 63.3626
      vertex 12.3448 -7.12729 63.3626
      vertex 17.093 -9.86864 61.7431
    endloop
  endfacet
  facet normal 0.686755 -0.184026 0.703209
    outer loop
      vertex 41.8664 -8.89897 46.5092
      vertex 37.0382 -12.0344 50.4039
      vertex 40.7068 -13.2264 46.5092
    endloop
  endfacet
  facet normal 0.564827 -0.287795 0.773398
    outer loop
      vertex 31.6636 -14.0975 53.9106
      vertex 30.0165 -17.3301 53.9106
      vertex 35.5773 -15.8401 50.4039
    endloop
  endfacet
  facet normal -0.838657 0.321926 0.439339
    outer loop
      vertex -46.9721 20.9133 32.943
      vertex -48.9008 15.8888 32.943
      vertex -44.8301 19.9596 37.7307
    endloop
  endfacet
  facet normal -0.961817 0.152337 0.22738
    outer loop
      vertex -52.0363 11.0607 27.9587
      vertex -53.2087 11.3099 22.8325
      vertex -52.9074 5.56079 27.9587
    endloop
  endfacet
  facet normal -0.184026 0.686755 0.703209
    outer loop
      vertex -8.89897 41.8664 46.5092
      vertex -13.2264 40.7068 46.5092
      vertex -12.0344 37.0382 50.4039
    endloop
  endfacet
  facet normal 0.0519913 0.992039 0.114695
    outer loop
      vertex 0 55 17.6204
      vertex 0 54.3974 22.8325
      vertex 5.74907 54.6987 17.6204
    endloop
  endfacet
  facet normal 0.1321 0.834079 0.535596
    outer loop
      vertex 10.2028 48.0003 37.7307
      vertex 4.82819 45.9371 42.2693
      vertex 9.60348 45.1808 42.2693
    endloop
  endfacet
  facet normal -0.909127 -0.34898 0.227376
    outer loop
      vertex -50.5951 -16.4393 27.9587
      vertex -51.735 -16.8097 22.8325
      vertex -49.6945 -22.1254 22.8325
    endloop
  endfacet
  facet normal -0.940625 -0.252041 0.227376
    outer loop
      vertex -50.5951 -16.4393 27.9587
      vertex -52.0363 -11.0607 27.9587
      vertex -51.735 -16.8097 22.8325
    endloop
  endfacet
  facet normal -0.992039 -0.0519915 0.114695
    outer loop
      vertex -54.3974 0 22.8325
      vertex -54.6987 -5.74907 17.6204
      vertex -54.0994 -5.68608 22.8325
    endloop
  endfacet
  facet normal -0.972473 -0.050966 0.227376
    outer loop
      vertex -52.9074 -5.56079 27.9587
      vertex -54.3974 0 22.8325
      vertex -54.0994 -5.68608 22.8325
    endloop
  endfacet
  facet normal -0.88726 0.140522 0.439343
    outer loop
      vertex -48.0003 10.2028 37.7307
      vertex -51.1357 5.37458 32.943
      vertex -48.8038 5.12948 37.7307
    endloop
  endfacet
  facet normal -0.815697 0.218577 0.535596
    outer loop
      vertex -46.6708 15.1643 37.7307
      vertex -48.0003 10.2028 37.7307
      vertex -45.1808 9.60348 42.2693
    endloop
  endfacet
  facet normal -0.94052 -0.0492958 0.336144
    outer loop
      vertex -51.4174 0 32.943
      vertex -53.1988 0 27.9587
      vertex -51.1357 -5.37458 32.943
    endloop
  endfacet
  facet normal -0.961817 -0.152337 0.22738
    outer loop
      vertex -52.9074 -5.56079 27.9587
      vertex -53.2087 -11.3099 22.8325
      vertex -52.0363 -11.0607 27.9587
    endloop
  endfacet
  facet normal -0.788389 -0.30265 0.53558
    outer loop
      vertex -43.9295 -14.2736 42.2693
      vertex -46.6708 -15.1643 37.7307
      vertex -42.1968 -18.7872 42.2693
    endloop
  endfacet
  facet normal -0.686755 -0.184026 0.703209
    outer loop
      vertex -37.0382 -12.0344 50.4039
      vertex -41.8664 -8.89897 46.5092
      vertex -40.7068 -13.2264 46.5092
    endloop
  endfacet
  facet normal -0.959553 0.257109 0.114685
    outer loop
      vertex -52.3081 16.9959 17.6204
      vertex -53.7981 11.4351 17.6204
      vertex -53.2087 11.3099 22.8325
    endloop
  endfacet
  facet normal -0.544876 0.0862879 0.834065
    outer loop
      vertex -29.3408 6.23657 56.9911
      vertex -33.9027 7.20624 53.9106
      vertex -29.8319 3.13546 56.9911
    endloop
  endfacet
  facet normal -0.459516 0.0727701 0.885183
    outer loop
      vertex -29.3408 6.23657 56.9911
      vertex -29.8319 3.13546 56.9911
      vertex -24.4574 5.19857 59.6115
    endloop
  endfacet
  facet normal -0.375112 -0.0196483 0.926771
    outer loop
      vertex -19.6292 -2.06311 61.7431
      vertex -25.0037 0 59.6115
      vertex -24.8668 -2.6136 59.6115
    endloop
  endfacet
  facet normal -0.464609 -0.0243361 0.885182
    outer loop
      vertex -25.0037 0 59.6115
      vertex -29.8319 -3.13546 56.9911
      vertex -24.8668 -2.6136 59.6115
    endloop
  endfacet
  facet normal -0.283251 -0.0148414 0.958931
    outer loop
      vertex -14.1765 -1.49001 63.3626
      vertex -19.7373 0 61.7431
      vertex -19.6292 -2.06311 61.7431
    endloop
  endfacet
  facet normal -0.283252 0.0148469 0.95893
    outer loop
      vertex -14.1765 1.49001 63.3626
      vertex -19.7373 0 61.7431
      vertex -14.2546 0 63.3626
    endloop
  endfacet
  facet normal -0.0727701 0.459516 0.885183
    outer loop
      vertex -3.13546 29.8319 56.9911
      vertex -6.23657 29.3408 56.9911
      vertex -5.19857 24.4574 59.6115
    endloop
  endfacet
  facet normal -0.459518 0.0727771 0.885182
    outer loop
      vertex -24.4574 5.19857 59.6115
      vertex -29.8319 3.13546 56.9911
      vertex -24.8668 2.6136 59.6115
    endloop
  endfacet
  facet normal 0.354849 0.696404 0.623782
    outer loop
      vertex 18.7872 42.1968 42.2693
      vertex 17.409 39.1013 46.5092
      vertex 21.4008 37.0673 46.5092
    endloop
  endfacet
  facet normal -0.731921 0.592694 0.336161
    outer loop
      vertex -38.2106 34.4049 32.943
      vertex -43.0388 31.2695 27.9587
      vertex -41.5975 30.2224 32.943
    endloop
  endfacet
  facet normal 0.459518 0.0727771 0.885182
    outer loop
      vertex 29.8319 3.13546 56.9911
      vertex 24.4574 5.19857 59.6115
      vertex 24.8668 2.6136 59.6115
    endloop
  endfacet
  facet normal 0.633049 0.0331704 0.773401
    outer loop
      vertex 38.7309 4.07078 50.4039
      vertex 34.4702 3.62297 53.9106
      vertex 38.9442 0 50.4039
    endloop
  endfacet
  facet normal 0.464609 -0.0243361 0.885182
    outer loop
      vertex 25.0037 0 59.6115
      vertex 24.8668 -2.6136 59.6115
      vertex 29.8319 -3.13546 56.9911
    endloop
  endfacet
  facet normal 0.464597 0.02436 0.885187
    outer loop
      vertex 29.8319 3.13546 56.9911
      vertex 25.0037 0 59.6115
      vertex 29.9963 0 56.9911
    endloop
  endfacet
  facet normal 0.550906 -0.0288761 0.834068
    outer loop
      vertex 34.6601 0 53.9106
      vertex 29.8319 -3.13546 56.9911
      vertex 34.4702 -3.62297 53.9106
    endloop
  endfacet
  facet normal 0.633054 -0.0331819 0.773396
    outer loop
      vertex 34.6601 0 53.9106
      vertex 34.4702 -3.62297 53.9106
      vertex 38.9442 0 50.4039
    endloop
  endfacet
  facet normal 0.544871 -0.0862939 0.834068
    outer loop
      vertex 34.4702 -3.62297 53.9106
      vertex 29.8319 -3.13546 56.9911
      vertex 33.9027 -7.20624 53.9106
    endloop
  endfacet
  facet normal 0.532863 -0.142782 0.834069
    outer loop
      vertex 33.9027 -7.20624 53.9106
      vertex 28.5281 -9.26935 56.9911
      vertex 32.9637 -10.7106 53.9106
    endloop
  endfacet
  facet normal 0.334684 0.170528 0.926772
    outer loop
      vertex 21.6539 12.5019 59.6115
      vertex 18.0309 8.02788 61.7431
      vertex 22.8421 10.1699 59.6115
    endloop
  endfacet
  facet normal 0.169267 0.0862458 0.981789
    outer loop
      vertex 12.3448 7.12729 63.3626
      vertex 7.46142 4.30785 64.4522
      vertex 7.87084 3.50432 64.4522
    endloop
  endfacet
  facet normal 0.170528 0.334685 0.926772
    outer loop
      vertex 12.5019 21.6539 59.6115
      vertex 8.02788 18.0309 61.7431
      vertex 9.86864 17.093 61.7431
    endloop
  endfacet
  facet normal 0.362825 0.0972176 0.926772
    outer loop
      vertex 24.4574 5.19857 59.6115
      vertex 18.7713 6.09916 61.7431
      vertex 19.306 4.10361 61.7431
    endloop
  endfacet
  facet normal 0.34526 0.53165 0.773398
    outer loop
      vertex 19.4721 33.7267 50.4039
      vertex 17.3301 30.0165 53.9106
      vertex 20.3727 28.0406 53.9106
    endloop
  endfacet
  facet normal -0.0196547 0.375115 0.92677
    outer loop
      vertex 0 25.0037 59.6115
      vertex -2.06311 19.6292 61.7431
      vertex 0 19.7373 61.7431
    endloop
  endfacet
  facet normal 0.442097 0.867667 0.227384
    outer loop
      vertex 22.1254 49.6945 22.8325
      vertex 21.6379 48.5995 27.9587
      vertex 26.5994 46.0715 27.9587
    endloop
  endfacet
  facet normal 0.407833 0.800398 0.439358
    outer loop
      vertex 25.7087 44.5288 32.943
      vertex 19.9596 44.8301 37.7307
      vertex 24.5363 42.4981 37.7307
    endloop
  endfacet
  facet normal -0.0443697 0.280149 0.958931
    outer loop
      vertex -1.49001 14.1765 63.3626
      vertex -4.10361 19.306 61.7431
      vertex -2.96369 13.9431 63.3626
    endloop
  endfacet
  facet normal 0.177354 0.0680793 0.98179
    outer loop
      vertex 13.5569 4.40491 63.3626
      vertex 7.87084 3.50432 64.4522
      vertex 8.19402 2.6624 64.4522
    endloop
  endfacet
  facet normal -0.0727771 0.459518 0.885182
    outer loop
      vertex -3.13546 29.8319 56.9911
      vertex -5.19857 24.4574 59.6115
      vertex -2.6136 24.8668 59.6115
    endloop
  endfacet
  facet normal 0.034132 0.0889177 0.995454
    outer loop
      vertex 2.6624 8.19402 64.4522
      vertex 1.17239 2.63323 65
      vertex 3.50432 7.87084 64.4522
    endloop
  endfacet
  facet normal 0.756787 0.612844 0.227367
    outer loop
      vertex 44.0084 31.974 22.8325
      vertex 39.5344 35.597 27.9587
      vertex 43.0388 31.2695 27.9587
    endloop
  endfacet
  facet normal 0.772024 0.62516 0.114693
    outer loop
      vertex 44.4959 32.3282 17.6204
      vertex 40.873 36.8022 17.6204
      vertex 44.0084 31.974 22.8325
    endloop
  endfacet
  facet normal 0.885125 0.450998 0.114695
    outer loop
      vertex 50.245 22.3705 17.6204
      vertex 47.1095 27.1987 22.8325
      vertex 49.6945 22.1254 22.8325
    endloop
  endfacet
  facet normal 0.839167 0.427563 0.336138
    outer loop
      vertex 46.0715 26.5994 27.9587
      vertex 44.5288 25.7087 32.943
      vertex 46.9721 20.9133 32.943
    endloop
  endfacet
  facet normal 0.867667 0.442097 0.227384
    outer loop
      vertex 49.6945 22.1254 22.8325
      vertex 46.0715 26.5994 27.9587
      vertex 48.5995 21.6379 27.9587
    endloop
  endfacet
  facet normal 0.71 0.0372024 0.703218
    outer loop
      vertex 42.8017 0 46.5092
      vertex 38.7309 4.07078 50.4039
      vertex 38.9442 0 50.4039
    endloop
  endfacet
  facet normal 0.780525 0.0409105 0.623784
    outer loop
      vertex 45.9371 4.82819 42.2693
      vertex 42.5672 4.47399 46.5092
      vertex 42.8017 0 46.5092
    endloop
  endfacet
  facet normal 0.88726 0.140522 0.439343
    outer loop
      vertex 51.1357 5.37458 32.943
      vertex 48.0003 10.2028 37.7307
      vertex 48.8038 5.12948 37.7307
    endloop
  endfacet
  facet normal 0.95955 0.257116 0.114693
    outer loop
      vertex 52.3081 16.9959 17.6204
      vertex 51.735 16.8097 22.8325
      vertex 53.2087 11.3099 22.8325
    endloop
  endfacet
  facet normal 0.752438 0.383371 0.535597
    outer loop
      vertex 44.8301 19.9596 37.7307
      vertex 40.0019 23.0951 42.2693
      vertex 42.1968 18.7872 42.2693
    endloop
  endfacet
  facet normal 0.867666 0.442102 0.227379
    outer loop
      vertex 47.1095 27.1987 22.8325
      vertex 46.0715 26.5994 27.9587
      vertex 49.6945 22.1254 22.8325
    endloop
  endfacet
  facet normal 0.771976 0.122264 0.623782
    outer loop
      vertex 45.1808 9.60348 42.2693
      vertex 41.8664 8.89897 46.5092
      vertex 45.9371 4.82819 42.2693
    endloop
  endfacet
  facet normal 0.696404 0.354822 0.623798
    outer loop
      vertex 40.0019 23.0951 42.2693
      vertex 37.0673 21.4008 46.5092
      vertex 42.1968 18.7872 42.2693
    endloop
  endfacet
  facet normal 0.532865 0.142793 0.834065
    outer loop
      vertex 33.9027 7.20624 53.9106
      vertex 28.5281 9.26935 56.9911
      vertex 29.3408 6.23657 56.9911
    endloop
  endfacet
  facet normal 0.300449 0.462674 0.834064
    outer loop
      vertex 20.3727 28.0406 53.9106
      vertex 14.9981 25.9775 56.9911
      vertex 17.6314 24.2675 56.9911
    endloop
  endfacet
  facet normal 0.489269 0.753391 0.439338
    outer loop
      vertex 30.2224 41.5975 32.943
      vertex 25.7087 44.5288 32.943
      vertex 28.8442 39.7006 37.7307
    endloop
  endfacet
  facet normal 0.45993 0.70825 0.53558
    outer loop
      vertex 24.5363 42.4981 37.7307
      vertex 23.0951 40.0019 42.2693
      vertex 28.8442 39.7006 37.7307
    endloop
  endfacet
  facet normal -0.0519915 0.992039 0.114695
    outer loop
      vertex 0 54.3974 22.8325
      vertex -5.74907 54.6987 17.6204
      vertex -5.68608 54.0994 22.8325
    endloop
  endfacet
  facet normal 0.531439 0.65629 0.535589
    outer loop
      vertex 32.836 36.4681 37.7307
      vertex 27.1499 37.3686 42.2693
      vertex 30.9073 34.326 42.2693
    endloop
  endfacet
  facet normal 0.459943 0.708228 0.535599
    outer loop
      vertex 28.8442 39.7006 37.7307
      vertex 23.0951 40.0019 42.2693
      vertex 27.1499 37.3686 42.2693
    endloop
  endfacet
  facet normal 0.731921 0.592694 0.336161
    outer loop
      vertex 43.0388 31.2695 27.9587
      vertex 38.2106 34.4049 32.943
      vertex 41.5975 30.2224 32.943
    endloop
  endfacet
  facet normal 0.541048 0.833133 0.1147
    outer loop
      vertex 27.5 47.6314 17.6204
      vertex 27.1987 47.1095 22.8325
      vertex 32.3282 44.4959 17.6204
    endloop
  endfacet
  facet normal -0.334684 -0.170528 0.926772
    outer loop
      vertex -18.0309 -8.02788 61.7431
      vertex -22.8421 -10.1699 59.6115
      vertex -21.6539 -12.5019 59.6115
    endloop
  endfacet
  facet normal -0.0991606 -0.626113 0.773401
    outer loop
      vertex -3.62297 -34.4702 53.9106
      vertex -7.20624 -33.9027 53.9106
      vertex -4.07078 -38.7309 50.4039
    endloop
  endfacet
  facet normal -0.442097 -0.867667 0.227384
    outer loop
      vertex -21.6379 -48.5995 27.9587
      vertex -26.5994 -46.0715 27.9587
      vertex -22.1254 -49.6945 22.8325
    endloop
  endfacet
  facet normal -0.597137 -0.597137 0.535589
    outer loop
      vertex -36.4681 -32.836 37.7307
      vertex -30.9073 -34.326 42.2693
      vertex -34.326 -30.9073 42.2693
    endloop
  endfacet
  facet normal -0.597137 -0.597137 0.535589
    outer loop
      vertex -30.9073 -34.326 42.2693
      vertex -36.4681 -32.836 37.7307
      vertex -32.836 -36.4681 37.7307
    endloop
  endfacet
  facet normal -0.591813 -0.22718 0.7734
    outer loop
      vertex -32.9637 -10.7106 53.9106
      vertex -37.0382 -12.0344 50.4039
      vertex -35.5773 -15.8401 50.4039
    endloop
  endfacet
  facet normal -0.350677 -0.134612 0.926771
    outer loop
      vertex -18.7713 -6.09916 61.7431
      vertex -23.78 -7.72658 59.6115
      vertex -22.8421 -10.1699 59.6115
    endloop
  endfacet
  facet normal -0.428724 -0.347173 0.834066
    outer loop
      vertex -22.2916 -20.0714 56.9911
      vertex -28.0406 -20.3727 53.9106
      vertex -25.7575 -23.1921 53.9106
    endloop
  endfacet
  facet normal -0.414536 -0.211217 0.885182
    outer loop
      vertex -21.6539 -12.5019 59.6115
      vertex -27.4029 -12.2006 56.9911
      vertex -25.9775 -14.9981 56.9911
    endloop
  endfacet
  facet normal -0.544876 -0.0862879 0.834065
    outer loop
      vertex -29.8319 -3.13546 56.9911
      vertex -33.9027 -7.20624 53.9106
      vertex -29.3408 -6.23657 56.9911
    endloop
  endfacet
  facet normal -0.591817 -0.227176 0.773397
    outer loop
      vertex -32.9637 -10.7106 53.9106
      vertex -35.5773 -15.8401 50.4039
      vertex -31.6636 -14.0975 53.9106
    endloop
  endfacet
  facet normal 0.120418 -0.449391 0.885182
    outer loop
      vertex 7.72658 -23.78 59.6115
      vertex 5.19857 -24.4574 59.6115
      vertex 9.26935 -28.5281 56.9911
    endloop
  endfacet
  facet normal 0.178502 -0.220429 0.958931
    outer loop
      vertex 9.53818 -10.5932 63.3626
      vertex 8.37863 -11.5322 63.3626
      vertex 11.6013 -15.9678 61.7431
    endloop
  endfacet
  facet normal 0.492643 -0.398934 0.773404
    outer loop
      vertex 28.0406 -20.3727 53.9106
      vertex 25.7575 -23.1921 53.9106
      vertex 31.5066 -22.8909 50.4039
    endloop
  endfacet
  facet normal 0.0673475 -0.0673475 0.995454
    outer loop
      vertex 2.14206 -1.92872 65
      vertex 5.76503 -6.40271 64.4522
      vertex 6.40271 -5.76503 64.4522
    endloop
  endfacet
  facet normal 0.0673475 -0.0673475 0.995454
    outer loop
      vertex 5.76503 -6.40271 64.4522
      vertex 2.14206 -1.92872 65
      vertex 1.92872 -2.14206 65
    endloop
  endfacet
  facet normal 0.0470101 -0.897088 0.439343
    outer loop
      vertex 5.12948 -48.8038 37.7307
      vertex 0 -49.0726 37.7307
      vertex 5.37458 -51.1357 32.943
    endloop
  endfacet
  facet normal 0.111214 -0.702228 0.703212
    outer loop
      vertex 8.89897 -41.8664 46.5092
      vertex 4.07078 -38.7309 50.4039
      vertex 4.47399 -42.5672 46.5092
    endloop
  endfacet
  facet normal 0.596287 -0.38722 0.703209
    outer loop
      vertex 37.0673 -21.4008 46.5092
      vertex 33.7267 -19.4721 50.4039
      vertex 34.6273 -25.1582 46.5092
    endloop
  endfacet
  facet normal 0.166728 -0.434344 0.885182
    outer loop
      vertex 10.1699 -22.8421 59.6115
      vertex 7.72658 -23.78 59.6115
      vertex 9.26935 -28.5281 56.9911
    endloop
  endfacet
  facet normal -0.62516 -0.772024 0.114693
    outer loop
      vertex -31.974 -44.0084 22.8325
      vertex -36.8022 -40.873 17.6204
      vertex -32.3282 -44.4959 17.6204
    endloop
  endfacet
  facet normal 0.147327 -0.930214 0.336149
    outer loop
      vertex 10.6903 -50.2938 32.943
      vertex 5.37458 -51.1357 32.943
      vertex 11.0607 -52.0363 27.9587
    endloop
  endfacet
  facet normal 0.56533 -0.698129 0.439338
    outer loop
      vertex 34.4049 -38.2106 32.943
      vertex 28.8442 -39.7006 37.7307
      vertex 30.2224 -41.5975 32.943
    endloop
  endfacet
  facet normal 0.815697 -0.218577 0.535596
    outer loop
      vertex 48.0003 -10.2028 37.7307
      vertex 45.1808 -9.60348 42.2693
      vertex 46.6708 -15.1643 37.7307
    endloop
  endfacet
  facet normal 0.356002 -0.92742 0.114693
    outer loop
      vertex 22.1254 -49.6945 22.8325
      vertex 16.8097 -51.735 22.8325
      vertex 16.9959 -52.3081 17.6204
    endloop
  endfacet
  facet normal 0.0519915 -0.992039 0.114695
    outer loop
      vertex 5.68608 -54.0994 22.8325
      vertex 0 -54.3974 22.8325
      vertex 5.74907 -54.6987 17.6204
    endloop
  endfacet
  facet normal -0.280092 -0.729688 0.623782
    outer loop
      vertex -17.409 -39.1013 46.5092
      vertex -18.7872 -42.1968 42.2693
      vertex -13.2264 -40.7068 46.5092
    endloop
  endfacet
  facet normal -0.252041 -0.940625 0.227376
    outer loop
      vertex -16.4393 -50.5951 27.9587
      vertex -16.8097 -51.735 22.8325
      vertex -11.0607 -52.0363 27.9587
    endloop
  endfacet
  facet normal -0.92742 -0.356002 0.114693
    outer loop
      vertex -51.735 -16.8097 22.8325
      vertex -52.3081 -16.9959 17.6204
      vertex -49.6945 -22.1254 22.8325
    endloop
  endfacet
  facet normal -0.981171 -0.155406 0.114687
    outer loop
      vertex -53.2087 -11.3099 22.8325
      vertex -54.6987 -5.74907 17.6204
      vertex -53.7981 -11.4351 17.6204
    endloop
  endfacet
  facet normal -0.885127 -0.450993 0.114701
    outer loop
      vertex -47.1095 -27.1987 22.8325
      vertex -50.245 -22.3705 17.6204
      vertex -47.6314 -27.5 17.6204
    endloop
  endfacet
  facet normal -0.816704 -0.530371 0.227379
    outer loop
      vertex -46.0715 -26.5994 27.9587
      vertex -47.1095 -27.1987 22.8325
      vertex -44.0084 -31.974 22.8325
    endloop
  endfacet
  facet normal -0.155398 -0.981171 0.114695
    outer loop
      vertex -5.68608 -54.0994 22.8325
      vertex -11.3099 -53.2087 22.8325
      vertex -5.74907 -54.6987 17.6204
    endloop
  endfacet
  facet normal 0.0523367 -0.998629 0
    outer loop
      vertex 0 -55 15
      vertex 5.74907 -54.6987 17.6204
      vertex 0 -55 17.6204
    endloop
  endfacet
  facet normal 0.0523367 -0.998629 0
    outer loop
      vertex 5.74907 -54.6987 17.6204
      vertex 0 -55 15
      vertex 5.74907 -54.6987 15
    endloop
  endfacet
  facet normal 0.050966 -0.972473 0.227376
    outer loop
      vertex 5.56079 -52.9074 27.9587
      vertex 0 -54.3974 22.8325
      vertex 5.68608 -54.0994 22.8325
    endloop
  endfacet
  facet normal -0.442102 -0.867666 0.227379
    outer loop
      vertex -26.5994 -46.0715 27.9587
      vertex -27.1987 -47.1095 22.8325
      vertex -22.1254 -49.6945 22.8325
    endloop
  endfacet
  facet normal -0.698126 -0.565332 0.439341
    outer loop
      vertex -36.4681 -32.836 37.7307
      vertex -39.7006 -28.8442 37.7307
      vertex -38.2106 -34.4049 32.943
    endloop
  endfacet
  facet normal 0.356001 -0.92742 0.114695
    outer loop
      vertex 22.1254 -49.6945 22.8325
      vertex 16.9959 -52.3081 17.6204
      vertex 22.3705 -50.245 17.6204
    endloop
  endfacet
  facet normal 0.453989 -0.891007 0
    outer loop
      vertex 22.3705 -50.245 15
      vertex 27.5 -47.6314 17.6204
      vertex 22.3705 -50.245 17.6204
    endloop
  endfacet
  facet normal 0.453989 -0.891007 0
    outer loop
      vertex 27.5 -47.6314 17.6204
      vertex 22.3705 -50.245 15
      vertex 27.5 -47.6314 15
    endloop
  endfacet
  facet normal 0.788387 -0.302626 0.535596
    outer loop
      vertex 46.6708 -15.1643 37.7307
      vertex 42.1968 -18.7872 42.2693
      vertex 44.8301 -19.9596 37.7307
    endloop
  endfacet
  facet normal 0.972473 -0.050966 0.227376
    outer loop
      vertex 54.3974 0 22.8325
      vertex 52.9074 -5.56079 27.9587
      vertex 54.0994 -5.68608 22.8325
    endloop
  endfacet
  facet normal 0.972473 0.050966 0.227376
    outer loop
      vertex 54.0994 5.68608 22.8325
      vertex 52.9074 5.56079 27.9587
      vertex 54.3974 0 22.8325
    endloop
  endfacet
  facet normal 0.981171 0.155398 0.114695
    outer loop
      vertex 54.6987 5.74907 17.6204
      vertex 53.2087 11.3099 22.8325
      vertex 54.0994 5.68608 22.8325
    endloop
  endfacet
  facet normal 0.961817 -0.152337 0.22738
    outer loop
      vertex 52.9074 -5.56079 27.9587
      vertex 52.0363 -11.0607 27.9587
      vertex 53.2087 -11.3099 22.8325
    endloop
  endfacet
  facet normal 0.940625 -0.252041 0.227376
    outer loop
      vertex 52.0363 -11.0607 27.9587
      vertex 50.5951 -16.4393 27.9587
      vertex 51.735 -16.8097 22.8325
    endloop
  endfacet
  facet normal 0.838656 -0.321923 0.439342
    outer loop
      vertex 46.6708 -15.1643 37.7307
      vertex 44.8301 -19.9596 37.7307
      vertex 48.9008 -15.8888 32.943
    endloop
  endfacet
  facet normal 0.800398 -0.407833 0.439358
    outer loop
      vertex 44.8301 -19.9596 37.7307
      vertex 42.4981 -24.5363 37.7307
      vertex 44.5288 -25.7087 32.943
    endloop
  endfacet
  facet normal 0.552532 -0.447446 0.703207
    outer loop
      vertex 31.5066 -22.8909 50.4039
      vertex 28.9412 -26.0588 50.4039
      vertex 34.6273 -25.1582 46.5092
    endloop
  endfacet
  facet normal 0.607422 -0.491867 0.623783
    outer loop
      vertex 34.6273 -25.1582 46.5092
      vertex 34.326 -30.9073 42.2693
      vertex 37.3686 -27.1499 42.2693
    endloop
  endfacet
  facet normal 0.59629 -0.387218 0.703207
    outer loop
      vertex 33.7267 -19.4721 50.4039
      vertex 31.5066 -22.8909 50.4039
      vertex 34.6273 -25.1582 46.5092
    endloop
  endfacet
  facet normal 0.597137 -0.597137 0.535589
    outer loop
      vertex 30.9073 -34.326 42.2693
      vertex 36.4681 -32.836 37.7307
      vertex 34.326 -30.9073 42.2693
    endloop
  endfacet
  facet normal 0.597137 -0.597137 0.535589
    outer loop
      vertex 36.4681 -32.836 37.7307
      vertex 30.9073 -34.326 42.2693
      vertex 32.836 -36.4681 37.7307
    endloop
  endfacet
  facet normal 0.565332 -0.698126 0.439341
    outer loop
      vertex 32.836 -36.4681 37.7307
      vertex 28.8442 -39.7006 37.7307
      vertex 34.4049 -38.2106 32.943
    endloop
  endfacet
  facet normal 0.633486 -0.322778 0.703214
    outer loop
      vertex 35.5773 -15.8401 50.4039
      vertex 33.7267 -19.4721 50.4039
      vertex 39.1013 -17.409 46.5092
    endloop
  endfacet
  facet normal 0.564827 -0.287794 0.773398
    outer loop
      vertex 35.5773 -15.8401 50.4039
      vertex 30.0165 -17.3301 53.9106
      vertex 33.7267 -19.4721 50.4039
    endloop
  endfacet
  facet normal 0.633049 -0.0331704 0.773401
    outer loop
      vertex 38.9442 0 50.4039
      vertex 34.4702 -3.62297 53.9106
      vertex 38.7309 -4.07078 50.4039
    endloop
  endfacet
  facet normal 0.771976 -0.122264 0.623782
    outer loop
      vertex 45.9371 -4.82819 42.2693
      vertex 41.8664 -8.89897 46.5092
      vertex 45.1808 -9.60348 42.2693
    endloop
  endfacet
  facet normal 0.633486 -0.322789 0.703209
    outer loop
      vertex 39.1013 -17.409 46.5092
      vertex 33.7267 -19.4721 50.4039
      vertex 37.0673 -21.4008 46.5092
    endloop
  endfacet
  facet normal -0.596287 0.38722 0.703209
    outer loop
      vertex -34.6273 25.1582 46.5092
      vertex -37.0673 21.4008 46.5092
      vertex -33.7267 19.4721 50.4039
    endloop
  endfacet
  facet normal -0.428724 0.347173 0.834066
    outer loop
      vertex -25.7575 23.1921 53.9106
      vertex -28.0406 20.3727 53.9106
      vertex -22.2916 20.0714 56.9911
    endloop
  endfacet
  facet normal -0.981171 0.155398 0.114695
    outer loop
      vertex -53.2087 11.3099 22.8325
      vertex -54.6987 5.74907 17.6204
      vertex -54.0994 5.68608 22.8325
    endloop
  endfacet
  facet normal -0.972473 0.050966 0.227376
    outer loop
      vertex -54.0994 5.68608 22.8325
      vertex -54.3974 0 22.8325
      vertex -52.9074 5.56079 27.9587
    endloop
  endfacet
  facet normal -0.885125 0.450998 0.114695
    outer loop
      vertex -47.1095 27.1987 22.8325
      vertex -50.245 22.3705 17.6204
      vertex -49.6945 22.1254 22.8325
    endloop
  endfacet
  facet normal -0.702441 0.702441 0.11469
    outer loop
      vertex -40.873 36.8022 17.6204
      vertex -36.399 40.4252 22.8325
      vertex -36.8022 40.873 17.6204
    endloop
  endfacet
  facet normal -0.702441 0.702441 0.11469
    outer loop
      vertex -36.399 40.4252 22.8325
      vertex -40.873 36.8022 17.6204
      vertex -40.4252 36.399 22.8325
    endloop
  endfacet
  facet normal -0.541048 0.833133 0.1147
    outer loop
      vertex -27.5 47.6314 17.6204
      vertex -32.3282 44.4959 17.6204
      vertex -27.1987 47.1095 22.8325
    endloop
  endfacet
  facet normal -0.0523367 0.998629 0
    outer loop
      vertex 0 55 15
      vertex -5.74907 54.6987 17.6204
      vertex 0 55 17.6204
    endloop
  endfacet
  facet normal -0.0523367 0.998629 0
    outer loop
      vertex -5.74907 54.6987 17.6204
      vertex 0 55 15
      vertex -5.74907 54.6987 15
    endloop
  endfacet
  facet normal -0.134612 0.350677 0.926771
    outer loop
      vertex -7.72658 23.78 59.6115
      vertex -10.1699 22.8421 59.6115
      vertex -6.09916 18.7713 61.7431
    endloop
  endfacet
  facet normal 0.243758 0.909714 0.336159
    outer loop
      vertex 16.4393 50.5951 27.9587
      vertex 11.0607 52.0363 27.9587
      vertex 15.8888 48.9008 32.943
    endloop
  endfacet
  facet normal 0.232513 0.867708 0.439342
    outer loop
      vertex 10.6903 50.2938 32.943
      vertex 10.2028 48.0003 37.7307
      vertex 15.8888 48.9008 32.943
    endloop
  endfacet
  facet normal 0.155406 0.981171 0.114687
    outer loop
      vertex 11.4351 53.7981 17.6204
      vertex 5.74907 54.6987 17.6204
      vertex 11.3099 53.2087 22.8325
    endloop
  endfacet
  facet normal -0.940623 -0.252045 0.22738
    outer loop
      vertex -52.0363 -11.0607 27.9587
      vertex -53.2087 -11.3099 22.8325
      vertex -51.735 -16.8097 22.8325
    endloop
  endfacet
  facet normal -0.909714 -0.243758 0.336159
    outer loop
      vertex -48.9008 -15.8888 32.943
      vertex -52.0363 -11.0607 27.9587
      vertex -50.5951 -16.4393 27.9587
    endloop
  endfacet
  facet normal -0.992039 0.0519915 0.114695
    outer loop
      vertex -54.0994 5.68608 22.8325
      vertex -54.6987 5.74907 17.6204
      vertex -54.3974 0 22.8325
    endloop
  endfacet
  facet normal -0.981171 0.155406 0.114687
    outer loop
      vertex -53.7981 11.4351 17.6204
      vertex -54.6987 5.74907 17.6204
      vertex -53.2087 11.3099 22.8325
    endloop
  endfacet
  facet normal -0.71 -0.0372024 0.703218
    outer loop
      vertex -38.9442 0 50.4039
      vertex -42.8017 0 46.5092
      vertex -38.7309 -4.07078 50.4039
    endloop
  endfacet
  facet normal -0.710006 0.0372143 0.703212
    outer loop
      vertex -42.5672 4.47399 46.5092
      vertex -42.8017 0 46.5092
      vertex -38.7309 4.07078 50.4039
    endloop
  endfacet
  facet normal -0.612322 0.164066 0.773398
    outer loop
      vertex -37.0382 12.0344 50.4039
      vertex -38.0932 8.09696 50.4039
      vertex -33.9027 7.20624 53.9106
    endloop
  endfacet
  facet normal -0.633054 0.0331819 0.773396
    outer loop
      vertex -34.4702 3.62297 53.9106
      vertex -38.9442 0 50.4039
      vertex -34.6601 0 53.9106
    endloop
  endfacet
  facet normal -0.867707 0.232514 0.439343
    outer loop
      vertex -46.6708 15.1643 37.7307
      vertex -48.9008 15.8888 32.943
      vertex -48.0003 10.2028 37.7307
    endloop
  endfacet
  facet normal -0.867708 0.232513 0.439342
    outer loop
      vertex -48.9008 15.8888 32.943
      vertex -50.2938 10.6903 32.943
      vertex -48.0003 10.2028 37.7307
    endloop
  endfacet
  facet normal -0.843318 -0.0441923 0.535595
    outer loop
      vertex -45.9371 -4.82819 42.2693
      vertex -49.0726 0 37.7307
      vertex -48.8038 -5.12948 37.7307
    endloop
  endfacet
  facet normal -0.940517 -0.0492855 0.336154
    outer loop
      vertex -51.1357 -5.37458 32.943
      vertex -53.1988 0 27.9587
      vertex -52.9074 -5.56079 27.9587
    endloop
  endfacet
  facet normal -0.94052 0.0492958 0.336144
    outer loop
      vertex -51.1357 5.37458 32.943
      vertex -53.1988 0 27.9587
      vertex -51.4174 0 32.943
    endloop
  endfacet
  facet normal -0.940517 0.0492855 0.336154
    outer loop
      vertex -52.9074 5.56079 27.9587
      vertex -53.1988 0 27.9587
      vertex -51.1357 5.37458 32.943
    endloop
  endfacet
  facet normal -0.838656 -0.321923 0.439342
    outer loop
      vertex -46.6708 -15.1643 37.7307
      vertex -48.9008 -15.8888 32.943
      vertex -44.8301 -19.9596 37.7307
    endloop
  endfacet
  facet normal -0.788387 -0.302626 0.535596
    outer loop
      vertex -42.1968 -18.7872 42.2693
      vertex -46.6708 -15.1643 37.7307
      vertex -44.8301 -19.9596 37.7307
    endloop
  endfacet
  facet normal -0.961819 0.152333 0.227376
    outer loop
      vertex -53.2087 11.3099 22.8325
      vertex -54.0994 5.68608 22.8325
      vertex -52.9074 5.56079 27.9587
    endloop
  endfacet
  facet normal -0.550906 0.0288761 0.834068
    outer loop
      vertex -34.4702 3.62297 53.9106
      vertex -34.6601 0 53.9106
      vertex -29.8319 3.13546 56.9911
    endloop
  endfacet
  facet normal -0.544871 0.0862939 0.834068
    outer loop
      vertex -33.9027 7.20624 53.9106
      vertex -34.4702 3.62297 53.9106
      vertex -29.8319 3.13546 56.9911
    endloop
  endfacet
  facet normal -0.55091 0.0288856 0.834064
    outer loop
      vertex -29.8319 3.13546 56.9911
      vertex -34.6601 0 53.9106
      vertex -29.9963 0 56.9911
    endloop
  endfacet
  facet normal -0.55091 -0.0288856 0.834064
    outer loop
      vertex -29.9963 0 56.9911
      vertex -34.6601 0 53.9106
      vertex -29.8319 -3.13546 56.9911
    endloop
  endfacet
  facet normal -0.515019 0.197696 0.834069
    outer loop
      vertex -31.6636 14.0975 53.9106
      vertex -32.9637 10.7106 53.9106
      vertex -27.4029 12.2006 56.9911
    endloop
  endfacet
  facet normal -0.515019 0.197697 0.834069
    outer loop
      vertex -27.4029 12.2006 56.9911
      vertex -32.9637 10.7106 53.9106
      vertex -28.5281 9.26935 56.9911
    endloop
  endfacet
  facet normal -0.464609 0.0243361 0.885182
    outer loop
      vertex -24.8668 2.6136 59.6115
      vertex -29.8319 3.13546 56.9911
      vertex -25.0037 0 59.6115
    endloop
  endfacet
  facet normal -0.375115 0.0196547 0.92677
    outer loop
      vertex -19.6292 2.06311 61.7431
      vertex -25.0037 0 59.6115
      vertex -19.7373 0 61.7431
    endloop
  endfacet
  facet normal -0.459518 -0.0727771 0.885182
    outer loop
      vertex -24.8668 -2.6136 59.6115
      vertex -29.8319 -3.13546 56.9911
      vertex -24.4574 -5.19857 59.6115
    endloop
  endfacet
  facet normal -0.362825 -0.0972176 0.926772
    outer loop
      vertex -19.306 -4.10361 61.7431
      vertex -24.4574 -5.19857 59.6115
      vertex -18.7713 -6.09916 61.7431
    endloop
  endfacet
  facet normal -0.13433 -0.13433 0.98179
    outer loop
      vertex -6.40271 -5.76503 64.4522
      vertex -9.53818 -10.5932 63.3626
      vertex -5.76503 -6.40271 64.4522
    endloop
  endfacet
  facet normal -0.13433 -0.13433 0.98179
    outer loop
      vertex -9.53818 -10.5932 63.3626
      vertex -6.40271 -5.76503 64.4522
      vertex -10.5932 -9.53818 63.3626
    endloop
  endfacet
  facet normal -0.390086 -0.390086 0.834066
    outer loop
      vertex -22.2916 -20.0714 56.9911
      vertex -23.1921 -25.7575 53.9106
      vertex -20.0714 -22.2916 56.9911
    endloop
  endfacet
  facet normal -0.390086 -0.390086 0.834066
    outer loop
      vertex -23.1921 -25.7575 53.9106
      vertex -22.2916 -20.0714 56.9911
      vertex -25.7575 -23.1921 53.9106
    endloop
  endfacet
  facet normal -0.362826 0.097222 0.926771
    outer loop
      vertex -23.78 7.72658 59.6115
      vertex -24.4574 5.19857 59.6115
      vertex -18.7713 6.09916 61.7431
    endloop
  endfacet
  facet normal -0.0919981 0.0246515 0.995454
    outer loop
      vertex -2.74135 0.890718 65
      vertex -8.19402 2.6624 64.4522
      vertex -2.81944 0.59929 65
    endloop
  endfacet
  facet normal -0.315025 0.204579 0.926772
    outer loop
      vertex -15.9678 11.6013 61.7431
      vertex -21.6539 12.5019 59.6115
      vertex -17.093 9.86864 61.7431
    endloop
  endfacet
  facet normal -0.334684 0.170528 0.926772
    outer loop
      vertex -21.6539 12.5019 59.6115
      vertex -22.8421 10.1699 59.6115
      vertex -18.0309 8.02788 61.7431
    endloop
  endfacet
  facet normal -0.591817 0.227176 0.773397
    outer loop
      vertex -31.6636 14.0975 53.9106
      vertex -35.5773 15.8401 50.4039
      vertex -32.9637 10.7106 53.9106
    endloop
  endfacet
  facet normal -0.698126 0.565332 0.439341
    outer loop
      vertex -38.2106 34.4049 32.943
      vertex -39.7006 28.8442 37.7307
      vertex -36.4681 32.836 37.7307
    endloop
  endfacet
  facet normal -0.347173 0.428724 0.834066
    outer loop
      vertex -20.3727 28.0406 53.9106
      vertex -23.1921 25.7575 53.9106
      vertex -20.0714 22.2916 56.9911
    endloop
  endfacet
  facet normal -0.449391 0.120418 0.885182
    outer loop
      vertex -23.78 7.72658 59.6115
      vertex -28.5281 9.26935 56.9911
      vertex -24.4574 5.19857 59.6115
    endloop
  endfacet
  facet normal -0.612825 0.756796 0.227389
    outer loop
      vertex -31.974 44.0084 22.8325
      vertex -36.399 40.4252 22.8325
      vertex -35.597 39.5344 27.9587
    endloop
  endfacet
  facet normal 0.55091 0.0288856 0.834064
    outer loop
      vertex 34.6601 0 53.9106
      vertex 29.8319 3.13546 56.9911
      vertex 29.9963 0 56.9911
    endloop
  endfacet
  facet normal 0.464609 0.0243361 0.885182
    outer loop
      vertex 29.8319 3.13546 56.9911
      vertex 24.8668 2.6136 59.6115
      vertex 25.0037 0 59.6115
    endloop
  endfacet
  facet normal 0.375112 0.0196483 0.926771
    outer loop
      vertex 24.8668 2.6136 59.6115
      vertex 19.6292 2.06311 61.7431
      vertex 25.0037 0 59.6115
    endloop
  endfacet
  facet normal 0.187632 0.029717 0.98179
    outer loop
      vertex 13.9431 2.96369 63.3626
      vertex 8.42743 1.7913 64.4522
      vertex 14.1765 1.49001 63.3626
    endloop
  endfacet
  facet normal 0.626113 -0.0991606 0.773401
    outer loop
      vertex 34.4702 -3.62297 53.9106
      vertex 33.9027 -7.20624 53.9106
      vertex 38.7309 -4.07078 50.4039
    endloop
  endfacet
  facet normal 0.612317 -0.164072 0.773401
    outer loop
      vertex 33.9027 -7.20624 53.9106
      vertex 32.9637 -10.7106 53.9106
      vertex 37.0382 -12.0344 50.4039
    endloop
  endfacet
  facet normal 0.187632 -0.029717 0.98179
    outer loop
      vertex 14.1765 -1.49001 63.3626
      vertex 8.42743 -1.7913 64.4522
      vertex 13.9431 -2.96369 63.3626
    endloop
  endfacet
  facet normal 0.362826 0.097222 0.926771
    outer loop
      vertex 23.78 7.72658 59.6115
      vertex 18.7713 6.09916 61.7431
      vertex 24.4574 5.19857 59.6115
    endloop
  endfacet
  facet normal 0.183499 0.0491682 0.98179
    outer loop
      vertex 13.5569 4.40491 63.3626
      vertex 8.19402 2.6624 64.4522
      vertex 8.42743 1.7913 64.4522
    endloop
  endfacet
  facet normal 0.169265 0.0862476 0.98179
    outer loop
      vertex 12.3448 7.12729 63.3626
      vertex 7.87084 3.50432 64.4522
      vertex 13.0222 5.79786 63.3626
    endloop
  endfacet
  facet normal 0.1785 0.22043 0.958931
    outer loop
      vertex 11.6013 15.9678 61.7431
      vertex 9.53818 10.5932 63.3626
      vertex 13.2068 14.6677 61.7431
    endloop
  endfacet
  facet normal 0.0148414 0.283251 0.958931
    outer loop
      vertex 2.06311 19.6292 61.7431
      vertex 0 19.7373 61.7431
      vertex 1.49001 14.1765 63.3626
    endloop
  endfacet
  facet normal -0.1785 0.22043 0.958931
    outer loop
      vertex -11.6013 15.9678 61.7431
      vertex -13.2068 14.6677 61.7431
      vertex -9.53818 10.5932 63.3626
    endloop
  endfacet
  facet normal 0.0331819 0.633054 0.773396
    outer loop
      vertex 0 38.9442 50.4039
      vertex 0 34.6601 53.9106
      vertex 3.62297 34.4702 53.9106
    endloop
  endfacet
  facet normal 0.204581 0.315024 0.926772
    outer loop
      vertex 12.5019 21.6539 59.6115
      vertex 11.6013 15.9678 61.7431
      vertex 14.6968 20.2285 59.6115
    endloop
  endfacet
  facet normal 0.265607 0.265607 0.926772
    outer loop
      vertex 16.7308 18.5814 59.6115
      vertex 14.6677 13.2068 61.7431
      vertex 18.5814 16.7308 59.6115
    endloop
  endfacet
  facet normal 0.265607 0.265607 0.926772
    outer loop
      vertex 14.6677 13.2068 61.7431
      vertex 16.7308 18.5814 59.6115
      vertex 13.2068 14.6677 61.7431
    endloop
  endfacet
  facet normal 0.0441923 0.843318 0.535595
    outer loop
      vertex 5.12948 48.8038 37.7307
      vertex 0 49.0726 37.7307
      vertex 4.82819 45.9371 42.2693
    endloop
  endfacet
  facet normal 0.147331 0.930212 0.336154
    outer loop
      vertex 5.56079 52.9074 27.9587
      vertex 5.37458 51.1357 32.943
      vertex 11.0607 52.0363 27.9587
    endloop
  endfacet
  facet normal -0.0372024 0.71 0.703218
    outer loop
      vertex 0 42.8017 46.5092
      vertex -4.07078 38.7309 50.4039
      vertex 0 38.9442 50.4039
    endloop
  endfacet
  facet normal -0.0148414 0.283251 0.958931
    outer loop
      vertex 0 19.7373 61.7431
      vertex -2.06311 19.6292 61.7431
      vertex -1.49001 14.1765 63.3626
    endloop
  endfacet
  facet normal -0.0862458 0.169267 0.981789
    outer loop
      vertex -3.50432 7.87084 64.4522
      vertex -7.12729 12.3448 63.3626
      vertex -4.30785 7.46142 64.4522
    endloop
  endfacet
  facet normal -0.252727 0.128769 0.958931
    outer loop
      vertex -17.093 9.86864 61.7431
      vertex -18.0309 8.02788 61.7431
      vertex -13.0222 5.79786 63.3626
    endloop
  endfacet
  facet normal 0.00994384 0.189711 0.98179
    outer loop
      vertex 1.49001 14.1765 63.3626
      vertex 0 14.2546 63.3626
      vertex 0.900586 8.56851 64.4522
    endloop
  endfacet
  facet normal 0.450993 0.885127 0.114701
    outer loop
      vertex 27.5 47.6314 17.6204
      vertex 22.3705 50.245 17.6204
      vertex 27.1987 47.1095 22.8325
    endloop
  endfacet
  facet normal 0.940623 0.252045 0.22738
    outer loop
      vertex 53.2087 11.3099 22.8325
      vertex 51.735 16.8097 22.8325
      vertex 52.0363 11.0607 27.9587
    endloop
  endfacet
  facet normal 0.909714 0.243758 0.336159
    outer loop
      vertex 50.5951 16.4393 27.9587
      vertex 48.9008 15.8888 32.943
      vertex 52.0363 11.0607 27.9587
    endloop
  endfacet
  facet normal 0.961817 0.152337 0.22738
    outer loop
      vertex 53.2087 11.3099 22.8325
      vertex 52.0363 11.0607 27.9587
      vertex 52.9074 5.56079 27.9587
    endloop
  endfacet
  facet normal 0.92742 0.356001 0.114695
    outer loop
      vertex 50.245 22.3705 17.6204
      vertex 49.6945 22.1254 22.8325
      vertex 52.3081 16.9959 17.6204
    endloop
  endfacet
  facet normal 0.887261 -0.140524 0.439342
    outer loop
      vertex 51.1357 -5.37458 32.943
      vertex 48.0003 -10.2028 37.7307
      vertex 50.2938 -10.6903 32.943
    endloop
  endfacet
  facet normal 0.702228 -0.111214 0.703212
    outer loop
      vertex 42.5672 -4.47399 46.5092
      vertex 38.7309 -4.07078 50.4039
      vertex 41.8664 -8.89897 46.5092
    endloop
  endfacet
  facet normal 0.633486 0.322789 0.703209
    outer loop
      vertex 37.0673 21.4008 46.5092
      vertex 33.7267 19.4721 50.4039
      vertex 39.1013 17.409 46.5092
    endloop
  endfacet
  facet normal 0.702228 0.111214 0.703212
    outer loop
      vertex 41.8664 8.89897 46.5092
      vertex 38.7309 4.07078 50.4039
      vertex 42.5672 4.47399 46.5092
    endloop
  endfacet
  facet normal 0.94052 -0.0492958 0.336144
    outer loop
      vertex 51.4174 0 32.943
      vertex 51.1357 -5.37458 32.943
      vertex 53.1988 0 27.9587
    endloop
  endfacet
  facet normal 0.940517 0.0492855 0.336154
    outer loop
      vertex 52.9074 5.56079 27.9587
      vertex 51.1357 5.37458 32.943
      vertex 53.1988 0 27.9587
    endloop
  endfacet
  facet normal 0.930212 0.147331 0.336154
    outer loop
      vertex 52.0363 11.0607 27.9587
      vertex 51.1357 5.37458 32.943
      vertex 52.9074 5.56079 27.9587
    endloop
  endfacet
  facet normal 0.887261 0.140524 0.439342
    outer loop
      vertex 50.2938 10.6903 32.943
      vertex 48.0003 10.2028 37.7307
      vertex 51.1357 5.37458 32.943
    endloop
  endfacet
  facet normal 0.839159 0.427571 0.336148
    outer loop
      vertex 48.5995 21.6379 27.9587
      vertex 46.0715 26.5994 27.9587
      vertex 46.9721 20.9133 32.943
    endloop
  endfacet
  facet normal 0.879252 0.337521 0.336148
    outer loop
      vertex 48.5995 21.6379 27.9587
      vertex 46.9721 20.9133 32.943
      vertex 50.5951 16.4393 27.9587
    endloop
  endfacet
  facet normal 0.708228 0.459943 0.535599
    outer loop
      vertex 39.7006 28.8442 37.7307
      vertex 37.3686 27.1499 42.2693
      vertex 40.0019 23.0951 42.2693
    endloop
  endfacet
  facet normal 0.731918 0.592705 0.336151
    outer loop
      vertex 39.5344 35.597 27.9587
      vertex 38.2106 34.4049 32.943
      vertex 43.0388 31.2695 27.9587
    endloop
  endfacet
  facet normal 0.663757 0.254785 0.703215
    outer loop
      vertex 39.1013 17.409 46.5092
      vertex 35.5773 15.8401 50.4039
      vertex 40.7068 13.2264 46.5092
    endloop
  endfacet
  facet normal 0.596287 0.38722 0.703209
    outer loop
      vertex 34.6273 25.1582 46.5092
      vertex 33.7267 19.4721 50.4039
      vertex 37.0673 21.4008 46.5092
    endloop
  endfacet
  facet normal 0.347173 0.428724 0.834066
    outer loop
      vertex 20.3727 28.0406 53.9106
      vertex 20.0714 22.2916 56.9911
      vertex 23.1921 25.7575 53.9106
    endloop
  endfacet
  facet normal 0.502742 0.502742 0.703208
    outer loop
      vertex 28.6399 31.8078 46.5092
      vertex 28.9412 26.0588 50.4039
      vertex 31.8078 28.6399 46.5092
    endloop
  endfacet
  facet normal 0.502742 0.502742 0.703208
    outer loop
      vertex 28.9412 26.0588 50.4039
      vertex 28.6399 31.8078 46.5092
      vertex 26.0588 28.9412 50.4039
    endloop
  endfacet
  facet normal 0.390181 0.253389 0.885185
    outer loop
      vertex 24.2675 17.6314 56.9911
      vertex 20.2285 14.6968 59.6115
      vertex 21.6539 12.5019 59.6115
    endloop
  endfacet
  facet normal 0.491533 0.250449 0.834069
    outer loop
      vertex 30.0165 17.3301 53.9106
      vertex 25.9775 14.9981 56.9911
      vertex 27.4029 12.2006 56.9911
    endloop
  endfacet
  facet normal 0.390193 0.253382 0.885182
    outer loop
      vertex 24.2675 17.6314 56.9911
      vertex 21.6539 12.5019 59.6115
      vertex 25.9775 14.9981 56.9911
    endloop
  endfacet
  facet normal 0.2648 0.101652 0.958931
    outer loop
      vertex 18.0309 8.02788 61.7431
      vertex 13.0222 5.79786 63.3626
      vertex 18.7713 6.09916 61.7431
    endloop
  endfacet
  facet normal 0.122264 0.771976 0.623782
    outer loop
      vertex 9.60348 45.1808 42.2693
      vertex 4.82819 45.9371 42.2693
      vertex 8.89897 41.8664 46.5092
    endloop
  endfacet
  facet normal 0.425698 0.655497 0.623783
    outer loop
      vertex 27.1499 37.3686 42.2693
      vertex 23.0951 40.0019 42.2693
      vertex 25.1582 34.6273 46.5092
    endloop
  endfacet
  facet normal 0.597137 0.597137 0.535589
    outer loop
      vertex 30.9073 34.326 42.2693
      vertex 36.4681 32.836 37.7307
      vertex 32.836 36.4681 37.7307
    endloop
  endfacet
  facet normal 0.597137 0.597137 0.535589
    outer loop
      vertex 36.4681 32.836 37.7307
      vertex 30.9073 34.326 42.2693
      vertex 34.326 30.9073 42.2693
    endloop
  endfacet
  facet normal 0.552532 0.447446 0.703207
    outer loop
      vertex 34.6273 25.1582 46.5092
      vertex 28.9412 26.0588 50.4039
      vertex 31.5066 22.8909 50.4039
    endloop
  endfacet
  facet normal 0.489246 0.753395 0.439357
    outer loop
      vertex 25.7087 44.5288 32.943
      vertex 24.5363 42.4981 37.7307
      vertex 28.8442 39.7006 37.7307
    endloop
  endfacet
  facet normal 0.38722 0.596287 0.703209
    outer loop
      vertex 21.4008 37.0673 46.5092
      vertex 19.4721 33.7267 50.4039
      vertex 25.1582 34.6273 46.5092
    endloop
  endfacet
  facet normal 0.442102 0.867666 0.227379
    outer loop
      vertex 27.1987 47.1095 22.8325
      vertex 22.1254 49.6945 22.8325
      vertex 26.5994 46.0715 27.9587
    endloop
  endfacet
  facet normal 0.21856 0.815712 0.53558
    outer loop
      vertex 15.1643 46.6708 37.7307
      vertex 9.60348 45.1808 42.2693
      vertex 14.2736 43.9295 42.2693
    endloop
  endfacet
  facet normal 0.170528 0.334684 0.926772
    outer loop
      vertex 10.1699 22.8421 59.6115
      vertex 8.02788 18.0309 61.7431
      vertex 12.5019 21.6539 59.6115
    endloop
  endfacet
  facet normal 0.383395 0.752438 0.53558
    outer loop
      vertex 24.5363 42.4981 37.7307
      vertex 19.9596 44.8301 37.7307
      vertex 23.0951 40.0019 42.2693
    endloop
  endfacet
  facet normal 0.184026 0.686755 0.703209
    outer loop
      vertex 13.2264 40.7068 46.5092
      vertex 8.89897 41.8664 46.5092
      vertex 12.0344 37.0382 50.4039
    endloop
  endfacet
  facet normal 0.387218 0.59629 0.703207
    outer loop
      vertex 25.1582 34.6273 46.5092
      vertex 19.4721 33.7267 50.4039
      vertex 22.8909 31.5066 50.4039
    endloop
  endfacet
  facet normal 0.383371 0.752438 0.535597
    outer loop
      vertex 19.9596 44.8301 37.7307
      vertex 18.7872 42.1968 42.2693
      vertex 23.0951 40.0019 42.2693
    endloop
  endfacet
  facet normal 0.453989 0.891007 -0
    outer loop
      vertex 27.5 47.6314 15
      vertex 22.3705 50.245 17.6204
      vertex 27.5 47.6314 17.6204
    endloop
  endfacet
  facet normal 0.453989 0.891007 0
    outer loop
      vertex 22.3705 50.245 17.6204
      vertex 27.5 47.6314 15
      vertex 22.3705 50.245 15
    endloop
  endfacet
  facet normal 0.0331819 -0.633054 0.773396
    outer loop
      vertex 0 -34.6601 53.9106
      vertex 0 -38.9442 50.4039
      vertex 3.62297 -34.4702 53.9106
    endloop
  endfacet
  facet normal -0.111224 -0.702221 0.703218
    outer loop
      vertex -8.09696 -38.0932 50.4039
      vertex -8.89897 -41.8664 46.5092
      vertex -4.07078 -38.7309 50.4039
    endloop
  endfacet
  facet normal -0.0243361 -0.464609 0.885182
    outer loop
      vertex -2.6136 -24.8668 59.6115
      vertex -3.13546 -29.8319 56.9911
      vertex 0 -25.0037 59.6115
    endloop
  endfacet
  facet normal -0.350673 -0.134617 0.926772
    outer loop
      vertex -18.7713 -6.09916 61.7431
      vertex -22.8421 -10.1699 59.6115
      vertex -18.0309 -8.02788 61.7431
    endloop
  endfacet
  facet normal -0.254785 -0.663757 0.703215
    outer loop
      vertex -15.8401 -35.5773 50.4039
      vertex -17.409 -39.1013 46.5092
      vertex -13.2264 -40.7068 46.5092
    endloop
  endfacet
  facet normal -0.322778 -0.633486 0.703214
    outer loop
      vertex -15.8401 -35.5773 50.4039
      vertex -19.4721 -33.7267 50.4039
      vertex -17.409 -39.1013 46.5092
    endloop
  endfacet
  facet normal -0.754963 -0.202304 0.623782
    outer loop
      vertex -41.8664 -8.89897 46.5092
      vertex -45.1808 -9.60348 42.2693
      vertex -40.7068 -13.2264 46.5092
    endloop
  endfacet
  facet normal -0.702221 -0.111224 0.703218
    outer loop
      vertex -38.7309 -4.07078 50.4039
      vertex -41.8664 -8.89897 46.5092
      vertex -38.0932 -8.09696 50.4039
    endloop
  endfacet
  facet normal -0.729688 -0.280092 0.623782
    outer loop
      vertex -40.7068 -13.2264 46.5092
      vertex -42.1968 -18.7872 42.2693
      vertex -39.1013 -17.409 46.5092
    endloop
  endfacet
  facet normal -0.564827 -0.287795 0.773398
    outer loop
      vertex -31.6636 -14.0975 53.9106
      vertex -35.5773 -15.8401 50.4039
      vertex -30.0165 -17.3301 53.9106
    endloop
  endfacet
  facet normal -0.552532 -0.447444 0.703208
    outer loop
      vertex -28.9412 -26.0588 50.4039
      vertex -34.6273 -25.1582 46.5092
      vertex -31.8078 -28.6399 46.5092
    endloop
  endfacet
  facet normal -0.633486 -0.322778 0.703214
    outer loop
      vertex -35.5773 -15.8401 50.4039
      vertex -39.1013 -17.409 46.5092
      vertex -33.7267 -19.4721 50.4039
    endloop
  endfacet
  facet normal -0.53165 -0.34526 0.773398
    outer loop
      vertex -30.0165 -17.3301 53.9106
      vertex -33.7267 -19.4721 50.4039
      vertex -28.0406 -20.3727 53.9106
    endloop
  endfacet
  facet normal -0.564827 -0.287794 0.773398
    outer loop
      vertex -30.0165 -17.3301 53.9106
      vertex -35.5773 -15.8401 50.4039
      vertex -33.7267 -19.4721 50.4039
    endloop
  endfacet
  facet normal -0.626113 -0.0991606 0.773401
    outer loop
      vertex -34.4702 -3.62297 53.9106
      vertex -38.7309 -4.07078 50.4039
      vertex -33.9027 -7.20624 53.9106
    endloop
  endfacet
  facet normal -0.544871 -0.0862939 0.834068
    outer loop
      vertex -29.8319 -3.13546 56.9911
      vertex -34.4702 -3.62297 53.9106
      vertex -33.9027 -7.20624 53.9106
    endloop
  endfacet
  facet normal -0.0862476 -0.169265 0.98179
    outer loop
      vertex -3.50432 -7.87084 64.4522
      vertex -7.12729 -12.3448 63.3626
      vertex -5.79786 -13.0222 63.3626
    endloop
  endfacet
  facet normal 0.0940709 0.0148999 0.995454
    outer loop
      vertex 8.42743 1.7913 64.4522
      vertex 2.81944 0.59929 65
      vertex 8.56851 0.900586 64.4522
    endloop
  endfacet
  facet normal 0.283251 -0.0148414 0.958931
    outer loop
      vertex 19.7373 0 61.7431
      vertex 14.1765 -1.49001 63.3626
      vertex 19.6292 -2.06311 61.7431
    endloop
  endfacet
  facet normal 0.46266 -0.300457 0.834069
    outer loop
      vertex 30.0165 -17.3301 53.9106
      vertex 25.9775 -14.9981 56.9911
      vertex 28.0406 -20.3727 53.9106
    endloop
  endfacet
  facet normal 0.211217 -0.414536 0.885182
    outer loop
      vertex 12.5019 -21.6539 59.6115
      vertex 12.2006 -27.4029 56.9911
      vertex 14.9981 -25.9775 56.9911
    endloop
  endfacet
  facet normal 0.322789 -0.633486 0.703209
    outer loop
      vertex 19.4721 -33.7267 50.4039
      vertex 17.409 -39.1013 46.5092
      vertex 21.4008 -37.0673 46.5092
    endloop
  endfacet
  facet normal 0.515019 -0.197697 0.834069
    outer loop
      vertex 28.5281 -9.26935 56.9911
      vertex 27.4029 -12.2006 56.9911
      vertex 32.9637 -10.7106 53.9106
    endloop
  endfacet
  facet normal 0.428724 -0.347173 0.834066
    outer loop
      vertex 28.0406 -20.3727 53.9106
      vertex 22.2916 -20.0714 56.9911
      vertex 25.7575 -23.1921 53.9106
    endloop
  endfacet
  facet normal -0.0331704 -0.633049 0.773401
    outer loop
      vertex -3.62297 -34.4702 53.9106
      vertex -4.07078 -38.7309 50.4039
      vertex 0 -38.9442 50.4039
    endloop
  endfacet
  facet normal 0.0372024 -0.71 0.703218
    outer loop
      vertex 0 -38.9442 50.4039
      vertex 0 -42.8017 46.5092
      vertex 4.07078 -38.7309 50.4039
    endloop
  endfacet
  facet normal 0.407833 -0.800398 0.439358
    outer loop
      vertex 24.5363 -42.4981 37.7307
      vertex 19.9596 -44.8301 37.7307
      vertex 25.7087 -44.5288 32.943
    endloop
  endfacet
  facet normal 0.12226 -0.771975 0.623784
    outer loop
      vertex 8.89897 -41.8664 46.5092
      vertex 4.47399 -42.5672 46.5092
      vertex 4.82819 -45.9371 42.2693
    endloop
  endfacet
  facet normal 0.531444 -0.656278 0.535598
    outer loop
      vertex 32.836 -36.4681 37.7307
      vertex 27.1499 -37.3686 42.2693
      vertex 28.8442 -39.7006 37.7307
    endloop
  endfacet
  facet normal 0.489246 -0.753395 0.439357
    outer loop
      vertex 28.8442 -39.7006 37.7307
      vertex 24.5363 -42.4981 37.7307
      vertex 25.7087 -44.5288 32.943
    endloop
  endfacet
  facet normal 0.337509 -0.879252 0.336159
    outer loop
      vertex 20.9133 -46.9721 32.943
      vertex 15.8888 -48.9008 32.943
      vertex 16.4393 -50.5951 27.9587
    endloop
  endfacet
  facet normal 0.879252 -0.337509 0.336159
    outer loop
      vertex 48.9008 -15.8888 32.943
      vertex 46.9721 -20.9133 32.943
      vertex 50.5951 -16.4393 27.9587
    endloop
  endfacet
  facet normal 0.909123 -0.348987 0.227385
    outer loop
      vertex 50.5951 -16.4393 27.9587
      vertex 48.5995 -21.6379 27.9587
      vertex 49.6945 -22.1254 22.8325
    endloop
  endfacet
  facet normal 0.257116 -0.95955 0.114693
    outer loop
      vertex 16.8097 -51.735 22.8325
      vertex 11.3099 -53.2087 22.8325
      vertex 16.9959 -52.3081 17.6204
    endloop
  endfacet
  facet normal 0.152333 -0.961819 0.227376
    outer loop
      vertex 11.3099 -53.2087 22.8325
      vertex 5.56079 -52.9074 27.9587
      vertex 5.68608 -54.0994 22.8325
    endloop
  endfacet
  facet normal -0.731918 -0.592705 0.336151
    outer loop
      vertex -38.2106 -34.4049 32.943
      vertex -43.0388 -31.2695 27.9587
      vertex -39.5344 -35.597 27.9587
    endloop
  endfacet
  facet normal -0.348987 -0.909123 0.227385
    outer loop
      vertex -21.6379 -48.5995 27.9587
      vertex -22.1254 -49.6945 22.8325
      vertex -16.4393 -50.5951 27.9587
    endloop
  endfacet
  facet normal -0.95955 -0.257116 0.114693
    outer loop
      vertex -51.735 -16.8097 22.8325
      vertex -53.2087 -11.3099 22.8325
      vertex -52.3081 -16.9959 17.6204
    endloop
  endfacet
  facet normal -0.959553 -0.257109 0.114685
    outer loop
      vertex -53.2087 -11.3099 22.8325
      vertex -53.7981 -11.4351 17.6204
      vertex -52.3081 -16.9959 17.6204
    endloop
  endfacet
  facet normal -0.92742 -0.356001 0.114695
    outer loop
      vertex -49.6945 -22.1254 22.8325
      vertex -52.3081 -16.9959 17.6204
      vertex -50.245 -22.3705 17.6204
    endloop
  endfacet
  facet normal -0.885125 -0.450998 0.114695
    outer loop
      vertex -49.6945 -22.1254 22.8325
      vertex -50.245 -22.3705 17.6204
      vertex -47.1095 -27.1987 22.8325
    endloop
  endfacet
  facet normal -0.838668 -0.544643 0
    outer loop
      vertex -44.4959 -32.3282 15
      vertex -47.6314 -27.5 17.6204
      vertex -47.6314 -27.5 15
    endloop
  endfacet
  facet normal -0.838668 -0.544643 0
    outer loop
      vertex -47.6314 -27.5 17.6204
      vertex -44.4959 -32.3282 15
      vertex -44.4959 -32.3282 17.6204
    endloop
  endfacet
  facet normal -0.833133 -0.541048 0.1147
    outer loop
      vertex -47.1095 -27.1987 22.8325
      vertex -47.6314 -27.5 17.6204
      vertex -44.4959 -32.3282 17.6204
    endloop
  endfacet
  facet normal 0.0519913 -0.992039 0.114695
    outer loop
      vertex 0 -54.3974 22.8325
      vertex 0 -55 17.6204
      vertex 5.74907 -54.6987 17.6204
    endloop
  endfacet
  facet normal -0.257109 -0.959553 0.114685
    outer loop
      vertex -11.3099 -53.2087 22.8325
      vertex -16.9959 -52.3081 17.6204
      vertex -11.4351 -53.7981 17.6204
    endloop
  endfacet
  facet normal -0.356001 -0.92742 0.114695
    outer loop
      vertex -22.1254 -49.6945 22.8325
      vertex -22.3705 -50.245 17.6204
      vertex -16.9959 -52.3081 17.6204
    endloop
  endfacet
  facet normal -0.0519913 -0.992039 0.114695
    outer loop
      vertex 0 -54.3974 22.8325
      vertex -5.74907 -54.6987 17.6204
      vertex 0 -55 17.6204
    endloop
  endfacet
  facet normal -0.0519915 -0.992039 0.114695
    outer loop
      vertex -5.68608 -54.0994 22.8325
      vertex -5.74907 -54.6987 17.6204
      vertex 0 -54.3974 22.8325
    endloop
  endfacet
  facet normal -0.544643 -0.838668 0
    outer loop
      vertex -32.3282 -44.4959 15
      vertex -27.5 -47.6314 17.6204
      vertex -32.3282 -44.4959 17.6204
    endloop
  endfacet
  facet normal -0.544643 -0.838668 -0
    outer loop
      vertex -27.5 -47.6314 17.6204
      vertex -32.3282 -44.4959 15
      vertex -27.5 -47.6314 15
    endloop
  endfacet
  facet normal -0.383395 -0.752438 0.53558
    outer loop
      vertex -23.0951 -40.0019 42.2693
      vertex -24.5363 -42.4981 37.7307
      vertex -19.9596 -44.8301 37.7307
    endloop
  endfacet
  facet normal -0.753391 -0.489269 0.439338
    outer loop
      vertex -39.7006 -28.8442 37.7307
      vertex -44.5288 -25.7087 32.943
      vertex -41.5975 -30.2224 32.943
    endloop
  endfacet
  facet normal -0.833137 -0.541043 0.114693
    outer loop
      vertex -44.0084 -31.974 22.8325
      vertex -47.1095 -27.1987 22.8325
      vertex -44.4959 -32.3282 17.6204
    endloop
  endfacet
  facet normal -0.772024 -0.62516 0.114693
    outer loop
      vertex -44.0084 -31.974 22.8325
      vertex -44.4959 -32.3282 17.6204
      vertex -40.873 -36.8022 17.6204
    endloop
  endfacet
  facet normal 0.155406 -0.981171 0.114687
    outer loop
      vertex 11.3099 -53.2087 22.8325
      vertex 5.74907 -54.6987 17.6204
      vertex 11.4351 -53.7981 17.6204
    endloop
  endfacet
  facet normal 0.961819 0.152333 0.227376
    outer loop
      vertex 53.2087 11.3099 22.8325
      vertex 52.9074 5.56079 27.9587
      vertex 54.0994 5.68608 22.8325
    endloop
  endfacet
  facet normal 0.998629 0.0523367 0
    outer loop
      vertex 55 0 17.6204
      vertex 54.6987 5.74907 15
      vertex 54.6987 5.74907 17.6204
    endloop
  endfacet
  facet normal 0.998629 0.0523367 0
    outer loop
      vertex 54.6987 5.74907 15
      vertex 55 0 17.6204
      vertex 55 0 15
    endloop
  endfacet
  facet normal 0.992039 -0.0519915 0.114695
    outer loop
      vertex 54.3974 0 22.8325
      vertex 54.0994 -5.68608 22.8325
      vertex 54.6987 -5.74907 17.6204
    endloop
  endfacet
  facet normal 0.940517 -0.0492855 0.336154
    outer loop
      vertex 53.1988 0 27.9587
      vertex 51.1357 -5.37458 32.943
      vertex 52.9074 -5.56079 27.9587
    endloop
  endfacet
  facet normal 0.867666 -0.442102 0.227379
    outer loop
      vertex 49.6945 -22.1254 22.8325
      vertex 46.0715 -26.5994 27.9587
      vertex 47.1095 -27.1987 22.8325
    endloop
  endfacet
  facet normal 0.838657 -0.321926 0.439339
    outer loop
      vertex 48.9008 -15.8888 32.943
      vertex 44.8301 -19.9596 37.7307
      vertex 46.9721 -20.9133 32.943
    endloop
  endfacet
  facet normal 0.772024 -0.62516 0.114693
    outer loop
      vertex 44.0084 -31.974 22.8325
      vertex 40.873 -36.8022 17.6204
      vertex 44.4959 -32.3282 17.6204
    endloop
  endfacet
  facet normal 0.909714 -0.243758 0.336159
    outer loop
      vertex 52.0363 -11.0607 27.9587
      vertex 48.9008 -15.8888 32.943
      vertex 50.5951 -16.4393 27.9587
    endloop
  endfacet
  facet normal 0.909714 -0.243769 0.336149
    outer loop
      vertex 50.2938 -10.6903 32.943
      vertex 48.9008 -15.8888 32.943
      vertex 52.0363 -11.0607 27.9587
    endloop
  endfacet
  facet normal 0.708228 -0.459943 0.535599
    outer loop
      vertex 40.0019 -23.0951 42.2693
      vertex 37.3686 -27.1499 42.2693
      vertex 39.7006 -28.8442 37.7307
    endloop
  endfacet
  facet normal 0.655497 -0.425698 0.623783
    outer loop
      vertex 40.0019 -23.0951 42.2693
      vertex 34.6273 -25.1582 46.5092
      vertex 37.3686 -27.1499 42.2693
    endloop
  endfacet
  facet normal 0.387218 -0.59629 0.703207
    outer loop
      vertex 22.8909 -31.5066 50.4039
      vertex 19.4721 -33.7267 50.4039
      vertex 25.1582 -34.6273 46.5092
    endloop
  endfacet
  facet normal 0.459943 -0.708228 0.535599
    outer loop
      vertex 27.1499 -37.3686 42.2693
      vertex 23.0951 -40.0019 42.2693
      vertex 28.8442 -39.7006 37.7307
    endloop
  endfacet
  facet normal 0.635209 -0.635209 0.43934
    outer loop
      vertex 32.836 -36.4681 37.7307
      vertex 38.2106 -34.4049 32.943
      vertex 36.4681 -32.836 37.7307
    endloop
  endfacet
  facet normal 0.635209 -0.635209 0.43934
    outer loop
      vertex 38.2106 -34.4049 32.943
      vertex 32.836 -36.4681 37.7307
      vertex 34.4049 -38.2106 32.943
    endloop
  endfacet
  facet normal 0.354822 -0.696404 0.623798
    outer loop
      vertex 21.4008 -37.0673 46.5092
      vertex 18.7872 -42.1968 42.2693
      vertex 23.0951 -40.0019 42.2693
    endloop
  endfacet
  facet normal 0.232514 -0.867707 0.439343
    outer loop
      vertex 15.1643 -46.6708 37.7307
      vertex 10.2028 -48.0003 37.7307
      vertex 15.8888 -48.9008 32.943
    endloop
  endfacet
  facet normal 0.612844 -0.756787 0.227367
    outer loop
      vertex 35.597 -39.5344 27.9587
      vertex 31.2695 -43.0388 27.9587
      vertex 31.974 -44.0084 22.8325
    endloop
  endfacet
  facet normal 0.665959 -0.665959 0.336153
    outer loop
      vertex 34.4049 -38.2106 32.943
      vertex 39.5344 -35.597 27.9587
      vertex 38.2106 -34.4049 32.943
    endloop
  endfacet
  facet normal 0.665959 -0.665959 0.336153
    outer loop
      vertex 39.5344 -35.597 27.9587
      vertex 34.4049 -38.2106 32.943
      vertex 35.597 -39.5344 27.9587
    endloop
  endfacet
  facet normal 0.531651 -0.345244 0.773404
    outer loop
      vertex 33.7267 -19.4721 50.4039
      vertex 28.0406 -20.3727 53.9106
      vertex 31.5066 -22.8909 50.4039
    endloop
  endfacet
  facet normal 0.492641 -0.398946 0.7734
    outer loop
      vertex 31.5066 -22.8909 50.4039
      vertex 25.7575 -23.1921 53.9106
      vertex 28.9412 -26.0588 50.4039
    endloop
  endfacet
  facet normal 0.6074 -0.491876 0.623797
    outer loop
      vertex 34.6273 -25.1582 46.5092
      vertex 31.8078 -28.6399 46.5092
      vertex 34.326 -30.9073 42.2693
    endloop
  endfacet
  facet normal 0.552532 -0.447444 0.703208
    outer loop
      vertex 34.6273 -25.1582 46.5092
      vertex 28.9412 -26.0588 50.4039
      vertex 31.8078 -28.6399 46.5092
    endloop
  endfacet
  facet normal -0.800398 0.407833 0.439358
    outer loop
      vertex -44.5288 25.7087 32.943
      vertex -44.8301 19.9596 37.7307
      vertex -42.4981 24.5363 37.7307
    endloop
  endfacet
  facet normal -0.731918 0.592705 0.336151
    outer loop
      vertex -39.5344 35.597 27.9587
      vertex -43.0388 31.2695 27.9587
      vertex -38.2106 34.4049 32.943
    endloop
  endfacet
  facet normal -0.544643 0.838668 0
    outer loop
      vertex -27.5 47.6314 15
      vertex -32.3282 44.4959 17.6204
      vertex -27.5 47.6314 17.6204
    endloop
  endfacet
  facet normal -0.544643 0.838668 0
    outer loop
      vertex -32.3282 44.4959 17.6204
      vertex -27.5 47.6314 15
      vertex -32.3282 44.4959 15
    endloop
  endfacet
  facet normal -0.625158 0.772026 0.11469
    outer loop
      vertex -31.974 44.0084 22.8325
      vertex -36.8022 40.873 17.6204
      vertex -36.399 40.4252 22.8325
    endloop
  endfacet
  facet normal -0.772024 0.62516 0.114693
    outer loop
      vertex -40.873 36.8022 17.6204
      vertex -44.4959 32.3282 17.6204
      vertex -44.0084 31.974 22.8325
    endloop
  endfacet
  facet normal -0.62516 0.772024 0.114693
    outer loop
      vertex -32.3282 44.4959 17.6204
      vertex -36.8022 40.873 17.6204
      vertex -31.974 44.0084 22.8325
    endloop
  endfacet
  facet normal -0.257116 0.95955 0.114693
    outer loop
      vertex -11.3099 53.2087 22.8325
      vertex -16.9959 52.3081 17.6204
      vertex -16.8097 51.735 22.8325
    endloop
  endfacet
  facet normal -0.0442082 0.843324 0.535583
    outer loop
      vertex 0 49.0726 37.7307
      vertex -4.82819 45.9371 42.2693
      vertex 0 46.1902 42.2693
    endloop
  endfacet
  facet normal 0.427571 0.839159 0.336148
    outer loop
      vertex 21.6379 48.5995 27.9587
      vertex 20.9133 46.9721 32.943
      vertex 26.5994 46.0715 27.9587
    endloop
  endfacet
  facet normal 0.232514 0.867707 0.439343
    outer loop
      vertex 15.8888 48.9008 32.943
      vertex 10.2028 48.0003 37.7307
      vertex 15.1643 46.6708 37.7307
    endloop
  endfacet
  facet normal 0.337521 0.879252 0.336148
    outer loop
      vertex 21.6379 48.5995 27.9587
      vertex 16.4393 50.5951 27.9587
      vertex 20.9133 46.9721 32.943
    endloop
  endfacet
  facet normal 0.337509 0.879252 0.336159
    outer loop
      vertex 16.4393 50.5951 27.9587
      vertex 15.8888 48.9008 32.943
      vertex 20.9133 46.9721 32.943
    endloop
  endfacet
  facet normal 0.140524 0.887261 0.439342
    outer loop
      vertex 10.6903 50.2938 32.943
      vertex 5.37458 51.1357 32.943
      vertex 10.2028 48.0003 37.7307
    endloop
  endfacet
  facet normal -0.147331 0.930212 0.336154
    outer loop
      vertex -5.56079 52.9074 27.9587
      vertex -11.0607 52.0363 27.9587
      vertex -5.37458 51.1357 32.943
    endloop
  endfacet
  facet normal 0.257116 0.95955 0.114693
    outer loop
      vertex 16.9959 52.3081 17.6204
      vertex 11.3099 53.2087 22.8325
      vertex 16.8097 51.735 22.8325
    endloop
  endfacet
  facet normal 0.252041 0.940625 0.227376
    outer loop
      vertex 16.8097 51.735 22.8325
      vertex 11.0607 52.0363 27.9587
      vertex 16.4393 50.5951 27.9587
    endloop
  endfacet
  facet normal -0.879252 -0.337521 0.336148
    outer loop
      vertex -46.9721 -20.9133 32.943
      vertex -50.5951 -16.4393 27.9587
      vertex -48.5995 -21.6379 27.9587
    endloop
  endfacet
  facet normal -0.879252 -0.337509 0.336159
    outer loop
      vertex -48.9008 -15.8888 32.943
      vertex -50.5951 -16.4393 27.9587
      vertex -46.9721 -20.9133 32.943
    endloop
  endfacet
  facet normal -0.992039 0.0519913 0.114695
    outer loop
      vertex -54.6987 5.74907 17.6204
      vertex -55 0 17.6204
      vertex -54.3974 0 22.8325
    endloop
  endfacet
  facet normal -0.710006 -0.0372143 0.703212
    outer loop
      vertex -38.7309 -4.07078 50.4039
      vertex -42.8017 0 46.5092
      vertex -42.5672 -4.47399 46.5092
    endloop
  endfacet
  facet normal -0.780525 -0.0409105 0.623784
    outer loop
      vertex -42.8017 0 46.5092
      vertex -45.9371 -4.82819 42.2693
      vertex -42.5672 -4.47399 46.5092
    endloop
  endfacet
  facet normal -0.564827 0.287795 0.773398
    outer loop
      vertex -30.0165 17.3301 53.9106
      vertex -35.5773 15.8401 50.4039
      vertex -31.6636 14.0975 53.9106
    endloop
  endfacet
  facet normal -0.612317 0.164072 0.773401
    outer loop
      vertex -32.9637 10.7106 53.9106
      vertex -37.0382 12.0344 50.4039
      vertex -33.9027 7.20624 53.9106
    endloop
  endfacet
  facet normal -0.254798 0.663759 0.703208
    outer loop
      vertex -13.2264 40.7068 46.5092
      vertex -15.8401 35.5773 50.4039
      vertex -12.0344 37.0382 50.4039
    endloop
  endfacet
  facet normal -0.753395 0.489246 0.439357
    outer loop
      vertex -39.7006 28.8442 37.7307
      vertex -44.5288 25.7087 32.943
      vertex -42.4981 24.5363 37.7307
    endloop
  endfacet
  facet normal -0.702221 0.111224 0.703218
    outer loop
      vertex -38.0932 8.09696 50.4039
      vertex -41.8664 8.89897 46.5092
      vertex -38.7309 4.07078 50.4039
    endloop
  endfacet
  facet normal -0.71 0.0372024 0.703218
    outer loop
      vertex -38.7309 4.07078 50.4039
      vertex -42.8017 0 46.5092
      vertex -38.9442 0 50.4039
    endloop
  endfacet
  facet normal -0.897088 0.0470101 0.439343
    outer loop
      vertex -48.8038 5.12948 37.7307
      vertex -51.1357 5.37458 32.943
      vertex -49.0726 0 37.7307
    endloop
  endfacet
  facet normal -0.887261 0.140524 0.439342
    outer loop
      vertex -50.2938 10.6903 32.943
      vertex -51.1357 5.37458 32.943
      vertex -48.0003 10.2028 37.7307
    endloop
  endfacet
  facet normal -0.780525 0.0409105 0.623784
    outer loop
      vertex -42.5672 4.47399 46.5092
      vertex -45.9371 4.82819 42.2693
      vertex -42.8017 0 46.5092
    endloop
  endfacet
  facet normal -0.897084 -0.0470192 0.439351
    outer loop
      vertex -49.0726 0 37.7307
      vertex -51.4174 0 32.943
      vertex -51.1357 -5.37458 32.943
    endloop
  endfacet
  facet normal -0.68675 0.184008 0.703218
    outer loop
      vertex -37.0382 12.0344 50.4039
      vertex -41.8664 8.89897 46.5092
      vertex -38.0932 8.09696 50.4039
    endloop
  endfacet
  facet normal -0.686755 0.184026 0.703209
    outer loop
      vertex -40.7068 13.2264 46.5092
      vertex -41.8664 8.89897 46.5092
      vertex -37.0382 12.0344 50.4039
    endloop
  endfacet
  facet normal -0.897084 0.0470192 0.439351
    outer loop
      vertex -51.1357 5.37458 32.943
      vertex -51.4174 0 32.943
      vertex -49.0726 0 37.7307
    endloop
  endfacet
  facet normal -0.88726 -0.140522 0.439343
    outer loop
      vertex -48.8038 -5.12948 37.7307
      vertex -51.1357 -5.37458 32.943
      vertex -48.0003 -10.2028 37.7307
    endloop
  endfacet
  facet normal -0.930212 0.147331 0.336154
    outer loop
      vertex -52.0363 11.0607 27.9587
      vertex -52.9074 5.56079 27.9587
      vertex -51.1357 5.37458 32.943
    endloop
  endfacet
  facet normal -0.930214 0.147327 0.336149
    outer loop
      vertex -50.2938 10.6903 32.943
      vertex -52.0363 11.0607 27.9587
      vertex -51.1357 5.37458 32.943
    endloop
  endfacet
  facet normal -0.972471 0.0509601 0.227382
    outer loop
      vertex -52.9074 5.56079 27.9587
      vertex -54.3974 0 22.8325
      vertex -53.1988 0 27.9587
    endloop
  endfacet
  facet normal -0.972471 -0.0509601 0.227382
    outer loop
      vertex -53.1988 0 27.9587
      vertex -54.3974 0 22.8325
      vertex -52.9074 -5.56079 27.9587
    endloop
  endfacet
  facet normal -0.530362 -0.816713 0.227366
    outer loop
      vertex -31.2695 -43.0388 27.9587
      vertex -31.974 -44.0084 22.8325
      vertex -26.5994 -46.0715 27.9587
    endloop
  endfacet
  facet normal -0.337521 -0.879252 0.336148
    outer loop
      vertex -20.9133 -46.9721 32.943
      vertex -21.6379 -48.5995 27.9587
      vertex -16.4393 -50.5951 27.9587
    endloop
  endfacet
  facet normal -0.59629 -0.387218 0.703207
    outer loop
      vertex -33.7267 -19.4721 50.4039
      vertex -34.6273 -25.1582 46.5092
      vertex -31.5066 -22.8909 50.4039
    endloop
  endfacet
  facet normal -0.696404 -0.354849 0.623782
    outer loop
      vertex -39.1013 -17.409 46.5092
      vertex -42.1968 -18.7872 42.2693
      vertex -37.0673 -21.4008 46.5092
    endloop
  endfacet
  facet normal -0.754958 -0.202281 0.623796
    outer loop
      vertex -40.7068 -13.2264 46.5092
      vertex -45.1808 -9.60348 42.2693
      vertex -43.9295 -14.2736 42.2693
    endloop
  endfacet
  facet normal -0.867707 -0.232514 0.439343
    outer loop
      vertex -48.0003 -10.2028 37.7307
      vertex -48.9008 -15.8888 32.943
      vertex -46.6708 -15.1643 37.7307
    endloop
  endfacet
  facet normal -0.833137 0.541043 0.114693
    outer loop
      vertex -44.4959 32.3282 17.6204
      vertex -47.1095 27.1987 22.8325
      vertex -44.0084 31.974 22.8325
    endloop
  endfacet
  facet normal -0.449387 0.120423 0.885183
    outer loop
      vertex -28.5281 9.26935 56.9911
      vertex -29.3408 6.23657 56.9911
      vertex -24.4574 5.19857 59.6115
    endloop
  endfacet
  facet normal -0.532865 0.142793 0.834065
    outer loop
      vertex -28.5281 9.26935 56.9911
      vertex -33.9027 7.20624 53.9106
      vertex -29.3408 6.23657 56.9911
    endloop
  endfacet
  facet normal -0.334685 0.170528 0.926772
    outer loop
      vertex -17.093 9.86864 61.7431
      vertex -21.6539 12.5019 59.6115
      vertex -18.0309 8.02788 61.7431
    endloop
  endfacet
  facet normal -0.414536 0.211217 0.885182
    outer loop
      vertex -25.9775 14.9981 56.9911
      vertex -27.4029 12.2006 56.9911
      vertex -21.6539 12.5019 59.6115
    endloop
  endfacet
  facet normal -0.220429 -0.178502 0.958931
    outer loop
      vertex -11.5322 -8.37863 63.3626
      vertex -15.9678 -11.6013 61.7431
      vertex -10.5932 -9.53818 63.3626
    endloop
  endfacet
  facet normal -0.292787 -0.361557 0.885185
    outer loop
      vertex -14.6968 -20.2285 59.6115
      vertex -20.0714 -22.2916 56.9911
      vertex -17.6314 -24.2675 56.9911
    endloop
  endfacet
  facet normal -0.390181 -0.253389 0.885185
    outer loop
      vertex -21.6539 -12.5019 59.6115
      vertex -24.2675 -17.6314 56.9911
      vertex -20.2285 -14.6968 59.6115
    endloop
  endfacet
  facet normal -0.059939 -0.0740181 0.995454
    outer loop
      vertex -1.92872 -2.14206 65
      vertex -5.76503 -6.40271 64.4522
      vertex -5.06418 -6.97025 64.4522
    endloop
  endfacet
  facet normal -0.0734108 -0.273976 0.958931
    outer loop
      vertex -2.96369 -13.9431 63.3626
      vertex -6.09916 -18.7713 61.7431
      vertex -4.10361 -19.306 61.7431
    endloop
  endfacet
  facet normal 0.00498386 -0.0951132 0.995454
    outer loop
      vertex 0.301295 -2.86664 65
      vertex 0 -8.6157 64.4522
      vertex 0.900586 -8.56851 64.4522
    endloop
  endfacet
  facet normal -0.283251 0.0148414 0.958931
    outer loop
      vertex -19.6292 2.06311 61.7431
      vertex -19.7373 0 61.7431
      vertex -14.1765 1.49001 63.3626
    endloop
  endfacet
  facet normal -0.375115 -0.0196547 0.92677
    outer loop
      vertex -19.7373 0 61.7431
      vertex -25.0037 0 59.6115
      vertex -19.6292 -2.06311 61.7431
    endloop
  endfacet
  facet normal -0.789858 0.512952 0.336162
    outer loop
      vertex -43.0388 31.2695 27.9587
      vertex -44.5288 25.7087 32.943
      vertex -41.5975 30.2224 32.943
    endloop
  endfacet
  facet normal -0.789878 0.512936 0.336139
    outer loop
      vertex -43.0388 31.2695 27.9587
      vertex -46.0715 26.5994 27.9587
      vertex -44.5288 25.7087 32.943
    endloop
  endfacet
  facet normal -0.356001 0.92742 0.114695
    outer loop
      vertex -16.9959 52.3081 17.6204
      vertex -22.3705 50.245 17.6204
      vertex -22.1254 49.6945 22.8325
    endloop
  endfacet
  facet normal -0.665959 0.665959 0.336153
    outer loop
      vertex -39.5344 35.597 27.9587
      vertex -34.4049 38.2106 32.943
      vertex -35.597 39.5344 27.9587
    endloop
  endfacet
  facet normal -0.665959 0.665959 0.336153
    outer loop
      vertex -34.4049 38.2106 32.943
      vertex -39.5344 35.597 27.9587
      vertex -38.2106 34.4049 32.943
    endloop
  endfacet
  facet normal -0.688584 0.688584 0.227388
    outer loop
      vertex -40.4252 36.399 22.8325
      vertex -35.597 39.5344 27.9587
      vertex -36.399 40.4252 22.8325
    endloop
  endfacet
  facet normal -0.688584 0.688584 0.227388
    outer loop
      vertex -35.597 39.5344 27.9587
      vertex -40.4252 36.399 22.8325
      vertex -39.5344 35.597 27.9587
    endloop
  endfacet
  facet normal 0.544876 -0.0862879 0.834065
    outer loop
      vertex 29.8319 -3.13546 56.9911
      vertex 29.3408 -6.23657 56.9911
      vertex 33.9027 -7.20624 53.9106
    endloop
  endfacet
  facet normal 0.449387 -0.120423 0.885183
    outer loop
      vertex 29.3408 -6.23657 56.9911
      vertex 24.4574 -5.19857 59.6115
      vertex 28.5281 -9.26935 56.9911
    endloop
  endfacet
  facet normal 0.464597 -0.02436 0.885187
    outer loop
      vertex 29.9963 0 56.9911
      vertex 25.0037 0 59.6115
      vertex 29.8319 -3.13546 56.9911
    endloop
  endfacet
  facet normal 0.55091 -0.0288856 0.834064
    outer loop
      vertex 29.9963 0 56.9911
      vertex 29.8319 -3.13546 56.9911
      vertex 34.6601 0 53.9106
    endloop
  endfacet
  facet normal 0.663757 -0.254785 0.703215
    outer loop
      vertex 40.7068 -13.2264 46.5092
      vertex 35.5773 -15.8401 50.4039
      vertex 39.1013 -17.409 46.5092
    endloop
  endfacet
  facet normal 0.729688 -0.280092 0.623782
    outer loop
      vertex 40.7068 -13.2264 46.5092
      vertex 39.1013 -17.409 46.5092
      vertex 42.1968 -18.7872 42.2693
    endloop
  endfacet
  facet normal 0.710006 -0.0372143 0.703212
    outer loop
      vertex 42.8017 0 46.5092
      vertex 38.7309 -4.07078 50.4039
      vertex 42.5672 -4.47399 46.5092
    endloop
  endfacet
  facet normal 0.71 -0.0372024 0.703218
    outer loop
      vertex 38.9442 0 50.4039
      vertex 38.7309 -4.07078 50.4039
      vertex 42.8017 0 46.5092
    endloop
  endfacet
  facet normal 0.177354 0.0680794 0.98179
    outer loop
      vertex 13.0222 5.79786 63.3626
      vertex 7.87084 3.50432 64.4522
      vertex 13.5569 4.40491 63.3626
    endloop
  endfacet
  facet normal 0.2648 0.101647 0.958931
    outer loop
      vertex 18.7713 6.09916 61.7431
      vertex 13.0222 5.79786 63.3626
      vertex 13.5569 4.40491 63.3626
    endloop
  endfacet
  facet normal 0.375115 0.0196547 0.92677
    outer loop
      vertex 25.0037 0 59.6115
      vertex 19.6292 2.06311 61.7431
      vertex 19.7373 0 61.7431
    endloop
  endfacet
  facet normal 0.371 0.0587579 0.926772
    outer loop
      vertex 24.4574 5.19857 59.6115
      vertex 19.306 4.10361 61.7431
      vertex 24.8668 2.6136 59.6115
    endloop
  endfacet
  facet normal 0.0673475 0.0673475 0.995454
    outer loop
      vertex 5.76503 6.40271 64.4522
      vertex 2.14206 1.92872 65
      vertex 6.40271 5.76503 64.4522
    endloop
  endfacet
  facet normal 0.0673475 0.0673475 0.995454
    outer loop
      vertex 2.14206 1.92872 65
      vertex 5.76503 6.40271 64.4522
      vertex 1.92872 2.14206 65
    endloop
  endfacet
  facet normal 0.0288856 0.55091 0.834064
    outer loop
      vertex 0 34.6601 53.9106
      vertex 0 29.9963 56.9911
      vertex 3.13546 29.8319 56.9911
    endloop
  endfacet
  facet normal 0.0443732 0.280147 0.958931
    outer loop
      vertex 2.06311 19.6292 61.7431
      vertex 1.49001 14.1765 63.3626
      vertex 4.10361 19.306 61.7431
    endloop
  endfacet
  facet normal 0.0509601 0.972471 0.227382
    outer loop
      vertex 0 54.3974 22.8325
      vertex 0 53.1988 27.9587
      vertex 5.56079 52.9074 27.9587
    endloop
  endfacet
  facet normal -0.434344 0.166729 0.885182
    outer loop
      vertex -27.4029 12.2006 56.9911
      vertex -28.5281 9.26935 56.9911
      vertex -22.8421 10.1699 59.6115
    endloop
  endfacet
  facet normal -0.0243361 0.464609 0.885182
    outer loop
      vertex 0 25.0037 59.6115
      vertex -3.13546 29.8319 56.9911
      vertex -2.6136 24.8668 59.6115
    endloop
  endfacet
  facet normal -0.0443732 0.280147 0.958931
    outer loop
      vertex -2.06311 19.6292 61.7431
      vertex -4.10361 19.306 61.7431
      vertex -1.49001 14.1765 63.3626
    endloop
  endfacet
  facet normal 0.120418 0.449391 0.885182
    outer loop
      vertex 9.26935 28.5281 56.9911
      vertex 5.19857 24.4574 59.6115
      vertex 7.72658 23.78 59.6115
    endloop
  endfacet
  facet normal 0.0196547 0.375115 0.92677
    outer loop
      vertex 0 25.0037 59.6115
      vertex 0 19.7373 61.7431
      vertex 2.06311 19.6292 61.7431
    endloop
  endfacet
  facet normal 0.253382 0.390193 0.885182
    outer loop
      vertex 14.9981 25.9775 56.9911
      vertex 12.5019 21.6539 59.6115
      vertex 17.6314 24.2675 56.9911
    endloop
  endfacet
  facet normal 0.253389 0.390181 0.885185
    outer loop
      vertex 17.6314 24.2675 56.9911
      vertex 12.5019 21.6539 59.6115
      vertex 14.6968 20.2285 59.6115
    endloop
  endfacet
  facet normal 0.154478 0.237884 0.958931
    outer loop
      vertex 11.6013 15.9678 61.7431
      vertex 7.12729 12.3448 63.3626
      vertex 8.37863 11.5322 63.3626
    endloop
  endfacet
  facet normal 0.0680794 0.177354 0.98179
    outer loop
      vertex 4.40491 13.5569 63.3626
      vertex 3.50432 7.87084 64.4522
      vertex 5.79786 13.0222 63.3626
    endloop
  endfacet
  facet normal -0.0519913 0.992039 0.114695
    outer loop
      vertex 0 55 17.6204
      vertex -5.74907 54.6987 17.6204
      vertex 0 54.3974 22.8325
    endloop
  endfacet
  facet normal -0.592705 0.731918 0.336151
    outer loop
      vertex -31.2695 43.0388 27.9587
      vertex -35.597 39.5344 27.9587
      vertex -34.4049 38.2106 32.943
    endloop
  endfacet
  facet normal -0.531439 0.65629 0.535589
    outer loop
      vertex -27.1499 37.3686 42.2693
      vertex -32.836 36.4681 37.7307
      vertex -30.9073 34.326 42.2693
    endloop
  endfacet
  facet normal -0.565332 0.698126 0.439341
    outer loop
      vertex -28.8442 39.7006 37.7307
      vertex -34.4049 38.2106 32.943
      vertex -32.836 36.4681 37.7307
    endloop
  endfacet
  facet normal 0.00994068 0.18971 0.98179
    outer loop
      vertex 0 14.2546 63.3626
      vertex 0 8.6157 64.4522
      vertex 0.900586 8.56851 64.4522
    endloop
  endfacet
  facet normal 0.0149001 0.0940709 0.995454
    outer loop
      vertex 0.900586 8.56851 64.4522
      vertex 0.301295 2.86664 65
      vertex 0.59929 2.81944 65
    endloop
  endfacet
  facet normal 0.103467 0.159324 0.981789
    outer loop
      vertex 7.12729 12.3448 63.3626
      vertex 4.30785 7.46142 64.4522
      vertex 5.06418 6.97025 64.4522
    endloop
  endfacet
  facet normal -0.0940709 0.0148999 0.995454
    outer loop
      vertex -8.42743 1.7913 64.4522
      vertex -8.56851 0.900586 64.4522
      vertex -2.81944 0.59929 65
    endloop
  endfacet
  facet normal -0.159324 0.103467 0.981789
    outer loop
      vertex -6.97025 5.06418 64.4522
      vertex -12.3448 7.12729 63.3626
      vertex -7.46142 4.30785 64.4522
    endloop
  endfacet
  facet normal -0.169267 0.0862458 0.981789
    outer loop
      vertex -7.46142 4.30785 64.4522
      vertex -12.3448 7.12729 63.3626
      vertex -7.87084 3.50432 64.4522
    endloop
  endfacet
  facet normal -0.0734108 0.273976 0.958931
    outer loop
      vertex -4.10361 19.306 61.7431
      vertex -6.09916 18.7713 61.7431
      vertex -2.96369 13.9431 63.3626
    endloop
  endfacet
  facet normal 0.959553 0.257109 0.114685
    outer loop
      vertex 53.7981 11.4351 17.6204
      vertex 52.3081 16.9959 17.6204
      vertex 53.2087 11.3099 22.8325
    endloop
  endfacet
  facet normal 0.88726 -0.140522 0.439343
    outer loop
      vertex 48.8038 -5.12948 37.7307
      vertex 48.0003 -10.2028 37.7307
      vertex 51.1357 -5.37458 32.943
    endloop
  endfacet
  facet normal 0.930212 -0.147331 0.336154
    outer loop
      vertex 52.9074 -5.56079 27.9587
      vertex 51.1357 -5.37458 32.943
      vertex 52.0363 -11.0607 27.9587
    endloop
  endfacet
  facet normal 0.771975 0.12226 0.623784
    outer loop
      vertex 45.9371 4.82819 42.2693
      vertex 41.8664 8.89897 46.5092
      vertex 42.5672 4.47399 46.5092
    endloop
  endfacet
  facet normal 0.710006 0.0372143 0.703212
    outer loop
      vertex 42.5672 4.47399 46.5092
      vertex 38.7309 4.07078 50.4039
      vertex 42.8017 0 46.5092
    endloop
  endfacet
  facet normal 0.754963 0.202304 0.623782
    outer loop
      vertex 45.1808 9.60348 42.2693
      vertex 40.7068 13.2264 46.5092
      vertex 41.8664 8.89897 46.5092
    endloop
  endfacet
  facet normal 0.867707 0.232514 0.439343
    outer loop
      vertex 48.9008 15.8888 32.943
      vertex 46.6708 15.1643 37.7307
      vertex 48.0003 10.2028 37.7307
    endloop
  endfacet
  facet normal 0.930214 0.147327 0.336149
    outer loop
      vertex 52.0363 11.0607 27.9587
      vertex 50.2938 10.6903 32.943
      vertex 51.1357 5.37458 32.943
    endloop
  endfacet
  facet normal 0.909714 0.243769 0.336149
    outer loop
      vertex 52.0363 11.0607 27.9587
      vertex 48.9008 15.8888 32.943
      vertex 50.2938 10.6903 32.943
    endloop
  endfacet
  facet normal 0.972471 -0.0509601 0.227382
    outer loop
      vertex 53.1988 0 27.9587
      vertex 52.9074 -5.56079 27.9587
      vertex 54.3974 0 22.8325
    endloop
  endfacet
  facet normal 0.972471 0.0509601 0.227382
    outer loop
      vertex 54.3974 0 22.8325
      vertex 52.9074 5.56079 27.9587
      vertex 53.1988 0 27.9587
    endloop
  endfacet
  facet normal 0.800415 0.407819 0.43934
    outer loop
      vertex 46.9721 20.9133 32.943
      vertex 44.5288 25.7087 32.943
      vertex 44.8301 19.9596 37.7307
    endloop
  endfacet
  facet normal 0.838657 0.321926 0.439339
    outer loop
      vertex 46.9721 20.9133 32.943
      vertex 44.8301 19.9596 37.7307
      vertex 48.9008 15.8888 32.943
    endloop
  endfacet
  facet normal 0.756796 0.612825 0.227389
    outer loop
      vertex 40.4252 36.399 22.8325
      vertex 39.5344 35.597 27.9587
      vertex 44.0084 31.974 22.8325
    endloop
  endfacet
  facet normal 0.789878 0.512936 0.336139
    outer loop
      vertex 46.0715 26.5994 27.9587
      vertex 43.0388 31.2695 27.9587
      vertex 44.5288 25.7087 32.943
    endloop
  endfacet
  facet normal 0.635209 0.635209 0.43934
    outer loop
      vertex 32.836 36.4681 37.7307
      vertex 38.2106 34.4049 32.943
      vertex 34.4049 38.2106 32.943
    endloop
  endfacet
  facet normal 0.635209 0.635209 0.43934
    outer loop
      vertex 38.2106 34.4049 32.943
      vertex 32.836 36.4681 37.7307
      vertex 36.4681 32.836 37.7307
    endloop
  endfacet
  facet normal 0.665959 0.665959 0.336153
    outer loop
      vertex 34.4049 38.2106 32.943
      vertex 39.5344 35.597 27.9587
      vertex 35.597 39.5344 27.9587
    endloop
  endfacet
  facet normal 0.665959 0.665959 0.336153
    outer loop
      vertex 39.5344 35.597 27.9587
      vertex 34.4049 38.2106 32.943
      vertex 38.2106 34.4049 32.943
    endloop
  endfacet
  facet normal 0.65629 0.531439 0.535589
    outer loop
      vertex 36.4681 32.836 37.7307
      vertex 34.326 30.9073 42.2693
      vertex 37.3686 27.1499 42.2693
    endloop
  endfacet
  facet normal 0.59629 0.387218 0.703207
    outer loop
      vertex 34.6273 25.1582 46.5092
      vertex 31.5066 22.8909 50.4039
      vertex 33.7267 19.4721 50.4039
    endloop
  endfacet
  facet normal 0.729688 0.280092 0.623782
    outer loop
      vertex 42.1968 18.7872 42.2693
      vertex 39.1013 17.409 46.5092
      vertex 40.7068 13.2264 46.5092
    endloop
  endfacet
  facet normal 0.789858 0.512952 0.336162
    outer loop
      vertex 43.0388 31.2695 27.9587
      vertex 41.5975 30.2224 32.943
      vertex 44.5288 25.7087 32.943
    endloop
  endfacet
  facet normal 0.70825 0.45993 0.53558
    outer loop
      vertex 42.4981 24.5363 37.7307
      vertex 39.7006 28.8442 37.7307
      vertex 40.0019 23.0951 42.2693
    endloop
  endfacet
  facet normal 0.390086 0.390086 0.834066
    outer loop
      vertex 23.1921 25.7575 53.9106
      vertex 22.2916 20.0714 56.9911
      vertex 25.7575 23.1921 53.9106
    endloop
  endfacet
  facet normal 0.390086 0.390086 0.834066
    outer loop
      vertex 22.2916 20.0714 56.9911
      vertex 23.1921 25.7575 53.9106
      vertex 20.0714 22.2916 56.9911
    endloop
  endfacet
  facet normal 0.220429 0.178502 0.958931
    outer loop
      vertex 15.9678 11.6013 61.7431
      vertex 10.5932 9.53818 63.3626
      vertex 11.5322 8.37863 63.3626
    endloop
  endfacet
  facet normal 0.414536 0.211217 0.885182
    outer loop
      vertex 25.9775 14.9981 56.9911
      vertex 21.6539 12.5019 59.6115
      vertex 27.4029 12.2006 56.9911
    endloop
  endfacet
  facet normal 0.361557 0.292787 0.885185
    outer loop
      vertex 22.2916 20.0714 56.9911
      vertex 20.2285 14.6968 59.6115
      vertex 24.2675 17.6314 56.9911
    endloop
  endfacet
  facet normal 0.292785 0.36156 0.885184
    outer loop
      vertex 20.0714 22.2916 56.9911
      vertex 14.6968 20.2285 59.6115
      vertex 16.7308 18.5814 59.6115
    endloop
  endfacet
  facet normal 0.236389 0.291916 0.926771
    outer loop
      vertex 14.6968 20.2285 59.6115
      vertex 13.2068 14.6677 61.7431
      vertex 16.7308 18.5814 59.6115
    endloop
  endfacet
  facet normal 0.532863 0.142782 0.834069
    outer loop
      vertex 32.9637 10.7106 53.9106
      vertex 28.5281 9.26935 56.9911
      vertex 33.9027 7.20624 53.9106
    endloop
  endfacet
  facet normal 0.449387 0.120423 0.885183
    outer loop
      vertex 28.5281 9.26935 56.9911
      vertex 24.4574 5.19857 59.6115
      vertex 29.3408 6.23657 56.9911
    endloop
  endfacet
  facet normal 0.591813 0.22718 0.7734
    outer loop
      vertex 35.5773 15.8401 50.4039
      vertex 32.9637 10.7106 53.9106
      vertex 37.0382 12.0344 50.4039
    endloop
  endfacet
  facet normal 0.531651 0.345244 0.773404
    outer loop
      vertex 31.5066 22.8909 50.4039
      vertex 28.0406 20.3727 53.9106
      vertex 33.7267 19.4721 50.4039
    endloop
  endfacet
  facet normal 0.655499 0.425671 0.623798
    outer loop
      vertex 40.0019 23.0951 42.2693
      vertex 34.6273 25.1582 46.5092
      vertex 37.0673 21.4008 46.5092
    endloop
  endfacet
  facet normal 0.655497 0.425698 0.623783
    outer loop
      vertex 37.3686 27.1499 42.2693
      vertex 34.6273 25.1582 46.5092
      vertex 40.0019 23.0951 42.2693
    endloop
  endfacet
  facet normal 0.592694 0.731921 0.336161
    outer loop
      vertex 31.2695 43.0388 27.9587
      vertex 30.2224 41.5975 32.943
      vertex 34.4049 38.2106 32.943
    endloop
  endfacet
  facet normal 0.592705 0.731918 0.336151
    outer loop
      vertex 35.597 39.5344 27.9587
      vertex 31.2695 43.0388 27.9587
      vertex 34.4049 38.2106 32.943
    endloop
  endfacet
  facet normal 0.322789 0.633486 0.703209
    outer loop
      vertex 21.4008 37.0673 46.5092
      vertex 17.409 39.1013 46.5092
      vertex 19.4721 33.7267 50.4039
    endloop
  endfacet
  facet normal 0.345244 0.531651 0.773404
    outer loop
      vertex 22.8909 31.5066 50.4039
      vertex 19.4721 33.7267 50.4039
      vertex 20.3727 28.0406 53.9106
    endloop
  endfacet
  facet normal 0.287794 0.564827 0.773398
    outer loop
      vertex 19.4721 33.7267 50.4039
      vertex 15.8401 35.5773 50.4039
      vertex 17.3301 30.0165 53.9106
    endloop
  endfacet
  facet normal 0.30265 0.788389 0.53558
    outer loop
      vertex 15.1643 46.6708 37.7307
      vertex 14.2736 43.9295 42.2693
      vertex 18.7872 42.1968 42.2693
    endloop
  endfacet
  facet normal 0.565332 0.698126 0.439341
    outer loop
      vertex 34.4049 38.2106 32.943
      vertex 28.8442 39.7006 37.7307
      vertex 32.836 36.4681 37.7307
    endloop
  endfacet
  facet normal 0.56533 0.698129 0.439338
    outer loop
      vertex 30.2224 41.5975 32.943
      vertex 28.8442 39.7006 37.7307
      vertex 34.4049 38.2106 32.943
    endloop
  endfacet
  facet normal 0.0288761 0.550906 0.834068
    outer loop
      vertex 3.62297 34.4702 53.9106
      vertex 0 34.6601 53.9106
      vertex 3.13546 29.8319 56.9911
    endloop
  endfacet
  facet normal 0.164072 0.612317 0.773401
    outer loop
      vertex 12.0344 37.0382 50.4039
      vertex 7.20624 33.9027 53.9106
      vertex 10.7106 32.9637 53.9106
    endloop
  endfacet
  facet normal 0.544643 0.838668 -0
    outer loop
      vertex 32.3282 44.4959 15
      vertex 27.5 47.6314 17.6204
      vertex 32.3282 44.4959 17.6204
    endloop
  endfacet
  facet normal 0.544643 0.838668 0
    outer loop
      vertex 27.5 47.6314 17.6204
      vertex 32.3282 44.4959 15
      vertex 27.5 47.6314 15
    endloop
  endfacet
  facet normal -0.202304 -0.754963 0.623782
    outer loop
      vertex -8.89897 -41.8664 46.5092
      vertex -13.2264 -40.7068 46.5092
      vertex -9.60348 -45.1808 42.2693
    endloop
  endfacet
  facet normal -0.122264 -0.771976 0.623782
    outer loop
      vertex -8.89897 -41.8664 46.5092
      vertex -9.60348 -45.1808 42.2693
      vertex -4.82819 -45.9371 42.2693
    endloop
  endfacet
  facet normal -0.254798 -0.663759 0.703208
    outer loop
      vertex -12.0344 -37.0382 50.4039
      vertex -15.8401 -35.5773 50.4039
      vertex -13.2264 -40.7068 46.5092
    endloop
  endfacet
  facet normal -0.22718 -0.591813 0.7734
    outer loop
      vertex -10.7106 -32.9637 53.9106
      vertex -15.8401 -35.5773 50.4039
      vertex -12.0344 -37.0382 50.4039
    endloop
  endfacet
  facet normal 0.0288761 -0.550906 0.834068
    outer loop
      vertex 3.13546 -29.8319 56.9911
      vertex 0 -34.6601 53.9106
      vertex 3.62297 -34.4702 53.9106
    endloop
  endfacet
  facet normal -0.164066 -0.612322 0.773398
    outer loop
      vertex -7.20624 -33.9027 53.9106
      vertex -12.0344 -37.0382 50.4039
      vertex -8.09696 -38.0932 50.4039
    endloop
  endfacet
  facet normal -0.448248 -0.448248 0.7734
    outer loop
      vertex -25.7575 -23.1921 53.9106
      vertex -26.0588 -28.9412 50.4039
      vertex -23.1921 -25.7575 53.9106
    endloop
  endfacet
  facet normal -0.448248 -0.448248 0.7734
    outer loop
      vertex -26.0588 -28.9412 50.4039
      vertex -25.7575 -23.1921 53.9106
      vertex -28.9412 -26.0588 50.4039
    endloop
  endfacet
  facet normal -0.354849 -0.696404 0.623782
    outer loop
      vertex -17.409 -39.1013 46.5092
      vertex -21.4008 -37.0673 46.5092
      vertex -18.7872 -42.1968 42.2693
    endloop
  endfacet
  facet normal -0.771976 -0.122264 0.623782
    outer loop
      vertex -41.8664 -8.89897 46.5092
      vertex -45.9371 -4.82819 42.2693
      vertex -45.1808 -9.60348 42.2693
    endloop
  endfacet
  facet normal -0.834079 -0.1321 0.535596
    outer loop
      vertex -45.9371 -4.82819 42.2693
      vertex -48.0003 -10.2028 37.7307
      vertex -45.1808 -9.60348 42.2693
    endloop
  endfacet
  facet normal -0.663757 -0.254785 0.703215
    outer loop
      vertex -35.5773 -15.8401 50.4039
      vertex -40.7068 -13.2264 46.5092
      vertex -39.1013 -17.409 46.5092
    endloop
  endfacet
  facet normal -0.663759 -0.254798 0.703208
    outer loop
      vertex -37.0382 -12.0344 50.4039
      vertex -40.7068 -13.2264 46.5092
      vertex -35.5773 -15.8401 50.4039
    endloop
  endfacet
  facet normal -0.612322 -0.164066 0.773398
    outer loop
      vertex -33.9027 -7.20624 53.9106
      vertex -38.0932 -8.09696 50.4039
      vertex -37.0382 -12.0344 50.4039
    endloop
  endfacet
  facet normal -0.626116 -0.0991695 0.773397
    outer loop
      vertex -33.9027 -7.20624 53.9106
      vertex -38.7309 -4.07078 50.4039
      vertex -38.0932 -8.09696 50.4039
    endloop
  endfacet
  facet normal -0.696404 -0.354822 0.623798
    outer loop
      vertex -37.0673 -21.4008 46.5092
      vertex -42.1968 -18.7872 42.2693
      vertex -40.0019 -23.0951 42.2693
    endloop
  endfacet
  facet normal -0.753395 -0.489246 0.439357
    outer loop
      vertex -42.4981 -24.5363 37.7307
      vertex -44.5288 -25.7087 32.943
      vertex -39.7006 -28.8442 37.7307
    endloop
  endfacet
  facet normal -0.552532 -0.447446 0.703207
    outer loop
      vertex -31.5066 -22.8909 50.4039
      vertex -34.6273 -25.1582 46.5092
      vertex -28.9412 -26.0588 50.4039
    endloop
  endfacet
  facet normal -0.531651 -0.345244 0.773404
    outer loop
      vertex -28.0406 -20.3727 53.9106
      vertex -33.7267 -19.4721 50.4039
      vertex -31.5066 -22.8909 50.4039
    endloop
  endfacet
  facet normal -0.515019 -0.197697 0.834069
    outer loop
      vertex -28.5281 -9.26935 56.9911
      vertex -32.9637 -10.7106 53.9106
      vertex -27.4029 -12.2006 56.9911
    endloop
  endfacet
  facet normal -0.612317 -0.164072 0.773401
    outer loop
      vertex -33.9027 -7.20624 53.9106
      vertex -37.0382 -12.0344 50.4039
      vertex -32.9637 -10.7106 53.9106
    endloop
  endfacet
  facet normal -0.633054 -0.0331819 0.773396
    outer loop
      vertex -34.6601 0 53.9106
      vertex -38.9442 0 50.4039
      vertex -34.4702 -3.62297 53.9106
    endloop
  endfacet
  facet normal -0.633049 -0.0331704 0.773401
    outer loop
      vertex -34.4702 -3.62297 53.9106
      vertex -38.9442 0 50.4039
      vertex -38.7309 -4.07078 50.4039
    endloop
  endfacet
  facet normal -0.0798779 -0.0518737 0.995454
    outer loop
      vertex -2.33193 -1.69425 65
      vertex -7.46142 -4.30785 64.4522
      vertex -6.97025 -5.06418 64.4522
    endloop
  endfacet
  facet normal -0.0491713 -0.183497 0.98179
    outer loop
      vertex -1.7913 -8.42743 64.4522
      vertex -4.40491 -13.5569 63.3626
      vertex -2.96369 -13.9431 63.3626
    endloop
  endfacet
  facet normal 0.371 -0.0587579 0.926772
    outer loop
      vertex 24.8668 -2.6136 59.6115
      vertex 19.306 -4.10361 61.7431
      vertex 24.4574 -5.19857 59.6115
    endloop
  endfacet
  facet normal 0.362825 -0.0972176 0.926772
    outer loop
      vertex 19.306 -4.10361 61.7431
      vertex 18.7713 -6.09916 61.7431
      vertex 24.4574 -5.19857 59.6115
    endloop
  endfacet
  facet normal 0.291916 -0.236388 0.926772
    outer loop
      vertex 15.9678 -11.6013 61.7431
      vertex 14.6677 -13.2068 61.7431
      vertex 20.2285 -14.6968 59.6115
    endloop
  endfacet
  facet normal 0.2648 -0.101647 0.958931
    outer loop
      vertex 13.5569 -4.40491 63.3626
      vertex 13.0222 -5.79786 63.3626
      vertex 18.7713 -6.09916 61.7431
    endloop
  endfacet
  facet normal 0.236389 -0.291916 0.926771
    outer loop
      vertex 16.7308 -18.5814 59.6115
      vertex 13.2068 -14.6677 61.7431
      vertex 14.6968 -20.2285 59.6115
    endloop
  endfacet
  facet normal 0.0680794 -0.177354 0.98179
    outer loop
      vertex 5.79786 -13.0222 63.3626
      vertex 3.50432 -7.87084 64.4522
      vertex 4.40491 -13.5569 63.3626
    endloop
  endfacet
  facet normal 0.38722 -0.596287 0.703209
    outer loop
      vertex 25.1582 -34.6273 46.5092
      vertex 19.4721 -33.7267 50.4039
      vertex 21.4008 -37.0673 46.5092
    endloop
  endfacet
  facet normal 0.250449 -0.491533 0.834069
    outer loop
      vertex 14.9981 -25.9775 56.9911
      vertex 12.2006 -27.4029 56.9911
      vertex 17.3301 -30.0165 53.9106
    endloop
  endfacet
  facet normal 0.414537 -0.211215 0.885182
    outer loop
      vertex 22.8421 -10.1699 59.6115
      vertex 21.6539 -12.5019 59.6115
      vertex 27.4029 -12.2006 56.9911
    endloop
  endfacet
  facet normal 0.361557 -0.292787 0.885185
    outer loop
      vertex 24.2675 -17.6314 56.9911
      vertex 20.2285 -14.6968 59.6115
      vertex 22.2916 -20.0714 56.9911
    endloop
  endfacet
  facet normal 0.0740181 -0.059939 0.995454
    outer loop
      vertex 6.97025 -5.06418 64.4522
      vertex 2.14206 -1.92872 65
      vertex 6.40271 -5.76503 64.4522
    endloop
  endfacet
  facet normal 0.462674 -0.300449 0.834064
    outer loop
      vertex 25.9775 -14.9981 56.9911
      vertex 24.2675 -17.6314 56.9911
      vertex 28.0406 -20.3727 53.9106
    endloop
  endfacet
  facet normal 0.350673 -0.134617 0.926772
    outer loop
      vertex 18.7713 -6.09916 61.7431
      vertex 18.0309 -8.02788 61.7431
      vertex 22.8421 -10.1699 59.6115
    endloop
  endfacet
  facet normal 0.23788 -0.154481 0.958931
    outer loop
      vertex 17.093 -9.86864 61.7431
      vertex 12.3448 -7.12729 63.3626
      vertex 15.9678 -11.6013 61.7431
    endloop
  endfacet
  facet normal -0.140524 -0.887261 0.439342
    outer loop
      vertex -10.2028 -48.0003 37.7307
      vertex -10.6903 -50.2938 32.943
      vertex -5.37458 -51.1357 32.943
    endloop
  endfacet
  facet normal -0.12226 -0.771975 0.623784
    outer loop
      vertex -4.47399 -42.5672 46.5092
      vertex -8.89897 -41.8664 46.5092
      vertex -4.82819 -45.9371 42.2693
    endloop
  endfacet
  facet normal 0.0492855 -0.940517 0.336154
    outer loop
      vertex 5.37458 -51.1357 32.943
      vertex 0 -53.1988 27.9587
      vertex 5.56079 -52.9074 27.9587
    endloop
  endfacet
  facet normal -0.0442082 -0.843324 0.535583
    outer loop
      vertex 0 -46.1902 42.2693
      vertex -4.82819 -45.9371 42.2693
      vertex 0 -49.0726 37.7307
    endloop
  endfacet
  facet normal 0.0372143 -0.710006 0.703212
    outer loop
      vertex 4.07078 -38.7309 50.4039
      vertex 0 -42.8017 46.5092
      vertex 4.47399 -42.5672 46.5092
    endloop
  endfacet
  facet normal 0.132099 -0.834079 0.535595
    outer loop
      vertex 10.2028 -48.0003 37.7307
      vertex 4.82819 -45.9371 42.2693
      vertex 5.12948 -48.8038 37.7307
    endloop
  endfacet
  facet normal 0.140524 -0.887261 0.439342
    outer loop
      vertex 10.2028 -48.0003 37.7307
      vertex 5.37458 -51.1357 32.943
      vertex 10.6903 -50.2938 32.943
    endloop
  endfacet
  facet normal 0.337521 -0.879252 0.336148
    outer loop
      vertex 20.9133 -46.9721 32.943
      vertex 16.4393 -50.5951 27.9587
      vertex 21.6379 -48.5995 27.9587
    endloop
  endfacet
  facet normal 0.541043 -0.833137 0.114693
    outer loop
      vertex 31.974 -44.0084 22.8325
      vertex 27.1987 -47.1095 22.8325
      vertex 32.3282 -44.4959 17.6204
    endloop
  endfacet
  facet normal 0.442097 -0.867667 0.227384
    outer loop
      vertex 26.5994 -46.0715 27.9587
      vertex 21.6379 -48.5995 27.9587
      vertex 22.1254 -49.6945 22.8325
    endloop
  endfacet
  facet normal 0.62516 -0.772024 0.114693
    outer loop
      vertex 36.8022 -40.873 17.6204
      vertex 31.974 -44.0084 22.8325
      vertex 32.3282 -44.4959 17.6204
    endloop
  endfacet
  facet normal 0.625158 -0.772026 0.11469
    outer loop
      vertex 36.399 -40.4252 22.8325
      vertex 31.974 -44.0084 22.8325
      vertex 36.8022 -40.873 17.6204
    endloop
  endfacet
  facet normal 0.427563 -0.839167 0.336138
    outer loop
      vertex 25.7087 -44.5288 32.943
      vertex 20.9133 -46.9721 32.943
      vertex 26.5994 -46.0715 27.9587
    endloop
  endfacet
  facet normal 0.34898 -0.909127 0.227376
    outer loop
      vertex 22.1254 -49.6945 22.8325
      vertex 16.4393 -50.5951 27.9587
      vertex 16.8097 -51.735 22.8325
    endloop
  endfacet
  facet normal -0.243758 -0.909714 0.336159
    outer loop
      vertex -15.8888 -48.9008 32.943
      vertex -16.4393 -50.5951 27.9587
      vertex -11.0607 -52.0363 27.9587
    endloop
  endfacet
  facet normal -0.243769 -0.909714 0.336149
    outer loop
      vertex -10.6903 -50.2938 32.943
      vertex -15.8888 -48.9008 32.943
      vertex -11.0607 -52.0363 27.9587
    endloop
  endfacet
  facet normal -0.665959 -0.665959 0.336153
    outer loop
      vertex -39.5344 -35.597 27.9587
      vertex -34.4049 -38.2106 32.943
      vertex -38.2106 -34.4049 32.943
    endloop
  endfacet
  facet normal -0.665959 -0.665959 0.336153
    outer loop
      vertex -34.4049 -38.2106 32.943
      vertex -39.5344 -35.597 27.9587
      vertex -35.597 -39.5344 27.9587
    endloop
  endfacet
  facet normal -0.0492855 -0.940517 0.336154
    outer loop
      vertex -5.37458 -51.1357 32.943
      vertex -5.56079 -52.9074 27.9587
      vertex 0 -53.1988 27.9587
    endloop
  endfacet
  facet normal 0.155398 -0.981171 0.114695
    outer loop
      vertex 11.3099 -53.2087 22.8325
      vertex 5.68608 -54.0994 22.8325
      vertex 5.74907 -54.6987 17.6204
    endloop
  endfacet
  facet normal -0.252045 -0.940623 0.22738
    outer loop
      vertex -11.0607 -52.0363 27.9587
      vertex -16.8097 -51.735 22.8325
      vertex -11.3099 -53.2087 22.8325
    endloop
  endfacet
  facet normal -0.453989 -0.891007 0
    outer loop
      vertex -27.5 -47.6314 15
      vertex -22.3705 -50.245 17.6204
      vertex -27.5 -47.6314 17.6204
    endloop
  endfacet
  facet normal -0.453989 -0.891007 -0
    outer loop
      vertex -22.3705 -50.245 17.6204
      vertex -27.5 -47.6314 15
      vertex -22.3705 -50.245 15
    endloop
  endfacet
  facet normal -0.541043 -0.833137 0.114693
    outer loop
      vertex -31.974 -44.0084 22.8325
      vertex -32.3282 -44.4959 17.6204
      vertex -27.1987 -47.1095 22.8325
    endloop
  endfacet
  facet normal -0.257116 -0.95955 0.114693
    outer loop
      vertex -16.8097 -51.735 22.8325
      vertex -16.9959 -52.3081 17.6204
      vertex -11.3099 -53.2087 22.8325
    endloop
  endfacet
  facet normal -0.356002 -0.92742 0.114693
    outer loop
      vertex -16.8097 -51.735 22.8325
      vertex -22.1254 -49.6945 22.8325
      vertex -16.9959 -52.3081 17.6204
    endloop
  endfacet
  facet normal 0.257109 -0.959553 0.114685
    outer loop
      vertex 16.9959 -52.3081 17.6204
      vertex 11.3099 -53.2087 22.8325
      vertex 11.4351 -53.7981 17.6204
    endloop
  endfacet
  facet normal 0.544643 -0.838668 0
    outer loop
      vertex 27.5 -47.6314 15
      vertex 32.3282 -44.4959 17.6204
      vertex 27.5 -47.6314 17.6204
    endloop
  endfacet
  facet normal 0.544643 -0.838668 0
    outer loop
      vertex 32.3282 -44.4959 17.6204
      vertex 27.5 -47.6314 15
      vertex 32.3282 -44.4959 15
    endloop
  endfacet
  facet normal 0.450993 -0.885127 0.114701
    outer loop
      vertex 27.1987 -47.1095 22.8325
      vertex 22.3705 -50.245 17.6204
      vertex 27.5 -47.6314 17.6204
    endloop
  endfacet
  facet normal 0.450998 -0.885125 0.114695
    outer loop
      vertex 27.1987 -47.1095 22.8325
      vertex 22.1254 -49.6945 22.8325
      vertex 22.3705 -50.245 17.6204
    endloop
  endfacet
  facet normal 0.92742 0.356002 0.114693
    outer loop
      vertex 52.3081 16.9959 17.6204
      vertex 49.6945 22.1254 22.8325
      vertex 51.735 16.8097 22.8325
    endloop
  endfacet
  facet normal 0.909127 0.34898 0.227376
    outer loop
      vertex 51.735 16.8097 22.8325
      vertex 49.6945 22.1254 22.8325
      vertex 50.5951 16.4393 27.9587
    endloop
  endfacet
  facet normal 0.961819 -0.152333 0.227376
    outer loop
      vertex 54.0994 -5.68608 22.8325
      vertex 52.9074 -5.56079 27.9587
      vertex 53.2087 -11.3099 22.8325
    endloop
  endfacet
  facet normal 0.981171 -0.155398 0.114695
    outer loop
      vertex 54.0994 -5.68608 22.8325
      vertex 53.2087 -11.3099 22.8325
      vertex 54.6987 -5.74907 17.6204
    endloop
  endfacet
  facet normal 0.816713 -0.530362 0.227366
    outer loop
      vertex 46.0715 -26.5994 27.9587
      vertex 43.0388 -31.2695 27.9587
      vertex 44.0084 -31.974 22.8325
    endloop
  endfacet
  facet normal 0.800415 -0.407819 0.43934
    outer loop
      vertex 44.8301 -19.9596 37.7307
      vertex 44.5288 -25.7087 32.943
      vertex 46.9721 -20.9133 32.943
    endloop
  endfacet
  facet normal 0.756787 -0.612844 0.227367
    outer loop
      vertex 43.0388 -31.2695 27.9587
      vertex 39.5344 -35.597 27.9587
      vertex 44.0084 -31.974 22.8325
    endloop
  endfacet
  facet normal 0.839159 -0.427571 0.336148
    outer loop
      vertex 46.9721 -20.9133 32.943
      vertex 46.0715 -26.5994 27.9587
      vertex 48.5995 -21.6379 27.9587
    endloop
  endfacet
  facet normal 0.891007 -0.453989 0
    outer loop
      vertex 47.6314 -27.5 17.6204
      vertex 50.245 -22.3705 15
      vertex 50.245 -22.3705 17.6204
    endloop
  endfacet
  facet normal 0.891007 -0.453989 0
    outer loop
      vertex 50.245 -22.3705 15
      vertex 47.6314 -27.5 17.6204
      vertex 47.6314 -27.5 15
    endloop
  endfacet
  facet normal 0.885125 -0.450998 0.114695
    outer loop
      vertex 49.6945 -22.1254 22.8325
      vertex 47.1095 -27.1987 22.8325
      vertex 50.245 -22.3705 17.6204
    endloop
  endfacet
  facet normal 0.92742 -0.356001 0.114695
    outer loop
      vertex 52.3081 -16.9959 17.6204
      vertex 49.6945 -22.1254 22.8325
      vertex 50.245 -22.3705 17.6204
    endloop
  endfacet
  facet normal 0.655499 -0.425671 0.623798
    outer loop
      vertex 37.0673 -21.4008 46.5092
      vertex 34.6273 -25.1582 46.5092
      vertex 40.0019 -23.0951 42.2693
    endloop
  endfacet
  facet normal 0.696404 -0.354822 0.623798
    outer loop
      vertex 42.1968 -18.7872 42.2693
      vertex 37.0673 -21.4008 46.5092
      vertex 40.0019 -23.0951 42.2693
    endloop
  endfacet
  facet normal 0.65629 -0.531439 0.535589
    outer loop
      vertex 37.3686 -27.1499 42.2693
      vertex 34.326 -30.9073 42.2693
      vertex 36.4681 -32.836 37.7307
    endloop
  endfacet
  facet normal 0.656278 -0.531444 0.535598
    outer loop
      vertex 37.3686 -27.1499 42.2693
      vertex 36.4681 -32.836 37.7307
      vertex 39.7006 -28.8442 37.7307
    endloop
  endfacet
  facet normal 0.292787 -0.361557 0.885185
    outer loop
      vertex 20.0714 -22.2916 56.9911
      vertex 14.6968 -20.2285 59.6115
      vertex 17.6314 -24.2675 56.9911
    endloop
  endfacet
  facet normal 0.491867 -0.607422 0.623783
    outer loop
      vertex 30.9073 -34.326 42.2693
      vertex 25.1582 -34.6273 46.5092
      vertex 27.1499 -37.3686 42.2693
    endloop
  endfacet
  facet normal 0.531439 -0.65629 0.535589
    outer loop
      vertex 30.9073 -34.326 42.2693
      vertex 27.1499 -37.3686 42.2693
      vertex 32.836 -36.4681 37.7307
    endloop
  endfacet
  facet normal 0.383395 -0.752438 0.53558
    outer loop
      vertex 23.0951 -40.0019 42.2693
      vertex 19.9596 -44.8301 37.7307
      vertex 24.5363 -42.4981 37.7307
    endloop
  endfacet
  facet normal 0.442102 -0.867666 0.227379
    outer loop
      vertex 26.5994 -46.0715 27.9587
      vertex 22.1254 -49.6945 22.8325
      vertex 27.1987 -47.1095 22.8325
    endloop
  endfacet
  facet normal 0.502742 -0.502742 0.703208
    outer loop
      vertex 28.9412 -26.0588 50.4039
      vertex 28.6399 -31.8078 46.5092
      vertex 31.8078 -28.6399 46.5092
    endloop
  endfacet
  facet normal 0.502742 -0.502742 0.703208
    outer loop
      vertex 28.6399 -31.8078 46.5092
      vertex 28.9412 -26.0588 50.4039
      vertex 26.0588 -28.9412 50.4039
    endloop
  endfacet
  facet normal -0.502742 0.502742 0.703208
    outer loop
      vertex -28.6399 31.8078 46.5092
      vertex -28.9412 26.0588 50.4039
      vertex -26.0588 28.9412 50.4039
    endloop
  endfacet
  facet normal -0.502742 0.502742 0.703208
    outer loop
      vertex -28.9412 26.0588 50.4039
      vertex -28.6399 31.8078 46.5092
      vertex -31.8078 28.6399 46.5092
    endloop
  endfacet
  facet normal -0.541043 0.833137 0.114693
    outer loop
      vertex -27.1987 47.1095 22.8325
      vertex -32.3282 44.4959 17.6204
      vertex -31.974 44.0084 22.8325
    endloop
  endfacet
  facet normal -0.453989 0.891007 0
    outer loop
      vertex -22.3705 50.245 15
      vertex -27.5 47.6314 17.6204
      vertex -22.3705 50.245 17.6204
    endloop
  endfacet
  facet normal -0.453989 0.891007 0
    outer loop
      vertex -27.5 47.6314 17.6204
      vertex -22.3705 50.245 15
      vertex -27.5 47.6314 15
    endloop
  endfacet
  facet normal 0.321923 0.838656 0.439342
    outer loop
      vertex 15.8888 48.9008 32.943
      vertex 15.1643 46.6708 37.7307
      vertex 19.9596 44.8301 37.7307
    endloop
  endfacet
  facet normal 0.302626 0.788387 0.535596
    outer loop
      vertex 19.9596 44.8301 37.7307
      vertex 15.1643 46.6708 37.7307
      vertex 18.7872 42.1968 42.2693
    endloop
  endfacet
  facet normal 0.252045 0.940623 0.22738
    outer loop
      vertex 11.3099 53.2087 22.8325
      vertex 11.0607 52.0363 27.9587
      vertex 16.8097 51.735 22.8325
    endloop
  endfacet
  facet normal -0.0492958 0.94052 0.336144
    outer loop
      vertex 0 53.1988 27.9587
      vertex -5.37458 51.1357 32.943
      vertex 0 51.4174 32.943
    endloop
  endfacet
  facet normal -0.147327 0.930214 0.336149
    outer loop
      vertex -5.37458 51.1357 32.943
      vertex -11.0607 52.0363 27.9587
      vertex -10.6903 50.2938 32.943
    endloop
  endfacet
  facet normal 0.132099 0.834079 0.535595
    outer loop
      vertex 5.12948 48.8038 37.7307
      vertex 4.82819 45.9371 42.2693
      vertex 10.2028 48.0003 37.7307
    endloop
  endfacet
  facet normal 0.356002 0.92742 0.114693
    outer loop
      vertex 16.9959 52.3081 17.6204
      vertex 16.8097 51.735 22.8325
      vertex 22.1254 49.6945 22.8325
    endloop
  endfacet
  facet normal 0.356001 0.92742 0.114695
    outer loop
      vertex 22.3705 50.245 17.6204
      vertex 16.9959 52.3081 17.6204
      vertex 22.1254 49.6945 22.8325
    endloop
  endfacet
  facet normal 0.321926 0.838657 0.439339
    outer loop
      vertex 20.9133 46.9721 32.943
      vertex 15.8888 48.9008 32.943
      vertex 19.9596 44.8301 37.7307
    endloop
  endfacet
  facet normal 0.348987 0.909123 0.227385
    outer loop
      vertex 22.1254 49.6945 22.8325
      vertex 16.4393 50.5951 27.9587
      vertex 21.6379 48.5995 27.9587
    endloop
  endfacet
  facet normal -0.909123 -0.348987 0.227385
    outer loop
      vertex -48.5995 -21.6379 27.9587
      vertex -50.5951 -16.4393 27.9587
      vertex -49.6945 -22.1254 22.8325
    endloop
  endfacet
  facet normal -0.867667 -0.442097 0.227384
    outer loop
      vertex -48.5995 -21.6379 27.9587
      vertex -49.6945 -22.1254 22.8325
      vertex -46.0715 -26.5994 27.9587
    endloop
  endfacet
  facet normal -0.771975 -0.12226 0.623784
    outer loop
      vertex -42.5672 -4.47399 46.5092
      vertex -45.9371 -4.82819 42.2693
      vertex -41.8664 -8.89897 46.5092
    endloop
  endfacet
  facet normal -0.702228 -0.111214 0.703212
    outer loop
      vertex -38.7309 -4.07078 50.4039
      vertex -42.5672 -4.47399 46.5092
      vertex -41.8664 -8.89897 46.5092
    endloop
  endfacet
  facet normal -0.708228 0.459943 0.535599
    outer loop
      vertex -39.7006 28.8442 37.7307
      vertex -40.0019 23.0951 42.2693
      vertex -37.3686 27.1499 42.2693
    endloop
  endfacet
  facet normal -0.834079 0.1321 0.535596
    outer loop
      vertex -45.1808 9.60348 42.2693
      vertex -48.0003 10.2028 37.7307
      vertex -45.9371 4.82819 42.2693
    endloop
  endfacet
  facet normal -0.492641 0.398946 0.7734
    outer loop
      vertex -28.9412 26.0588 50.4039
      vertex -31.5066 22.8909 50.4039
      vertex -25.7575 23.1921 53.9106
    endloop
  endfacet
  facet normal -0.754963 0.202304 0.623782
    outer loop
      vertex -40.7068 13.2264 46.5092
      vertex -45.1808 9.60348 42.2693
      vertex -41.8664 8.89897 46.5092
    endloop
  endfacet
  facet normal -0.447446 0.552532 0.703207
    outer loop
      vertex -25.1582 34.6273 46.5092
      vertex -26.0588 28.9412 50.4039
      vertex -22.8909 31.5066 50.4039
    endloop
  endfacet
  facet normal -0.59629 0.387218 0.703207
    outer loop
      vertex -31.5066 22.8909 50.4039
      vertex -34.6273 25.1582 46.5092
      vertex -33.7267 19.4721 50.4039
    endloop
  endfacet
  facet normal -0.633049 0.0331704 0.773401
    outer loop
      vertex -38.7309 4.07078 50.4039
      vertex -38.9442 0 50.4039
      vertex -34.4702 3.62297 53.9106
    endloop
  endfacet
  facet normal -0.626113 0.0991606 0.773401
    outer loop
      vertex -33.9027 7.20624 53.9106
      vertex -38.7309 4.07078 50.4039
      vertex -34.4702 3.62297 53.9106
    endloop
  endfacet
  facet normal -0.843324 0.0442082 0.535583
    outer loop
      vertex -45.9371 4.82819 42.2693
      vertex -49.0726 0 37.7307
      vertex -46.1902 0 42.2693
    endloop
  endfacet
  facet normal -0.771975 0.12226 0.623784
    outer loop
      vertex -41.8664 8.89897 46.5092
      vertex -45.9371 4.82819 42.2693
      vertex -42.5672 4.47399 46.5092
    endloop
  endfacet
  facet normal -0.771976 0.122264 0.623782
    outer loop
      vertex -45.1808 9.60348 42.2693
      vertex -45.9371 4.82819 42.2693
      vertex -41.8664 8.89897 46.5092
    endloop
  endfacet
  facet normal -0.591813 0.22718 0.7734
    outer loop
      vertex -35.5773 15.8401 50.4039
      vertex -37.0382 12.0344 50.4039
      vertex -32.9637 10.7106 53.9106
    endloop
  endfacet
  facet normal -0.930212 -0.147331 0.336154
    outer loop
      vertex -51.1357 -5.37458 32.943
      vertex -52.9074 -5.56079 27.9587
      vertex -52.0363 -11.0607 27.9587
    endloop
  endfacet
  facet normal -0.887261 -0.140524 0.439342
    outer loop
      vertex -48.0003 -10.2028 37.7307
      vertex -51.1357 -5.37458 32.943
      vertex -50.2938 -10.6903 32.943
    endloop
  endfacet
  facet normal -0.843324 -0.0442082 0.535583
    outer loop
      vertex -46.1902 0 42.2693
      vertex -49.0726 0 37.7307
      vertex -45.9371 -4.82819 42.2693
    endloop
  endfacet
  facet normal -0.780522 0.040916 0.623788
    outer loop
      vertex -45.9371 4.82819 42.2693
      vertex -46.1902 0 42.2693
      vertex -42.8017 0 46.5092
    endloop
  endfacet
  facet normal -0.800415 -0.407819 0.43934
    outer loop
      vertex -44.8301 -19.9596 37.7307
      vertex -46.9721 -20.9133 32.943
      vertex -44.5288 -25.7087 32.943
    endloop
  endfacet
  facet normal -0.839167 -0.427563 0.336138
    outer loop
      vertex -44.5288 -25.7087 32.943
      vertex -46.9721 -20.9133 32.943
      vertex -46.0715 -26.5994 27.9587
    endloop
  endfacet
  facet normal -0.816713 -0.530362 0.227366
    outer loop
      vertex -43.0388 -31.2695 27.9587
      vertex -46.0715 -26.5994 27.9587
      vertex -44.0084 -31.974 22.8325
    endloop
  endfacet
  facet normal -0.702441 -0.702441 0.11469
    outer loop
      vertex -40.873 -36.8022 17.6204
      vertex -36.399 -40.4252 22.8325
      vertex -40.4252 -36.399 22.8325
    endloop
  endfacet
  facet normal -0.702441 -0.702441 0.11469
    outer loop
      vertex -36.399 -40.4252 22.8325
      vertex -40.873 -36.8022 17.6204
      vertex -36.8022 -40.873 17.6204
    endloop
  endfacet
  facet normal -0.407819 -0.800415 0.43934
    outer loop
      vertex -19.9596 -44.8301 37.7307
      vertex -25.7087 -44.5288 32.943
      vertex -20.9133 -46.9721 32.943
    endloop
  endfacet
  facet normal -0.56533 -0.698129 0.439338
    outer loop
      vertex -28.8442 -39.7006 37.7307
      vertex -34.4049 -38.2106 32.943
      vertex -30.2224 -41.5975 32.943
    endloop
  endfacet
  facet normal -0.891007 0.453989 0
    outer loop
      vertex -50.245 22.3705 15
      vertex -47.6314 27.5 17.6204
      vertex -47.6314 27.5 15
    endloop
  endfacet
  facet normal -0.891007 0.453989 0
    outer loop
      vertex -47.6314 27.5 17.6204
      vertex -50.245 22.3705 15
      vertex -50.245 22.3705 17.6204
    endloop
  endfacet
  facet normal -0.909714 0.243758 0.336159
    outer loop
      vertex -50.5951 16.4393 27.9587
      vertex -52.0363 11.0607 27.9587
      vertex -48.9008 15.8888 32.943
    endloop
  endfacet
  facet normal -0.839159 0.427571 0.336148
    outer loop
      vertex -46.0715 26.5994 27.9587
      vertex -48.5995 21.6379 27.9587
      vertex -46.9721 20.9133 32.943
    endloop
  endfacet
  facet normal -0.998629 0.0523367 0
    outer loop
      vertex -55 0 15
      vertex -54.6987 5.74907 17.6204
      vertex -54.6987 5.74907 15
    endloop
  endfacet
  facet normal -0.998629 0.0523367 0
    outer loop
      vertex -54.6987 5.74907 17.6204
      vertex -55 0 15
      vertex -55 0 17.6204
    endloop
  endfacet
  facet normal -0.414537 0.211215 0.885182
    outer loop
      vertex -21.6539 12.5019 59.6115
      vertex -27.4029 12.2006 56.9911
      vertex -22.8421 10.1699 59.6115
    endloop
  endfacet
  facet normal -0.328975 0.328975 0.885184
    outer loop
      vertex -20.0714 22.2916 56.9911
      vertex -18.5814 16.7308 59.6115
      vertex -16.7308 18.5814 59.6115
    endloop
  endfacet
  facet normal -0.328975 0.328975 0.885184
    outer loop
      vertex -18.5814 16.7308 59.6115
      vertex -20.0714 22.2916 56.9911
      vertex -22.2916 20.0714 56.9911
    endloop
  endfacet
  facet normal -0.237884 0.154478 0.958931
    outer loop
      vertex -11.5322 8.37863 63.3626
      vertex -15.9678 11.6013 61.7431
      vertex -12.3448 7.12729 63.3626
    endloop
  endfacet
  facet normal -0.434344 0.166728 0.885182
    outer loop
      vertex -22.8421 10.1699 59.6115
      vertex -28.5281 9.26935 56.9911
      vertex -23.78 7.72658 59.6115
    endloop
  endfacet
  facet normal -0.183497 0.0491713 0.98179
    outer loop
      vertex -13.5569 4.40491 63.3626
      vertex -13.9431 2.96369 63.3626
      vertex -8.42743 1.7913 64.4522
    endloop
  endfacet
  facet normal -0.273973 0.0734158 0.958931
    outer loop
      vertex -13.5569 4.40491 63.3626
      vertex -18.7713 6.09916 61.7431
      vertex -13.9431 2.96369 63.3626
    endloop
  endfacet
  facet normal -0.280149 -0.0443697 0.958931
    outer loop
      vertex -14.1765 -1.49001 63.3626
      vertex -19.306 -4.10361 61.7431
      vertex -13.9431 -2.96369 63.3626
    endloop
  endfacet
  facet normal -0.371 -0.0587579 0.926772
    outer loop
      vertex -19.306 -4.10361 61.7431
      vertex -24.8668 -2.6136 59.6115
      vertex -24.4574 -5.19857 59.6115
    endloop
  endfacet
  facet normal -0.532865 -0.142793 0.834065
    outer loop
      vertex -29.3408 -6.23657 56.9911
      vertex -33.9027 -7.20624 53.9106
      vertex -28.5281 -9.26935 56.9911
    endloop
  endfacet
  facet normal -0.345244 -0.531651 0.773404
    outer loop
      vertex -20.3727 -28.0406 53.9106
      vertex -22.8909 -31.5066 50.4039
      vertex -19.4721 -33.7267 50.4039
    endloop
  endfacet
  facet normal -0.347178 -0.428723 0.834064
    outer loop
      vertex -20.0714 -22.2916 56.9911
      vertex -20.3727 -28.0406 53.9106
      vertex -17.6314 -24.2675 56.9911
    endloop
  endfacet
  facet normal -0.211217 -0.414536 0.885182
    outer loop
      vertex -12.5019 -21.6539 59.6115
      vertex -14.9981 -25.9775 56.9911
      vertex -12.2006 -27.4029 56.9911
    endloop
  endfacet
  facet normal -0.0889177 -0.034132 0.995454
    outer loop
      vertex -2.63323 -1.17239 65
      vertex -8.19402 -2.6624 64.4522
      vertex -7.87084 -3.50432 64.4522
    endloop
  endfacet
  facet normal -0.159324 -0.103467 0.981789
    outer loop
      vertex -7.46142 -4.30785 64.4522
      vertex -12.3448 -7.12729 63.3626
      vertex -6.97025 -5.06418 64.4522
    endloop
  endfacet
  facet normal -0.283252 -0.0148469 0.95893
    outer loop
      vertex -14.2546 0 63.3626
      vertex -19.7373 0 61.7431
      vertex -14.1765 -1.49001 63.3626
    endloop
  endfacet
  facet normal -0.189711 -0.00994384 0.98179
    outer loop
      vertex -8.56851 -0.900586 64.4522
      vertex -14.2546 0 63.3626
      vertex -14.1765 -1.49001 63.3626
    endloop
  endfacet
  facet normal -0.273976 0.0734108 0.958931
    outer loop
      vertex -18.7713 6.09916 61.7431
      vertex -19.306 4.10361 61.7431
      vertex -13.9431 2.96369 63.3626
    endloop
  endfacet
  facet normal -0.362825 0.0972176 0.926772
    outer loop
      vertex -18.7713 6.09916 61.7431
      vertex -24.4574 5.19857 59.6115
      vertex -19.306 4.10361 61.7431
    endloop
  endfacet
  facet normal -0.839167 0.427563 0.336138
    outer loop
      vertex -46.0715 26.5994 27.9587
      vertex -46.9721 20.9133 32.943
      vertex -44.5288 25.7087 32.943
    endloop
  endfacet
  facet normal -0.800415 0.407819 0.43934
    outer loop
      vertex -44.5288 25.7087 32.943
      vertex -46.9721 20.9133 32.943
      vertex -44.8301 19.9596 37.7307
    endloop
  endfacet
  facet normal -0.322778 0.633486 0.703214
    outer loop
      vertex -17.409 39.1013 46.5092
      vertex -19.4721 33.7267 50.4039
      vertex -15.8401 35.5773 50.4039
    endloop
  endfacet
  facet normal -0.552665 0.552665 0.623797
    outer loop
      vertex -30.9073 34.326 42.2693
      vertex -31.8078 28.6399 46.5092
      vertex -28.6399 31.8078 46.5092
    endloop
  endfacet
  facet normal -0.552665 0.552665 0.623797
    outer loop
      vertex -31.8078 28.6399 46.5092
      vertex -30.9073 34.326 42.2693
      vertex -34.326 30.9073 42.2693
    endloop
  endfacet
  facet normal -0.772026 0.625158 0.11469
    outer loop
      vertex -40.873 36.8022 17.6204
      vertex -44.0084 31.974 22.8325
      vertex -40.4252 36.399 22.8325
    endloop
  endfacet
  facet normal -0.756796 0.612825 0.227389
    outer loop
      vertex -40.4252 36.399 22.8325
      vertex -44.0084 31.974 22.8325
      vertex -39.5344 35.597 27.9587
    endloop
  endfacet
  facet normal 0.702221 -0.111224 0.703218
    outer loop
      vertex 38.7309 -4.07078 50.4039
      vertex 38.0932 -8.09696 50.4039
      vertex 41.8664 -8.89897 46.5092
    endloop
  endfacet
  facet normal 0.626116 -0.0991695 0.773397
    outer loop
      vertex 38.7309 -4.07078 50.4039
      vertex 33.9027 -7.20624 53.9106
      vertex 38.0932 -8.09696 50.4039
    endloop
  endfacet
  facet normal 0.0919983 0.0246508 0.995454
    outer loop
      vertex 8.19402 2.6624 64.4522
      vertex 2.81944 0.59929 65
      vertex 8.42743 1.7913 64.4522
    endloop
  endfacet
  facet normal 0.183497 0.0491713 0.98179
    outer loop
      vertex 13.5569 4.40491 63.3626
      vertex 8.42743 1.7913 64.4522
      vertex 13.9431 2.96369 63.3626
    endloop
  endfacet
  facet normal 0.371001 0.0587638 0.926771
    outer loop
      vertex 24.8668 2.6136 59.6115
      vertex 19.306 4.10361 61.7431
      vertex 19.6292 2.06311 61.7431
    endloop
  endfacet
  facet normal 0.283251 0.0148414 0.958931
    outer loop
      vertex 19.6292 2.06311 61.7431
      vertex 14.1765 1.49001 63.3626
      vertex 19.7373 0 61.7431
    endloop
  endfacet
  facet normal 0.103463 0.159325 0.98179
    outer loop
      vertex 7.12729 12.3448 63.3626
      vertex 5.06418 6.97025 64.4522
      vertex 8.37863 11.5322 63.3626
    endloop
  endfacet
  facet normal 0.0518737 0.0798779 0.995454
    outer loop
      vertex 4.30785 7.46142 64.4522
      vertex 1.69425 2.33193 65
      vertex 5.06418 6.97025 64.4522
    endloop
  endfacet
  facet normal 0.0727701 0.459516 0.885183
    outer loop
      vertex 6.23657 29.3408 56.9911
      vertex 3.13546 29.8319 56.9911
      vertex 5.19857 24.4574 59.6115
    endloop
  endfacet
  facet normal 0.120423 0.449387 0.885183
    outer loop
      vertex 6.23657 29.3408 56.9911
      vertex 5.19857 24.4574 59.6115
      vertex 9.26935 28.5281 56.9911
    endloop
  endfacet
  facet normal -0.322789 0.633486 0.703209
    outer loop
      vertex -17.409 39.1013 46.5092
      vertex -21.4008 37.0673 46.5092
      vertex -19.4721 33.7267 50.4039
    endloop
  endfacet
  facet normal -0.128769 0.252727 0.958931
    outer loop
      vertex -8.02788 18.0309 61.7431
      vertex -9.86864 17.093 61.7431
      vertex -5.79786 13.0222 63.3626
    endloop
  endfacet
  facet normal -0.101652 0.2648 0.958931
    outer loop
      vertex -6.09916 18.7713 61.7431
      vertex -8.02788 18.0309 61.7431
      vertex -5.79786 13.0222 63.3626
    endloop
  endfacet
  facet normal -0.128773 0.252723 0.958931
    outer loop
      vertex -5.79786 13.0222 63.3626
      vertex -9.86864 17.093 61.7431
      vertex -7.12729 12.3448 63.3626
    endloop
  endfacet
  facet normal 0.0148469 0.283252 0.95893
    outer loop
      vertex 0 19.7373 61.7431
      vertex 0 14.2546 63.3626
      vertex 1.49001 14.1765 63.3626
    endloop
  endfacet
  facet normal 0.0587579 0.371 0.926772
    outer loop
      vertex 5.19857 24.4574 59.6115
      vertex 2.6136 24.8668 59.6115
      vertex 4.10361 19.306 61.7431
    endloop
  endfacet
  facet normal 0.0727771 0.459518 0.885182
    outer loop
      vertex 3.13546 29.8319 56.9911
      vertex 2.6136 24.8668 59.6115
      vertex 5.19857 24.4574 59.6115
    endloop
  endfacet
  facet normal 0.0243361 0.464609 0.885182
    outer loop
      vertex 3.13546 29.8319 56.9911
      vertex 0 25.0037 59.6115
      vertex 2.6136 24.8668 59.6115
    endloop
  endfacet
  facet normal 0.166728 0.434344 0.885182
    outer loop
      vertex 9.26935 28.5281 56.9911
      vertex 7.72658 23.78 59.6115
      vertex 10.1699 22.8421 59.6115
    endloop
  endfacet
  facet normal 0.0972176 0.362825 0.926772
    outer loop
      vertex 5.19857 24.4574 59.6115
      vertex 4.10361 19.306 61.7431
      vertex 6.09916 18.7713 61.7431
    endloop
  endfacet
  facet normal 0.166729 0.434344 0.885182
    outer loop
      vertex 12.2006 27.4029 56.9911
      vertex 9.26935 28.5281 56.9911
      vertex 10.1699 22.8421 59.6115
    endloop
  endfacet
  facet normal 0.300457 0.46266 0.834069
    outer loop
      vertex 17.3301 30.0165 53.9106
      vertex 14.9981 25.9775 56.9911
      vertex 20.3727 28.0406 53.9106
    endloop
  endfacet
  facet normal 0.292787 0.361557 0.885185
    outer loop
      vertex 17.6314 24.2675 56.9911
      vertex 14.6968 20.2285 59.6115
      vertex 20.0714 22.2916 56.9911
    endloop
  endfacet
  facet normal 0.347178 0.428723 0.834064
    outer loop
      vertex 20.3727 28.0406 53.9106
      vertex 17.6314 24.2675 56.9911
      vertex 20.0714 22.2916 56.9911
    endloop
  endfacet
  facet normal -0.050966 0.972473 0.227376
    outer loop
      vertex 0 54.3974 22.8325
      vertex -5.68608 54.0994 22.8325
      vertex -5.56079 52.9074 27.9587
    endloop
  endfacet
  facet normal -0.252041 0.940625 0.227376
    outer loop
      vertex -11.0607 52.0363 27.9587
      vertex -16.8097 51.735 22.8325
      vertex -16.4393 50.5951 27.9587
    endloop
  endfacet
  facet normal -0.22718 0.591813 0.7734
    outer loop
      vertex -12.0344 37.0382 50.4039
      vertex -15.8401 35.5773 50.4039
      vertex -10.7106 32.9637 53.9106
    endloop
  endfacet
  facet normal -0.120423 0.449387 0.885183
    outer loop
      vertex -6.23657 29.3408 56.9911
      vertex -9.26935 28.5281 56.9911
      vertex -5.19857 24.4574 59.6115
    endloop
  endfacet
  facet normal -0.442102 0.867666 0.227379
    outer loop
      vertex -22.1254 49.6945 22.8325
      vertex -27.1987 47.1095 22.8325
      vertex -26.5994 46.0715 27.9587
    endloop
  endfacet
  facet normal -0.448248 0.448248 0.7734
    outer loop
      vertex -26.0588 28.9412 50.4039
      vertex -25.7575 23.1921 53.9106
      vertex -23.1921 25.7575 53.9106
    endloop
  endfacet
  facet normal -0.448248 0.448248 0.7734
    outer loop
      vertex -25.7575 23.1921 53.9106
      vertex -26.0588 28.9412 50.4039
      vertex -28.9412 26.0588 50.4039
    endloop
  endfacet
  facet normal -0.0331704 0.633049 0.773401
    outer loop
      vertex 0 38.9442 50.4039
      vertex -4.07078 38.7309 50.4039
      vertex -3.62297 34.4702 53.9106
    endloop
  endfacet
  facet normal -0.0862939 0.544871 0.834068
    outer loop
      vertex -3.62297 34.4702 53.9106
      vertex -7.20624 33.9027 53.9106
      vertex -3.13546 29.8319 56.9911
    endloop
  endfacet
  facet normal -0.0148469 0.283252 0.95893
    outer loop
      vertex 0 19.7373 61.7431
      vertex -1.49001 14.1765 63.3626
      vertex 0 14.2546 63.3626
    endloop
  endfacet
  facet normal -0.00994384 0.189711 0.98179
    outer loop
      vertex 0 14.2546 63.3626
      vertex -1.49001 14.1765 63.3626
      vertex -0.900586 8.56851 64.4522
    endloop
  endfacet
  facet normal 0.0740182 0.0599388 0.995454
    outer loop
      vertex 6.97025 5.06418 64.4522
      vertex 2.14206 1.92872 65
      vertex 2.33193 1.69425 65
    endloop
  endfacet
  facet normal 0.0798779 0.0518737 0.995454
    outer loop
      vertex 6.97025 5.06418 64.4522
      vertex 2.33193 1.69425 65
      vertex 7.46142 4.30785 64.4522
    endloop
  endfacet
  facet normal 0.159324 0.103467 0.981789
    outer loop
      vertex 12.3448 7.12729 63.3626
      vertex 6.97025 5.06418 64.4522
      vertex 7.46142 4.30785 64.4522
    endloop
  endfacet
  facet normal -0.189711 0.00994384 0.98179
    outer loop
      vertex -14.1765 1.49001 63.3626
      vertex -14.2546 0 63.3626
      vertex -8.56851 0.900586 64.4522
    endloop
  endfacet
  facet normal -0.13433 0.13433 0.98179
    outer loop
      vertex -9.53818 10.5932 63.3626
      vertex -6.40271 5.76503 64.4522
      vertex -5.76503 6.40271 64.4522
    endloop
  endfacet
  facet normal -0.13433 0.13433 0.98179
    outer loop
      vertex -6.40271 5.76503 64.4522
      vertex -9.53818 10.5932 63.3626
      vertex -10.5932 9.53818 63.3626
    endloop
  endfacet
  facet normal 0.816713 0.530362 0.227366
    outer loop
      vertex 44.0084 31.974 22.8325
      vertex 43.0388 31.2695 27.9587
      vertex 46.0715 26.5994 27.9587
    endloop
  endfacet
  facet normal 0.816704 0.530371 0.227379
    outer loop
      vertex 47.1095 27.1987 22.8325
      vertex 44.0084 31.974 22.8325
      vertex 46.0715 26.5994 27.9587
    endloop
  endfacet
  facet normal 0.612825 0.756796 0.227389
    outer loop
      vertex 36.399 40.4252 22.8325
      vertex 31.974 44.0084 22.8325
      vertex 35.597 39.5344 27.9587
    endloop
  endfacet
  facet normal 0.702441 0.702441 0.11469
    outer loop
      vertex 36.399 40.4252 22.8325
      vertex 40.873 36.8022 17.6204
      vertex 36.8022 40.873 17.6204
    endloop
  endfacet
  facet normal 0.702441 0.702441 0.11469
    outer loop
      vertex 40.873 36.8022 17.6204
      vertex 36.399 40.4252 22.8325
      vertex 40.4252 36.399 22.8325
    endloop
  endfacet
  facet normal 0.891007 0.453989 0
    outer loop
      vertex 50.245 22.3705 17.6204
      vertex 47.6314 27.5 15
      vertex 47.6314 27.5 17.6204
    endloop
  endfacet
  facet normal 0.891007 0.453989 0
    outer loop
      vertex 47.6314 27.5 15
      vertex 50.245 22.3705 17.6204
      vertex 50.245 22.3705 15
    endloop
  endfacet
  facet normal 0.754963 -0.202304 0.623782
    outer loop
      vertex 41.8664 -8.89897 46.5092
      vertex 40.7068 -13.2264 46.5092
      vertex 45.1808 -9.60348 42.2693
    endloop
  endfacet
  facet normal 0.834079 -0.132099 0.535595
    outer loop
      vertex 48.8038 -5.12948 37.7307
      vertex 45.9371 -4.82819 42.2693
      vertex 48.0003 -10.2028 37.7307
    endloop
  endfacet
  facet normal 0.897088 -0.0470101 0.439343
    outer loop
      vertex 49.0726 0 37.7307
      vertex 48.8038 -5.12948 37.7307
      vertex 51.1357 -5.37458 32.943
    endloop
  endfacet
  facet normal 0.780522 0.040916 0.623788
    outer loop
      vertex 45.9371 4.82819 42.2693
      vertex 42.8017 0 46.5092
      vertex 46.1902 0 42.2693
    endloop
  endfacet
  facet normal 0.754958 -0.202281 0.623796
    outer loop
      vertex 45.1808 -9.60348 42.2693
      vertex 40.7068 -13.2264 46.5092
      vertex 43.9295 -14.2736 42.2693
    endloop
  endfacet
  facet normal 0.815712 -0.21856 0.53558
    outer loop
      vertex 45.1808 -9.60348 42.2693
      vertex 43.9295 -14.2736 42.2693
      vertex 46.6708 -15.1643 37.7307
    endloop
  endfacet
  facet normal 0.663759 0.254798 0.703208
    outer loop
      vertex 40.7068 13.2264 46.5092
      vertex 35.5773 15.8401 50.4039
      vertex 37.0382 12.0344 50.4039
    endloop
  endfacet
  facet normal 0.544871 0.0862939 0.834068
    outer loop
      vertex 33.9027 7.20624 53.9106
      vertex 29.8319 3.13546 56.9911
      vertex 34.4702 3.62297 53.9106
    endloop
  endfacet
  facet normal 0.815697 0.218577 0.535596
    outer loop
      vertex 46.6708 15.1643 37.7307
      vertex 45.1808 9.60348 42.2693
      vertex 48.0003 10.2028 37.7307
    endloop
  endfacet
  facet normal 0.788389 0.30265 0.53558
    outer loop
      vertex 46.6708 15.1643 37.7307
      vertex 42.1968 18.7872 42.2693
      vertex 43.9295 14.2736 42.2693
    endloop
  endfacet
  facet normal 0.698126 0.565332 0.439341
    outer loop
      vertex 38.2106 34.4049 32.943
      vertex 36.4681 32.836 37.7307
      vertex 39.7006 28.8442 37.7307
    endloop
  endfacet
  facet normal 0.656278 0.531444 0.535598
    outer loop
      vertex 39.7006 28.8442 37.7307
      vertex 36.4681 32.836 37.7307
      vertex 37.3686 27.1499 42.2693
    endloop
  endfacet
  facet normal 0.6074 0.491876 0.623797
    outer loop
      vertex 34.326 30.9073 42.2693
      vertex 31.8078 28.6399 46.5092
      vertex 34.6273 25.1582 46.5092
    endloop
  endfacet
  facet normal 0.607422 0.491867 0.623783
    outer loop
      vertex 37.3686 27.1499 42.2693
      vertex 34.326 30.9073 42.2693
      vertex 34.6273 25.1582 46.5092
    endloop
  endfacet
  facet normal 0.633486 0.322778 0.703214
    outer loop
      vertex 39.1013 17.409 46.5092
      vertex 33.7267 19.4721 50.4039
      vertex 35.5773 15.8401 50.4039
    endloop
  endfacet
  facet normal 0.612317 0.164072 0.773401
    outer loop
      vertex 37.0382 12.0344 50.4039
      vertex 32.9637 10.7106 53.9106
      vertex 33.9027 7.20624 53.9106
    endloop
  endfacet
  facet normal 0.398946 0.492641 0.7734
    outer loop
      vertex 26.0588 28.9412 50.4039
      vertex 22.8909 31.5066 50.4039
      vertex 23.1921 25.7575 53.9106
    endloop
  endfacet
  facet normal 0.398934 0.492643 0.773404
    outer loop
      vertex 22.8909 31.5066 50.4039
      vertex 20.3727 28.0406 53.9106
      vertex 23.1921 25.7575 53.9106
    endloop
  endfacet
  facet normal 0.552532 0.447444 0.703208
    outer loop
      vertex 31.8078 28.6399 46.5092
      vertex 28.9412 26.0588 50.4039
      vertex 34.6273 25.1582 46.5092
    endloop
  endfacet
  facet normal 0.252727 0.128769 0.958931
    outer loop
      vertex 17.093 9.86864 61.7431
      vertex 13.0222 5.79786 63.3626
      vertex 18.0309 8.02788 61.7431
    endloop
  endfacet
  facet normal 0.350677 0.134612 0.926771
    outer loop
      vertex 22.8421 10.1699 59.6115
      vertex 18.7713 6.09916 61.7431
      vertex 23.78 7.72658 59.6115
    endloop
  endfacet
  facet normal 0.36156 0.292785 0.885184
    outer loop
      vertex 22.2916 20.0714 56.9911
      vertex 18.5814 16.7308 59.6115
      vertex 20.2285 14.6968 59.6115
    endloop
  endfacet
  facet normal 0.315024 0.204581 0.926772
    outer loop
      vertex 20.2285 14.6968 59.6115
      vertex 15.9678 11.6013 61.7431
      vertex 21.6539 12.5019 59.6115
    endloop
  endfacet
  facet normal 0.252723 0.128773 0.958931
    outer loop
      vertex 17.093 9.86864 61.7431
      vertex 12.3448 7.12729 63.3626
      vertex 13.0222 5.79786 63.3626
    endloop
  endfacet
  facet normal 0.23788 0.154481 0.958931
    outer loop
      vertex 15.9678 11.6013 61.7431
      vertex 12.3448 7.12729 63.3626
      vertex 17.093 9.86864 61.7431
    endloop
  endfacet
  facet normal 0.544876 0.0862879 0.834065
    outer loop
      vertex 33.9027 7.20624 53.9106
      vertex 29.3408 6.23657 56.9911
      vertex 29.8319 3.13546 56.9911
    endloop
  endfacet
  facet normal 0.626113 0.0991606 0.773401
    outer loop
      vertex 38.7309 4.07078 50.4039
      vertex 33.9027 7.20624 53.9106
      vertex 34.4702 3.62297 53.9106
    endloop
  endfacet
  facet normal 0.447446 0.552532 0.703207
    outer loop
      vertex 25.1582 34.6273 46.5092
      vertex 22.8909 31.5066 50.4039
      vertex 26.0588 28.9412 50.4039
    endloop
  endfacet
  facet normal 0.447444 0.552532 0.703208
    outer loop
      vertex 28.6399 31.8078 46.5092
      vertex 25.1582 34.6273 46.5092
      vertex 26.0588 28.9412 50.4039
    endloop
  endfacet
  facet normal 0.202281 0.754958 0.623796
    outer loop
      vertex 14.2736 43.9295 42.2693
      vertex 9.60348 45.1808 42.2693
      vertex 13.2264 40.7068 46.5092
    endloop
  endfacet
  facet normal 0.202304 0.754963 0.623782
    outer loop
      vertex 9.60348 45.1808 42.2693
      vertex 8.89897 41.8664 46.5092
      vertex 13.2264 40.7068 46.5092
    endloop
  endfacet
  facet normal 0.142782 0.532863 0.834069
    outer loop
      vertex 10.7106 32.9637 53.9106
      vertex 7.20624 33.9027 53.9106
      vertex 9.26935 28.5281 56.9911
    endloop
  endfacet
  facet normal 0.12226 0.771975 0.623784
    outer loop
      vertex 4.82819 45.9371 42.2693
      vertex 4.47399 42.5672 46.5092
      vertex 8.89897 41.8664 46.5092
    endloop
  endfacet
  facet normal -0.0991695 -0.626116 0.773397
    outer loop
      vertex -7.20624 -33.9027 53.9106
      vertex -8.09696 -38.0932 50.4039
      vertex -4.07078 -38.7309 50.4039
    endloop
  endfacet
  facet normal -0.1321 -0.834079 0.535596
    outer loop
      vertex -9.60348 -45.1808 42.2693
      vertex -10.2028 -48.0003 37.7307
      vertex -4.82819 -45.9371 42.2693
    endloop
  endfacet
  facet normal -0.34526 -0.53165 0.773398
    outer loop
      vertex -17.3301 -30.0165 53.9106
      vertex -20.3727 -28.0406 53.9106
      vertex -19.4721 -33.7267 50.4039
    endloop
  endfacet
  facet normal -0.491867 -0.607422 0.623783
    outer loop
      vertex -25.1582 -34.6273 46.5092
      vertex -30.9073 -34.326 42.2693
      vertex -27.1499 -37.3686 42.2693
    endloop
  endfacet
  facet normal -0.0862939 -0.544871 0.834068
    outer loop
      vertex -3.13546 -29.8319 56.9911
      vertex -7.20624 -33.9027 53.9106
      vertex -3.62297 -34.4702 53.9106
    endloop
  endfacet
  facet normal -0.142793 -0.532865 0.834065
    outer loop
      vertex -6.23657 -29.3408 56.9911
      vertex -9.26935 -28.5281 56.9911
      vertex -7.20624 -33.9027 53.9106
    endloop
  endfacet
  facet normal -0.111214 -0.702228 0.703212
    outer loop
      vertex -4.07078 -38.7309 50.4039
      vertex -8.89897 -41.8664 46.5092
      vertex -4.47399 -42.5672 46.5092
    endloop
  endfacet
  facet normal -0.0372024 -0.71 0.703218
    outer loop
      vertex 0 -38.9442 50.4039
      vertex -4.07078 -38.7309 50.4039
      vertex 0 -42.8017 46.5092
    endloop
  endfacet
  facet normal 0.142793 -0.532865 0.834065
    outer loop
      vertex 9.26935 -28.5281 56.9911
      vertex 6.23657 -29.3408 56.9911
      vertex 7.20624 -33.9027 53.9106
    endloop
  endfacet
  facet normal 0.0243361 -0.464609 0.885182
    outer loop
      vertex 2.6136 -24.8668 59.6115
      vertex 0 -25.0037 59.6115
      vertex 3.13546 -29.8319 56.9911
    endloop
  endfacet
  facet normal -0.492641 -0.398946 0.7734
    outer loop
      vertex -25.7575 -23.1921 53.9106
      vertex -31.5066 -22.8909 50.4039
      vertex -28.9412 -26.0588 50.4039
    endloop
  endfacet
  facet normal -0.596287 -0.38722 0.703209
    outer loop
      vertex -33.7267 -19.4721 50.4039
      vertex -37.0673 -21.4008 46.5092
      vertex -34.6273 -25.1582 46.5092
    endloop
  endfacet
  facet normal -0.321926 -0.838657 0.439339
    outer loop
      vertex -19.9596 -44.8301 37.7307
      vertex -20.9133 -46.9721 32.943
      vertex -15.8888 -48.9008 32.943
    endloop
  endfacet
  facet normal -0.322789 -0.633486 0.703209
    outer loop
      vertex -19.4721 -33.7267 50.4039
      vertex -21.4008 -37.0673 46.5092
      vertex -17.409 -39.1013 46.5092
    endloop
  endfacet
  facet normal -0.383371 -0.752438 0.535597
    outer loop
      vertex -18.7872 -42.1968 42.2693
      vertex -23.0951 -40.0019 42.2693
      vertex -19.9596 -44.8301 37.7307
    endloop
  endfacet
  facet normal -0.38722 -0.596287 0.703209
    outer loop
      vertex -19.4721 -33.7267 50.4039
      vertex -25.1582 -34.6273 46.5092
      vertex -21.4008 -37.0673 46.5092
    endloop
  endfacet
  facet normal -0.800398 -0.407833 0.439358
    outer loop
      vertex -42.4981 -24.5363 37.7307
      vertex -44.8301 -19.9596 37.7307
      vertex -44.5288 -25.7087 32.943
    endloop
  endfacet
  facet normal -0.6074 -0.491876 0.623797
    outer loop
      vertex -31.8078 -28.6399 46.5092
      vertex -34.6273 -25.1582 46.5092
      vertex -34.326 -30.9073 42.2693
    endloop
  endfacet
  facet normal 0.00994068 -0.18971 0.98179
    outer loop
      vertex 0 -8.6157 64.4522
      vertex 0 -14.2546 63.3626
      vertex 0.900586 -8.56851 64.4522
    endloop
  endfacet
  facet normal -0.177354 -0.0680794 0.98179
    outer loop
      vertex -7.87084 -3.50432 64.4522
      vertex -13.5569 -4.40491 63.3626
      vertex -13.0222 -5.79786 63.3626
    endloop
  endfacet
  facet normal 0.034132 -0.0889177 0.995454
    outer loop
      vertex 3.50432 -7.87084 64.4522
      vertex 1.17239 -2.63323 65
      vertex 2.6624 -8.19402 64.4522
    endloop
  endfacet
  facet normal 0.0862458 -0.169267 0.981789
    outer loop
      vertex 4.30785 -7.46142 64.4522
      vertex 3.50432 -7.87084 64.4522
      vertex 7.12729 -12.3448 63.3626
    endloop
  endfacet
  facet normal 0.128773 -0.252723 0.958931
    outer loop
      vertex 7.12729 -12.3448 63.3626
      vertex 5.79786 -13.0222 63.3626
      vertex 9.86864 -17.093 61.7431
    endloop
  endfacet
  facet normal 0.334685 -0.170528 0.926772
    outer loop
      vertex 18.0309 -8.02788 61.7431
      vertex 17.093 -9.86864 61.7431
      vertex 21.6539 -12.5019 59.6115
    endloop
  endfacet
  facet normal 0.280147 -0.0443732 0.958931
    outer loop
      vertex 19.6292 -2.06311 61.7431
      vertex 14.1765 -1.49001 63.3626
      vertex 19.306 -4.10361 61.7431
    endloop
  endfacet
  facet normal 0.0919983 -0.0246508 0.995454
    outer loop
      vertex 8.42743 -1.7913 64.4522
      vertex 2.81944 -0.59929 65
      vertex 8.19402 -2.6624 64.4522
    endloop
  endfacet
  facet normal 0.449391 -0.120418 0.885182
    outer loop
      vertex 24.4574 -5.19857 59.6115
      vertex 23.78 -7.72658 59.6115
      vertex 28.5281 -9.26935 56.9911
    endloop
  endfacet
  facet normal 0.362826 -0.097222 0.926771
    outer loop
      vertex 24.4574 -5.19857 59.6115
      vertex 18.7713 -6.09916 61.7431
      vertex 23.78 -7.72658 59.6115
    endloop
  endfacet
  facet normal 0.0491682 -0.183499 0.98179
    outer loop
      vertex 2.6624 -8.19402 64.4522
      vertex 1.7913 -8.42743 64.4522
      vertex 4.40491 -13.5569 63.3626
    endloop
  endfacet
  facet normal 0.029717 -0.187632 0.98179
    outer loop
      vertex 1.7913 -8.42743 64.4522
      vertex 1.49001 -14.1765 63.3626
      vertex 2.96369 -13.9431 63.3626
    endloop
  endfacet
  facet normal 0.0443732 -0.280147 0.958931
    outer loop
      vertex 4.10361 -19.306 61.7431
      vertex 1.49001 -14.1765 63.3626
      vertex 2.06311 -19.6292 61.7431
    endloop
  endfacet
  facet normal 0.0587638 -0.371001 0.926771
    outer loop
      vertex 4.10361 -19.306 61.7431
      vertex 2.06311 -19.6292 61.7431
      vertex 2.6136 -24.8668 59.6115
    endloop
  endfacet
  facet normal 0.02436 -0.464597 0.885187
    outer loop
      vertex 0 -25.0037 59.6115
      vertex 0 -29.9963 56.9911
      vertex 3.13546 -29.8319 56.9911
    endloop
  endfacet
  facet normal -0.02436 -0.464597 0.885187
    outer loop
      vertex 0 -25.0037 59.6115
      vertex -3.13546 -29.8319 56.9911
      vertex 0 -29.9963 56.9911
    endloop
  endfacet
  facet normal 0.101652 -0.2648 0.958931
    outer loop
      vertex 8.02788 -18.0309 61.7431
      vertex 5.79786 -13.0222 63.3626
      vertex 6.09916 -18.7713 61.7431
    endloop
  endfacet
  facet normal 0.345244 -0.531651 0.773404
    outer loop
      vertex 20.3727 -28.0406 53.9106
      vertex 19.4721 -33.7267 50.4039
      vertex 22.8909 -31.5066 50.4039
    endloop
  endfacet
  facet normal 0.254785 -0.663757 0.703215
    outer loop
      vertex 15.8401 -35.5773 50.4039
      vertex 13.2264 -40.7068 46.5092
      vertex 17.409 -39.1013 46.5092
    endloop
  endfacet
  facet normal 0.211215 -0.414537 0.885182
    outer loop
      vertex 12.5019 -21.6539 59.6115
      vertex 10.1699 -22.8421 59.6115
      vertex 12.2006 -27.4029 56.9911
    endloop
  endfacet
  facet normal 0.491532 -0.250449 0.834069
    outer loop
      vertex 31.6636 -14.0975 53.9106
      vertex 27.4029 -12.2006 56.9911
      vertex 30.0165 -17.3301 53.9106
    endloop
  endfacet
  facet normal 0.515019 -0.197696 0.834069
    outer loop
      vertex 32.9637 -10.7106 53.9106
      vertex 27.4029 -12.2006 56.9911
      vertex 31.6636 -14.0975 53.9106
    endloop
  endfacet
  facet normal -0.0441923 -0.843318 0.535595
    outer loop
      vertex -4.82819 -45.9371 42.2693
      vertex -5.12948 -48.8038 37.7307
      vertex 0 -49.0726 37.7307
    endloop
  endfacet
  facet normal -0.0470101 -0.897088 0.439343
    outer loop
      vertex -5.12948 -48.8038 37.7307
      vertex -5.37458 -51.1357 32.943
      vertex 0 -49.0726 37.7307
    endloop
  endfacet
  facet normal -0.0509601 -0.972471 0.227382
    outer loop
      vertex 0 -53.1988 27.9587
      vertex -5.56079 -52.9074 27.9587
      vertex 0 -54.3974 22.8325
    endloop
  endfacet
  facet normal 0.0509601 -0.972471 0.227382
    outer loop
      vertex 0 -53.1988 27.9587
      vertex 0 -54.3974 22.8325
      vertex 5.56079 -52.9074 27.9587
    endloop
  endfacet
  facet normal 0.140522 -0.88726 0.439343
    outer loop
      vertex 10.2028 -48.0003 37.7307
      vertex 5.12948 -48.8038 37.7307
      vertex 5.37458 -51.1357 32.943
    endloop
  endfacet
  facet normal -0.0470192 -0.897084 0.439351
    outer loop
      vertex 0 -49.0726 37.7307
      vertex -5.37458 -51.1357 32.943
      vertex 0 -51.4174 32.943
    endloop
  endfacet
  facet normal 0.040916 -0.780522 0.623788
    outer loop
      vertex 0 -42.8017 46.5092
      vertex 0 -46.1902 42.2693
      vertex 4.82819 -45.9371 42.2693
    endloop
  endfacet
  facet normal 0.21856 -0.815712 0.53558
    outer loop
      vertex 14.2736 -43.9295 42.2693
      vertex 9.60348 -45.1808 42.2693
      vertex 15.1643 -46.6708 37.7307
    endloop
  endfacet
  facet normal 0.30265 -0.788389 0.53558
    outer loop
      vertex 18.7872 -42.1968 42.2693
      vertex 14.2736 -43.9295 42.2693
      vertex 15.1643 -46.6708 37.7307
    endloop
  endfacet
  facet normal 0.202281 -0.754958 0.623796
    outer loop
      vertex 13.2264 -40.7068 46.5092
      vertex 9.60348 -45.1808 42.2693
      vertex 14.2736 -43.9295 42.2693
    endloop
  endfacet
  facet normal 0.243758 -0.909714 0.336159
    outer loop
      vertex 15.8888 -48.9008 32.943
      vertex 11.0607 -52.0363 27.9587
      vertex 16.4393 -50.5951 27.9587
    endloop
  endfacet
  facet normal 0.252041 -0.940625 0.227376
    outer loop
      vertex 16.4393 -50.5951 27.9587
      vertex 11.0607 -52.0363 27.9587
      vertex 16.8097 -51.735 22.8325
    endloop
  endfacet
  facet normal 0.512952 -0.789858 0.336162
    outer loop
      vertex 30.2224 -41.5975 32.943
      vertex 25.7087 -44.5288 32.943
      vertex 31.2695 -43.0388 27.9587
    endloop
  endfacet
  facet normal 0.512936 -0.789878 0.336139
    outer loop
      vertex 31.2695 -43.0388 27.9587
      vertex 25.7087 -44.5288 32.943
      vertex 26.5994 -46.0715 27.9587
    endloop
  endfacet
  facet normal -0.050966 -0.972473 0.227376
    outer loop
      vertex -5.56079 -52.9074 27.9587
      vertex -5.68608 -54.0994 22.8325
      vertex 0 -54.3974 22.8325
    endloop
  endfacet
  facet normal 0.95955 -0.257116 0.114693
    outer loop
      vertex 53.2087 -11.3099 22.8325
      vertex 51.735 -16.8097 22.8325
      vertex 52.3081 -16.9959 17.6204
    endloop
  endfacet
  facet normal 0.959553 -0.257109 0.114685
    outer loop
      vertex 53.2087 -11.3099 22.8325
      vertex 52.3081 -16.9959 17.6204
      vertex 53.7981 -11.4351 17.6204
    endloop
  endfacet
  facet normal 0.833137 -0.541043 0.114693
    outer loop
      vertex 47.1095 -27.1987 22.8325
      vertex 44.0084 -31.974 22.8325
      vertex 44.4959 -32.3282 17.6204
    endloop
  endfacet
  facet normal 0.731918 -0.592705 0.336151
    outer loop
      vertex 43.0388 -31.2695 27.9587
      vertex 38.2106 -34.4049 32.943
      vertex 39.5344 -35.597 27.9587
    endloop
  endfacet
  facet normal 0.92742 -0.356002 0.114693
    outer loop
      vertex 51.735 -16.8097 22.8325
      vertex 49.6945 -22.1254 22.8325
      vertex 52.3081 -16.9959 17.6204
    endloop
  endfacet
  facet normal 0.909127 -0.34898 0.227376
    outer loop
      vertex 50.5951 -16.4393 27.9587
      vertex 49.6945 -22.1254 22.8325
      vertex 51.735 -16.8097 22.8325
    endloop
  endfacet
  facet normal 0.885127 -0.450993 0.114701
    outer loop
      vertex 50.245 -22.3705 17.6204
      vertex 47.1095 -27.1987 22.8325
      vertex 47.6314 -27.5 17.6204
    endloop
  endfacet
  facet normal 0.833133 -0.541048 0.1147
    outer loop
      vertex 47.1095 -27.1987 22.8325
      vertex 44.4959 -32.3282 17.6204
      vertex 47.6314 -27.5 17.6204
    endloop
  endfacet
  facet normal 0.816704 -0.530371 0.227379
    outer loop
      vertex 46.0715 -26.5994 27.9587
      vertex 44.0084 -31.974 22.8325
      vertex 47.1095 -27.1987 22.8325
    endloop
  endfacet
  facet normal 0.879252 -0.337521 0.336148
    outer loop
      vertex 50.5951 -16.4393 27.9587
      vertex 46.9721 -20.9133 32.943
      vertex 48.5995 -21.6379 27.9587
    endloop
  endfacet
  facet normal 0.447446 -0.552532 0.703207
    outer loop
      vertex 26.0588 -28.9412 50.4039
      vertex 22.8909 -31.5066 50.4039
      vertex 25.1582 -34.6273 46.5092
    endloop
  endfacet
  facet normal 0.300457 -0.46266 0.834069
    outer loop
      vertex 20.3727 -28.0406 53.9106
      vertex 14.9981 -25.9775 56.9911
      vertex 17.3301 -30.0165 53.9106
    endloop
  endfacet
  facet normal 0.447444 -0.552532 0.703208
    outer loop
      vertex 26.0588 -28.9412 50.4039
      vertex 25.1582 -34.6273 46.5092
      vertex 28.6399 -31.8078 46.5092
    endloop
  endfacet
  facet normal 0.491876 -0.6074 0.623797
    outer loop
      vertex 28.6399 -31.8078 46.5092
      vertex 25.1582 -34.6273 46.5092
      vertex 30.9073 -34.326 42.2693
    endloop
  endfacet
  facet normal 0.427571 -0.839159 0.336148
    outer loop
      vertex 26.5994 -46.0715 27.9587
      vertex 20.9133 -46.9721 32.943
      vertex 21.6379 -48.5995 27.9587
    endloop
  endfacet
  facet normal 0.530362 -0.816713 0.227366
    outer loop
      vertex 31.2695 -43.0388 27.9587
      vertex 26.5994 -46.0715 27.9587
      vertex 31.974 -44.0084 22.8325
    endloop
  endfacet
  facet normal 0.425698 -0.655497 0.623783
    outer loop
      vertex 25.1582 -34.6273 46.5092
      vertex 23.0951 -40.0019 42.2693
      vertex 27.1499 -37.3686 42.2693
    endloop
  endfacet
  facet normal 0.425671 -0.655499 0.623798
    outer loop
      vertex 25.1582 -34.6273 46.5092
      vertex 21.4008 -37.0673 46.5092
      vertex 23.0951 -40.0019 42.2693
    endloop
  endfacet
  facet normal 0.383371 -0.752438 0.535597
    outer loop
      vertex 23.0951 -40.0019 42.2693
      vertex 18.7872 -42.1968 42.2693
      vertex 19.9596 -44.8301 37.7307
    endloop
  endfacet
  facet normal 0.302626 -0.788387 0.535596
    outer loop
      vertex 18.7872 -42.1968 42.2693
      vertex 15.1643 -46.6708 37.7307
      vertex 19.9596 -44.8301 37.7307
    endloop
  endfacet
  facet normal -0.450998 0.885125 0.114695
    outer loop
      vertex -22.3705 50.245 17.6204
      vertex -27.1987 47.1095 22.8325
      vertex -22.1254 49.6945 22.8325
    endloop
  endfacet
  facet normal -0.450993 0.885127 0.114701
    outer loop
      vertex -22.3705 50.245 17.6204
      vertex -27.5 47.6314 17.6204
      vertex -27.1987 47.1095 22.8325
    endloop
  endfacet
  facet normal 0.407819 0.800415 0.43934
    outer loop
      vertex 20.9133 46.9721 32.943
      vertex 19.9596 44.8301 37.7307
      vertex 25.7087 44.5288 32.943
    endloop
  endfacet
  facet normal 0.427563 0.839167 0.336138
    outer loop
      vertex 26.5994 46.0715 27.9587
      vertex 20.9133 46.9721 32.943
      vertex 25.7087 44.5288 32.943
    endloop
  endfacet
  facet normal -0.140524 0.887261 0.439342
    outer loop
      vertex -5.37458 51.1357 32.943
      vertex -10.6903 50.2938 32.943
      vertex -10.2028 48.0003 37.7307
    endloop
  endfacet
  facet normal 0.140522 0.88726 0.439343
    outer loop
      vertex 5.37458 51.1357 32.943
      vertex 5.12948 48.8038 37.7307
      vertex 10.2028 48.0003 37.7307
    endloop
  endfacet
  facet normal 0.152333 0.961819 0.227376
    outer loop
      vertex 5.68608 54.0994 22.8325
      vertex 5.56079 52.9074 27.9587
      vertex 11.3099 53.2087 22.8325
    endloop
  endfacet
  facet normal 0.155398 0.981171 0.114695
    outer loop
      vertex 5.74907 54.6987 17.6204
      vertex 5.68608 54.0994 22.8325
      vertex 11.3099 53.2087 22.8325
    endloop
  endfacet
  facet normal -0.92742 0.356001 0.114695
    outer loop
      vertex -50.245 22.3705 17.6204
      vertex -52.3081 16.9959 17.6204
      vertex -49.6945 22.1254 22.8325
    endloop
  endfacet
  facet normal -0.867666 0.442102 0.227379
    outer loop
      vertex -47.1095 27.1987 22.8325
      vertex -49.6945 22.1254 22.8325
      vertex -46.0715 26.5994 27.9587
    endloop
  endfacet
  facet normal -0.752438 0.383371 0.535597
    outer loop
      vertex -40.0019 23.0951 42.2693
      vertex -44.8301 19.9596 37.7307
      vertex -42.1968 18.7872 42.2693
    endloop
  endfacet
  facet normal -0.696404 0.354822 0.623798
    outer loop
      vertex -40.0019 23.0951 42.2693
      vertex -42.1968 18.7872 42.2693
      vertex -37.0673 21.4008 46.5092
    endloop
  endfacet
  facet normal -0.492643 0.398934 0.773404
    outer loop
      vertex -25.7575 23.1921 53.9106
      vertex -31.5066 22.8909 50.4039
      vertex -28.0406 20.3727 53.9106
    endloop
  endfacet
  facet normal -0.552532 0.447446 0.703207
    outer loop
      vertex -28.9412 26.0588 50.4039
      vertex -34.6273 25.1582 46.5092
      vertex -31.5066 22.8909 50.4039
    endloop
  endfacet
  facet normal -0.491533 0.250449 0.834069
    outer loop
      vertex -25.9775 14.9981 56.9911
      vertex -30.0165 17.3301 53.9106
      vertex -27.4029 12.2006 56.9911
    endloop
  endfacet
  facet normal -0.428723 0.347178 0.834064
    outer loop
      vertex -22.2916 20.0714 56.9911
      vertex -28.0406 20.3727 53.9106
      vertex -24.2675 17.6314 56.9911
    endloop
  endfacet
  facet normal -0.6074 0.491876 0.623797
    outer loop
      vertex -34.326 30.9073 42.2693
      vertex -34.6273 25.1582 46.5092
      vertex -31.8078 28.6399 46.5092
    endloop
  endfacet
  facet normal -0.655499 0.425671 0.623798
    outer loop
      vertex -34.6273 25.1582 46.5092
      vertex -40.0019 23.0951 42.2693
      vertex -37.0673 21.4008 46.5092
    endloop
  endfacet
  facet normal -0.696404 0.354849 0.623782
    outer loop
      vertex -37.0673 21.4008 46.5092
      vertex -42.1968 18.7872 42.2693
      vertex -39.1013 17.409 46.5092
    endloop
  endfacet
  facet normal -0.834079 0.132099 0.535595
    outer loop
      vertex -48.0003 10.2028 37.7307
      vertex -48.8038 5.12948 37.7307
      vertex -45.9371 4.82819 42.2693
    endloop
  endfacet
  facet normal -0.930214 -0.147327 0.336149
    outer loop
      vertex -51.1357 -5.37458 32.943
      vertex -52.0363 -11.0607 27.9587
      vertex -50.2938 -10.6903 32.943
    endloop
  endfacet
  facet normal -0.909714 -0.243769 0.336149
    outer loop
      vertex -50.2938 -10.6903 32.943
      vertex -52.0363 -11.0607 27.9587
      vertex -48.9008 -15.8888 32.943
    endloop
  endfacet
  facet normal -0.612844 -0.756787 0.227367
    outer loop
      vertex -31.2695 -43.0388 27.9587
      vertex -35.597 -39.5344 27.9587
      vertex -31.974 -44.0084 22.8325
    endloop
  endfacet
  facet normal -0.688584 -0.688584 0.227388
    outer loop
      vertex -40.4252 -36.399 22.8325
      vertex -35.597 -39.5344 27.9587
      vertex -39.5344 -35.597 27.9587
    endloop
  endfacet
  facet normal -0.688584 -0.688584 0.227388
    outer loop
      vertex -35.597 -39.5344 27.9587
      vertex -40.4252 -36.399 22.8325
      vertex -36.399 -40.4252 22.8325
    endloop
  endfacet
  facet normal -0.427563 -0.839167 0.336138
    outer loop
      vertex -25.7087 -44.5288 32.943
      vertex -26.5994 -46.0715 27.9587
      vertex -20.9133 -46.9721 32.943
    endloop
  endfacet
  facet normal -0.427571 -0.839159 0.336148
    outer loop
      vertex -20.9133 -46.9721 32.943
      vertex -26.5994 -46.0715 27.9587
      vertex -21.6379 -48.5995 27.9587
    endloop
  endfacet
  facet normal -0.756787 -0.612844 0.227367
    outer loop
      vertex -43.0388 -31.2695 27.9587
      vertex -44.0084 -31.974 22.8325
      vertex -39.5344 -35.597 27.9587
    endloop
  endfacet
  facet normal -0.592705 -0.731918 0.336151
    outer loop
      vertex -34.4049 -38.2106 32.943
      vertex -35.597 -39.5344 27.9587
      vertex -31.2695 -43.0388 27.9587
    endloop
  endfacet
  facet normal -0.70825 -0.45993 0.53558
    outer loop
      vertex -40.0019 -23.0951 42.2693
      vertex -42.4981 -24.5363 37.7307
      vertex -39.7006 -28.8442 37.7307
    endloop
  endfacet
  facet normal -0.752438 -0.383395 0.53558
    outer loop
      vertex -40.0019 -23.0951 42.2693
      vertex -44.8301 -19.9596 37.7307
      vertex -42.4981 -24.5363 37.7307
    endloop
  endfacet
  facet normal -0.698129 -0.56533 0.439338
    outer loop
      vertex -39.7006 -28.8442 37.7307
      vertex -41.5975 -30.2224 32.943
      vertex -38.2106 -34.4049 32.943
    endloop
  endfacet
  facet normal -0.731921 -0.592694 0.336161
    outer loop
      vertex -41.5975 -30.2224 32.943
      vertex -43.0388 -31.2695 27.9587
      vertex -38.2106 -34.4049 32.943
    endloop
  endfacet
  facet normal -0.95955 0.257116 0.114693
    outer loop
      vertex -52.3081 16.9959 17.6204
      vertex -53.2087 11.3099 22.8325
      vertex -51.735 16.8097 22.8325
    endloop
  endfacet
  facet normal -0.204579 0.315025 0.926772
    outer loop
      vertex -9.86864 17.093 61.7431
      vertex -12.5019 21.6539 59.6115
      vertex -11.6013 15.9678 61.7431
    endloop
  endfacet
  facet normal -0.253382 0.390193 0.885182
    outer loop
      vertex -14.9981 25.9775 56.9911
      vertex -17.6314 24.2675 56.9911
      vertex -12.5019 21.6539 59.6115
    endloop
  endfacet
  facet normal -0.531651 0.345244 0.773404
    outer loop
      vertex -31.5066 22.8909 50.4039
      vertex -33.7267 19.4721 50.4039
      vertex -28.0406 20.3727 53.9106
    endloop
  endfacet
  facet normal -0.53165 0.34526 0.773398
    outer loop
      vertex -28.0406 20.3727 53.9106
      vertex -33.7267 19.4721 50.4039
      vertex -30.0165 17.3301 53.9106
    endloop
  endfacet
  facet normal -0.22043 0.1785 0.958931
    outer loop
      vertex -14.6677 13.2068 61.7431
      vertex -15.9678 11.6013 61.7431
      vertex -10.5932 9.53818 63.3626
    endloop
  endfacet
  facet normal -0.200564 0.200564 0.958931
    outer loop
      vertex -13.2068 14.6677 61.7431
      vertex -10.5932 9.53818 63.3626
      vertex -9.53818 10.5932 63.3626
    endloop
  endfacet
  facet normal -0.200564 0.200564 0.958931
    outer loop
      vertex -10.5932 9.53818 63.3626
      vertex -13.2068 14.6677 61.7431
      vertex -14.6677 13.2068 61.7431
    endloop
  endfacet
  facet normal -0.273976 -0.0734108 0.958931
    outer loop
      vertex -13.9431 -2.96369 63.3626
      vertex -19.306 -4.10361 61.7431
      vertex -18.7713 -6.09916 61.7431
    endloop
  endfacet
  facet normal -0.280147 -0.0443732 0.958931
    outer loop
      vertex -14.1765 -1.49001 63.3626
      vertex -19.6292 -2.06311 61.7431
      vertex -19.306 -4.10361 61.7431
    endloop
  endfacet
  facet normal -0.428723 -0.347178 0.834064
    outer loop
      vertex -24.2675 -17.6314 56.9911
      vertex -28.0406 -20.3727 53.9106
      vertex -22.2916 -20.0714 56.9911
    endloop
  endfacet
  facet normal -0.36156 -0.292785 0.885184
    outer loop
      vertex -20.2285 -14.6968 59.6115
      vertex -22.2916 -20.0714 56.9911
      vertex -18.5814 -16.7308 59.6115
    endloop
  endfacet
  facet normal -0.237884 -0.154478 0.958931
    outer loop
      vertex -12.3448 -7.12729 63.3626
      vertex -15.9678 -11.6013 61.7431
      vertex -11.5322 -8.37863 63.3626
    endloop
  endfacet
  facet normal -0.159325 -0.103463 0.98179
    outer loop
      vertex -6.97025 -5.06418 64.4522
      vertex -12.3448 -7.12729 63.3626
      vertex -11.5322 -8.37863 63.3626
    endloop
  endfacet
  facet normal -0.491532 -0.250449 0.834069
    outer loop
      vertex -27.4029 -12.2006 56.9911
      vertex -31.6636 -14.0975 53.9106
      vertex -30.0165 -17.3301 53.9106
    endloop
  endfacet
  facet normal -0.515019 -0.197696 0.834069
    outer loop
      vertex -27.4029 -12.2006 56.9911
      vertex -32.9637 -10.7106 53.9106
      vertex -31.6636 -14.0975 53.9106
    endloop
  endfacet
  facet normal -0.292785 -0.36156 0.885184
    outer loop
      vertex -16.7308 -18.5814 59.6115
      vertex -20.0714 -22.2916 56.9911
      vertex -14.6968 -20.2285 59.6115
    endloop
  endfacet
  facet normal -0.197697 -0.515019 0.834069
    outer loop
      vertex -9.26935 -28.5281 56.9911
      vertex -12.2006 -27.4029 56.9911
      vertex -10.7106 -32.9637 53.9106
    endloop
  endfacet
  facet normal -0.197696 -0.515019 0.834069
    outer loop
      vertex -12.2006 -27.4029 56.9911
      vertex -14.0975 -31.6636 53.9106
      vertex -10.7106 -32.9637 53.9106
    endloop
  endfacet
  facet normal -0.253382 -0.390193 0.885182
    outer loop
      vertex -12.5019 -21.6539 59.6115
      vertex -17.6314 -24.2675 56.9911
      vertex -14.9981 -25.9775 56.9911
    endloop
  endfacet
  facet normal -0.0196483 -0.375112 0.926771
    outer loop
      vertex -2.06311 -19.6292 61.7431
      vertex -2.6136 -24.8668 59.6115
      vertex 0 -25.0037 59.6115
    endloop
  endfacet
  facet normal -0.0196547 -0.375115 0.92677
    outer loop
      vertex 0 -19.7373 61.7431
      vertex -2.06311 -19.6292 61.7431
      vertex 0 -25.0037 59.6115
    endloop
  endfacet
  facet normal -0.0518737 -0.0798779 0.995454
    outer loop
      vertex -1.69425 -2.33193 65
      vertex -5.06418 -6.97025 64.4522
      vertex -4.30785 -7.46142 64.4522
    endloop
  endfacet
  facet normal -0.0297191 -0.187632 0.98179
    outer loop
      vertex -0.900586 -8.56851 64.4522
      vertex -1.7913 -8.42743 64.4522
      vertex -1.49001 -14.1765 63.3626
    endloop
  endfacet
  facet normal -0.166728 -0.434344 0.885182
    outer loop
      vertex -7.72658 -23.78 59.6115
      vertex -10.1699 -22.8421 59.6115
      vertex -9.26935 -28.5281 56.9911
    endloop
  endfacet
  facet normal -0.166729 -0.434344 0.885182
    outer loop
      vertex -10.1699 -22.8421 59.6115
      vertex -12.2006 -27.4029 56.9911
      vertex -9.26935 -28.5281 56.9911
    endloop
  endfacet
  facet normal -0.2648 -0.101647 0.958931
    outer loop
      vertex -13.5569 -4.40491 63.3626
      vertex -18.7713 -6.09916 61.7431
      vertex -13.0222 -5.79786 63.3626
    endloop
  endfacet
  facet normal -0.187632 -0.029717 0.98179
    outer loop
      vertex -8.42743 -1.7913 64.4522
      vertex -14.1765 -1.49001 63.3626
      vertex -13.9431 -2.96369 63.3626
    endloop
  endfacet
  facet normal -0.0940709 -0.0148999 0.995454
    outer loop
      vertex -2.81944 -0.59929 65
      vertex -8.56851 -0.900586 64.4522
      vertex -8.42743 -1.7913 64.4522
    endloop
  endfacet
  facet normal -0.0848627 -0.0432398 0.995454
    outer loop
      vertex -2.63323 -1.17239 65
      vertex -7.87084 -3.50432 64.4522
      vertex -7.46142 -4.30785 64.4522
    endloop
  endfacet
  facet normal -0.350673 0.134617 0.926772
    outer loop
      vertex -18.0309 8.02788 61.7431
      vertex -22.8421 10.1699 59.6115
      vertex -18.7713 6.09916 61.7431
    endloop
  endfacet
  facet normal -0.350677 0.134612 0.926771
    outer loop
      vertex -22.8421 10.1699 59.6115
      vertex -23.78 7.72658 59.6115
      vertex -18.7713 6.09916 61.7431
    endloop
  endfacet
  facet normal -0.280147 0.0443732 0.958931
    outer loop
      vertex -19.306 4.10361 61.7431
      vertex -19.6292 2.06311 61.7431
      vertex -14.1765 1.49001 63.3626
    endloop
  endfacet
  facet normal -0.371001 0.0587638 0.926771
    outer loop
      vertex -19.306 4.10361 61.7431
      vertex -24.8668 2.6136 59.6115
      vertex -19.6292 2.06311 61.7431
    endloop
  endfacet
  facet normal -0.753391 0.489269 0.439338
    outer loop
      vertex -41.5975 30.2224 32.943
      vertex -44.5288 25.7087 32.943
      vertex -39.7006 28.8442 37.7307
    endloop
  endfacet
  facet normal -0.698129 0.56533 0.439338
    outer loop
      vertex -38.2106 34.4049 32.943
      vertex -41.5975 30.2224 32.943
      vertex -39.7006 28.8442 37.7307
    endloop
  endfacet
  facet normal -0.597137 0.597137 0.535589
    outer loop
      vertex -36.4681 32.836 37.7307
      vertex -30.9073 34.326 42.2693
      vertex -32.836 36.4681 37.7307
    endloop
  endfacet
  facet normal -0.597137 0.597137 0.535589
    outer loop
      vertex -30.9073 34.326 42.2693
      vertex -36.4681 32.836 37.7307
      vertex -34.326 30.9073 42.2693
    endloop
  endfacet
  facet normal -0.635209 0.635209 0.43934
    outer loop
      vertex -38.2106 34.4049 32.943
      vertex -32.836 36.4681 37.7307
      vertex -34.4049 38.2106 32.943
    endloop
  endfacet
  facet normal -0.635209 0.635209 0.43934
    outer loop
      vertex -32.836 36.4681 37.7307
      vertex -38.2106 34.4049 32.943
      vertex -36.4681 32.836 37.7307
    endloop
  endfacet
  facet normal 0.0889177 0.034132 0.995454
    outer loop
      vertex 7.87084 3.50432 64.4522
      vertex 2.63323 1.17239 65
      vertex 8.19402 2.6624 64.4522
    endloop
  endfacet
  facet normal 0.0919981 0.0246515 0.995454
    outer loop
      vertex 8.19402 2.6624 64.4522
      vertex 2.74135 0.890718 65
      vertex 2.81944 0.59929 65
    endloop
  endfacet
  facet normal 0.0491713 0.183497 0.98179
    outer loop
      vertex 2.96369 13.9431 63.3626
      vertex 1.7913 8.42743 64.4522
      vertex 4.40491 13.5569 63.3626
    endloop
  endfacet
  facet normal 0.154481 0.23788 0.958931
    outer loop
      vertex 9.86864 17.093 61.7431
      vertex 7.12729 12.3448 63.3626
      vertex 11.6013 15.9678 61.7431
    endloop
  endfacet
  facet normal 0.128769 0.252727 0.958931
    outer loop
      vertex 8.02788 18.0309 61.7431
      vertex 5.79786 13.0222 63.3626
      vertex 9.86864 17.093 61.7431
    endloop
  endfacet
  facet normal 0.059939 0.0740181 0.995454
    outer loop
      vertex 5.06418 6.97025 64.4522
      vertex 1.92872 2.14206 65
      vertex 5.76503 6.40271 64.4522
    endloop
  endfacet
  facet normal 0.0862458 0.169267 0.981789
    outer loop
      vertex 7.12729 12.3448 63.3626
      vertex 3.50432 7.87084 64.4522
      vertex 4.30785 7.46142 64.4522
    endloop
  endfacet
  facet normal 0.119553 0.147635 0.98179
    outer loop
      vertex 9.53818 10.5932 63.3626
      vertex 5.06418 6.97025 64.4522
      vertex 5.76503 6.40271 64.4522
    endloop
  endfacet
  facet normal -0.0288856 0.55091 0.834064
    outer loop
      vertex 0 34.6601 53.9106
      vertex -3.13546 29.8319 56.9911
      vertex 0 29.9963 56.9911
    endloop
  endfacet
  facet normal -0.02436 0.464597 0.885187
    outer loop
      vertex 0 29.9963 56.9911
      vertex -3.13546 29.8319 56.9911
      vertex 0 25.0037 59.6115
    endloop
  endfacet
  facet normal -0.0587638 0.371001 0.926771
    outer loop
      vertex -2.6136 24.8668 59.6115
      vertex -4.10361 19.306 61.7431
      vertex -2.06311 19.6292 61.7431
    endloop
  endfacet
  facet normal -0.0196483 0.375112 0.926771
    outer loop
      vertex 0 25.0037 59.6115
      vertex -2.6136 24.8668 59.6115
      vertex -2.06311 19.6292 61.7431
    endloop
  endfacet
  facet normal -0.253389 0.390181 0.885185
    outer loop
      vertex -12.5019 21.6539 59.6115
      vertex -17.6314 24.2675 56.9911
      vertex -14.6968 20.2285 59.6115
    endloop
  endfacet
  facet normal -0.300457 0.46266 0.834069
    outer loop
      vertex -17.3301 30.0165 53.9106
      vertex -20.3727 28.0406 53.9106
      vertex -14.9981 25.9775 56.9911
    endloop
  endfacet
  facet normal -0.097222 0.362826 0.926771
    outer loop
      vertex -5.19857 24.4574 59.6115
      vertex -7.72658 23.78 59.6115
      vertex -6.09916 18.7713 61.7431
    endloop
  endfacet
  facet normal 0.0246508 0.0919983 0.995454
    outer loop
      vertex 1.7913 8.42743 64.4522
      vertex 0.59929 2.81944 65
      vertex 2.6624 8.19402 64.4522
    endloop
  endfacet
  facet normal 0.097222 0.362826 0.926771
    outer loop
      vertex 7.72658 23.78 59.6115
      vertex 5.19857 24.4574 59.6115
      vertex 6.09916 18.7713 61.7431
    endloop
  endfacet
  facet normal -0.0149001 0.0940709 0.995454
    outer loop
      vertex -0.301295 2.86664 65
      vertex -0.900586 8.56851 64.4522
      vertex -0.59929 2.81944 65
    endloop
  endfacet
  facet normal 0.00498386 0.0951132 0.995454
    outer loop
      vertex 0.900586 8.56851 64.4522
      vertex 0 8.6157 64.4522
      vertex 0.301295 2.86664 65
    endloop
  endfacet
  facet normal 0.211217 0.414536 0.885182
    outer loop
      vertex 14.9981 25.9775 56.9911
      vertex 12.2006 27.4029 56.9911
      vertex 12.5019 21.6539 59.6115
    endloop
  endfacet
  facet normal 0.211215 0.414537 0.885182
    outer loop
      vertex 12.2006 27.4029 56.9911
      vertex 10.1699 22.8421 59.6115
      vertex 12.5019 21.6539 59.6115
    endloop
  endfacet
  facet normal 0.111224 0.702221 0.703218
    outer loop
      vertex 8.89897 41.8664 46.5092
      vertex 4.07078 38.7309 50.4039
      vertex 8.09696 38.0932 50.4039
    endloop
  endfacet
  facet normal 0.197696 0.515019 0.834069
    outer loop
      vertex 14.0975 31.6636 53.9106
      vertex 10.7106 32.9637 53.9106
      vertex 12.2006 27.4029 56.9911
    endloop
  endfacet
  facet normal 0.250449 0.491533 0.834069
    outer loop
      vertex 17.3301 30.0165 53.9106
      vertex 12.2006 27.4029 56.9911
      vertex 14.9981 25.9775 56.9911
    endloop
  endfacet
  facet normal 0.250449 0.491532 0.834069
    outer loop
      vertex 14.0975 31.6636 53.9106
      vertex 12.2006 27.4029 56.9911
      vertex 17.3301 30.0165 53.9106
    endloop
  endfacet
  facet normal -0.0409105 0.780525 0.623784
    outer loop
      vertex 0 42.8017 46.5092
      vertex -4.82819 45.9371 42.2693
      vertex -4.47399 42.5672 46.5092
    endloop
  endfacet
  facet normal 0.0470192 0.897084 0.439351
    outer loop
      vertex 0 51.4174 32.943
      vertex 0 49.0726 37.7307
      vertex 5.37458 51.1357 32.943
    endloop
  endfacet
  facet normal -0.0492855 0.940517 0.336154
    outer loop
      vertex 0 53.1988 27.9587
      vertex -5.56079 52.9074 27.9587
      vertex -5.37458 51.1357 32.943
    endloop
  endfacet
  facet normal -0.0509601 0.972471 0.227382
    outer loop
      vertex 0 54.3974 22.8325
      vertex -5.56079 52.9074 27.9587
      vertex 0 53.1988 27.9587
    endloop
  endfacet
  facet normal -0.0441923 0.843318 0.535595
    outer loop
      vertex 0 49.0726 37.7307
      vertex -5.12948 48.8038 37.7307
      vertex -4.82819 45.9371 42.2693
    endloop
  endfacet
  facet normal 0.0442082 0.843324 0.535583
    outer loop
      vertex 0 49.0726 37.7307
      vertex 0 46.1902 42.2693
      vertex 4.82819 45.9371 42.2693
    endloop
  endfacet
  facet normal -0.45993 0.70825 0.53558
    outer loop
      vertex -24.5363 42.4981 37.7307
      vertex -28.8442 39.7006 37.7307
      vertex -23.0951 40.0019 42.2693
    endloop
  endfacet
  facet normal -0.232514 0.867707 0.439343
    outer loop
      vertex -10.2028 48.0003 37.7307
      vertex -15.8888 48.9008 32.943
      vertex -15.1643 46.6708 37.7307
    endloop
  endfacet
  facet normal -0.491876 0.6074 0.623797
    outer loop
      vertex -25.1582 34.6273 46.5092
      vertex -30.9073 34.326 42.2693
      vertex -28.6399 31.8078 46.5092
    endloop
  endfacet
  facet normal -0.398946 0.492641 0.7734
    outer loop
      vertex -22.8909 31.5066 50.4039
      vertex -26.0588 28.9412 50.4039
      vertex -23.1921 25.7575 53.9106
    endloop
  endfacet
  facet normal 0.111214 0.702228 0.703212
    outer loop
      vertex 4.47399 42.5672 46.5092
      vertex 4.07078 38.7309 50.4039
      vertex 8.89897 41.8664 46.5092
    endloop
  endfacet
  facet normal 0.0409105 0.780525 0.623784
    outer loop
      vertex 4.82819 45.9371 42.2693
      vertex 0 42.8017 46.5092
      vertex 4.47399 42.5672 46.5092
    endloop
  endfacet
  facet normal -0.12226 0.771975 0.623784
    outer loop
      vertex -4.82819 45.9371 42.2693
      vertex -8.89897 41.8664 46.5092
      vertex -4.47399 42.5672 46.5092
    endloop
  endfacet
  facet normal -0.280092 0.729688 0.623782
    outer loop
      vertex -13.2264 40.7068 46.5092
      vertex -18.7872 42.1968 42.2693
      vertex -17.409 39.1013 46.5092
    endloop
  endfacet
  facet normal -0.250449 0.491532 0.834069
    outer loop
      vertex -14.0975 31.6636 53.9106
      vertex -17.3301 30.0165 53.9106
      vertex -12.2006 27.4029 56.9911
    endloop
  endfacet
  facet normal -0.164066 0.612322 0.773398
    outer loop
      vertex -8.09696 38.0932 50.4039
      vertex -12.0344 37.0382 50.4039
      vertex -7.20624 33.9027 53.9106
    endloop
  endfacet
  facet normal 0.0848613 0.0432419 0.995454
    outer loop
      vertex 7.46142 4.30785 64.4522
      vertex 2.49625 1.44121 65
      vertex 2.63323 1.17239 65
    endloop
  endfacet
  facet normal 0.0848627 0.0432398 0.995454
    outer loop
      vertex 7.46142 4.30785 64.4522
      vertex 2.63323 1.17239 65
      vertex 7.87084 3.50432 64.4522
    endloop
  endfacet
  facet normal 0.0740181 0.059939 0.995454
    outer loop
      vertex 6.40271 5.76503 64.4522
      vertex 2.14206 1.92872 65
      vertex 6.97025 5.06418 64.4522
    endloop
  endfacet
  facet normal -0.18971 0.00994068 0.98179
    outer loop
      vertex -8.56851 0.900586 64.4522
      vertex -14.2546 0 63.3626
      vertex -8.6157 0 64.4522
    endloop
  endfacet
  facet normal -0.18971 -0.00994068 0.98179
    outer loop
      vertex -8.6157 0 64.4522
      vertex -14.2546 0 63.3626
      vertex -8.56851 -0.900586 64.4522
    endloop
  endfacet
  facet normal -0.0432398 0.0848627 0.995454
    outer loop
      vertex -3.50432 7.87084 64.4522
      vertex -4.30785 7.46142 64.4522
      vertex -1.17239 2.63323 65
    endloop
  endfacet
  facet normal -0.147635 0.119553 0.98179
    outer loop
      vertex -6.40271 5.76503 64.4522
      vertex -10.5932 9.53818 63.3626
      vertex -6.97025 5.06418 64.4522
    endloop
  endfacet
  facet normal -0.187632 0.0297191 0.98179
    outer loop
      vertex -8.42743 1.7913 64.4522
      vertex -14.1765 1.49001 63.3626
      vertex -8.56851 0.900586 64.4522
    endloop
  endfacet
  facet normal -0.0951132 0.00498461 0.995454
    outer loop
      vertex -2.86664 0.301295 65
      vertex -8.6157 0 64.4522
      vertex -2.88243 0 65
    endloop
  endfacet
  facet normal -0.159325 0.103463 0.98179
    outer loop
      vertex -11.5322 8.37863 63.3626
      vertex -12.3448 7.12729 63.3626
      vertex -6.97025 5.06418 64.4522
    endloop
  endfacet
  facet normal -0.23788 0.154481 0.958931
    outer loop
      vertex -15.9678 11.6013 61.7431
      vertex -17.093 9.86864 61.7431
      vertex -12.3448 7.12729 63.3626
    endloop
  endfacet
  facet normal -0.103463 0.159325 0.98179
    outer loop
      vertex -7.12729 12.3448 63.3626
      vertex -8.37863 11.5322 63.3626
      vertex -5.06418 6.97025 64.4522
    endloop
  endfacet
  facet normal -0.154481 0.23788 0.958931
    outer loop
      vertex -9.86864 17.093 61.7431
      vertex -11.6013 15.9678 61.7431
      vertex -7.12729 12.3448 63.3626
    endloop
  endfacet
  facet normal 0.833137 0.541043 0.114693
    outer loop
      vertex 44.4959 32.3282 17.6204
      vertex 44.0084 31.974 22.8325
      vertex 47.1095 27.1987 22.8325
    endloop
  endfacet
  facet normal 0.62516 0.772024 0.114693
    outer loop
      vertex 32.3282 44.4959 17.6204
      vertex 31.974 44.0084 22.8325
      vertex 36.8022 40.873 17.6204
    endloop
  endfacet
  facet normal 0.541043 0.833137 0.114693
    outer loop
      vertex 32.3282 44.4959 17.6204
      vertex 27.1987 47.1095 22.8325
      vertex 31.974 44.0084 22.8325
    endloop
  endfacet
  facet normal 0.625158 0.772026 0.11469
    outer loop
      vertex 36.8022 40.873 17.6204
      vertex 31.974 44.0084 22.8325
      vertex 36.399 40.4252 22.8325
    endloop
  endfacet
  facet normal 0.981171 0.155406 0.114687
    outer loop
      vertex 53.7981 11.4351 17.6204
      vertex 53.2087 11.3099 22.8325
      vertex 54.6987 5.74907 17.6204
    endloop
  endfacet
  facet normal 0.843324 0.0442082 0.535583
    outer loop
      vertex 49.0726 0 37.7307
      vertex 45.9371 4.82819 42.2693
      vertex 46.1902 0 42.2693
    endloop
  endfacet
  facet normal 0.834079 -0.1321 0.535596
    outer loop
      vertex 45.9371 -4.82819 42.2693
      vertex 45.1808 -9.60348 42.2693
      vertex 48.0003 -10.2028 37.7307
    endloop
  endfacet
  facet normal 0.867707 -0.232514 0.439343
    outer loop
      vertex 48.0003 -10.2028 37.7307
      vertex 46.6708 -15.1643 37.7307
      vertex 48.9008 -15.8888 32.943
    endloop
  endfacet
  facet normal 0.867708 -0.232513 0.439342
    outer loop
      vertex 50.2938 -10.6903 32.943
      vertex 48.0003 -10.2028 37.7307
      vertex 48.9008 -15.8888 32.943
    endloop
  endfacet
  facet normal 0.815712 0.21856 0.53558
    outer loop
      vertex 46.6708 15.1643 37.7307
      vertex 43.9295 14.2736 42.2693
      vertex 45.1808 9.60348 42.2693
    endloop
  endfacet
  facet normal 0.754958 0.202281 0.623796
    outer loop
      vertex 43.9295 14.2736 42.2693
      vertex 40.7068 13.2264 46.5092
      vertex 45.1808 9.60348 42.2693
    endloop
  endfacet
  facet normal 0.752438 0.383395 0.53558
    outer loop
      vertex 42.4981 24.5363 37.7307
      vertex 40.0019 23.0951 42.2693
      vertex 44.8301 19.9596 37.7307
    endloop
  endfacet
  facet normal 0.800398 0.407833 0.439358
    outer loop
      vertex 44.5288 25.7087 32.943
      vertex 42.4981 24.5363 37.7307
      vertex 44.8301 19.9596 37.7307
    endloop
  endfacet
  facet normal 0.698129 0.56533 0.439338
    outer loop
      vertex 41.5975 30.2224 32.943
      vertex 38.2106 34.4049 32.943
      vertex 39.7006 28.8442 37.7307
    endloop
  endfacet
  facet normal 0.753391 0.489269 0.439338
    outer loop
      vertex 41.5975 30.2224 32.943
      vertex 39.7006 28.8442 37.7307
      vertex 44.5288 25.7087 32.943
    endloop
  endfacet
  facet normal 0.491867 0.607422 0.623783
    outer loop
      vertex 27.1499 37.3686 42.2693
      vertex 25.1582 34.6273 46.5092
      vertex 30.9073 34.326 42.2693
    endloop
  endfacet
  facet normal 0.491876 0.6074 0.623797
    outer loop
      vertex 30.9073 34.326 42.2693
      vertex 25.1582 34.6273 46.5092
      vertex 28.6399 31.8078 46.5092
    endloop
  endfacet
  facet normal 0.564827 0.287794 0.773398
    outer loop
      vertex 33.7267 19.4721 50.4039
      vertex 30.0165 17.3301 53.9106
      vertex 35.5773 15.8401 50.4039
    endloop
  endfacet
  facet normal 0.68675 0.184008 0.703218
    outer loop
      vertex 41.8664 8.89897 46.5092
      vertex 37.0382 12.0344 50.4039
      vertex 38.0932 8.09696 50.4039
    endloop
  endfacet
  facet normal 0.428724 0.347173 0.834066
    outer loop
      vertex 25.7575 23.1921 53.9106
      vertex 22.2916 20.0714 56.9911
      vertex 28.0406 20.3727 53.9106
    endloop
  endfacet
  facet normal 0.428723 0.347178 0.834064
    outer loop
      vertex 28.0406 20.3727 53.9106
      vertex 22.2916 20.0714 56.9911
      vertex 24.2675 17.6314 56.9911
    endloop
  endfacet
  facet normal 0.291916 0.236388 0.926772
    outer loop
      vertex 20.2285 14.6968 59.6115
      vertex 14.6677 13.2068 61.7431
      vertex 15.9678 11.6013 61.7431
    endloop
  endfacet
  facet normal 0.22043 0.1785 0.958931
    outer loop
      vertex 14.6677 13.2068 61.7431
      vertex 10.5932 9.53818 63.3626
      vertex 15.9678 11.6013 61.7431
    endloop
  endfacet
  facet normal 0.550906 0.0288761 0.834068
    outer loop
      vertex 34.4702 3.62297 53.9106
      vertex 29.8319 3.13546 56.9911
      vertex 34.6601 0 53.9106
    endloop
  endfacet
  facet normal 0.633054 0.0331819 0.773396
    outer loop
      vertex 38.9442 0 50.4039
      vertex 34.4702 3.62297 53.9106
      vertex 34.6601 0 53.9106
    endloop
  endfacet
  facet normal 0.612322 0.164066 0.773398
    outer loop
      vertex 37.0382 12.0344 50.4039
      vertex 33.9027 7.20624 53.9106
      vertex 38.0932 8.09696 50.4039
    endloop
  endfacet
  facet normal 0.686755 0.184026 0.703209
    outer loop
      vertex 40.7068 13.2264 46.5092
      vertex 37.0382 12.0344 50.4039
      vertex 41.8664 8.89897 46.5092
    endloop
  endfacet
  facet normal 0.425671 0.655499 0.623798
    outer loop
      vertex 23.0951 40.0019 42.2693
      vertex 21.4008 37.0673 46.5092
      vertex 25.1582 34.6273 46.5092
    endloop
  endfacet
  facet normal 0.354822 0.696404 0.623798
    outer loop
      vertex 23.0951 40.0019 42.2693
      vertex 18.7872 42.1968 42.2693
      vertex 21.4008 37.0673 46.5092
    endloop
  endfacet
  facet normal -0.184008 -0.68675 0.703218
    outer loop
      vertex -8.09696 -38.0932 50.4039
      vertex -12.0344 -37.0382 50.4039
      vertex -8.89897 -41.8664 46.5092
    endloop
  endfacet
  facet normal -0.184026 -0.686755 0.703209
    outer loop
      vertex -12.0344 -37.0382 50.4039
      vertex -13.2264 -40.7068 46.5092
      vertex -8.89897 -41.8664 46.5092
    endloop
  endfacet
  facet normal -0.531439 -0.65629 0.535589
    outer loop
      vertex -30.9073 -34.326 42.2693
      vertex -32.836 -36.4681 37.7307
      vertex -27.1499 -37.3686 42.2693
    endloop
  endfacet
  facet normal -0.512936 -0.789878 0.336139
    outer loop
      vertex -25.7087 -44.5288 32.943
      vertex -31.2695 -43.0388 27.9587
      vertex -26.5994 -46.0715 27.9587
    endloop
  endfacet
  facet normal -0.447446 -0.552532 0.703207
    outer loop
      vertex -22.8909 -31.5066 50.4039
      vertex -26.0588 -28.9412 50.4039
      vertex -25.1582 -34.6273 46.5092
    endloop
  endfacet
  facet normal -0.491876 -0.6074 0.623797
    outer loop
      vertex -28.6399 -31.8078 46.5092
      vertex -30.9073 -34.326 42.2693
      vertex -25.1582 -34.6273 46.5092
    endloop
  endfacet
  facet normal -0.552665 -0.552665 0.623797
    outer loop
      vertex -31.8078 -28.6399 46.5092
      vertex -30.9073 -34.326 42.2693
      vertex -28.6399 -31.8078 46.5092
    endloop
  endfacet
  facet normal -0.552665 -0.552665 0.623797
    outer loop
      vertex -30.9073 -34.326 42.2693
      vertex -31.8078 -28.6399 46.5092
      vertex -34.326 -30.9073 42.2693
    endloop
  endfacet
  facet normal -0.0148469 -0.283252 0.95893
    outer loop
      vertex 0 -14.2546 63.3626
      vertex -1.49001 -14.1765 63.3626
      vertex 0 -19.7373 61.7431
    endloop
  endfacet
  facet normal -0.119553 -0.147635 0.98179
    outer loop
      vertex -5.76503 -6.40271 64.4522
      vertex -9.53818 -10.5932 63.3626
      vertex -5.06418 -6.97025 64.4522
    endloop
  endfacet
  facet normal 0.0148999 -0.0940709 0.995454
    outer loop
      vertex 1.7913 -8.42743 64.4522
      vertex 0.59929 -2.81944 65
      vertex 0.900586 -8.56851 64.4522
    endloop
  endfacet
  facet normal 0.273976 -0.0734108 0.958931
    outer loop
      vertex 19.306 -4.10361 61.7431
      vertex 13.9431 -2.96369 63.3626
      vertex 18.7713 -6.09916 61.7431
    endloop
  endfacet
  facet normal 0.183499 -0.0491682 0.98179
    outer loop
      vertex 8.42743 -1.7913 64.4522
      vertex 8.19402 -2.6624 64.4522
      vertex 13.5569 -4.40491 63.3626
    endloop
  endfacet
  facet normal 0.0951132 -0.00498461 0.995454
    outer loop
      vertex 2.88243 0 65
      vertex 2.86664 -0.301295 65
      vertex 8.6157 0 64.4522
    endloop
  endfacet
  facet normal 0.371001 -0.0587638 0.926771
    outer loop
      vertex 19.6292 -2.06311 61.7431
      vertex 19.306 -4.10361 61.7431
      vertex 24.8668 -2.6136 59.6115
    endloop
  endfacet
  facet normal 0.0951132 -0.00498386 0.995454
    outer loop
      vertex 8.6157 0 64.4522
      vertex 2.86664 -0.301295 65
      vertex 8.56851 -0.900586 64.4522
    endloop
  endfacet
  facet normal 0.187632 0.0297191 0.98179
    outer loop
      vertex 14.1765 1.49001 63.3626
      vertex 8.42743 1.7913 64.4522
      vertex 8.56851 0.900586 64.4522
    endloop
  endfacet
  facet normal 0.0889179 -0.0341312 0.995454
    outer loop
      vertex 2.74135 -0.890718 65
      vertex 2.63323 -1.17239 65
      vertex 8.19402 -2.6624 64.4522
    endloop
  endfacet
  facet normal 0.154481 -0.23788 0.958931
    outer loop
      vertex 11.6013 -15.9678 61.7431
      vertex 7.12729 -12.3448 63.3626
      vertex 9.86864 -17.093 61.7431
    endloop
  endfacet
  facet normal 0.414536 -0.211217 0.885182
    outer loop
      vertex 27.4029 -12.2006 56.9911
      vertex 21.6539 -12.5019 59.6115
      vertex 25.9775 -14.9981 56.9911
    endloop
  endfacet
  facet normal 0.434344 -0.166729 0.885182
    outer loop
      vertex 28.5281 -9.26935 56.9911
      vertex 22.8421 -10.1699 59.6115
      vertex 27.4029 -12.2006 56.9911
    endloop
  endfacet
  facet normal 0.459516 -0.0727701 0.885183
    outer loop
      vertex 29.8319 -3.13546 56.9911
      vertex 24.4574 -5.19857 59.6115
      vertex 29.3408 -6.23657 56.9911
    endloop
  endfacet
  facet normal 0.459518 -0.0727771 0.885182
    outer loop
      vertex 24.8668 -2.6136 59.6115
      vertex 24.4574 -5.19857 59.6115
      vertex 29.8319 -3.13546 56.9911
    endloop
  endfacet
  facet normal 0.36156 -0.292785 0.885184
    outer loop
      vertex 20.2285 -14.6968 59.6115
      vertex 18.5814 -16.7308 59.6115
      vertex 22.2916 -20.0714 56.9911
    endloop
  endfacet
  facet normal 0.0246508 -0.0919983 0.995454
    outer loop
      vertex 2.6624 -8.19402 64.4522
      vertex 0.59929 -2.81944 65
      vertex 1.7913 -8.42743 64.4522
    endloop
  endfacet
  facet normal 0.0443697 -0.280149 0.958931
    outer loop
      vertex 2.96369 -13.9431 63.3626
      vertex 1.49001 -14.1765 63.3626
      vertex 4.10361 -19.306 61.7431
    endloop
  endfacet
  facet normal 0.204579 -0.315025 0.926772
    outer loop
      vertex 11.6013 -15.9678 61.7431
      vertex 9.86864 -17.093 61.7431
      vertex 12.5019 -21.6539 59.6115
    endloop
  endfacet
  facet normal 0.265607 -0.265607 0.926772
    outer loop
      vertex 14.6677 -13.2068 61.7431
      vertex 16.7308 -18.5814 59.6115
      vertex 18.5814 -16.7308 59.6115
    endloop
  endfacet
  facet normal 0.265607 -0.265607 0.926772
    outer loop
      vertex 16.7308 -18.5814 59.6115
      vertex 14.6677 -13.2068 61.7431
      vertex 13.2068 -14.6677 61.7431
    endloop
  endfacet
  facet normal 0.0148414 -0.283251 0.958931
    outer loop
      vertex 1.49001 -14.1765 63.3626
      vertex 0 -19.7373 61.7431
      vertex 2.06311 -19.6292 61.7431
    endloop
  endfacet
  facet normal -0.0148414 -0.283251 0.958931
    outer loop
      vertex -1.49001 -14.1765 63.3626
      vertex -2.06311 -19.6292 61.7431
      vertex 0 -19.7373 61.7431
    endloop
  endfacet
  facet normal -0.0288761 -0.550906 0.834068
    outer loop
      vertex -3.13546 -29.8319 56.9911
      vertex -3.62297 -34.4702 53.9106
      vertex 0 -34.6601 53.9106
    endloop
  endfacet
  facet normal -0.0331819 -0.633054 0.773396
    outer loop
      vertex 0 -34.6601 53.9106
      vertex -3.62297 -34.4702 53.9106
      vertex 0 -38.9442 50.4039
    endloop
  endfacet
  facet normal 0.250449 -0.491532 0.834069
    outer loop
      vertex 17.3301 -30.0165 53.9106
      vertex 12.2006 -27.4029 56.9911
      vertex 14.0975 -31.6636 53.9106
    endloop
  endfacet
  facet normal 0.0727771 -0.459518 0.885182
    outer loop
      vertex 5.19857 -24.4574 59.6115
      vertex 2.6136 -24.8668 59.6115
      vertex 3.13546 -29.8319 56.9911
    endloop
  endfacet
  facet normal 0.428723 -0.347178 0.834064
    outer loop
      vertex 24.2675 -17.6314 56.9911
      vertex 22.2916 -20.0714 56.9911
      vertex 28.0406 -20.3727 53.9106
    endloop
  endfacet
  facet normal 0.328975 -0.328975 0.885184
    outer loop
      vertex 18.5814 -16.7308 59.6115
      vertex 20.0714 -22.2916 56.9911
      vertex 22.2916 -20.0714 56.9911
    endloop
  endfacet
  facet normal 0.328975 -0.328975 0.885184
    outer loop
      vertex 20.0714 -22.2916 56.9911
      vertex 18.5814 -16.7308 59.6115
      vertex 16.7308 -18.5814 59.6115
    endloop
  endfacet
  facet normal 0.287794 -0.564827 0.773398
    outer loop
      vertex 17.3301 -30.0165 53.9106
      vertex 15.8401 -35.5773 50.4039
      vertex 19.4721 -33.7267 50.4039
    endloop
  endfacet
  facet normal 0.322778 -0.633486 0.703214
    outer loop
      vertex 19.4721 -33.7267 50.4039
      vertex 15.8401 -35.5773 50.4039
      vertex 17.409 -39.1013 46.5092
    endloop
  endfacet
  facet normal 0.0409105 -0.780525 0.623784
    outer loop
      vertex 4.47399 -42.5672 46.5092
      vertex 0 -42.8017 46.5092
      vertex 4.82819 -45.9371 42.2693
    endloop
  endfacet
  facet normal 0.197697 -0.515019 0.834069
    outer loop
      vertex 12.2006 -27.4029 56.9911
      vertex 9.26935 -28.5281 56.9911
      vertex 10.7106 -32.9637 53.9106
    endloop
  endfacet
  facet normal -0.132099 -0.834079 0.535595
    outer loop
      vertex -4.82819 -45.9371 42.2693
      vertex -10.2028 -48.0003 37.7307
      vertex -5.12948 -48.8038 37.7307
    endloop
  endfacet
  facet normal 0.0470192 -0.897084 0.439351
    outer loop
      vertex 0 -49.0726 37.7307
      vertex 0 -51.4174 32.943
      vertex 5.37458 -51.1357 32.943
    endloop
  endfacet
  facet normal 0.0441923 -0.843318 0.535595
    outer loop
      vertex 4.82819 -45.9371 42.2693
      vertex 0 -49.0726 37.7307
      vertex 5.12948 -48.8038 37.7307
    endloop
  endfacet
  facet normal 0.0442082 -0.843324 0.535583
    outer loop
      vertex 0 -46.1902 42.2693
      vertex 0 -49.0726 37.7307
      vertex 4.82819 -45.9371 42.2693
    endloop
  endfacet
  facet normal -0.0409105 -0.780525 0.623784
    outer loop
      vertex -4.47399 -42.5672 46.5092
      vertex -4.82819 -45.9371 42.2693
      vertex 0 -42.8017 46.5092
    endloop
  endfacet
  facet normal -0.040916 -0.780522 0.623788
    outer loop
      vertex 0 -42.8017 46.5092
      vertex -4.82819 -45.9371 42.2693
      vertex 0 -46.1902 42.2693
    endloop
  endfacet
  facet normal 0.147331 -0.930212 0.336154
    outer loop
      vertex 11.0607 -52.0363 27.9587
      vertex 5.37458 -51.1357 32.943
      vertex 5.56079 -52.9074 27.9587
    endloop
  endfacet
  facet normal 0.152337 -0.961817 0.22738
    outer loop
      vertex 11.0607 -52.0363 27.9587
      vertex 5.56079 -52.9074 27.9587
      vertex 11.3099 -53.2087 22.8325
    endloop
  endfacet
  facet normal 0.592705 -0.731918 0.336151
    outer loop
      vertex 34.4049 -38.2106 32.943
      vertex 31.2695 -43.0388 27.9587
      vertex 35.597 -39.5344 27.9587
    endloop
  endfacet
  facet normal 0.592694 -0.731921 0.336161
    outer loop
      vertex 34.4049 -38.2106 32.943
      vertex 30.2224 -41.5975 32.943
      vertex 31.2695 -43.0388 27.9587
    endloop
  endfacet
  facet normal 0.0492958 -0.94052 0.336144
    outer loop
      vertex 0 -51.4174 32.943
      vertex 0 -53.1988 27.9587
      vertex 5.37458 -51.1357 32.943
    endloop
  endfacet
  facet normal -0.0492958 -0.94052 0.336144
    outer loop
      vertex 0 -51.4174 32.943
      vertex -5.37458 -51.1357 32.943
      vertex 0 -53.1988 27.9587
    endloop
  endfacet
  facet normal -0.155406 -0.981171 0.114687
    outer loop
      vertex -11.3099 -53.2087 22.8325
      vertex -11.4351 -53.7981 17.6204
      vertex -5.74907 -54.6987 17.6204
    endloop
  endfacet
  facet normal 0.702441 -0.702441 0.11469
    outer loop
      vertex 36.399 -40.4252 22.8325
      vertex 40.873 -36.8022 17.6204
      vertex 40.4252 -36.399 22.8325
    endloop
  endfacet
  facet normal 0.702441 -0.702441 0.11469
    outer loop
      vertex 40.873 -36.8022 17.6204
      vertex 36.399 -40.4252 22.8325
      vertex 36.8022 -40.873 17.6204
    endloop
  endfacet
  facet normal 0.753395 -0.489246 0.439357
    outer loop
      vertex 42.4981 -24.5363 37.7307
      vertex 39.7006 -28.8442 37.7307
      vertex 44.5288 -25.7087 32.943
    endloop
  endfacet
  facet normal 0.789858 -0.512952 0.336162
    outer loop
      vertex 44.5288 -25.7087 32.943
      vertex 41.5975 -30.2224 32.943
      vertex 43.0388 -31.2695 27.9587
    endloop
  endfacet
  facet normal 0.398934 -0.492643 0.773404
    outer loop
      vertex 23.1921 -25.7575 53.9106
      vertex 20.3727 -28.0406 53.9106
      vertex 22.8909 -31.5066 50.4039
    endloop
  endfacet
  facet normal 0.347173 -0.428724 0.834066
    outer loop
      vertex 23.1921 -25.7575 53.9106
      vertex 20.0714 -22.2916 56.9911
      vertex 20.3727 -28.0406 53.9106
    endloop
  endfacet
  facet normal 0.407819 -0.800415 0.43934
    outer loop
      vertex 25.7087 -44.5288 32.943
      vertex 19.9596 -44.8301 37.7307
      vertex 20.9133 -46.9721 32.943
    endloop
  endfacet
  facet normal 0.321926 -0.838657 0.439339
    outer loop
      vertex 19.9596 -44.8301 37.7307
      vertex 15.8888 -48.9008 32.943
      vertex 20.9133 -46.9721 32.943
    endloop
  endfacet
  facet normal -0.530371 0.816704 0.227379
    outer loop
      vertex -27.1987 47.1095 22.8325
      vertex -31.974 44.0084 22.8325
      vertex -26.5994 46.0715 27.9587
    endloop
  endfacet
  facet normal -0.407833 0.800398 0.439358
    outer loop
      vertex -19.9596 44.8301 37.7307
      vertex -25.7087 44.5288 32.943
      vertex -24.5363 42.4981 37.7307
    endloop
  endfacet
  facet normal -0.252045 0.940623 0.22738
    outer loop
      vertex -11.3099 53.2087 22.8325
      vertex -16.8097 51.735 22.8325
      vertex -11.0607 52.0363 27.9587
    endloop
  endfacet
  facet normal -0.152333 0.961819 0.227376
    outer loop
      vertex -5.68608 54.0994 22.8325
      vertex -11.3099 53.2087 22.8325
      vertex -5.56079 52.9074 27.9587
    endloop
  endfacet
  facet normal 0.0519915 0.992039 0.114695
    outer loop
      vertex 5.74907 54.6987 17.6204
      vertex 0 54.3974 22.8325
      vertex 5.68608 54.0994 22.8325
    endloop
  endfacet
  facet normal 0.050966 0.972473 0.227376
    outer loop
      vertex 5.68608 54.0994 22.8325
      vertex 0 54.3974 22.8325
      vertex 5.56079 52.9074 27.9587
    endloop
  endfacet
  facet normal -0.940623 0.252045 0.22738
    outer loop
      vertex -51.735 16.8097 22.8325
      vertex -53.2087 11.3099 22.8325
      vertex -52.0363 11.0607 27.9587
    endloop
  endfacet
  facet normal -0.909123 0.348987 0.227385
    outer loop
      vertex -49.6945 22.1254 22.8325
      vertex -50.5951 16.4393 27.9587
      vertex -48.5995 21.6379 27.9587
    endloop
  endfacet
  facet normal -0.729669 0.280109 0.623796
    outer loop
      vertex -42.1968 18.7872 42.2693
      vertex -43.9295 14.2736 42.2693
      vertex -40.7068 13.2264 46.5092
    endloop
  endfacet
  facet normal -0.788389 0.30265 0.53558
    outer loop
      vertex -42.1968 18.7872 42.2693
      vertex -46.6708 15.1643 37.7307
      vertex -43.9295 14.2736 42.2693
    endloop
  endfacet
  facet normal -0.70825 0.45993 0.53558
    outer loop
      vertex -39.7006 28.8442 37.7307
      vertex -42.4981 24.5363 37.7307
      vertex -40.0019 23.0951 42.2693
    endloop
  endfacet
  facet normal -0.752438 0.383395 0.53558
    outer loop
      vertex -42.4981 24.5363 37.7307
      vertex -44.8301 19.9596 37.7307
      vertex -40.0019 23.0951 42.2693
    endloop
  endfacet
  facet normal -0.564827 0.287794 0.773398
    outer loop
      vertex -33.7267 19.4721 50.4039
      vertex -35.5773 15.8401 50.4039
      vertex -30.0165 17.3301 53.9106
    endloop
  endfacet
  facet normal -0.663757 0.254785 0.703215
    outer loop
      vertex -39.1013 17.409 46.5092
      vertex -40.7068 13.2264 46.5092
      vertex -35.5773 15.8401 50.4039
    endloop
  endfacet
  facet normal -0.462674 0.300449 0.834064
    outer loop
      vertex -24.2675 17.6314 56.9911
      vertex -28.0406 20.3727 53.9106
      vertex -25.9775 14.9981 56.9911
    endloop
  endfacet
  facet normal -0.46266 0.300457 0.834069
    outer loop
      vertex -28.0406 20.3727 53.9106
      vertex -30.0165 17.3301 53.9106
      vertex -25.9775 14.9981 56.9911
    endloop
  endfacet
  facet normal -0.655497 0.425698 0.623783
    outer loop
      vertex -37.3686 27.1499 42.2693
      vertex -40.0019 23.0951 42.2693
      vertex -34.6273 25.1582 46.5092
    endloop
  endfacet
  facet normal -0.552532 0.447444 0.703208
    outer loop
      vertex -31.8078 28.6399 46.5092
      vertex -34.6273 25.1582 46.5092
      vertex -28.9412 26.0588 50.4039
    endloop
  endfacet
  facet normal -0.321923 -0.838656 0.439342
    outer loop
      vertex -15.1643 -46.6708 37.7307
      vertex -19.9596 -44.8301 37.7307
      vertex -15.8888 -48.9008 32.943
    endloop
  endfacet
  facet normal -0.459943 -0.708228 0.535599
    outer loop
      vertex -27.1499 -37.3686 42.2693
      vertex -28.8442 -39.7006 37.7307
      vertex -23.0951 -40.0019 42.2693
    endloop
  endfacet
  facet normal -0.756796 -0.612825 0.227389
    outer loop
      vertex -39.5344 -35.597 27.9587
      vertex -44.0084 -31.974 22.8325
      vertex -40.4252 -36.399 22.8325
    endloop
  endfacet
  facet normal -0.772026 -0.625158 0.11469
    outer loop
      vertex -40.4252 -36.399 22.8325
      vertex -44.0084 -31.974 22.8325
      vertex -40.873 -36.8022 17.6204
    endloop
  endfacet
  facet normal -0.607422 -0.491867 0.623783
    outer loop
      vertex -34.6273 -25.1582 46.5092
      vertex -37.3686 -27.1499 42.2693
      vertex -34.326 -30.9073 42.2693
    endloop
  endfacet
  facet normal -0.655499 -0.425671 0.623798
    outer loop
      vertex -37.0673 -21.4008 46.5092
      vertex -40.0019 -23.0951 42.2693
      vertex -34.6273 -25.1582 46.5092
    endloop
  endfacet
  facet normal -0.592694 -0.731921 0.336161
    outer loop
      vertex -30.2224 -41.5975 32.943
      vertex -34.4049 -38.2106 32.943
      vertex -31.2695 -43.0388 27.9587
    endloop
  endfacet
  facet normal -0.635209 -0.635209 0.43934
    outer loop
      vertex -38.2106 -34.4049 32.943
      vertex -32.836 -36.4681 37.7307
      vertex -36.4681 -32.836 37.7307
    endloop
  endfacet
  facet normal -0.635209 -0.635209 0.43934
    outer loop
      vertex -32.836 -36.4681 37.7307
      vertex -38.2106 -34.4049 32.943
      vertex -34.4049 -38.2106 32.943
    endloop
  endfacet
  facet normal -0.838668 0.544643 0
    outer loop
      vertex -47.6314 27.5 15
      vertex -44.4959 32.3282 17.6204
      vertex -44.4959 32.3282 15
    endloop
  endfacet
  facet normal -0.838668 0.544643 0
    outer loop
      vertex -44.4959 32.3282 17.6204
      vertex -47.6314 27.5 15
      vertex -47.6314 27.5 17.6204
    endloop
  endfacet
  facet normal -0.34526 0.53165 0.773398
    outer loop
      vertex -19.4721 33.7267 50.4039
      vertex -20.3727 28.0406 53.9106
      vertex -17.3301 30.0165 53.9106
    endloop
  endfacet
  facet normal -0.300449 0.462674 0.834064
    outer loop
      vertex -14.9981 25.9775 56.9911
      vertex -20.3727 28.0406 53.9106
      vertex -17.6314 24.2675 56.9911
    endloop
  endfacet
  facet normal -0.292787 0.361557 0.885185
    outer loop
      vertex -17.6314 24.2675 56.9911
      vertex -20.0714 22.2916 56.9911
      vertex -14.6968 20.2285 59.6115
    endloop
  endfacet
  facet normal -0.390086 0.390086 0.834066
    outer loop
      vertex -23.1921 25.7575 53.9106
      vertex -22.2916 20.0714 56.9911
      vertex -20.0714 22.2916 56.9911
    endloop
  endfacet
  facet normal -0.390086 0.390086 0.834066
    outer loop
      vertex -22.2916 20.0714 56.9911
      vertex -23.1921 25.7575 53.9106
      vertex -25.7575 23.1921 53.9106
    endloop
  endfacet
  facet normal -0.291916 -0.236389 0.926771
    outer loop
      vertex -14.6677 -13.2068 61.7431
      vertex -20.2285 -14.6968 59.6115
      vertex -18.5814 -16.7308 59.6115
    endloop
  endfacet
  facet normal -0.361557 -0.292787 0.885185
    outer loop
      vertex -20.2285 -14.6968 59.6115
      vertex -24.2675 -17.6314 56.9911
      vertex -22.2916 -20.0714 56.9911
    endloop
  endfacet
  facet normal -0.414537 -0.211215 0.885182
    outer loop
      vertex -22.8421 -10.1699 59.6115
      vertex -27.4029 -12.2006 56.9911
      vertex -21.6539 -12.5019 59.6115
    endloop
  endfacet
  facet normal -0.46266 -0.300457 0.834069
    outer loop
      vertex -25.9775 -14.9981 56.9911
      vertex -30.0165 -17.3301 53.9106
      vertex -28.0406 -20.3727 53.9106
    endloop
  endfacet
  facet normal -0.252727 -0.128769 0.958931
    outer loop
      vertex -13.0222 -5.79786 63.3626
      vertex -18.0309 -8.02788 61.7431
      vertex -17.093 -9.86864 61.7431
    endloop
  endfacet
  facet normal -0.334685 -0.170528 0.926772
    outer loop
      vertex -18.0309 -8.02788 61.7431
      vertex -21.6539 -12.5019 59.6115
      vertex -17.093 -9.86864 61.7431
    endloop
  endfacet
  facet normal -0.362826 -0.097222 0.926771
    outer loop
      vertex -18.7713 -6.09916 61.7431
      vertex -24.4574 -5.19857 59.6115
      vertex -23.78 -7.72658 59.6115
    endloop
  endfacet
  facet normal -0.434344 -0.166728 0.885182
    outer loop
      vertex -23.78 -7.72658 59.6115
      vertex -28.5281 -9.26935 56.9911
      vertex -22.8421 -10.1699 59.6115
    endloop
  endfacet
  facet normal -0.0862879 -0.544876 0.834065
    outer loop
      vertex -6.23657 -29.3408 56.9911
      vertex -7.20624 -33.9027 53.9106
      vertex -3.13546 -29.8319 56.9911
    endloop
  endfacet
  facet normal -0.120423 -0.449387 0.885183
    outer loop
      vertex -5.19857 -24.4574 59.6115
      vertex -9.26935 -28.5281 56.9911
      vertex -6.23657 -29.3408 56.9911
    endloop
  endfacet
  facet normal -0.265607 -0.265607 0.926772
    outer loop
      vertex -14.6677 -13.2068 61.7431
      vertex -16.7308 -18.5814 59.6115
      vertex -13.2068 -14.6677 61.7431
    endloop
  endfacet
  facet normal -0.265607 -0.265607 0.926772
    outer loop
      vertex -16.7308 -18.5814 59.6115
      vertex -14.6677 -13.2068 61.7431
      vertex -18.5814 -16.7308 59.6115
    endloop
  endfacet
  facet normal -0.328975 -0.328975 0.885184
    outer loop
      vertex -18.5814 -16.7308 59.6115
      vertex -20.0714 -22.2916 56.9911
      vertex -16.7308 -18.5814 59.6115
    endloop
  endfacet
  facet normal -0.328975 -0.328975 0.885184
    outer loop
      vertex -20.0714 -22.2916 56.9911
      vertex -18.5814 -16.7308 59.6115
      vertex -22.2916 -20.0714 56.9911
    endloop
  endfacet
  facet normal -0.287794 -0.564827 0.773398
    outer loop
      vertex -17.3301 -30.0165 53.9106
      vertex -19.4721 -33.7267 50.4039
      vertex -15.8401 -35.5773 50.4039
    endloop
  endfacet
  facet normal -0.250449 -0.491532 0.834069
    outer loop
      vertex -12.2006 -27.4029 56.9911
      vertex -17.3301 -30.0165 53.9106
      vertex -14.0975 -31.6636 53.9106
    endloop
  endfacet
  facet normal 0.0972176 -0.362825 0.926772
    outer loop
      vertex 6.09916 -18.7713 61.7431
      vertex 4.10361 -19.306 61.7431
      vertex 5.19857 -24.4574 59.6115
    endloop
  endfacet
  facet normal 0.0734108 -0.273976 0.958931
    outer loop
      vertex 6.09916 -18.7713 61.7431
      vertex 2.96369 -13.9431 63.3626
      vertex 4.10361 -19.306 61.7431
    endloop
  endfacet
  facet normal -0.0443697 -0.280149 0.958931
    outer loop
      vertex -2.96369 -13.9431 63.3626
      vertex -4.10361 -19.306 61.7431
      vertex -1.49001 -14.1765 63.3626
    endloop
  endfacet
  facet normal -0.029717 -0.187632 0.98179
    outer loop
      vertex -1.7913 -8.42743 64.4522
      vertex -2.96369 -13.9431 63.3626
      vertex -1.49001 -14.1765 63.3626
    endloop
  endfacet
  facet normal -0.204581 -0.315024 0.926772
    outer loop
      vertex -11.6013 -15.9678 61.7431
      vertex -14.6968 -20.2285 59.6115
      vertex -12.5019 -21.6539 59.6115
    endloop
  endfacet
  facet normal -0.154481 -0.23788 0.958931
    outer loop
      vertex -7.12729 -12.3448 63.3626
      vertex -11.6013 -15.9678 61.7431
      vertex -9.86864 -17.093 61.7431
    endloop
  endfacet
  facet normal -0.120418 -0.449391 0.885182
    outer loop
      vertex -7.72658 -23.78 59.6115
      vertex -9.26935 -28.5281 56.9911
      vertex -5.19857 -24.4574 59.6115
    endloop
  endfacet
  facet normal -0.097222 -0.362826 0.926771
    outer loop
      vertex -6.09916 -18.7713 61.7431
      vertex -7.72658 -23.78 59.6115
      vertex -5.19857 -24.4574 59.6115
    endloop
  endfacet
  facet normal -0.398934 -0.492643 0.773404
    outer loop
      vertex -20.3727 -28.0406 53.9106
      vertex -23.1921 -25.7575 53.9106
      vertex -22.8909 -31.5066 50.4039
    endloop
  endfacet
  facet normal -0.250449 -0.491533 0.834069
    outer loop
      vertex -14.9981 -25.9775 56.9911
      vertex -17.3301 -30.0165 53.9106
      vertex -12.2006 -27.4029 56.9911
    endloop
  endfacet
  facet normal -0.183499 -0.0491682 0.98179
    outer loop
      vertex -8.42743 -1.7913 64.4522
      vertex -13.5569 -4.40491 63.3626
      vertex -8.19402 -2.6624 64.4522
    endloop
  endfacet
  facet normal -0.177354 -0.0680793 0.98179
    outer loop
      vertex -8.19402 -2.6624 64.4522
      vertex -13.5569 -4.40491 63.3626
      vertex -7.87084 -3.50432 64.4522
    endloop
  endfacet
  facet normal -0.183497 -0.0491713 0.98179
    outer loop
      vertex -8.42743 -1.7913 64.4522
      vertex -13.9431 -2.96369 63.3626
      vertex -13.5569 -4.40491 63.3626
    endloop
  endfacet
  facet normal -0.273973 -0.0734158 0.958931
    outer loop
      vertex -13.9431 -2.96369 63.3626
      vertex -18.7713 -6.09916 61.7431
      vertex -13.5569 -4.40491 63.3626
    endloop
  endfacet
  facet normal -0.147635 -0.119554 0.98179
    outer loop
      vertex -6.97025 -5.06418 64.4522
      vertex -11.5322 -8.37863 63.3626
      vertex -10.5932 -9.53818 63.3626
    endloop
  endfacet
  facet normal -0.0740182 -0.0599388 0.995454
    outer loop
      vertex -2.33193 -1.69425 65
      vertex -6.97025 -5.06418 64.4522
      vertex -2.14206 -1.92872 65
    endloop
  endfacet
  facet normal -0.656278 0.531444 0.535598
    outer loop
      vertex -36.4681 32.836 37.7307
      vertex -39.7006 28.8442 37.7307
      vertex -37.3686 27.1499 42.2693
    endloop
  endfacet
  facet normal -0.531444 0.656278 0.535598
    outer loop
      vertex -28.8442 39.7006 37.7307
      vertex -32.836 36.4681 37.7307
      vertex -27.1499 37.3686 42.2693
    endloop
  endfacet
  facet normal 0.0889179 0.0341312 0.995454
    outer loop
      vertex 8.19402 2.6624 64.4522
      vertex 2.63323 1.17239 65
      vertex 2.74135 0.890718 65
    endloop
  endfacet
  facet normal 0.147635 0.119554 0.98179
    outer loop
      vertex 10.5932 9.53818 63.3626
      vertex 6.97025 5.06418 64.4522
      vertex 11.5322 8.37863 63.3626
    endloop
  endfacet
  facet normal -0.0972176 0.362825 0.926772
    outer loop
      vertex -5.19857 24.4574 59.6115
      vertex -6.09916 18.7713 61.7431
      vertex -4.10361 19.306 61.7431
    endloop
  endfacet
  facet normal -0.0587579 0.371 0.926772
    outer loop
      vertex -2.6136 24.8668 59.6115
      vertex -5.19857 24.4574 59.6115
      vertex -4.10361 19.306 61.7431
    endloop
  endfacet
  facet normal -0.170528 0.334685 0.926772
    outer loop
      vertex -8.02788 18.0309 61.7431
      vertex -12.5019 21.6539 59.6115
      vertex -9.86864 17.093 61.7431
    endloop
  endfacet
  facet normal -0.178502 0.220429 0.958931
    outer loop
      vertex -8.37863 11.5322 63.3626
      vertex -11.6013 15.9678 61.7431
      vertex -9.53818 10.5932 63.3626
    endloop
  endfacet
  facet normal -0.166728 0.434344 0.885182
    outer loop
      vertex -9.26935 28.5281 56.9911
      vertex -10.1699 22.8421 59.6115
      vertex -7.72658 23.78 59.6115
    endloop
  endfacet
  facet normal -0.347178 0.428723 0.834064
    outer loop
      vertex -17.6314 24.2675 56.9911
      vertex -20.3727 28.0406 53.9106
      vertex -20.0714 22.2916 56.9911
    endloop
  endfacet
  facet normal -0.0491713 0.183497 0.98179
    outer loop
      vertex -2.96369 13.9431 63.3626
      vertex -4.40491 13.5569 63.3626
      vertex -1.7913 8.42743 64.4522
    endloop
  endfacet
  facet normal -0.154478 0.237884 0.958931
    outer loop
      vertex -7.12729 12.3448 63.3626
      vertex -11.6013 15.9678 61.7431
      vertex -8.37863 11.5322 63.3626
    endloop
  endfacet
  facet normal -0.0432419 0.0848613 0.995454
    outer loop
      vertex -1.17239 2.63323 65
      vertex -4.30785 7.46142 64.4522
      vertex -1.44121 2.49625 65
    endloop
  endfacet
  facet normal 0.0148999 0.0940709 0.995454
    outer loop
      vertex 0.900586 8.56851 64.4522
      vertex 0.59929 2.81944 65
      vertex 1.7913 8.42743 64.4522
    endloop
  endfacet
  facet normal 0.101652 0.2648 0.958931
    outer loop
      vertex 6.09916 18.7713 61.7431
      vertex 5.79786 13.0222 63.3626
      vertex 8.02788 18.0309 61.7431
    endloop
  endfacet
  facet normal 0.0587638 0.371001 0.926771
    outer loop
      vertex 2.6136 24.8668 59.6115
      vertex 2.06311 19.6292 61.7431
      vertex 4.10361 19.306 61.7431
    endloop
  endfacet
  facet normal 0.0196483 0.375112 0.926771
    outer loop
      vertex 2.6136 24.8668 59.6115
      vertex 0 25.0037 59.6115
      vertex 2.06311 19.6292 61.7431
    endloop
  endfacet
  facet normal 0.184008 0.68675 0.703218
    outer loop
      vertex 8.89897 41.8664 46.5092
      vertex 8.09696 38.0932 50.4039
      vertex 12.0344 37.0382 50.4039
    endloop
  endfacet
  facet normal 0.0991606 0.626113 0.773401
    outer loop
      vertex 4.07078 38.7309 50.4039
      vertex 3.62297 34.4702 53.9106
      vertex 7.20624 33.9027 53.9106
    endloop
  endfacet
  facet normal 0.322778 0.633486 0.703214
    outer loop
      vertex 17.409 39.1013 46.5092
      vertex 15.8401 35.5773 50.4039
      vertex 19.4721 33.7267 50.4039
    endloop
  endfacet
  facet normal 0.280092 0.729688 0.623782
    outer loop
      vertex 18.7872 42.1968 42.2693
      vertex 13.2264 40.7068 46.5092
      vertex 17.409 39.1013 46.5092
    endloop
  endfacet
  facet normal 0.0372143 0.710006 0.703212
    outer loop
      vertex 4.47399 42.5672 46.5092
      vertex 0 42.8017 46.5092
      vertex 4.07078 38.7309 50.4039
    endloop
  endfacet
  facet normal 0.0372024 0.71 0.703218
    outer loop
      vertex 0 42.8017 46.5092
      vertex 0 38.9442 50.4039
      vertex 4.07078 38.7309 50.4039
    endloop
  endfacet
  facet normal 0.0492958 0.94052 0.336144
    outer loop
      vertex 0 53.1988 27.9587
      vertex 0 51.4174 32.943
      vertex 5.37458 51.1357 32.943
    endloop
  endfacet
  facet normal 0.0492855 0.940517 0.336154
    outer loop
      vertex 5.56079 52.9074 27.9587
      vertex 0 53.1988 27.9587
      vertex 5.37458 51.1357 32.943
    endloop
  endfacet
  facet normal -0.152337 0.961817 0.22738
    outer loop
      vertex -5.56079 52.9074 27.9587
      vertex -11.3099 53.2087 22.8325
      vertex -11.0607 52.0363 27.9587
    endloop
  endfacet
  facet normal -0.155398 0.981171 0.114695
    outer loop
      vertex -5.74907 54.6987 17.6204
      vertex -11.3099 53.2087 22.8325
      vertex -5.68608 54.0994 22.8325
    endloop
  endfacet
  facet normal -0.132099 0.834079 0.535595
    outer loop
      vertex -5.12948 48.8038 37.7307
      vertex -10.2028 48.0003 37.7307
      vertex -4.82819 45.9371 42.2693
    endloop
  endfacet
  facet normal -0.0470192 0.897084 0.439351
    outer loop
      vertex 0 51.4174 32.943
      vertex -5.37458 51.1357 32.943
      vertex 0 49.0726 37.7307
    endloop
  endfacet
  facet normal -0.040916 0.780522 0.623788
    outer loop
      vertex 0 46.1902 42.2693
      vertex -4.82819 45.9371 42.2693
      vertex 0 42.8017 46.5092
    endloop
  endfacet
  facet normal 0.040916 0.780522 0.623788
    outer loop
      vertex 0 46.1902 42.2693
      vertex 0 42.8017 46.5092
      vertex 4.82819 45.9371 42.2693
    endloop
  endfacet
  facet normal -0.387218 0.59629 0.703207
    outer loop
      vertex -19.4721 33.7267 50.4039
      vertex -25.1582 34.6273 46.5092
      vertex -22.8909 31.5066 50.4039
    endloop
  endfacet
  facet normal -0.38722 0.596287 0.703209
    outer loop
      vertex -21.4008 37.0673 46.5092
      vertex -25.1582 34.6273 46.5092
      vertex -19.4721 33.7267 50.4039
    endloop
  endfacet
  facet normal -0.254785 0.663757 0.703215
    outer loop
      vertex -13.2264 40.7068 46.5092
      vertex -17.409 39.1013 46.5092
      vertex -15.8401 35.5773 50.4039
    endloop
  endfacet
  facet normal -0.202304 0.754963 0.623782
    outer loop
      vertex -9.60348 45.1808 42.2693
      vertex -13.2264 40.7068 46.5092
      vertex -8.89897 41.8664 46.5092
    endloop
  endfacet
  facet normal -0.447444 0.552532 0.703208
    outer loop
      vertex -25.1582 34.6273 46.5092
      vertex -28.6399 31.8078 46.5092
      vertex -26.0588 28.9412 50.4039
    endloop
  endfacet
  facet normal -0.122264 0.771976 0.623782
    outer loop
      vertex -4.82819 45.9371 42.2693
      vertex -9.60348 45.1808 42.2693
      vertex -8.89897 41.8664 46.5092
    endloop
  endfacet
  facet normal -0.1321 0.834079 0.535596
    outer loop
      vertex -4.82819 45.9371 42.2693
      vertex -10.2028 48.0003 37.7307
      vertex -9.60348 45.1808 42.2693
    endloop
  endfacet
  facet normal -0.111214 0.702228 0.703212
    outer loop
      vertex -4.47399 42.5672 46.5092
      vertex -8.89897 41.8664 46.5092
      vertex -4.07078 38.7309 50.4039
    endloop
  endfacet
  facet normal -0.0372143 0.710006 0.703212
    outer loop
      vertex 0 42.8017 46.5092
      vertex -4.47399 42.5672 46.5092
      vertex -4.07078 38.7309 50.4039
    endloop
  endfacet
  facet normal -0.0991606 0.626113 0.773401
    outer loop
      vertex -4.07078 38.7309 50.4039
      vertex -7.20624 33.9027 53.9106
      vertex -3.62297 34.4702 53.9106
    endloop
  endfacet
  facet normal -0.184008 0.68675 0.703218
    outer loop
      vertex -8.89897 41.8664 46.5092
      vertex -12.0344 37.0382 50.4039
      vertex -8.09696 38.0932 50.4039
    endloop
  endfacet
  facet normal 0.0599388 0.0740182 0.995454
    outer loop
      vertex 5.06418 6.97025 64.4522
      vertex 1.69425 2.33193 65
      vertex 1.92872 2.14206 65
    endloop
  endfacet
  facet normal 0.0432398 0.0848627 0.995454
    outer loop
      vertex 3.50432 7.87084 64.4522
      vertex 1.17239 2.63323 65
      vertex 4.30785 7.46142 64.4522
    endloop
  endfacet
  facet normal 0.0297191 0.187632 0.98179
    outer loop
      vertex 1.49001 14.1765 63.3626
      vertex 0.900586 8.56851 64.4522
      vertex 1.7913 8.42743 64.4522
    endloop
  endfacet
  facet normal 0.101647 0.2648 0.958931
    outer loop
      vertex 6.09916 18.7713 61.7431
      vertex 4.40491 13.5569 63.3626
      vertex 5.79786 13.0222 63.3626
    endloop
  endfacet
  facet normal -0.0862476 0.169265 0.98179
    outer loop
      vertex -5.79786 13.0222 63.3626
      vertex -7.12729 12.3448 63.3626
      vertex -3.50432 7.87084 64.4522
    endloop
  endfacet
  facet normal 0.0798787 0.0518719 0.995454
    outer loop
      vertex 7.46142 4.30785 64.4522
      vertex 2.33193 1.69425 65
      vertex 2.49625 1.44121 65
    endloop
  endfacet
  facet normal 0 0 1
    outer loop
      vertex 2.86664 0.301295 65
      vertex 2.86664 -0.301295 65
      vertex 2.88243 0 65
    endloop
  endfacet
  facet normal 0 0 1
    outer loop
      vertex 2.81944 0.59929 65
      vertex 2.86664 -0.301295 65
      vertex 2.86664 0.301295 65
    endloop
  endfacet
  facet normal 0 0 1
    outer loop
      vertex 2.81944 0.59929 65
      vertex 2.81944 -0.59929 65
      vertex 2.86664 -0.301295 65
    endloop
  endfacet
  facet normal 0 0 1
    outer loop
      vertex 2.74135 0.890718 65
      vertex 2.81944 -0.59929 65
      vertex 2.81944 0.59929 65
    endloop
  endfacet
  facet normal 0 0 1
    outer loop
      vertex 2.74135 0.890718 65
      vertex 2.74135 -0.890718 65
      vertex 2.81944 -0.59929 65
    endloop
  endfacet
  facet normal 0 0 1
    outer loop
      vertex 2.63323 1.17239 65
      vertex 2.74135 -0.890718 65
      vertex 2.74135 0.890718 65
    endloop
  endfacet
  facet normal 0 0 1
    outer loop
      vertex 2.63323 1.17239 65
      vertex 2.63323 -1.17239 65
      vertex 2.74135 -0.890718 65
    endloop
  endfacet
  facet normal 0 0 1
    outer loop
      vertex 2.49625 1.44121 65
      vertex 2.63323 -1.17239 65
      vertex 2.63323 1.17239 65
    endloop
  endfacet
  facet normal 0 0 1
    outer loop
      vertex 2.49625 1.44121 65
      vertex 2.49625 -1.44121 65
      vertex 2.63323 -1.17239 65
    endloop
  endfacet
  facet normal 0 0 1
    outer loop
      vertex 2.33193 1.69425 65
      vertex 2.49625 -1.44121 65
      vertex 2.49625 1.44121 65
    endloop
  endfacet
  facet normal 0 0 1
    outer loop
      vertex 2.33193 1.69425 65
      vertex 2.33193 -1.69425 65
      vertex 2.49625 -1.44121 65
    endloop
  endfacet
  facet normal 0 0 1
    outer loop
      vertex 2.14206 1.92872 65
      vertex 2.33193 -1.69425 65
      vertex 2.33193 1.69425 65
    endloop
  endfacet
  facet normal 0 0 1
    outer loop
      vertex 2.14206 1.92872 65
      vertex 2.14206 -1.92872 65
      vertex 2.33193 -1.69425 65
    endloop
  endfacet
  facet normal 0 0 1
    outer loop
      vertex 1.92872 2.14206 65
      vertex 2.14206 -1.92872 65
      vertex 2.14206 1.92872 65
    endloop
  endfacet
  facet normal 0 0 1
    outer loop
      vertex 1.92872 2.14206 65
      vertex 1.92872 -2.14206 65
      vertex 2.14206 -1.92872 65
    endloop
  endfacet
  facet normal 0 0 1
    outer loop
      vertex 1.69425 2.33193 65
      vertex 1.92872 -2.14206 65
      vertex 1.92872 2.14206 65
    endloop
  endfacet
  facet normal 0 0 1
    outer loop
      vertex 1.69425 2.33193 65
      vertex 1.69425 -2.33193 65
      vertex 1.92872 -2.14206 65
    endloop
  endfacet
  facet normal 0 0 1
    outer loop
      vertex 1.44121 2.49625 65
      vertex 1.69425 -2.33193 65
      vertex 1.69425 2.33193 65
    endloop
  endfacet
  facet normal 0 0 1
    outer loop
      vertex 1.44121 2.49625 65
      vertex 1.44121 -2.49625 65
      vertex 1.69425 -2.33193 65
    endloop
  endfacet
  facet normal 0 0 1
    outer loop
      vertex 1.17239 2.63323 65
      vertex 1.44121 -2.49625 65
      vertex 1.44121 2.49625 65
    endloop
  endfacet
  facet normal 0 0 1
    outer loop
      vertex 1.17239 2.63323 65
      vertex 1.17239 -2.63323 65
      vertex 1.44121 -2.49625 65
    endloop
  endfacet
  facet normal 0 0 1
    outer loop
      vertex 0.890718 2.74135 65
      vertex 1.17239 -2.63323 65
      vertex 1.17239 2.63323 65
    endloop
  endfacet
  facet normal 0 0 1
    outer loop
      vertex 0.890718 2.74135 65
      vertex 0.890718 -2.74135 65
      vertex 1.17239 -2.63323 65
    endloop
  endfacet
  facet normal 0 0 1
    outer loop
      vertex 0.59929 2.81944 65
      vertex 0.890718 -2.74135 65
      vertex 0.890718 2.74135 65
    endloop
  endfacet
  facet normal 0 0 1
    outer loop
      vertex 0.59929 2.81944 65
      vertex 0.59929 -2.81944 65
      vertex 0.890718 -2.74135 65
    endloop
  endfacet
  facet normal 0 0 1
    outer loop
      vertex 0.301295 2.86664 65
      vertex 0.59929 -2.81944 65
      vertex 0.59929 2.81944 65
    endloop
  endfacet
  facet normal 0 0 1
    outer loop
      vertex 0.301295 2.86664 65
      vertex 0.301295 -2.86664 65
      vertex 0.59929 -2.81944 65
    endloop
  endfacet
  facet normal 0 0 1
    outer loop
      vertex 0 2.88243 65
      vertex 0.301295 -2.86664 65
      vertex 0.301295 2.86664 65
    endloop
  endfacet
  facet normal 0 0 1
    outer loop
      vertex 0 2.88243 65
      vertex 0 -2.88243 65
      vertex 0.301295 -2.86664 65
    endloop
  endfacet
  facet normal -0 0 1
    outer loop
      vertex -0.301295 2.86664 65
      vertex 0 -2.88243 65
      vertex 0 2.88243 65
    endloop
  endfacet
  facet normal 0 0 1
    outer loop
      vertex -0.301295 2.86664 65
      vertex -0.301295 -2.86664 65
      vertex 0 -2.88243 65
    endloop
  endfacet
  facet normal -0 0 1
    outer loop
      vertex -0.59929 2.81944 65
      vertex -0.301295 -2.86664 65
      vertex -0.301295 2.86664 65
    endloop
  endfacet
  facet normal 0 0 1
    outer loop
      vertex -0.59929 2.81944 65
      vertex -0.59929 -2.81944 65
      vertex -0.301295 -2.86664 65
    endloop
  endfacet
  facet normal -0 0 1
    outer loop
      vertex -0.890718 2.74135 65
      vertex -0.59929 -2.81944 65
      vertex -0.59929 2.81944 65
    endloop
  endfacet
  facet normal 0 0 1
    outer loop
      vertex -0.890718 2.74135 65
      vertex -0.890718 -2.74135 65
      vertex -0.59929 -2.81944 65
    endloop
  endfacet
  facet normal -0 0 1
    outer loop
      vertex -1.17239 2.63323 65
      vertex -0.890718 -2.74135 65
      vertex -0.890718 2.74135 65
    endloop
  endfacet
  facet normal 0 0 1
    outer loop
      vertex -1.17239 2.63323 65
      vertex -1.17239 -2.63323 65
      vertex -0.890718 -2.74135 65
    endloop
  endfacet
  facet normal -0 0 1
    outer loop
      vertex -1.44121 2.49625 65
      vertex -1.17239 -2.63323 65
      vertex -1.17239 2.63323 65
    endloop
  endfacet
  facet normal 0 0 1
    outer loop
      vertex -1.44121 2.49625 65
      vertex -1.44121 -2.49625 65
      vertex -1.17239 -2.63323 65
    endloop
  endfacet
  facet normal -0 0 1
    outer loop
      vertex -1.69425 2.33193 65
      vertex -1.44121 -2.49625 65
      vertex -1.44121 2.49625 65
    endloop
  endfacet
  facet normal 0 0 1
    outer loop
      vertex -1.69425 2.33193 65
      vertex -1.69425 -2.33193 65
      vertex -1.44121 -2.49625 65
    endloop
  endfacet
  facet normal -0 0 1
    outer loop
      vertex -1.92872 2.14206 65
      vertex -1.69425 -2.33193 65
      vertex -1.69425 2.33193 65
    endloop
  endfacet
  facet normal 0 0 1
    outer loop
      vertex -1.92872 2.14206 65
      vertex -1.92872 -2.14206 65
      vertex -1.69425 -2.33193 65
    endloop
  endfacet
  facet normal -0 0 1
    outer loop
      vertex -2.14206 1.92872 65
      vertex -1.92872 -2.14206 65
      vertex -1.92872 2.14206 65
    endloop
  endfacet
  facet normal 0 0 1
    outer loop
      vertex -2.14206 1.92872 65
      vertex -2.14206 -1.92872 65
      vertex -1.92872 -2.14206 65
    endloop
  endfacet
  facet normal -0 0 1
    outer loop
      vertex -2.33193 1.69425 65
      vertex -2.14206 -1.92872 65
      vertex -2.14206 1.92872 65
    endloop
  endfacet
  facet normal 0 0 1
    outer loop
      vertex -2.33193 1.69425 65
      vertex -2.33193 -1.69425 65
      vertex -2.14206 -1.92872 65
    endloop
  endfacet
  facet normal -0 0 1
    outer loop
      vertex -2.49625 1.44121 65
      vertex -2.33193 -1.69425 65
      vertex -2.33193 1.69425 65
    endloop
  endfacet
  facet normal 0 0 1
    outer loop
      vertex -2.49625 1.44121 65
      vertex -2.49625 -1.44121 65
      vertex -2.33193 -1.69425 65
    endloop
  endfacet
  facet normal -0 0 1
    outer loop
      vertex -2.63323 1.17239 65
      vertex -2.49625 -1.44121 65
      vertex -2.49625 1.44121 65
    endloop
  endfacet
  facet normal 0 0 1
    outer loop
      vertex -2.63323 1.17239 65
      vertex -2.63323 -1.17239 65
      vertex -2.49625 -1.44121 65
    endloop
  endfacet
  facet normal -0 0 1
    outer loop
      vertex -2.74135 0.890718 65
      vertex -2.63323 -1.17239 65
      vertex -2.63323 1.17239 65
    endloop
  endfacet
  facet normal 0 0 1
    outer loop
      vertex -2.74135 0.890718 65
      vertex -2.74135 -0.890718 65
      vertex -2.63323 -1.17239 65
    endloop
  endfacet
  facet normal -0 0 1
    outer loop
      vertex -2.81944 0.59929 65
      vertex -2.74135 -0.890718 65
      vertex -2.74135 0.890718 65
    endloop
  endfacet
  facet normal 0 0 1
    outer loop
      vertex -2.81944 0.59929 65
      vertex -2.81944 -0.59929 65
      vertex -2.74135 -0.890718 65
    endloop
  endfacet
  facet normal -0 0 1
    outer loop
      vertex -2.86664 0.301295 65
      vertex -2.81944 -0.59929 65
      vertex -2.81944 0.59929 65
    endloop
  endfacet
  facet normal 0 0 1
    outer loop
      vertex -2.86664 0.301295 65
      vertex -2.86664 -0.301295 65
      vertex -2.81944 -0.59929 65
    endloop
  endfacet
  facet normal 0 -0 1
    outer loop
      vertex -2.86664 -0.301295 65
      vertex -2.86664 0.301295 65
      vertex -2.88243 0 65
    endloop
  endfacet
  facet normal -0.0951132 -0.00498461 0.995454
    outer loop
      vertex -2.88243 0 65
      vertex -8.6157 0 64.4522
      vertex -2.86664 -0.301295 65
    endloop
  endfacet
  facet normal -0.0740181 0.059939 0.995454
    outer loop
      vertex -6.40271 5.76503 64.4522
      vertex -6.97025 5.06418 64.4522
      vertex -2.14206 1.92872 65
    endloop
  endfacet
  facet normal -0.0673475 0.0673475 0.995454
    outer loop
      vertex -5.76503 6.40271 64.4522
      vertex -2.14206 1.92872 65
      vertex -1.92872 2.14206 65
    endloop
  endfacet
  facet normal -0.0673475 0.0673475 0.995454
    outer loop
      vertex -2.14206 1.92872 65
      vertex -5.76503 6.40271 64.4522
      vertex -6.40271 5.76503 64.4522
    endloop
  endfacet
  facet normal -0.0848627 0.0432398 0.995454
    outer loop
      vertex -7.46142 4.30785 64.4522
      vertex -7.87084 3.50432 64.4522
      vertex -2.63323 1.17239 65
    endloop
  endfacet
  facet normal -0.177354 0.0680793 0.98179
    outer loop
      vertex -7.87084 3.50432 64.4522
      vertex -13.5569 4.40491 63.3626
      vertex -8.19402 2.6624 64.4522
    endloop
  endfacet
  facet normal -0.187632 0.029717 0.98179
    outer loop
      vertex -13.9431 2.96369 63.3626
      vertex -14.1765 1.49001 63.3626
      vertex -8.42743 1.7913 64.4522
    endloop
  endfacet
  facet normal -0.169265 0.0862476 0.98179
    outer loop
      vertex -12.3448 7.12729 63.3626
      vertex -13.0222 5.79786 63.3626
      vertex -7.87084 3.50432 64.4522
    endloop
  endfacet
  facet normal -0.252723 0.128773 0.958931
    outer loop
      vertex -12.3448 7.12729 63.3626
      vertex -17.093 9.86864 61.7431
      vertex -13.0222 5.79786 63.3626
    endloop
  endfacet
  facet normal -0.0798787 0.0518719 0.995454
    outer loop
      vertex -2.33193 1.69425 65
      vertex -7.46142 4.30785 64.4522
      vertex -2.49625 1.44121 65
    endloop
  endfacet
  facet normal -0.0798779 0.0518737 0.995454
    outer loop
      vertex -6.97025 5.06418 64.4522
      vertex -7.46142 4.30785 64.4522
      vertex -2.33193 1.69425 65
    endloop
  endfacet
  facet normal -0.147635 0.119554 0.98179
    outer loop
      vertex -10.5932 9.53818 63.3626
      vertex -11.5322 8.37863 63.3626
      vertex -6.97025 5.06418 64.4522
    endloop
  endfacet
  facet normal -0.220429 0.178502 0.958931
    outer loop
      vertex -10.5932 9.53818 63.3626
      vertex -15.9678 11.6013 61.7431
      vertex -11.5322 8.37863 63.3626
    endloop
  endfacet
  facet normal 0.833133 0.541048 0.1147
    outer loop
      vertex 47.6314 27.5 17.6204
      vertex 44.4959 32.3282 17.6204
      vertex 47.1095 27.1987 22.8325
    endloop
  endfacet
  facet normal 0.885127 0.450993 0.114701
    outer loop
      vertex 47.6314 27.5 17.6204
      vertex 47.1095 27.1987 22.8325
      vertex 50.245 22.3705 17.6204
    endloop
  endfacet
  facet normal 0.530362 0.816713 0.227366
    outer loop
      vertex 31.974 44.0084 22.8325
      vertex 26.5994 46.0715 27.9587
      vertex 31.2695 43.0388 27.9587
    endloop
  endfacet
  facet normal 0.612844 0.756787 0.227367
    outer loop
      vertex 31.974 44.0084 22.8325
      vertex 31.2695 43.0388 27.9587
      vertex 35.597 39.5344 27.9587
    endloop
  endfacet
  facet normal 0.992039 0.0519915 0.114695
    outer loop
      vertex 54.6987 5.74907 17.6204
      vertex 54.0994 5.68608 22.8325
      vertex 54.3974 0 22.8325
    endloop
  endfacet
  facet normal 0.992039 0.0519913 0.114695
    outer loop
      vertex 54.6987 5.74907 17.6204
      vertex 54.3974 0 22.8325
      vertex 55 0 17.6204
    endloop
  endfacet
  facet normal 0.94052 0.0492958 0.336144
    outer loop
      vertex 53.1988 0 27.9587
      vertex 51.1357 5.37458 32.943
      vertex 51.4174 0 32.943
    endloop
  endfacet
  facet normal 0.843324 -0.0442082 0.535583
    outer loop
      vertex 46.1902 0 42.2693
      vertex 45.9371 -4.82819 42.2693
      vertex 49.0726 0 37.7307
    endloop
  endfacet
  facet normal 0.46266 0.300457 0.834069
    outer loop
      vertex 28.0406 20.3727 53.9106
      vertex 25.9775 14.9981 56.9911
      vertex 30.0165 17.3301 53.9106
    endloop
  endfacet
  facet normal 0.515019 0.197697 0.834069
    outer loop
      vertex 32.9637 10.7106 53.9106
      vertex 27.4029 12.2006 56.9911
      vertex 28.5281 9.26935 56.9911
    endloop
  endfacet
  facet normal 0.334685 0.170528 0.926772
    outer loop
      vertex 21.6539 12.5019 59.6115
      vertex 17.093 9.86864 61.7431
      vertex 18.0309 8.02788 61.7431
    endloop
  endfacet
  facet normal 0.315025 0.204579 0.926772
    outer loop
      vertex 21.6539 12.5019 59.6115
      vertex 15.9678 11.6013 61.7431
      vertex 17.093 9.86864 61.7431
    endloop
  endfacet
  facet normal 0.626116 0.0991695 0.773397
    outer loop
      vertex 38.0932 8.09696 50.4039
      vertex 33.9027 7.20624 53.9106
      vertex 38.7309 4.07078 50.4039
    endloop
  endfacet
  facet normal 0.702221 0.111224 0.703218
    outer loop
      vertex 41.8664 8.89897 46.5092
      vertex 38.0932 8.09696 50.4039
      vertex 38.7309 4.07078 50.4039
    endloop
  endfacet
  facet normal -0.447444 -0.552532 0.703208
    outer loop
      vertex -26.0588 -28.9412 50.4039
      vertex -28.6399 -31.8078 46.5092
      vertex -25.1582 -34.6273 46.5092
    endloop
  endfacet
  facet normal -0.502742 -0.502742 0.703208
    outer loop
      vertex -28.9412 -26.0588 50.4039
      vertex -28.6399 -31.8078 46.5092
      vertex -26.0588 -28.9412 50.4039
    endloop
  endfacet
  facet normal -0.502742 -0.502742 0.703208
    outer loop
      vertex -28.6399 -31.8078 46.5092
      vertex -28.9412 -26.0588 50.4039
      vertex -31.8078 -28.6399 46.5092
    endloop
  endfacet
  facet normal -0.347173 -0.428724 0.834066
    outer loop
      vertex -20.0714 -22.2916 56.9911
      vertex -23.1921 -25.7575 53.9106
      vertex -20.3727 -28.0406 53.9106
    endloop
  endfacet
  facet normal -0.398946 -0.492641 0.7734
    outer loop
      vertex -23.1921 -25.7575 53.9106
      vertex -26.0588 -28.9412 50.4039
      vertex -22.8909 -31.5066 50.4039
    endloop
  endfacet
  facet normal -0.00994068 -0.18971 0.98179
    outer loop
      vertex 0 -8.6157 64.4522
      vertex -0.900586 -8.56851 64.4522
      vertex 0 -14.2546 63.3626
    endloop
  endfacet
  facet normal -0.00994384 -0.189711 0.98179
    outer loop
      vertex -0.900586 -8.56851 64.4522
      vertex -1.49001 -14.1765 63.3626
      vertex 0 -14.2546 63.3626
    endloop
  endfacet
  facet normal -0.0148999 -0.0940709 0.995454
    outer loop
      vertex -0.59929 -2.81944 65
      vertex -1.7913 -8.42743 64.4522
      vertex -0.900586 -8.56851 64.4522
    endloop
  endfacet
  facet normal -0.00498386 -0.0951132 0.995454
    outer loop
      vertex -0.301295 -2.86664 65
      vertex -0.900586 -8.56851 64.4522
      vertex 0 -8.6157 64.4522
    endloop
  endfacet
  facet normal -0.0432398 -0.0848627 0.995454
    outer loop
      vertex -1.17239 -2.63323 65
      vertex -4.30785 -7.46142 64.4522
      vertex -3.50432 -7.87084 64.4522
    endloop
  endfacet
  facet normal -0.0432419 -0.0848613 0.995454
    outer loop
      vertex -1.44121 -2.49625 65
      vertex -4.30785 -7.46142 64.4522
      vertex -1.17239 -2.63323 65
    endloop
  endfacet
  facet normal 0.13433 -0.13433 0.98179
    outer loop
      vertex 6.40271 -5.76503 64.4522
      vertex 9.53818 -10.5932 63.3626
      vertex 10.5932 -9.53818 63.3626
    endloop
  endfacet
  facet normal 0.13433 -0.13433 0.98179
    outer loop
      vertex 9.53818 -10.5932 63.3626
      vertex 6.40271 -5.76503 64.4522
      vertex 5.76503 -6.40271 64.4522
    endloop
  endfacet
  facet normal 0.189711 0.00994384 0.98179
    outer loop
      vertex 14.1765 1.49001 63.3626
      vertex 8.56851 0.900586 64.4522
      vertex 14.2546 0 63.3626
    endloop
  endfacet
  facet normal 0.283252 0.0148469 0.95893
    outer loop
      vertex 19.7373 0 61.7431
      vertex 14.1765 1.49001 63.3626
      vertex 14.2546 0 63.3626
    endloop
  endfacet
  facet normal 0.0940709 -0.0149001 0.995454
    outer loop
      vertex 2.86664 -0.301295 65
      vertex 2.81944 -0.59929 65
      vertex 8.56851 -0.900586 64.4522
    endloop
  endfacet
  facet normal 0.18971 0.00994068 0.98179
    outer loop
      vertex 14.2546 0 63.3626
      vertex 8.56851 0.900586 64.4522
      vertex 8.6157 0 64.4522
    endloop
  endfacet
  facet normal 0.103463 -0.159325 0.98179
    outer loop
      vertex 8.37863 -11.5322 63.3626
      vertex 5.06418 -6.97025 64.4522
      vertex 7.12729 -12.3448 63.3626
    endloop
  endfacet
  facet normal 0.200564 -0.200564 0.958931
    outer loop
      vertex 10.5932 -9.53818 63.3626
      vertex 13.2068 -14.6677 61.7431
      vertex 14.6677 -13.2068 61.7431
    endloop
  endfacet
  facet normal 0.200564 -0.200564 0.958931
    outer loop
      vertex 13.2068 -14.6677 61.7431
      vertex 10.5932 -9.53818 63.3626
      vertex 9.53818 -10.5932 63.3626
    endloop
  endfacet
  facet normal 0.154478 -0.237884 0.958931
    outer loop
      vertex 8.37863 -11.5322 63.3626
      vertex 7.12729 -12.3448 63.3626
      vertex 11.6013 -15.9678 61.7431
    endloop
  endfacet
  facet normal 0.390181 -0.253389 0.885185
    outer loop
      vertex 21.6539 -12.5019 59.6115
      vertex 20.2285 -14.6968 59.6115
      vertex 24.2675 -17.6314 56.9911
    endloop
  endfacet
  facet normal 0.390193 -0.253382 0.885182
    outer loop
      vertex 25.9775 -14.9981 56.9911
      vertex 21.6539 -12.5019 59.6115
      vertex 24.2675 -17.6314 56.9911
    endloop
  endfacet
  facet normal 0.0491713 -0.183497 0.98179
    outer loop
      vertex 4.40491 -13.5569 63.3626
      vertex 1.7913 -8.42743 64.4522
      vertex 2.96369 -13.9431 63.3626
    endloop
  endfacet
  facet normal 0.0680793 -0.177354 0.98179
    outer loop
      vertex 3.50432 -7.87084 64.4522
      vertex 2.6624 -8.19402 64.4522
      vertex 4.40491 -13.5569 63.3626
    endloop
  endfacet
  facet normal 0.300449 -0.462674 0.834064
    outer loop
      vertex 17.6314 -24.2675 56.9911
      vertex 14.9981 -25.9775 56.9911
      vertex 20.3727 -28.0406 53.9106
    endloop
  endfacet
  facet normal 0.236388 -0.291916 0.926772
    outer loop
      vertex 13.2068 -14.6677 61.7431
      vertex 11.6013 -15.9678 61.7431
      vertex 14.6968 -20.2285 59.6115
    endloop
  endfacet
  facet normal 0.315024 -0.204581 0.926772
    outer loop
      vertex 21.6539 -12.5019 59.6115
      vertex 15.9678 -11.6013 61.7431
      vertex 20.2285 -14.6968 59.6115
    endloop
  endfacet
  facet normal 0.315025 -0.204579 0.926772
    outer loop
      vertex 17.093 -9.86864 61.7431
      vertex 15.9678 -11.6013 61.7431
      vertex 21.6539 -12.5019 59.6115
    endloop
  endfacet
  facet normal 0.1785 -0.22043 0.958931
    outer loop
      vertex 13.2068 -14.6677 61.7431
      vertex 9.53818 -10.5932 63.3626
      vertex 11.6013 -15.9678 61.7431
    endloop
  endfacet
  facet normal 0.204581 -0.315024 0.926772
    outer loop
      vertex 14.6968 -20.2285 59.6115
      vertex 11.6013 -15.9678 61.7431
      vertex 12.5019 -21.6539 59.6115
    endloop
  endfacet
  facet normal 0.142782 -0.532863 0.834069
    outer loop
      vertex 9.26935 -28.5281 56.9911
      vertex 7.20624 -33.9027 53.9106
      vertex 10.7106 -32.9637 53.9106
    endloop
  endfacet
  facet normal 0.0727701 -0.459516 0.885183
    outer loop
      vertex 5.19857 -24.4574 59.6115
      vertex 3.13546 -29.8319 56.9911
      vertex 6.23657 -29.3408 56.9911
    endloop
  endfacet
  facet normal 0.120423 -0.449387 0.885183
    outer loop
      vertex 9.26935 -28.5281 56.9911
      vertex 5.19857 -24.4574 59.6115
      vertex 6.23657 -29.3408 56.9911
    endloop
  endfacet
  facet normal 0.184026 -0.686755 0.703209
    outer loop
      vertex 12.0344 -37.0382 50.4039
      vertex 8.89897 -41.8664 46.5092
      vertex 13.2264 -40.7068 46.5092
    endloop
  endfacet
  facet normal 0.097222 -0.362826 0.926771
    outer loop
      vertex 6.09916 -18.7713 61.7431
      vertex 5.19857 -24.4574 59.6115
      vertex 7.72658 -23.78 59.6115
    endloop
  endfacet
  facet normal 0.0587579 -0.371 0.926772
    outer loop
      vertex 4.10361 -19.306 61.7431
      vertex 2.6136 -24.8668 59.6115
      vertex 5.19857 -24.4574 59.6115
    endloop
  endfacet
  facet normal 0.390086 -0.390086 0.834066
    outer loop
      vertex 22.2916 -20.0714 56.9911
      vertex 23.1921 -25.7575 53.9106
      vertex 25.7575 -23.1921 53.9106
    endloop
  endfacet
  facet normal 0.390086 -0.390086 0.834066
    outer loop
      vertex 23.1921 -25.7575 53.9106
      vertex 22.2916 -20.0714 56.9911
      vertex 20.0714 -22.2916 56.9911
    endloop
  endfacet
  facet normal 0.280109 -0.729669 0.623796
    outer loop
      vertex 18.7872 -42.1968 42.2693
      vertex 13.2264 -40.7068 46.5092
      vertex 14.2736 -43.9295 42.2693
    endloop
  endfacet
  facet normal 0.280092 -0.729688 0.623782
    outer loop
      vertex 17.409 -39.1013 46.5092
      vertex 13.2264 -40.7068 46.5092
      vertex 18.7872 -42.1968 42.2693
    endloop
  endfacet
  facet normal 0.122264 -0.771976 0.623782
    outer loop
      vertex 8.89897 -41.8664 46.5092
      vertex 4.82819 -45.9371 42.2693
      vertex 9.60348 -45.1808 42.2693
    endloop
  endfacet
  facet normal 0.202304 -0.754963 0.623782
    outer loop
      vertex 13.2264 -40.7068 46.5092
      vertex 8.89897 -41.8664 46.5092
      vertex 9.60348 -45.1808 42.2693
    endloop
  endfacet
  facet normal 0.243769 -0.909714 0.336149
    outer loop
      vertex 15.8888 -48.9008 32.943
      vertex 10.6903 -50.2938 32.943
      vertex 11.0607 -52.0363 27.9587
    endloop
  endfacet
  facet normal 0.232513 -0.867708 0.439342
    outer loop
      vertex 15.8888 -48.9008 32.943
      vertex 10.2028 -48.0003 37.7307
      vertex 10.6903 -50.2938 32.943
    endloop
  endfacet
  facet normal 0.838668 -0.544643 0
    outer loop
      vertex 44.4959 -32.3282 17.6204
      vertex 47.6314 -27.5 15
      vertex 47.6314 -27.5 17.6204
    endloop
  endfacet
  facet normal 0.838668 -0.544643 0
    outer loop
      vertex 47.6314 -27.5 15
      vertex 44.4959 -32.3282 17.6204
      vertex 44.4959 -32.3282 15
    endloop
  endfacet
  facet normal -0.450993 -0.885127 0.114701
    outer loop
      vertex -27.1987 -47.1095 22.8325
      vertex -27.5 -47.6314 17.6204
      vertex -22.3705 -50.245 17.6204
    endloop
  endfacet
  facet normal -0.541048 -0.833133 0.1147
    outer loop
      vertex -27.1987 -47.1095 22.8325
      vertex -32.3282 -44.4959 17.6204
      vertex -27.5 -47.6314 17.6204
    endloop
  endfacet
  facet normal 0.756796 -0.612825 0.227389
    outer loop
      vertex 44.0084 -31.974 22.8325
      vertex 39.5344 -35.597 27.9587
      vertex 40.4252 -36.399 22.8325
    endloop
  endfacet
  facet normal 0.772026 -0.625158 0.11469
    outer loop
      vertex 44.0084 -31.974 22.8325
      vertex 40.4252 -36.399 22.8325
      vertex 40.873 -36.8022 17.6204
    endloop
  endfacet
  facet normal 0.753391 -0.489269 0.439338
    outer loop
      vertex 44.5288 -25.7087 32.943
      vertex 39.7006 -28.8442 37.7307
      vertex 41.5975 -30.2224 32.943
    endloop
  endfacet
  facet normal 0.698129 -0.56533 0.439338
    outer loop
      vertex 39.7006 -28.8442 37.7307
      vertex 38.2106 -34.4049 32.943
      vertex 41.5975 -30.2224 32.943
    endloop
  endfacet
  facet normal 0.839167 -0.427563 0.336138
    outer loop
      vertex 46.9721 -20.9133 32.943
      vertex 44.5288 -25.7087 32.943
      vertex 46.0715 -26.5994 27.9587
    endloop
  endfacet
  facet normal 0.789878 -0.512936 0.336139
    outer loop
      vertex 44.5288 -25.7087 32.943
      vertex 43.0388 -31.2695 27.9587
      vertex 46.0715 -26.5994 27.9587
    endloop
  endfacet
  facet normal 0.752438 -0.383395 0.53558
    outer loop
      vertex 44.8301 -19.9596 37.7307
      vertex 40.0019 -23.0951 42.2693
      vertex 42.4981 -24.5363 37.7307
    endloop
  endfacet
  facet normal 0.70825 -0.45993 0.53558
    outer loop
      vertex 40.0019 -23.0951 42.2693
      vertex 39.7006 -28.8442 37.7307
      vertex 42.4981 -24.5363 37.7307
    endloop
  endfacet
  facet normal 0.398946 -0.492641 0.7734
    outer loop
      vertex 23.1921 -25.7575 53.9106
      vertex 22.8909 -31.5066 50.4039
      vertex 26.0588 -28.9412 50.4039
    endloop
  endfacet
  facet normal 0.448248 -0.448248 0.7734
    outer loop
      vertex 25.7575 -23.1921 53.9106
      vertex 26.0588 -28.9412 50.4039
      vertex 28.9412 -26.0588 50.4039
    endloop
  endfacet
  facet normal 0.448248 -0.448248 0.7734
    outer loop
      vertex 26.0588 -28.9412 50.4039
      vertex 25.7575 -23.1921 53.9106
      vertex 23.1921 -25.7575 53.9106
    endloop
  endfacet
  facet normal -0.530362 0.816713 0.227366
    outer loop
      vertex -26.5994 46.0715 27.9587
      vertex -31.974 44.0084 22.8325
      vertex -31.2695 43.0388 27.9587
    endloop
  endfacet
  facet normal -0.612844 0.756787 0.227367
    outer loop
      vertex -31.974 44.0084 22.8325
      vertex -35.597 39.5344 27.9587
      vertex -31.2695 43.0388 27.9587
    endloop
  endfacet
  facet normal -0.243769 0.909714 0.336149
    outer loop
      vertex -11.0607 52.0363 27.9587
      vertex -15.8888 48.9008 32.943
      vertex -10.6903 50.2938 32.943
    endloop
  endfacet
  facet normal -0.512952 0.789858 0.336162
    outer loop
      vertex -25.7087 44.5288 32.943
      vertex -31.2695 43.0388 27.9587
      vertex -30.2224 41.5975 32.943
    endloop
  endfacet
  facet normal -0.34898 0.909127 0.227376
    outer loop
      vertex -16.8097 51.735 22.8325
      vertex -22.1254 49.6945 22.8325
      vertex -16.4393 50.5951 27.9587
    endloop
  endfacet
  facet normal -0.356002 0.92742 0.114693
    outer loop
      vertex -16.9959 52.3081 17.6204
      vertex -22.1254 49.6945 22.8325
      vertex -16.8097 51.735 22.8325
    endloop
  endfacet
  facet normal -0.92742 0.356002 0.114693
    outer loop
      vertex -49.6945 22.1254 22.8325
      vertex -52.3081 16.9959 17.6204
      vertex -51.735 16.8097 22.8325
    endloop
  endfacet
  facet normal -0.909127 0.34898 0.227376
    outer loop
      vertex -49.6945 22.1254 22.8325
      vertex -51.735 16.8097 22.8325
      vertex -50.5951 16.4393 27.9587
    endloop
  endfacet
  facet normal -0.879252 0.337509 0.336159
    outer loop
      vertex -46.9721 20.9133 32.943
      vertex -50.5951 16.4393 27.9587
      vertex -48.9008 15.8888 32.943
    endloop
  endfacet
  facet normal -0.879252 0.337521 0.336148
    outer loop
      vertex -48.5995 21.6379 27.9587
      vertex -50.5951 16.4393 27.9587
      vertex -46.9721 20.9133 32.943
    endloop
  endfacet
  facet normal -0.754958 0.202281 0.623796
    outer loop
      vertex -43.9295 14.2736 42.2693
      vertex -45.1808 9.60348 42.2693
      vertex -40.7068 13.2264 46.5092
    endloop
  endfacet
  facet normal -0.815712 0.21856 0.53558
    outer loop
      vertex -43.9295 14.2736 42.2693
      vertex -46.6708 15.1643 37.7307
      vertex -45.1808 9.60348 42.2693
    endloop
  endfacet
  facet normal -0.663759 0.254798 0.703208
    outer loop
      vertex -35.5773 15.8401 50.4039
      vertex -40.7068 13.2264 46.5092
      vertex -37.0382 12.0344 50.4039
    endloop
  endfacet
  facet normal -0.729688 0.280092 0.623782
    outer loop
      vertex -39.1013 17.409 46.5092
      vertex -42.1968 18.7872 42.2693
      vertex -40.7068 13.2264 46.5092
    endloop
  endfacet
  facet normal -0.291916 0.236388 0.926772
    outer loop
      vertex -14.6677 13.2068 61.7431
      vertex -20.2285 14.6968 59.6115
      vertex -15.9678 11.6013 61.7431
    endloop
  endfacet
  facet normal -0.361557 0.292787 0.885185
    outer loop
      vertex -22.2916 20.0714 56.9911
      vertex -24.2675 17.6314 56.9911
      vertex -20.2285 14.6968 59.6115
    endloop
  endfacet
  facet normal -0.280109 -0.729669 0.623796
    outer loop
      vertex -13.2264 -40.7068 46.5092
      vertex -18.7872 -42.1968 42.2693
      vertex -14.2736 -43.9295 42.2693
    endloop
  endfacet
  facet normal -0.30265 -0.788389 0.53558
    outer loop
      vertex -14.2736 -43.9295 42.2693
      vertex -18.7872 -42.1968 42.2693
      vertex -15.1643 -46.6708 37.7307
    endloop
  endfacet
  facet normal -0.512952 -0.789858 0.336162
    outer loop
      vertex -30.2224 -41.5975 32.943
      vertex -31.2695 -43.0388 27.9587
      vertex -25.7087 -44.5288 32.943
    endloop
  endfacet
  facet normal -0.354822 -0.696404 0.623798
    outer loop
      vertex -21.4008 -37.0673 46.5092
      vertex -23.0951 -40.0019 42.2693
      vertex -18.7872 -42.1968 42.2693
    endloop
  endfacet
  facet normal -0.625158 -0.772026 0.11469
    outer loop
      vertex -36.399 -40.4252 22.8325
      vertex -36.8022 -40.873 17.6204
      vertex -31.974 -44.0084 22.8325
    endloop
  endfacet
  facet normal -0.655497 -0.425698 0.623783
    outer loop
      vertex -34.6273 -25.1582 46.5092
      vertex -40.0019 -23.0951 42.2693
      vertex -37.3686 -27.1499 42.2693
    endloop
  endfacet
  facet normal -0.708228 -0.459943 0.535599
    outer loop
      vertex -37.3686 -27.1499 42.2693
      vertex -40.0019 -23.0951 42.2693
      vertex -39.7006 -28.8442 37.7307
    endloop
  endfacet
  facet normal -0.65629 -0.531439 0.535589
    outer loop
      vertex -34.326 -30.9073 42.2693
      vertex -37.3686 -27.1499 42.2693
      vertex -36.4681 -32.836 37.7307
    endloop
  endfacet
  facet normal -0.656278 -0.531444 0.535598
    outer loop
      vertex -37.3686 -27.1499 42.2693
      vertex -39.7006 -28.8442 37.7307
      vertex -36.4681 -32.836 37.7307
    endloop
  endfacet
  facet normal -0.885127 0.450993 0.114701
    outer loop
      vertex -47.6314 27.5 17.6204
      vertex -50.245 22.3705 17.6204
      vertex -47.1095 27.1987 22.8325
    endloop
  endfacet
  facet normal -0.345244 0.531651 0.773404
    outer loop
      vertex -19.4721 33.7267 50.4039
      vertex -22.8909 31.5066 50.4039
      vertex -20.3727 28.0406 53.9106
    endloop
  endfacet
  facet normal -0.398934 0.492643 0.773404
    outer loop
      vertex -22.8909 31.5066 50.4039
      vertex -23.1921 25.7575 53.9106
      vertex -20.3727 28.0406 53.9106
    endloop
  endfacet
  facet normal -0.390181 0.253389 0.885185
    outer loop
      vertex -20.2285 14.6968 59.6115
      vertex -24.2675 17.6314 56.9911
      vertex -21.6539 12.5019 59.6115
    endloop
  endfacet
  facet normal -0.291916 -0.236388 0.926772
    outer loop
      vertex -15.9678 -11.6013 61.7431
      vertex -20.2285 -14.6968 59.6115
      vertex -14.6677 -13.2068 61.7431
    endloop
  endfacet
  facet normal -0.315024 -0.204581 0.926772
    outer loop
      vertex -15.9678 -11.6013 61.7431
      vertex -21.6539 -12.5019 59.6115
      vertex -20.2285 -14.6968 59.6115
    endloop
  endfacet
  facet normal -0.390193 -0.253382 0.885182
    outer loop
      vertex -21.6539 -12.5019 59.6115
      vertex -25.9775 -14.9981 56.9911
      vertex -24.2675 -17.6314 56.9911
    endloop
  endfacet
  facet normal -0.462674 -0.300449 0.834064
    outer loop
      vertex -25.9775 -14.9981 56.9911
      vertex -28.0406 -20.3727 53.9106
      vertex -24.2675 -17.6314 56.9911
    endloop
  endfacet
  facet normal -0.434344 -0.166729 0.885182
    outer loop
      vertex -22.8421 -10.1699 59.6115
      vertex -28.5281 -9.26935 56.9911
      vertex -27.4029 -12.2006 56.9911
    endloop
  endfacet
  facet normal -0.532863 -0.142782 0.834069
    outer loop
      vertex -28.5281 -9.26935 56.9911
      vertex -33.9027 -7.20624 53.9106
      vertex -32.9637 -10.7106 53.9106
    endloop
  endfacet
  facet normal -0.252723 -0.128773 0.958931
    outer loop
      vertex -13.0222 -5.79786 63.3626
      vertex -17.093 -9.86864 61.7431
      vertex -12.3448 -7.12729 63.3626
    endloop
  endfacet
  facet normal -0.23788 -0.154481 0.958931
    outer loop
      vertex -12.3448 -7.12729 63.3626
      vertex -17.093 -9.86864 61.7431
      vertex -15.9678 -11.6013 61.7431
    endloop
  endfacet
  facet normal -0.236388 -0.291916 0.926772
    outer loop
      vertex -13.2068 -14.6677 61.7431
      vertex -14.6968 -20.2285 59.6115
      vertex -11.6013 -15.9678 61.7431
    endloop
  endfacet
  facet normal -0.236389 -0.291916 0.926771
    outer loop
      vertex -13.2068 -14.6677 61.7431
      vertex -16.7308 -18.5814 59.6115
      vertex -14.6968 -20.2285 59.6115
    endloop
  endfacet
  facet normal -0.287795 -0.564827 0.773398
    outer loop
      vertex -14.0975 -31.6636 53.9106
      vertex -17.3301 -30.0165 53.9106
      vertex -15.8401 -35.5773 50.4039
    endloop
  endfacet
  facet normal -0.227176 -0.591817 0.773397
    outer loop
      vertex -14.0975 -31.6636 53.9106
      vertex -15.8401 -35.5773 50.4039
      vertex -10.7106 -32.9637 53.9106
    endloop
  endfacet
  facet normal -0.300457 -0.46266 0.834069
    outer loop
      vertex -14.9981 -25.9775 56.9911
      vertex -20.3727 -28.0406 53.9106
      vertex -17.3301 -30.0165 53.9106
    endloop
  endfacet
  facet normal -0.300449 -0.462674 0.834064
    outer loop
      vertex -17.6314 -24.2675 56.9911
      vertex -20.3727 -28.0406 53.9106
      vertex -14.9981 -25.9775 56.9911
    endloop
  endfacet
  facet normal 0.166729 -0.434344 0.885182
    outer loop
      vertex 10.1699 -22.8421 59.6115
      vertex 9.26935 -28.5281 56.9911
      vertex 12.2006 -27.4029 56.9911
    endloop
  endfacet
  facet normal 0.170528 -0.334684 0.926772
    outer loop
      vertex 12.5019 -21.6539 59.6115
      vertex 8.02788 -18.0309 61.7431
      vertex 10.1699 -22.8421 59.6115
    endloop
  endfacet
  facet normal 0.0196547 -0.375115 0.92677
    outer loop
      vertex 0 -19.7373 61.7431
      vertex 0 -25.0037 59.6115
      vertex 2.06311 -19.6292 61.7431
    endloop
  endfacet
  facet normal 0.0196483 -0.375112 0.926771
    outer loop
      vertex 2.06311 -19.6292 61.7431
      vertex 0 -25.0037 59.6115
      vertex 2.6136 -24.8668 59.6115
    endloop
  endfacet
  facet normal -0.0587579 -0.371 0.926772
    outer loop
      vertex -4.10361 -19.306 61.7431
      vertex -5.19857 -24.4574 59.6115
      vertex -2.6136 -24.8668 59.6115
    endloop
  endfacet
  facet normal -0.0972176 -0.362825 0.926772
    outer loop
      vertex -4.10361 -19.306 61.7431
      vertex -6.09916 -18.7713 61.7431
      vertex -5.19857 -24.4574 59.6115
    endloop
  endfacet
  facet normal 0.0148469 -0.283252 0.95893
    outer loop
      vertex 0 -14.2546 63.3626
      vertex 0 -19.7373 61.7431
      vertex 1.49001 -14.1765 63.3626
    endloop
  endfacet
  facet normal 0.00994384 -0.189711 0.98179
    outer loop
      vertex 0.900586 -8.56851 64.4522
      vertex 0 -14.2546 63.3626
      vertex 1.49001 -14.1765 63.3626
    endloop
  endfacet
  facet normal -0.0734158 -0.273973 0.958931
    outer loop
      vertex -4.40491 -13.5569 63.3626
      vertex -6.09916 -18.7713 61.7431
      vertex -2.96369 -13.9431 63.3626
    endloop
  endfacet
  facet normal -0.0246508 -0.0919983 0.995454
    outer loop
      vertex -0.59929 -2.81944 65
      vertex -2.6624 -8.19402 64.4522
      vertex -1.7913 -8.42743 64.4522
    endloop
  endfacet
  facet normal -0.1785 -0.22043 0.958931
    outer loop
      vertex -9.53818 -10.5932 63.3626
      vertex -13.2068 -14.6677 61.7431
      vertex -11.6013 -15.9678 61.7431
    endloop
  endfacet
  facet normal -0.200564 -0.200564 0.958931
    outer loop
      vertex -10.5932 -9.53818 63.3626
      vertex -13.2068 -14.6677 61.7431
      vertex -9.53818 -10.5932 63.3626
    endloop
  endfacet
  facet normal -0.200564 -0.200564 0.958931
    outer loop
      vertex -13.2068 -14.6677 61.7431
      vertex -10.5932 -9.53818 63.3626
      vertex -14.6677 -13.2068 61.7431
    endloop
  endfacet
  facet normal -0.204579 -0.315025 0.926772
    outer loop
      vertex -11.6013 -15.9678 61.7431
      vertex -12.5019 -21.6539 59.6115
      vertex -9.86864 -17.093 61.7431
    endloop
  endfacet
  facet normal -0.211215 -0.414537 0.885182
    outer loop
      vertex -10.1699 -22.8421 59.6115
      vertex -12.5019 -21.6539 59.6115
      vertex -12.2006 -27.4029 56.9911
    endloop
  endfacet
  facet normal -0.169265 -0.0862476 0.98179
    outer loop
      vertex -7.87084 -3.50432 64.4522
      vertex -13.0222 -5.79786 63.3626
      vertex -12.3448 -7.12729 63.3626
    endloop
  endfacet
  facet normal -0.169267 -0.0862458 0.981789
    outer loop
      vertex -7.87084 -3.50432 64.4522
      vertex -12.3448 -7.12729 63.3626
      vertex -7.46142 -4.30785 64.4522
    endloop
  endfacet
  facet normal -0.147635 -0.119553 0.98179
    outer loop
      vertex -6.97025 -5.06418 64.4522
      vertex -10.5932 -9.53818 63.3626
      vertex -6.40271 -5.76503 64.4522
    endloop
  endfacet
  facet normal -0.0940709 -0.0149001 0.995454
    outer loop
      vertex -2.86664 -0.301295 65
      vertex -8.56851 -0.900586 64.4522
      vertex -2.81944 -0.59929 65
    endloop
  endfacet
  facet normal -0.0798787 -0.0518719 0.995454
    outer loop
      vertex -2.49625 -1.44121 65
      vertex -7.46142 -4.30785 64.4522
      vertex -2.33193 -1.69425 65
    endloop
  endfacet
  facet normal -0.65629 0.531439 0.535589
    outer loop
      vertex -36.4681 32.836 37.7307
      vertex -37.3686 27.1499 42.2693
      vertex -34.326 30.9073 42.2693
    endloop
  endfacet
  facet normal -0.607422 0.491867 0.623783
    outer loop
      vertex -34.326 30.9073 42.2693
      vertex -37.3686 27.1499 42.2693
      vertex -34.6273 25.1582 46.5092
    endloop
  endfacet
  facet normal -0.354822 0.696404 0.623798
    outer loop
      vertex -18.7872 42.1968 42.2693
      vertex -23.0951 40.0019 42.2693
      vertex -21.4008 37.0673 46.5092
    endloop
  endfacet
  facet normal -0.354849 0.696404 0.623782
    outer loop
      vertex -18.7872 42.1968 42.2693
      vertex -21.4008 37.0673 46.5092
      vertex -17.409 39.1013 46.5092
    endloop
  endfacet
  facet normal 0.13433 0.13433 0.98179
    outer loop
      vertex 9.53818 10.5932 63.3626
      vertex 6.40271 5.76503 64.4522
      vertex 10.5932 9.53818 63.3626
    endloop
  endfacet
  facet normal 0.13433 0.13433 0.98179
    outer loop
      vertex 6.40271 5.76503 64.4522
      vertex 9.53818 10.5932 63.3626
      vertex 5.76503 6.40271 64.4522
    endloop
  endfacet
  facet normal 0.200564 0.200564 0.958931
    outer loop
      vertex 13.2068 14.6677 61.7431
      vertex 10.5932 9.53818 63.3626
      vertex 14.6677 13.2068 61.7431
    endloop
  endfacet
  facet normal 0.200564 0.200564 0.958931
    outer loop
      vertex 10.5932 9.53818 63.3626
      vertex 13.2068 14.6677 61.7431
      vertex 9.53818 10.5932 63.3626
    endloop
  endfacet
  facet normal 0.159325 0.103463 0.98179
    outer loop
      vertex 11.5322 8.37863 63.3626
      vertex 6.97025 5.06418 64.4522
      vertex 12.3448 7.12729 63.3626
    endloop
  endfacet
  facet normal 0.237884 0.154478 0.958931
    outer loop
      vertex 15.9678 11.6013 61.7431
      vertex 11.5322 8.37863 63.3626
      vertex 12.3448 7.12729 63.3626
    endloop
  endfacet
  facet normal 0.291916 0.236389 0.926771
    outer loop
      vertex 18.5814 16.7308 59.6115
      vertex 14.6677 13.2068 61.7431
      vertex 20.2285 14.6968 59.6115
    endloop
  endfacet
  facet normal -0.120418 0.449391 0.885182
    outer loop
      vertex -5.19857 24.4574 59.6115
      vertex -9.26935 28.5281 56.9911
      vertex -7.72658 23.78 59.6115
    endloop
  endfacet
  facet normal -0.197697 0.515019 0.834069
    outer loop
      vertex -10.7106 32.9637 53.9106
      vertex -12.2006 27.4029 56.9911
      vertex -9.26935 28.5281 56.9911
    endloop
  endfacet
  facet normal -0.236388 0.291916 0.926772
    outer loop
      vertex -11.6013 15.9678 61.7431
      vertex -14.6968 20.2285 59.6115
      vertex -13.2068 14.6677 61.7431
    endloop
  endfacet
  facet normal -0.204581 0.315024 0.926772
    outer loop
      vertex -12.5019 21.6539 59.6115
      vertex -14.6968 20.2285 59.6115
      vertex -11.6013 15.9678 61.7431
    endloop
  endfacet
  facet normal -0.103467 0.159324 0.981789
    outer loop
      vertex -4.30785 7.46142 64.4522
      vertex -7.12729 12.3448 63.3626
      vertex -5.06418 6.97025 64.4522
    endloop
  endfacet
  facet normal -0.0148999 0.0940709 0.995454
    outer loop
      vertex -0.900586 8.56851 64.4522
      vertex -1.7913 8.42743 64.4522
      vertex -0.59929 2.81944 65
    endloop
  endfacet
  facet normal -0.101647 0.2648 0.958931
    outer loop
      vertex -4.40491 13.5569 63.3626
      vertex -6.09916 18.7713 61.7431
      vertex -5.79786 13.0222 63.3626
    endloop
  endfacet
  facet normal -0.0734158 0.273973 0.958931
    outer loop
      vertex -2.96369 13.9431 63.3626
      vertex -6.09916 18.7713 61.7431
      vertex -4.40491 13.5569 63.3626
    endloop
  endfacet
  facet normal -0.250449 0.491533 0.834069
    outer loop
      vertex -12.2006 27.4029 56.9911
      vertex -17.3301 30.0165 53.9106
      vertex -14.9981 25.9775 56.9911
    endloop
  endfacet
  facet normal -0.211217 0.414536 0.885182
    outer loop
      vertex -12.2006 27.4029 56.9911
      vertex -14.9981 25.9775 56.9911
      vertex -12.5019 21.6539 59.6115
    endloop
  endfacet
  facet normal -0.119554 0.147635 0.98179
    outer loop
      vertex -8.37863 11.5322 63.3626
      vertex -9.53818 10.5932 63.3626
      vertex -5.06418 6.97025 64.4522
    endloop
  endfacet
  facet normal -0.119553 0.147635 0.98179
    outer loop
      vertex -5.06418 6.97025 64.4522
      vertex -9.53818 10.5932 63.3626
      vertex -5.76503 6.40271 64.4522
    endloop
  endfacet
  facet normal -0.0518719 0.0798787 0.995454
    outer loop
      vertex -1.44121 2.49625 65
      vertex -4.30785 7.46142 64.4522
      vertex -1.69425 2.33193 65
    endloop
  endfacet
  facet normal 0.0734108 0.273976 0.958931
    outer loop
      vertex 4.10361 19.306 61.7431
      vertex 2.96369 13.9431 63.3626
      vertex 6.09916 18.7713 61.7431
    endloop
  endfacet
  facet normal 0.0443697 0.280149 0.958931
    outer loop
      vertex 4.10361 19.306 61.7431
      vertex 1.49001 14.1765 63.3626
      vertex 2.96369 13.9431 63.3626
    endloop
  endfacet
  facet normal 0.287795 0.564827 0.773398
    outer loop
      vertex 15.8401 35.5773 50.4039
      vertex 14.0975 31.6636 53.9106
      vertex 17.3301 30.0165 53.9106
    endloop
  endfacet
  facet normal 0.227176 0.591817 0.773397
    outer loop
      vertex 15.8401 35.5773 50.4039
      vertex 10.7106 32.9637 53.9106
      vertex 14.0975 31.6636 53.9106
    endloop
  endfacet
  facet normal 0.0862939 0.544871 0.834068
    outer loop
      vertex 3.62297 34.4702 53.9106
      vertex 3.13546 29.8319 56.9911
      vertex 7.20624 33.9027 53.9106
    endloop
  endfacet
  facet normal 0.0331704 0.633049 0.773401
    outer loop
      vertex 4.07078 38.7309 50.4039
      vertex 0 38.9442 50.4039
      vertex 3.62297 34.4702 53.9106
    endloop
  endfacet
  facet normal -0.155406 0.981171 0.114687
    outer loop
      vertex -5.74907 54.6987 17.6204
      vertex -11.4351 53.7981 17.6204
      vertex -11.3099 53.2087 22.8325
    endloop
  endfacet
  facet normal -0.257109 0.959553 0.114685
    outer loop
      vertex -11.4351 53.7981 17.6204
      vertex -16.9959 52.3081 17.6204
      vertex -11.3099 53.2087 22.8325
    endloop
  endfacet
  facet normal -0.243758 0.909714 0.336159
    outer loop
      vertex -11.0607 52.0363 27.9587
      vertex -16.4393 50.5951 27.9587
      vertex -15.8888 48.9008 32.943
    endloop
  endfacet
  facet normal -0.337509 0.879252 0.336159
    outer loop
      vertex -16.4393 50.5951 27.9587
      vertex -20.9133 46.9721 32.943
      vertex -15.8888 48.9008 32.943
    endloop
  endfacet
  facet normal -0.0470101 0.897088 0.439343
    outer loop
      vertex 0 49.0726 37.7307
      vertex -5.37458 51.1357 32.943
      vertex -5.12948 48.8038 37.7307
    endloop
  endfacet
  facet normal -0.140522 0.88726 0.439343
    outer loop
      vertex -5.37458 51.1357 32.943
      vertex -10.2028 48.0003 37.7307
      vertex -5.12948 48.8038 37.7307
    endloop
  endfacet
  facet normal -0.287794 0.564827 0.773398
    outer loop
      vertex -15.8401 35.5773 50.4039
      vertex -19.4721 33.7267 50.4039
      vertex -17.3301 30.0165 53.9106
    endloop
  endfacet
  facet normal -0.197696 0.515019 0.834069
    outer loop
      vertex -10.7106 32.9637 53.9106
      vertex -14.0975 31.6636 53.9106
      vertex -12.2006 27.4029 56.9911
    endloop
  endfacet
  facet normal -0.142782 0.532863 0.834069
    outer loop
      vertex -7.20624 33.9027 53.9106
      vertex -10.7106 32.9637 53.9106
      vertex -9.26935 28.5281 56.9911
    endloop
  endfacet
  facet normal -0.164072 0.612317 0.773401
    outer loop
      vertex -7.20624 33.9027 53.9106
      vertex -12.0344 37.0382 50.4039
      vertex -10.7106 32.9637 53.9106
    endloop
  endfacet
  facet normal -0.0862879 0.544876 0.834065
    outer loop
      vertex -3.13546 29.8319 56.9911
      vertex -7.20624 33.9027 53.9106
      vertex -6.23657 29.3408 56.9911
    endloop
  endfacet
  facet normal -0.142793 0.532865 0.834065
    outer loop
      vertex -7.20624 33.9027 53.9106
      vertex -9.26935 28.5281 56.9911
      vertex -6.23657 29.3408 56.9911
    endloop
  endfacet
  facet normal -0.0288761 0.550906 0.834068
    outer loop
      vertex 0 34.6601 53.9106
      vertex -3.62297 34.4702 53.9106
      vertex -3.13546 29.8319 56.9911
    endloop
  endfacet
  facet normal -0.0331819 0.633054 0.773396
    outer loop
      vertex 0 38.9442 50.4039
      vertex -3.62297 34.4702 53.9106
      vertex 0 34.6601 53.9106
    endloop
  endfacet
  facet normal -0.0991695 0.626116 0.773397
    outer loop
      vertex -4.07078 38.7309 50.4039
      vertex -8.09696 38.0932 50.4039
      vertex -7.20624 33.9027 53.9106
    endloop
  endfacet
  facet normal -0.111224 0.702221 0.703218
    outer loop
      vertex -4.07078 38.7309 50.4039
      vertex -8.89897 41.8664 46.5092
      vertex -8.09696 38.0932 50.4039
    endloop
  endfacet
  facet normal 0.0341312 0.0889179 0.995454
    outer loop
      vertex 2.6624 8.19402 64.4522
      vertex 0.890718 2.74135 65
      vertex 1.17239 2.63323 65
    endloop
  endfacet
  facet normal 0.0246515 0.0919981 0.995454
    outer loop
      vertex 2.6624 8.19402 64.4522
      vertex 0.59929 2.81944 65
      vertex 0.890718 2.74135 65
    endloop
  endfacet
  facet normal 0.0432419 0.0848613 0.995454
    outer loop
      vertex 4.30785 7.46142 64.4522
      vertex 1.17239 2.63323 65
      vertex 1.44121 2.49625 65
    endloop
  endfacet
  facet normal 0.0734158 0.273973 0.958931
    outer loop
      vertex 6.09916 18.7713 61.7431
      vertex 2.96369 13.9431 63.3626
      vertex 4.40491 13.5569 63.3626
    endloop
  endfacet
  facet normal 0.029717 0.187632 0.98179
    outer loop
      vertex 2.96369 13.9431 63.3626
      vertex 1.49001 14.1765 63.3626
      vertex 1.7913 8.42743 64.4522
    endloop
  endfacet
  facet normal -0.00498461 0.0951132 0.995454
    outer loop
      vertex 0 8.6157 64.4522
      vertex -0.301295 2.86664 65
      vertex 0 2.88243 65
    endloop
  endfacet
  facet normal -0.0297191 0.187632 0.98179
    outer loop
      vertex -1.49001 14.1765 63.3626
      vertex -1.7913 8.42743 64.4522
      vertex -0.900586 8.56851 64.4522
    endloop
  endfacet
  facet normal -0.029717 0.187632 0.98179
    outer loop
      vertex -1.49001 14.1765 63.3626
      vertex -2.96369 13.9431 63.3626
      vertex -1.7913 8.42743 64.4522
    endloop
  endfacet
  facet normal -0.0940709 0.0149001 0.995454
    outer loop
      vertex -2.81944 0.59929 65
      vertex -8.56851 0.900586 64.4522
      vertex -2.86664 0.301295 65
    endloop
  endfacet
  facet normal -0.0951132 0.00498386 0.995454
    outer loop
      vertex -8.56851 0.900586 64.4522
      vertex -8.6157 0 64.4522
      vertex -2.86664 0.301295 65
    endloop
  endfacet
  facet normal -0.0740182 0.0599388 0.995454
    outer loop
      vertex -2.14206 1.92872 65
      vertex -6.97025 5.06418 64.4522
      vertex -2.33193 1.69425 65
    endloop
  endfacet
  facet normal -0.0889179 0.0341312 0.995454
    outer loop
      vertex -2.63323 1.17239 65
      vertex -8.19402 2.6624 64.4522
      vertex -2.74135 0.890718 65
    endloop
  endfacet
  facet normal -0.0889177 0.034132 0.995454
    outer loop
      vertex -7.87084 3.50432 64.4522
      vertex -8.19402 2.6624 64.4522
      vertex -2.63323 1.17239 65
    endloop
  endfacet
  facet normal -0.177354 0.0680794 0.98179
    outer loop
      vertex -13.0222 5.79786 63.3626
      vertex -13.5569 4.40491 63.3626
      vertex -7.87084 3.50432 64.4522
    endloop
  endfacet
  facet normal -0.2648 0.101647 0.958931
    outer loop
      vertex -13.0222 5.79786 63.3626
      vertex -18.7713 6.09916 61.7431
      vertex -13.5569 4.40491 63.3626
    endloop
  endfacet
  facet normal -0.0848613 0.0432419 0.995454
    outer loop
      vertex -2.49625 1.44121 65
      vertex -7.46142 4.30785 64.4522
      vertex -2.63323 1.17239 65
    endloop
  endfacet
  facet normal 0.897084 0.0470192 0.439351
    outer loop
      vertex 51.1357 5.37458 32.943
      vertex 49.0726 0 37.7307
      vertex 51.4174 0 32.943
    endloop
  endfacet
  facet normal 0.897088 0.0470101 0.439343
    outer loop
      vertex 51.1357 5.37458 32.943
      vertex 48.8038 5.12948 37.7307
      vertex 49.0726 0 37.7307
    endloop
  endfacet
  facet normal 0.591817 0.227176 0.773397
    outer loop
      vertex 35.5773 15.8401 50.4039
      vertex 31.6636 14.0975 53.9106
      vertex 32.9637 10.7106 53.9106
    endloop
  endfacet
  facet normal 0.515019 0.197696 0.834069
    outer loop
      vertex 31.6636 14.0975 53.9106
      vertex 27.4029 12.2006 56.9911
      vertex 32.9637 10.7106 53.9106
    endloop
  endfacet
  facet normal 0.491532 0.250449 0.834069
    outer loop
      vertex 30.0165 17.3301 53.9106
      vertex 27.4029 12.2006 56.9911
      vertex 31.6636 14.0975 53.9106
    endloop
  endfacet
  facet normal 0.564827 0.287795 0.773398
    outer loop
      vertex 35.5773 15.8401 50.4039
      vertex 30.0165 17.3301 53.9106
      vertex 31.6636 14.0975 53.9106
    endloop
  endfacet
  facet normal 0.414537 0.211215 0.885182
    outer loop
      vertex 27.4029 12.2006 56.9911
      vertex 21.6539 12.5019 59.6115
      vertex 22.8421 10.1699 59.6115
    endloop
  endfacet
  facet normal 0.434344 0.166729 0.885182
    outer loop
      vertex 27.4029 12.2006 56.9911
      vertex 22.8421 10.1699 59.6115
      vertex 28.5281 9.26935 56.9911
    endloop
  endfacet
  facet normal -0.00498461 -0.0951132 0.995454
    outer loop
      vertex 0 -2.88243 65
      vertex -0.301295 -2.86664 65
      vertex 0 -8.6157 64.4522
    endloop
  endfacet
  facet normal 0.00498461 -0.0951132 0.995454
    outer loop
      vertex 0 -2.88243 65
      vertex 0 -8.6157 64.4522
      vertex 0.301295 -2.86664 65
    endloop
  endfacet
  facet normal -0.0341312 -0.0889179 0.995454
    outer loop
      vertex -1.17239 -2.63323 65
      vertex -2.6624 -8.19402 64.4522
      vertex -0.890718 -2.74135 65
    endloop
  endfacet
  facet normal 0.0518719 -0.0798787 0.995454
    outer loop
      vertex 1.69425 -2.33193 65
      vertex 1.44121 -2.49625 65
      vertex 4.30785 -7.46142 64.4522
    endloop
  endfacet
  facet normal 0.0848613 -0.0432419 0.995454
    outer loop
      vertex 2.63323 -1.17239 65
      vertex 2.49625 -1.44121 65
      vertex 7.46142 -4.30785 64.4522
    endloop
  endfacet
  facet normal 0.119554 -0.147635 0.98179
    outer loop
      vertex 9.53818 -10.5932 63.3626
      vertex 5.06418 -6.97025 64.4522
      vertex 8.37863 -11.5322 63.3626
    endloop
  endfacet
  facet normal 0.280147 0.0443732 0.958931
    outer loop
      vertex 19.306 4.10361 61.7431
      vertex 14.1765 1.49001 63.3626
      vertex 19.6292 2.06311 61.7431
    endloop
  endfacet
  facet normal 0.280149 0.0443697 0.958931
    outer loop
      vertex 19.306 4.10361 61.7431
      vertex 13.9431 2.96369 63.3626
      vertex 14.1765 1.49001 63.3626
    endloop
  endfacet
  facet normal 0.147635 -0.119554 0.98179
    outer loop
      vertex 11.5322 -8.37863 63.3626
      vertex 6.97025 -5.06418 64.4522
      vertex 10.5932 -9.53818 63.3626
    endloop
  endfacet
  facet normal 0.159324 -0.103467 0.981789
    outer loop
      vertex 7.46142 -4.30785 64.4522
      vertex 6.97025 -5.06418 64.4522
      vertex 12.3448 -7.12729 63.3626
    endloop
  endfacet
  facet normal 0.0848627 -0.0432398 0.995454
    outer loop
      vertex 7.87084 -3.50432 64.4522
      vertex 2.63323 -1.17239 65
      vertex 7.46142 -4.30785 64.4522
    endloop
  endfacet
  facet normal 0.169265 -0.0862476 0.98179
    outer loop
      vertex 13.0222 -5.79786 63.3626
      vertex 7.87084 -3.50432 64.4522
      vertex 12.3448 -7.12729 63.3626
    endloop
  endfacet
  facet normal 0.0919981 -0.0246515 0.995454
    outer loop
      vertex 2.81944 -0.59929 65
      vertex 2.74135 -0.890718 65
      vertex 8.19402 -2.6624 64.4522
    endloop
  endfacet
  facet normal 0.0798787 -0.0518719 0.995454
    outer loop
      vertex 2.49625 -1.44121 65
      vertex 2.33193 -1.69425 65
      vertex 7.46142 -4.30785 64.4522
    endloop
  endfacet
  facet normal 0.159325 -0.103463 0.98179
    outer loop
      vertex 12.3448 -7.12729 63.3626
      vertex 6.97025 -5.06418 64.4522
      vertex 11.5322 -8.37863 63.3626
    endloop
  endfacet
  facet normal 0.0599388 -0.0740182 0.995454
    outer loop
      vertex 1.92872 -2.14206 65
      vertex 1.69425 -2.33193 65
      vertex 5.06418 -6.97025 64.4522
    endloop
  endfacet
  facet normal 0.0862476 -0.169265 0.98179
    outer loop
      vertex 7.12729 -12.3448 63.3626
      vertex 3.50432 -7.87084 64.4522
      vertex 5.79786 -13.0222 63.3626
    endloop
  endfacet
  facet normal 0.434344 -0.166728 0.885182
    outer loop
      vertex 23.78 -7.72658 59.6115
      vertex 22.8421 -10.1699 59.6115
      vertex 28.5281 -9.26935 56.9911
    endloop
  endfacet
  facet normal 0.350677 -0.134612 0.926771
    outer loop
      vertex 23.78 -7.72658 59.6115
      vertex 18.7713 -6.09916 61.7431
      vertex 22.8421 -10.1699 59.6115
    endloop
  endfacet
  facet normal 0.0149001 -0.0940709 0.995454
    outer loop
      vertex 0.59929 -2.81944 65
      vertex 0.301295 -2.86664 65
      vertex 0.900586 -8.56851 64.4522
    endloop
  endfacet
  facet normal 0.347178 -0.428723 0.834064
    outer loop
      vertex 20.0714 -22.2916 56.9911
      vertex 17.6314 -24.2675 56.9911
      vertex 20.3727 -28.0406 53.9106
    endloop
  endfacet
  facet normal 0.292785 -0.36156 0.885184
    outer loop
      vertex 16.7308 -18.5814 59.6115
      vertex 14.6968 -20.2285 59.6115
      vertex 20.0714 -22.2916 56.9911
    endloop
  endfacet
  facet normal 0.22043 -0.1785 0.958931
    outer loop
      vertex 15.9678 -11.6013 61.7431
      vertex 10.5932 -9.53818 63.3626
      vertex 14.6677 -13.2068 61.7431
    endloop
  endfacet
  facet normal 0.147635 -0.119553 0.98179
    outer loop
      vertex 6.97025 -5.06418 64.4522
      vertex 6.40271 -5.76503 64.4522
      vertex 10.5932 -9.53818 63.3626
    endloop
  endfacet
  facet normal 0.0991695 -0.626116 0.773397
    outer loop
      vertex 7.20624 -33.9027 53.9106
      vertex 4.07078 -38.7309 50.4039
      vertex 8.09696 -38.0932 50.4039
    endloop
  endfacet
  facet normal 0.164072 -0.612317 0.773401
    outer loop
      vertex 10.7106 -32.9637 53.9106
      vertex 7.20624 -33.9027 53.9106
      vertex 12.0344 -37.0382 50.4039
    endloop
  endfacet
  facet normal 0.254798 -0.663759 0.703208
    outer loop
      vertex 15.8401 -35.5773 50.4039
      vertex 12.0344 -37.0382 50.4039
      vertex 13.2264 -40.7068 46.5092
    endloop
  endfacet
  facet normal 0.164066 -0.612322 0.773398
    outer loop
      vertex 12.0344 -37.0382 50.4039
      vertex 7.20624 -33.9027 53.9106
      vertex 8.09696 -38.0932 50.4039
    endloop
  endfacet
  facet normal 0.1321 -0.834079 0.535596
    outer loop
      vertex 9.60348 -45.1808 42.2693
      vertex 4.82819 -45.9371 42.2693
      vertex 10.2028 -48.0003 37.7307
    endloop
  endfacet
  facet normal 0.218577 -0.815697 0.535596
    outer loop
      vertex 15.1643 -46.6708 37.7307
      vertex 9.60348 -45.1808 42.2693
      vertex 10.2028 -48.0003 37.7307
    endloop
  endfacet
  facet normal -0.633486 0.322778 0.703214
    outer loop
      vertex -33.7267 19.4721 50.4039
      vertex -39.1013 17.409 46.5092
      vertex -35.5773 15.8401 50.4039
    endloop
  endfacet
  facet normal -0.633486 0.322789 0.703209
    outer loop
      vertex -37.0673 21.4008 46.5092
      vertex -39.1013 17.409 46.5092
      vertex -33.7267 19.4721 50.4039
    endloop
  endfacet
  facet normal -0.390193 0.253382 0.885182
    outer loop
      vertex -24.2675 17.6314 56.9911
      vertex -25.9775 14.9981 56.9911
      vertex -21.6539 12.5019 59.6115
    endloop
  endfacet
  facet normal -0.315024 0.204581 0.926772
    outer loop
      vertex -20.2285 14.6968 59.6115
      vertex -21.6539 12.5019 59.6115
      vertex -15.9678 11.6013 61.7431
    endloop
  endfacet
  facet normal -0.425671 -0.655499 0.623798
    outer loop
      vertex -21.4008 -37.0673 46.5092
      vertex -25.1582 -34.6273 46.5092
      vertex -23.0951 -40.0019 42.2693
    endloop
  endfacet
  facet normal -0.425698 -0.655497 0.623783
    outer loop
      vertex -25.1582 -34.6273 46.5092
      vertex -27.1499 -37.3686 42.2693
      vertex -23.0951 -40.0019 42.2693
    endloop
  endfacet
  facet normal -0.21856 -0.815712 0.53558
    outer loop
      vertex -14.2736 -43.9295 42.2693
      vertex -15.1643 -46.6708 37.7307
      vertex -9.60348 -45.1808 42.2693
    endloop
  endfacet
  facet normal -0.202281 -0.754958 0.623796
    outer loop
      vertex -13.2264 -40.7068 46.5092
      vertex -14.2736 -43.9295 42.2693
      vertex -9.60348 -45.1808 42.2693
    endloop
  endfacet
  facet normal -0.565332 -0.698126 0.439341
    outer loop
      vertex -32.836 -36.4681 37.7307
      vertex -34.4049 -38.2106 32.943
      vertex -28.8442 -39.7006 37.7307
    endloop
  endfacet
  facet normal -0.531444 -0.656278 0.535598
    outer loop
      vertex -27.1499 -37.3686 42.2693
      vertex -32.836 -36.4681 37.7307
      vertex -28.8442 -39.7006 37.7307
    endloop
  endfacet
  facet normal -0.45993 -0.70825 0.53558
    outer loop
      vertex -23.0951 -40.0019 42.2693
      vertex -28.8442 -39.7006 37.7307
      vertex -24.5363 -42.4981 37.7307
    endloop
  endfacet
  facet normal -0.489269 -0.753391 0.439338
    outer loop
      vertex -28.8442 -39.7006 37.7307
      vertex -30.2224 -41.5975 32.943
      vertex -25.7087 -44.5288 32.943
    endloop
  endfacet
  facet normal -0.612825 -0.756796 0.227389
    outer loop
      vertex -35.597 -39.5344 27.9587
      vertex -36.399 -40.4252 22.8325
      vertex -31.974 -44.0084 22.8325
    endloop
  endfacet
  facet normal -0.265607 0.265607 0.926772
    outer loop
      vertex -16.7308 18.5814 59.6115
      vertex -14.6677 13.2068 61.7431
      vertex -13.2068 14.6677 61.7431
    endloop
  endfacet
  facet normal -0.265607 0.265607 0.926772
    outer loop
      vertex -14.6677 13.2068 61.7431
      vertex -16.7308 18.5814 59.6115
      vertex -18.5814 16.7308 59.6115
    endloop
  endfacet
  facet normal -0.449391 -0.120418 0.885182
    outer loop
      vertex -24.4574 -5.19857 59.6115
      vertex -28.5281 -9.26935 56.9911
      vertex -23.78 -7.72658 59.6115
    endloop
  endfacet
  facet normal -0.449387 -0.120423 0.885183
    outer loop
      vertex -24.4574 -5.19857 59.6115
      vertex -29.3408 -6.23657 56.9911
      vertex -28.5281 -9.26935 56.9911
    endloop
  endfacet
  facet normal 0.0734158 -0.273973 0.958931
    outer loop
      vertex 4.40491 -13.5569 63.3626
      vertex 2.96369 -13.9431 63.3626
      vertex 6.09916 -18.7713 61.7431
    endloop
  endfacet
  facet normal 0.101647 -0.2648 0.958931
    outer loop
      vertex 5.79786 -13.0222 63.3626
      vertex 4.40491 -13.5569 63.3626
      vertex 6.09916 -18.7713 61.7431
    endloop
  endfacet
  facet normal 0.134617 -0.350673 0.926772
    outer loop
      vertex 8.02788 -18.0309 61.7431
      vertex 6.09916 -18.7713 61.7431
      vertex 10.1699 -22.8421 59.6115
    endloop
  endfacet
  facet normal 0.134612 -0.350677 0.926771
    outer loop
      vertex 10.1699 -22.8421 59.6115
      vertex 6.09916 -18.7713 61.7431
      vertex 7.72658 -23.78 59.6115
    endloop
  endfacet
  facet normal -0.0443732 -0.280147 0.958931
    outer loop
      vertex -1.49001 -14.1765 63.3626
      vertex -4.10361 -19.306 61.7431
      vertex -2.06311 -19.6292 61.7431
    endloop
  endfacet
  facet normal -0.0587638 -0.371001 0.926771
    outer loop
      vertex -2.06311 -19.6292 61.7431
      vertex -4.10361 -19.306 61.7431
      vertex -2.6136 -24.8668 59.6115
    endloop
  endfacet
  facet normal -0.0727701 -0.459516 0.885183
    outer loop
      vertex -5.19857 -24.4574 59.6115
      vertex -6.23657 -29.3408 56.9911
      vertex -3.13546 -29.8319 56.9911
    endloop
  endfacet
  facet normal -0.0727771 -0.459518 0.885182
    outer loop
      vertex -2.6136 -24.8668 59.6115
      vertex -5.19857 -24.4574 59.6115
      vertex -3.13546 -29.8319 56.9911
    endloop
  endfacet
  facet normal -0.128773 -0.252723 0.958931
    outer loop
      vertex -7.12729 -12.3448 63.3626
      vertex -9.86864 -17.093 61.7431
      vertex -5.79786 -13.0222 63.3626
    endloop
  endfacet
  facet normal -0.101647 -0.2648 0.958931
    outer loop
      vertex -5.79786 -13.0222 63.3626
      vertex -6.09916 -18.7713 61.7431
      vertex -4.40491 -13.5569 63.3626
    endloop
  endfacet
  facet normal -0.0919983 -0.0246508 0.995454
    outer loop
      vertex -2.81944 -0.59929 65
      vertex -8.42743 -1.7913 64.4522
      vertex -8.19402 -2.6624 64.4522
    endloop
  endfacet
  facet normal -0.0740181 -0.059939 0.995454
    outer loop
      vertex -2.14206 -1.92872 65
      vertex -6.97025 -5.06418 64.4522
      vertex -6.40271 -5.76503 64.4522
    endloop
  endfacet
  facet normal -0.0673475 -0.0673475 0.995454
    outer loop
      vertex -2.14206 -1.92872 65
      vertex -5.76503 -6.40271 64.4522
      vertex -1.92872 -2.14206 65
    endloop
  endfacet
  facet normal -0.0673475 -0.0673475 0.995454
    outer loop
      vertex -5.76503 -6.40271 64.4522
      vertex -2.14206 -1.92872 65
      vertex -6.40271 -5.76503 64.4522
    endloop
  endfacet
  facet normal -0.0848613 -0.0432419 0.995454
    outer loop
      vertex -2.63323 -1.17239 65
      vertex -7.46142 -4.30785 64.4522
      vertex -2.49625 -1.44121 65
    endloop
  endfacet
  facet normal -0.348987 0.909123 0.227385
    outer loop
      vertex -16.4393 50.5951 27.9587
      vertex -22.1254 49.6945 22.8325
      vertex -21.6379 48.5995 27.9587
    endloop
  endfacet
  facet normal -0.442097 0.867667 0.227384
    outer loop
      vertex -22.1254 49.6945 22.8325
      vertex -26.5994 46.0715 27.9587
      vertex -21.6379 48.5995 27.9587
    endloop
  endfacet
  facet normal -0.489269 0.753391 0.439338
    outer loop
      vertex -25.7087 44.5288 32.943
      vertex -30.2224 41.5975 32.943
      vertex -28.8442 39.7006 37.7307
    endloop
  endfacet
  facet normal -0.592694 0.731921 0.336161
    outer loop
      vertex -31.2695 43.0388 27.9587
      vertex -34.4049 38.2106 32.943
      vertex -30.2224 41.5975 32.943
    endloop
  endfacet
  facet normal -0.491867 0.607422 0.623783
    outer loop
      vertex -27.1499 37.3686 42.2693
      vertex -30.9073 34.326 42.2693
      vertex -25.1582 34.6273 46.5092
    endloop
  endfacet
  facet normal -0.459943 0.708228 0.535599
    outer loop
      vertex -23.0951 40.0019 42.2693
      vertex -28.8442 39.7006 37.7307
      vertex -27.1499 37.3686 42.2693
    endloop
  endfacet
  facet normal -0.383371 0.752438 0.535597
    outer loop
      vertex -19.9596 44.8301 37.7307
      vertex -23.0951 40.0019 42.2693
      vertex -18.7872 42.1968 42.2693
    endloop
  endfacet
  facet normal -0.383395 0.752438 0.53558
    outer loop
      vertex -19.9596 44.8301 37.7307
      vertex -24.5363 42.4981 37.7307
      vertex -23.0951 40.0019 42.2693
    endloop
  endfacet
  facet normal 0.119554 0.147635 0.98179
    outer loop
      vertex 8.37863 11.5322 63.3626
      vertex 5.06418 6.97025 64.4522
      vertex 9.53818 10.5932 63.3626
    endloop
  endfacet
  facet normal 0.178502 0.220429 0.958931
    outer loop
      vertex 11.6013 15.9678 61.7431
      vertex 8.37863 11.5322 63.3626
      vertex 9.53818 10.5932 63.3626
    endloop
  endfacet
  facet normal -0.292785 0.36156 0.885184
    outer loop
      vertex -14.6968 20.2285 59.6115
      vertex -20.0714 22.2916 56.9911
      vertex -16.7308 18.5814 59.6115
    endloop
  endfacet
  facet normal -0.236389 0.291916 0.926771
    outer loop
      vertex -14.6968 20.2285 59.6115
      vertex -16.7308 18.5814 59.6115
      vertex -13.2068 14.6677 61.7431
    endloop
  endfacet
  facet normal -0.166729 0.434344 0.885182
    outer loop
      vertex -9.26935 28.5281 56.9911
      vertex -12.2006 27.4029 56.9911
      vertex -10.1699 22.8421 59.6115
    endloop
  endfacet
  facet normal -0.211215 0.414537 0.885182
    outer loop
      vertex -12.2006 27.4029 56.9911
      vertex -12.5019 21.6539 59.6115
      vertex -10.1699 22.8421 59.6115
    endloop
  endfacet
  facet normal -0.0518737 0.0798779 0.995454
    outer loop
      vertex -4.30785 7.46142 64.4522
      vertex -5.06418 6.97025 64.4522
      vertex -1.69425 2.33193 65
    endloop
  endfacet
  facet normal -0.0599388 0.0740182 0.995454
    outer loop
      vertex -1.69425 2.33193 65
      vertex -5.06418 6.97025 64.4522
      vertex -1.92872 2.14206 65
    endloop
  endfacet
  facet normal 0.0491682 0.183499 0.98179
    outer loop
      vertex 4.40491 13.5569 63.3626
      vertex 1.7913 8.42743 64.4522
      vertex 2.6624 8.19402 64.4522
    endloop
  endfacet
  facet normal 0.0680793 0.177354 0.98179
    outer loop
      vertex 4.40491 13.5569 63.3626
      vertex 2.6624 8.19402 64.4522
      vertex 3.50432 7.87084 64.4522
    endloop
  endfacet
  facet normal 0.254785 0.663757 0.703215
    outer loop
      vertex 17.409 39.1013 46.5092
      vertex 13.2264 40.7068 46.5092
      vertex 15.8401 35.5773 50.4039
    endloop
  endfacet
  facet normal 0.254798 0.663759 0.703208
    outer loop
      vertex 13.2264 40.7068 46.5092
      vertex 12.0344 37.0382 50.4039
      vertex 15.8401 35.5773 50.4039
    endloop
  endfacet
  facet normal 0.0862879 0.544876 0.834065
    outer loop
      vertex 7.20624 33.9027 53.9106
      vertex 3.13546 29.8319 56.9911
      vertex 6.23657 29.3408 56.9911
    endloop
  endfacet
  facet normal 0.142793 0.532865 0.834065
    outer loop
      vertex 7.20624 33.9027 53.9106
      vertex 6.23657 29.3408 56.9911
      vertex 9.26935 28.5281 56.9911
    endloop
  endfacet
  facet normal -0.321926 0.838657 0.439339
    outer loop
      vertex -15.8888 48.9008 32.943
      vertex -20.9133 46.9721 32.943
      vertex -19.9596 44.8301 37.7307
    endloop
  endfacet
  facet normal -0.280109 0.729669 0.623796
    outer loop
      vertex -14.2736 43.9295 42.2693
      vertex -18.7872 42.1968 42.2693
      vertex -13.2264 40.7068 46.5092
    endloop
  endfacet
  facet normal -0.227176 0.591817 0.773397
    outer loop
      vertex -10.7106 32.9637 53.9106
      vertex -15.8401 35.5773 50.4039
      vertex -14.0975 31.6636 53.9106
    endloop
  endfacet
  facet normal -0.287795 0.564827 0.773398
    outer loop
      vertex -15.8401 35.5773 50.4039
      vertex -17.3301 30.0165 53.9106
      vertex -14.0975 31.6636 53.9106
    endloop
  endfacet
  facet normal 0.0518719 0.0798787 0.995454
    outer loop
      vertex 4.30785 7.46142 64.4522
      vertex 1.44121 2.49625 65
      vertex 1.69425 2.33193 65
    endloop
  endfacet
  facet normal 0.00498461 0.0951132 0.995454
    outer loop
      vertex 0 8.6157 64.4522
      vertex 0 2.88243 65
      vertex 0.301295 2.86664 65
    endloop
  endfacet
  facet normal -0.0491682 0.183499 0.98179
    outer loop
      vertex -1.7913 8.42743 64.4522
      vertex -4.40491 13.5569 63.3626
      vertex -2.6624 8.19402 64.4522
    endloop
  endfacet
  facet normal -0.0680794 0.177354 0.98179
    outer loop
      vertex -4.40491 13.5569 63.3626
      vertex -5.79786 13.0222 63.3626
      vertex -3.50432 7.87084 64.4522
    endloop
  endfacet
  facet normal -0.0246508 0.0919983 0.995454
    outer loop
      vertex -1.7913 8.42743 64.4522
      vertex -2.6624 8.19402 64.4522
      vertex -0.59929 2.81944 65
    endloop
  endfacet
  facet normal -0.00498386 0.0951132 0.995454
    outer loop
      vertex 0 8.6157 64.4522
      vertex -0.900586 8.56851 64.4522
      vertex -0.301295 2.86664 65
    endloop
  endfacet
  facet normal -0.00994068 0.18971 0.98179
    outer loop
      vertex 0 14.2546 63.3626
      vertex -0.900586 8.56851 64.4522
      vertex 0 8.6157 64.4522
    endloop
  endfacet
  facet normal -0.183499 0.0491682 0.98179
    outer loop
      vertex -8.19402 2.6624 64.4522
      vertex -13.5569 4.40491 63.3626
      vertex -8.42743 1.7913 64.4522
    endloop
  endfacet
  facet normal -0.0919983 0.0246508 0.995454
    outer loop
      vertex -8.19402 2.6624 64.4522
      vertex -8.42743 1.7913 64.4522
      vertex -2.81944 0.59929 65
    endloop
  endfacet
  facet normal -0.0149001 -0.0940709 0.995454
    outer loop
      vertex -0.59929 -2.81944 65
      vertex -0.900586 -8.56851 64.4522
      vertex -0.301295 -2.86664 65
    endloop
  endfacet
  facet normal -0.0599388 -0.0740182 0.995454
    outer loop
      vertex -1.92872 -2.14206 65
      vertex -5.06418 -6.97025 64.4522
      vertex -1.69425 -2.33193 65
    endloop
  endfacet
  facet normal -0.034132 -0.0889177 0.995454
    outer loop
      vertex -1.17239 -2.63323 65
      vertex -3.50432 -7.87084 64.4522
      vertex -2.6624 -8.19402 64.4522
    endloop
  endfacet
  facet normal -0.0246515 -0.0919981 0.995454
    outer loop
      vertex -0.890718 -2.74135 65
      vertex -2.6624 -8.19402 64.4522
      vertex -0.59929 -2.81944 65
    endloop
  endfacet
  facet normal 0.0940709 0.0149001 0.995454
    outer loop
      vertex 8.56851 0.900586 64.4522
      vertex 2.81944 0.59929 65
      vertex 2.86664 0.301295 65
    endloop
  endfacet
  facet normal 0.18971 -0.00994068 0.98179
    outer loop
      vertex 8.6157 0 64.4522
      vertex 8.56851 -0.900586 64.4522
      vertex 14.2546 0 63.3626
    endloop
  endfacet
  facet normal 0.189711 -0.00994384 0.98179
    outer loop
      vertex 14.2546 0 63.3626
      vertex 8.56851 -0.900586 64.4522
      vertex 14.1765 -1.49001 63.3626
    endloop
  endfacet
  facet normal 0.283252 -0.0148469 0.95893
    outer loop
      vertex 14.2546 0 63.3626
      vertex 14.1765 -1.49001 63.3626
      vertex 19.7373 0 61.7431
    endloop
  endfacet
  facet normal 0.0518737 -0.0798779 0.995454
    outer loop
      vertex 5.06418 -6.97025 64.4522
      vertex 1.69425 -2.33193 65
      vertex 4.30785 -7.46142 64.4522
    endloop
  endfacet
  facet normal 0.103467 -0.159324 0.981789
    outer loop
      vertex 5.06418 -6.97025 64.4522
      vertex 4.30785 -7.46142 64.4522
      vertex 7.12729 -12.3448 63.3626
    endloop
  endfacet
  facet normal 0.169267 -0.0862458 0.981789
    outer loop
      vertex 7.87084 -3.50432 64.4522
      vertex 7.46142 -4.30785 64.4522
      vertex 12.3448 -7.12729 63.3626
    endloop
  endfacet
  facet normal 0.177354 -0.0680794 0.98179
    outer loop
      vertex 13.5569 -4.40491 63.3626
      vertex 7.87084 -3.50432 64.4522
      vertex 13.0222 -5.79786 63.3626
    endloop
  endfacet
  facet normal 0.183497 -0.0491713 0.98179
    outer loop
      vertex 13.9431 -2.96369 63.3626
      vertex 8.42743 -1.7913 64.4522
      vertex 13.5569 -4.40491 63.3626
    endloop
  endfacet
  facet normal 0.273973 -0.0734158 0.958931
    outer loop
      vertex 13.9431 -2.96369 63.3626
      vertex 13.5569 -4.40491 63.3626
      vertex 18.7713 -6.09916 61.7431
    endloop
  endfacet
  facet normal 0.252727 -0.128769 0.958931
    outer loop
      vertex 18.0309 -8.02788 61.7431
      vertex 13.0222 -5.79786 63.3626
      vertex 17.093 -9.86864 61.7431
    endloop
  endfacet
  facet normal 0.2648 -0.101652 0.958931
    outer loop
      vertex 18.7713 -6.09916 61.7431
      vertex 13.0222 -5.79786 63.3626
      vertex 18.0309 -8.02788 61.7431
    endloop
  endfacet
  facet normal 0.0246515 -0.0919981 0.995454
    outer loop
      vertex 0.890718 -2.74135 65
      vertex 0.59929 -2.81944 65
      vertex 2.6624 -8.19402 64.4522
    endloop
  endfacet
  facet normal 0.0341312 -0.0889179 0.995454
    outer loop
      vertex 1.17239 -2.63323 65
      vertex 0.890718 -2.74135 65
      vertex 2.6624 -8.19402 64.4522
    endloop
  endfacet
  facet normal 0.253389 -0.390181 0.885185
    outer loop
      vertex 14.6968 -20.2285 59.6115
      vertex 12.5019 -21.6539 59.6115
      vertex 17.6314 -24.2675 56.9911
    endloop
  endfacet
  facet normal 0.253382 -0.390193 0.885182
    outer loop
      vertex 17.6314 -24.2675 56.9911
      vertex 12.5019 -21.6539 59.6115
      vertex 14.9981 -25.9775 56.9911
    endloop
  endfacet
  facet normal 0.220429 -0.178502 0.958931
    outer loop
      vertex 11.5322 -8.37863 63.3626
      vertex 10.5932 -9.53818 63.3626
      vertex 15.9678 -11.6013 61.7431
    endloop
  endfacet
  facet normal 0.237884 -0.154478 0.958931
    outer loop
      vertex 12.3448 -7.12729 63.3626
      vertex 11.5322 -8.37863 63.3626
      vertex 15.9678 -11.6013 61.7431
    endloop
  endfacet
  facet normal 0.22718 -0.591813 0.7734
    outer loop
      vertex 15.8401 -35.5773 50.4039
      vertex 10.7106 -32.9637 53.9106
      vertex 12.0344 -37.0382 50.4039
    endloop
  endfacet
  facet normal 0.197696 -0.515019 0.834069
    outer loop
      vertex 12.2006 -27.4029 56.9911
      vertex 10.7106 -32.9637 53.9106
      vertex 14.0975 -31.6636 53.9106
    endloop
  endfacet
  facet normal 0.184008 -0.68675 0.703218
    outer loop
      vertex 12.0344 -37.0382 50.4039
      vertex 8.09696 -38.0932 50.4039
      vertex 8.89897 -41.8664 46.5092
    endloop
  endfacet
  facet normal 0.111224 -0.702221 0.703218
    outer loop
      vertex 8.09696 -38.0932 50.4039
      vertex 4.07078 -38.7309 50.4039
      vertex 8.89897 -41.8664 46.5092
    endloop
  endfacet
  facet normal -0.489246 -0.753395 0.439357
    outer loop
      vertex -24.5363 -42.4981 37.7307
      vertex -28.8442 -39.7006 37.7307
      vertex -25.7087 -44.5288 32.943
    endloop
  endfacet
  facet normal -0.407833 -0.800398 0.439358
    outer loop
      vertex -24.5363 -42.4981 37.7307
      vertex -25.7087 -44.5288 32.943
      vertex -19.9596 -44.8301 37.7307
    endloop
  endfacet
  facet normal -0.291916 0.236389 0.926771
    outer loop
      vertex -18.5814 16.7308 59.6115
      vertex -20.2285 14.6968 59.6115
      vertex -14.6677 13.2068 61.7431
    endloop
  endfacet
  facet normal -0.36156 0.292785 0.885184
    outer loop
      vertex -18.5814 16.7308 59.6115
      vertex -22.2916 20.0714 56.9911
      vertex -20.2285 14.6968 59.6115
    endloop
  endfacet
  facet normal 0.170528 -0.334685 0.926772
    outer loop
      vertex 9.86864 -17.093 61.7431
      vertex 8.02788 -18.0309 61.7431
      vertex 12.5019 -21.6539 59.6115
    endloop
  endfacet
  facet normal 0.128769 -0.252727 0.958931
    outer loop
      vertex 9.86864 -17.093 61.7431
      vertex 5.79786 -13.0222 63.3626
      vertex 8.02788 -18.0309 61.7431
    endloop
  endfacet
  facet normal -0.0862458 -0.169267 0.981789
    outer loop
      vertex -4.30785 -7.46142 64.4522
      vertex -7.12729 -12.3448 63.3626
      vertex -3.50432 -7.87084 64.4522
    endloop
  endfacet
  facet normal -0.103467 -0.159324 0.981789
    outer loop
      vertex -5.06418 -6.97025 64.4522
      vertex -7.12729 -12.3448 63.3626
      vertex -4.30785 -7.46142 64.4522
    endloop
  endfacet
  facet normal -0.0680793 -0.177354 0.98179
    outer loop
      vertex -3.50432 -7.87084 64.4522
      vertex -4.40491 -13.5569 63.3626
      vertex -2.6624 -8.19402 64.4522
    endloop
  endfacet
  facet normal -0.0491682 -0.183499 0.98179
    outer loop
      vertex -2.6624 -8.19402 64.4522
      vertex -4.40491 -13.5569 63.3626
      vertex -1.7913 -8.42743 64.4522
    endloop
  endfacet
  facet normal -0.0919981 -0.0246515 0.995454
    outer loop
      vertex -2.81944 -0.59929 65
      vertex -8.19402 -2.6624 64.4522
      vertex -2.74135 -0.890718 65
    endloop
  endfacet
  facet normal -0.0889179 -0.0341312 0.995454
    outer loop
      vertex -2.74135 -0.890718 65
      vertex -8.19402 -2.6624 64.4522
      vertex -2.63323 -1.17239 65
    endloop
  endfacet
  facet normal -0.337521 0.879252 0.336148
    outer loop
      vertex -16.4393 50.5951 27.9587
      vertex -21.6379 48.5995 27.9587
      vertex -20.9133 46.9721 32.943
    endloop
  endfacet
  facet normal -0.427571 0.839159 0.336148
    outer loop
      vertex -21.6379 48.5995 27.9587
      vertex -26.5994 46.0715 27.9587
      vertex -20.9133 46.9721 32.943
    endloop
  endfacet
  facet normal -0.489246 0.753395 0.439357
    outer loop
      vertex -25.7087 44.5288 32.943
      vertex -28.8442 39.7006 37.7307
      vertex -24.5363 42.4981 37.7307
    endloop
  endfacet
  facet normal -0.56533 0.698129 0.439338
    outer loop
      vertex -30.2224 41.5975 32.943
      vertex -34.4049 38.2106 32.943
      vertex -28.8442 39.7006 37.7307
    endloop
  endfacet
  facet normal -0.425698 0.655497 0.623783
    outer loop
      vertex -23.0951 40.0019 42.2693
      vertex -27.1499 37.3686 42.2693
      vertex -25.1582 34.6273 46.5092
    endloop
  endfacet
  facet normal -0.425671 0.655499 0.623798
    outer loop
      vertex -23.0951 40.0019 42.2693
      vertex -25.1582 34.6273 46.5092
      vertex -21.4008 37.0673 46.5092
    endloop
  endfacet
  facet normal -0.202281 0.754958 0.623796
    outer loop
      vertex -9.60348 45.1808 42.2693
      vertex -14.2736 43.9295 42.2693
      vertex -13.2264 40.7068 46.5092
    endloop
  endfacet
  facet normal -0.30265 0.788389 0.53558
    outer loop
      vertex -15.1643 46.6708 37.7307
      vertex -18.7872 42.1968 42.2693
      vertex -14.2736 43.9295 42.2693
    endloop
  endfacet
  facet normal 0.128773 0.252723 0.958931
    outer loop
      vertex 9.86864 17.093 61.7431
      vertex 5.79786 13.0222 63.3626
      vertex 7.12729 12.3448 63.3626
    endloop
  endfacet
  facet normal 0.0862476 0.169265 0.98179
    outer loop
      vertex 5.79786 13.0222 63.3626
      vertex 3.50432 7.87084 64.4522
      vertex 7.12729 12.3448 63.3626
    endloop
  endfacet
  facet normal -0.134617 0.350673 0.926772
    outer loop
      vertex -6.09916 18.7713 61.7431
      vertex -10.1699 22.8421 59.6115
      vertex -8.02788 18.0309 61.7431
    endloop
  endfacet
  facet normal -0.170528 0.334684 0.926772
    outer loop
      vertex -10.1699 22.8421 59.6115
      vertex -12.5019 21.6539 59.6115
      vertex -8.02788 18.0309 61.7431
    endloop
  endfacet
  facet normal 0.0991695 0.626116 0.773397
    outer loop
      vertex 8.09696 38.0932 50.4039
      vertex 4.07078 38.7309 50.4039
      vertex 7.20624 33.9027 53.9106
    endloop
  endfacet
  facet normal 0.164066 0.612322 0.773398
    outer loop
      vertex 8.09696 38.0932 50.4039
      vertex 7.20624 33.9027 53.9106
      vertex 12.0344 37.0382 50.4039
    endloop
  endfacet
  facet normal -0.0680793 0.177354 0.98179
    outer loop
      vertex -2.6624 8.19402 64.4522
      vertex -4.40491 13.5569 63.3626
      vertex -3.50432 7.87084 64.4522
    endloop
  endfacet
  facet normal -0.034132 0.0889177 0.995454
    outer loop
      vertex -2.6624 8.19402 64.4522
      vertex -3.50432 7.87084 64.4522
      vertex -1.17239 2.63323 65
    endloop
  endfacet
  facet normal -0.0518719 -0.0798787 0.995454
    outer loop
      vertex -1.69425 -2.33193 65
      vertex -4.30785 -7.46142 64.4522
      vertex -1.44121 -2.49625 65
    endloop
  endfacet
  facet normal 0.0951132 0.00498386 0.995454
    outer loop
      vertex 8.56851 0.900586 64.4522
      vertex 2.86664 0.301295 65
      vertex 8.6157 0 64.4522
    endloop
  endfacet
  facet normal 0.0951132 0.00498461 0.995454
    outer loop
      vertex 8.6157 0 64.4522
      vertex 2.86664 0.301295 65
      vertex 2.88243 0 65
    endloop
  endfacet
  facet normal 0.0432419 -0.0848613 0.995454
    outer loop
      vertex 1.44121 -2.49625 65
      vertex 1.17239 -2.63323 65
      vertex 4.30785 -7.46142 64.4522
    endloop
  endfacet
  facet normal 0.0432398 -0.0848627 0.995454
    outer loop
      vertex 4.30785 -7.46142 64.4522
      vertex 1.17239 -2.63323 65
      vertex 3.50432 -7.87084 64.4522
    endloop
  endfacet
  facet normal 0.059939 -0.0740181 0.995454
    outer loop
      vertex 5.76503 -6.40271 64.4522
      vertex 1.92872 -2.14206 65
      vertex 5.06418 -6.97025 64.4522
    endloop
  endfacet
  facet normal 0.119553 -0.147635 0.98179
    outer loop
      vertex 5.76503 -6.40271 64.4522
      vertex 5.06418 -6.97025 64.4522
      vertex 9.53818 -10.5932 63.3626
    endloop
  endfacet
  facet normal 0.187632 -0.0297191 0.98179
    outer loop
      vertex 8.56851 -0.900586 64.4522
      vertex 8.42743 -1.7913 64.4522
      vertex 14.1765 -1.49001 63.3626
    endloop
  endfacet
  facet normal 0.0940709 -0.0148999 0.995454
    outer loop
      vertex 8.56851 -0.900586 64.4522
      vertex 2.81944 -0.59929 65
      vertex 8.42743 -1.7913 64.4522
    endloop
  endfacet
  facet normal 0.177354 -0.0680793 0.98179
    outer loop
      vertex 8.19402 -2.6624 64.4522
      vertex 7.87084 -3.50432 64.4522
      vertex 13.5569 -4.40491 63.3626
    endloop
  endfacet
  facet normal 0.0889177 -0.034132 0.995454
    outer loop
      vertex 8.19402 -2.6624 64.4522
      vertex 2.63323 -1.17239 65
      vertex 7.87084 -3.50432 64.4522
    endloop
  endfacet
  facet normal 0.0798779 -0.0518737 0.995454
    outer loop
      vertex 7.46142 -4.30785 64.4522
      vertex 2.33193 -1.69425 65
      vertex 6.97025 -5.06418 64.4522
    endloop
  endfacet
  facet normal 0.0740182 -0.0599388 0.995454
    outer loop
      vertex 2.33193 -1.69425 65
      vertex 2.14206 -1.92872 65
      vertex 6.97025 -5.06418 64.4522
    endloop
  endfacet
  facet normal 0.227176 -0.591817 0.773397
    outer loop
      vertex 14.0975 -31.6636 53.9106
      vertex 10.7106 -32.9637 53.9106
      vertex 15.8401 -35.5773 50.4039
    endloop
  endfacet
  facet normal 0.287795 -0.564827 0.773398
    outer loop
      vertex 17.3301 -30.0165 53.9106
      vertex 14.0975 -31.6636 53.9106
      vertex 15.8401 -35.5773 50.4039
    endloop
  endfacet
  facet normal 0.0862939 -0.544871 0.834068
    outer loop
      vertex 7.20624 -33.9027 53.9106
      vertex 3.13546 -29.8319 56.9911
      vertex 3.62297 -34.4702 53.9106
    endloop
  endfacet
  facet normal 0.0991606 -0.626113 0.773401
    outer loop
      vertex 7.20624 -33.9027 53.9106
      vertex 3.62297 -34.4702 53.9106
      vertex 4.07078 -38.7309 50.4039
    endloop
  endfacet
  facet normal -0.119554 -0.147635 0.98179
    outer loop
      vertex -5.06418 -6.97025 64.4522
      vertex -9.53818 -10.5932 63.3626
      vertex -8.37863 -11.5322 63.3626
    endloop
  endfacet
  facet normal -0.178502 -0.220429 0.958931
    outer loop
      vertex -9.53818 -10.5932 63.3626
      vertex -11.6013 -15.9678 61.7431
      vertex -8.37863 -11.5322 63.3626
    endloop
  endfacet
  facet normal -0.170528 -0.334685 0.926772
    outer loop
      vertex -9.86864 -17.093 61.7431
      vertex -12.5019 -21.6539 59.6115
      vertex -8.02788 -18.0309 61.7431
    endloop
  endfacet
  facet normal -0.0680794 -0.177354 0.98179
    outer loop
      vertex -3.50432 -7.87084 64.4522
      vertex -5.79786 -13.0222 63.3626
      vertex -4.40491 -13.5569 63.3626
    endloop
  endfacet
  facet normal -0.407819 0.800415 0.43934
    outer loop
      vertex -20.9133 46.9721 32.943
      vertex -25.7087 44.5288 32.943
      vertex -19.9596 44.8301 37.7307
    endloop
  endfacet
  facet normal -0.427563 0.839167 0.336138
    outer loop
      vertex -20.9133 46.9721 32.943
      vertex -26.5994 46.0715 27.9587
      vertex -25.7087 44.5288 32.943
    endloop
  endfacet
  facet normal -0.302626 0.788387 0.535596
    outer loop
      vertex -15.1643 46.6708 37.7307
      vertex -19.9596 44.8301 37.7307
      vertex -18.7872 42.1968 42.2693
    endloop
  endfacet
  facet normal -0.321923 0.838656 0.439342
    outer loop
      vertex -15.8888 48.9008 32.943
      vertex -19.9596 44.8301 37.7307
      vertex -15.1643 46.6708 37.7307
    endloop
  endfacet
  facet normal -0.0246515 0.0919981 0.995454
    outer loop
      vertex -0.59929 2.81944 65
      vertex -2.6624 8.19402 64.4522
      vertex -0.890718 2.74135 65
    endloop
  endfacet
  facet normal -0.0341312 0.0889179 0.995454
    outer loop
      vertex -0.890718 2.74135 65
      vertex -2.6624 8.19402 64.4522
      vertex -1.17239 2.63323 65
    endloop
  endfacet
  facet normal -0.154478 -0.237884 0.958931
    outer loop
      vertex -8.37863 -11.5322 63.3626
      vertex -11.6013 -15.9678 61.7431
      vertex -7.12729 -12.3448 63.3626
    endloop
  endfacet
  facet normal -0.103463 -0.159325 0.98179
    outer loop
      vertex -5.06418 -6.97025 64.4522
      vertex -8.37863 -11.5322 63.3626
      vertex -7.12729 -12.3448 63.3626
    endloop
  endfacet
  facet normal -0.170528 -0.334684 0.926772
    outer loop
      vertex -8.02788 -18.0309 61.7431
      vertex -12.5019 -21.6539 59.6115
      vertex -10.1699 -22.8421 59.6115
    endloop
  endfacet
  facet normal -0.134617 -0.350673 0.926772
    outer loop
      vertex -8.02788 -18.0309 61.7431
      vertex -10.1699 -22.8421 59.6115
      vertex -6.09916 -18.7713 61.7431
    endloop
  endfacet
  facet normal -0.21856 0.815712 0.53558
    outer loop
      vertex -9.60348 45.1808 42.2693
      vertex -15.1643 46.6708 37.7307
      vertex -14.2736 43.9295 42.2693
    endloop
  endfacet
  facet normal -0.218577 0.815697 0.535596
    outer loop
      vertex -10.2028 48.0003 37.7307
      vertex -15.1643 46.6708 37.7307
      vertex -9.60348 45.1808 42.2693
    endloop
  endfacet
  facet normal -0.128769 -0.252727 0.958931
    outer loop
      vertex -5.79786 -13.0222 63.3626
      vertex -9.86864 -17.093 61.7431
      vertex -8.02788 -18.0309 61.7431
    endloop
  endfacet
  facet normal -0.101652 -0.2648 0.958931
    outer loop
      vertex -5.79786 -13.0222 63.3626
      vertex -8.02788 -18.0309 61.7431
      vertex -6.09916 -18.7713 61.7431
    endloop
  endfacet
  facet normal -0.998629 -0.052343 0
    outer loop
      vertex 52 0 6
      vertex 51.7151 5.43548 17.4632
      vertex 51.7151 5.43548 6
    endloop
  endfacet
  facet normal -0.998629 -0.052343 0
    outer loop
      vertex 51.7151 5.43548 17.4632
      vertex 52 0 6
      vertex 52 0 17.4632
    endloop
  endfacet
  facet normal 0.998629 -0.052343 0
    outer loop
      vertex -52 0 17.4632
      vertex -51.7151 5.43548 6
      vertex -51.7151 5.43548 17.4632
    endloop
  endfacet
  facet normal 0.998629 -0.052343 0
    outer loop
      vertex -51.7151 5.43548 6
      vertex -52 0 17.4632
      vertex -52 0 6
    endloop
  endfacet
  facet normal -0.052343 -0.998629 0
    outer loop
      vertex 0 52 6
      vertex 5.43548 51.7151 17.4632
      vertex 0 52 17.4632
    endloop
  endfacet
  facet normal -0.052343 -0.998629 -0
    outer loop
      vertex 5.43548 51.7151 17.4632
      vertex 0 52 6
      vertex 5.43548 51.7151 6
    endloop
  endfacet
  facet normal -0.707107 -0.707107 0
    outer loop
      vertex 38.6435 34.7948 6
      vertex 34.7948 38.6435 17.4632
      vertex 34.7948 38.6435 6
    endloop
  endfacet
  facet normal -0.707107 -0.707107 0
    outer loop
      vertex 34.7948 38.6435 17.4632
      vertex 38.6435 34.7948 6
      vertex 38.6435 34.7948 17.4632
    endloop
  endfacet
  facet normal 0.629322 -0.777145 0
    outer loop
      vertex -34.7948 38.6435 6
      vertex -30.5648 42.0689 17.4632
      vertex -34.7948 38.6435 17.4632
    endloop
  endfacet
  facet normal 0.629322 -0.777145 0
    outer loop
      vertex -30.5648 42.0689 17.4632
      vertex -34.7948 38.6435 6
      vertex -30.5648 42.0689 6
    endloop
  endfacet
  facet normal 0.358357 -0.933585 0
    outer loop
      vertex -21.1503 47.5044 6
      vertex -16.0689 49.4549 17.4632
      vertex -21.1503 47.5044 17.4632
    endloop
  endfacet
  facet normal 0.358357 -0.933585 0
    outer loop
      vertex -16.0689 49.4549 17.4632
      vertex -21.1503 47.5044 6
      vertex -16.0689 49.4549 6
    endloop
  endfacet
  facet normal -0.891002 -0.453998 0
    outer loop
      vertex 47.5044 21.1503 6
      vertex 45.0333 26 17.4632
      vertex 45.0333 26 6
    endloop
  endfacet
  facet normal -0.891002 -0.453998 0
    outer loop
      vertex 45.0333 26 17.4632
      vertex 47.5044 21.1503 6
      vertex 47.5044 21.1503 17.4632
    endloop
  endfacet
  facet normal -0.453998 -0.891002 0
    outer loop
      vertex 21.1503 47.5044 6
      vertex 26 45.0333 17.4632
      vertex 21.1503 47.5044 17.4632
    endloop
  endfacet
  facet normal -0.453998 -0.891002 -0
    outer loop
      vertex 26 45.0333 17.4632
      vertex 21.1503 47.5044 6
      vertex 26 45.0333 6
    endloop
  endfacet
  facet normal -0.544637 -0.838672 0
    outer loop
      vertex 26 45.0333 6
      vertex 30.5648 42.0689 17.4632
      vertex 26 45.0333 17.4632
    endloop
  endfacet
  facet normal -0.544637 -0.838672 -0
    outer loop
      vertex 30.5648 42.0689 17.4632
      vertex 26 45.0333 6
      vertex 30.5648 42.0689 6
    endloop
  endfacet
  facet normal 0.891002 -0.453998 0
    outer loop
      vertex -47.5044 21.1503 17.4632
      vertex -45.0333 26 6
      vertex -45.0333 26 17.4632
    endloop
  endfacet
  facet normal 0.891002 -0.453998 0
    outer loop
      vertex -45.0333 26 6
      vertex -47.5044 21.1503 17.4632
      vertex -47.5044 21.1503 6
    endloop
  endfacet
  facet normal 0.453998 -0.891002 0
    outer loop
      vertex -26 45.0333 6
      vertex -21.1503 47.5044 17.4632
      vertex -26 45.0333 17.4632
    endloop
  endfacet
  facet normal 0.453998 -0.891002 0
    outer loop
      vertex -21.1503 47.5044 17.4632
      vertex -26 45.0333 6
      vertex -21.1503 47.5044 6
    endloop
  endfacet
  facet normal 0.156423 -0.98769 0
    outer loop
      vertex -10.8114 50.8637 6
      vertex -5.43548 51.7151 17.4632
      vertex -10.8114 50.8637 17.4632
    endloop
  endfacet
  facet normal 0.156423 -0.98769 0
    outer loop
      vertex -5.43548 51.7151 17.4632
      vertex -10.8114 50.8637 6
      vertex -5.43548 51.7151 6
    endloop
  endfacet
  facet normal -0.965923 0.258829 0
    outer loop
      vertex 49.4549 -16.0689 6
      vertex 50.8637 -10.8114 17.4632
      vertex 50.8637 -10.8114 6
    endloop
  endfacet
  facet normal -0.965923 0.258829 0
    outer loop
      vertex 50.8637 -10.8114 17.4632
      vertex 49.4549 -16.0689 6
      vertex 49.4549 -16.0689 17.4632
    endloop
  endfacet
  facet normal 0.891002 0.453998 0
    outer loop
      vertex -45.0333 -26 17.4632
      vertex -47.5044 -21.1503 6
      vertex -47.5044 -21.1503 17.4632
    endloop
  endfacet
  facet normal 0.891002 0.453998 0
    outer loop
      vertex -47.5044 -21.1503 6
      vertex -45.0333 -26 17.4632
      vertex -45.0333 -26 6
    endloop
  endfacet
  facet normal -0.965923 -0.258829 0
    outer loop
      vertex 50.8637 10.8114 6
      vertex 49.4549 16.0689 17.4632
      vertex 49.4549 16.0689 6
    endloop
  endfacet
  facet normal -0.965923 -0.258829 0
    outer loop
      vertex 49.4549 16.0689 17.4632
      vertex 50.8637 10.8114 6
      vertex 50.8637 10.8114 17.4632
    endloop
  endfacet
  facet normal -0.98769 -0.156423 0
    outer loop
      vertex 51.7151 5.43548 6
      vertex 50.8637 10.8114 17.4632
      vertex 50.8637 10.8114 6
    endloop
  endfacet
  facet normal -0.98769 -0.156423 0
    outer loop
      vertex 50.8637 10.8114 17.4632
      vertex 51.7151 5.43548 6
      vertex 51.7151 5.43548 17.4632
    endloop
  endfacet
  facet normal -0.933585 -0.358357 0
    outer loop
      vertex 49.4549 16.0689 6
      vertex 47.5044 21.1503 17.4632
      vertex 47.5044 21.1503 6
    endloop
  endfacet
  facet normal -0.933585 -0.358357 0
    outer loop
      vertex 47.5044 21.1503 17.4632
      vertex 49.4549 16.0689 6
      vertex 49.4549 16.0689 17.4632
    endloop
  endfacet
  facet normal -0.777145 -0.629322 0
    outer loop
      vertex 42.0689 30.5648 6
      vertex 38.6435 34.7948 17.4632
      vertex 38.6435 34.7948 6
    endloop
  endfacet
  facet normal -0.777145 -0.629322 0
    outer loop
      vertex 38.6435 34.7948 17.4632
      vertex 42.0689 30.5648 6
      vertex 42.0689 30.5648 17.4632
    endloop
  endfacet
  facet normal -0.838672 -0.544637 0
    outer loop
      vertex 45.0333 26 6
      vertex 42.0689 30.5648 17.4632
      vertex 42.0689 30.5648 6
    endloop
  endfacet
  facet normal -0.838672 -0.544637 0
    outer loop
      vertex 42.0689 30.5648 17.4632
      vertex 45.0333 26 6
      vertex 45.0333 26 17.4632
    endloop
  endfacet
  facet normal -0.258829 -0.965923 0
    outer loop
      vertex 10.8114 50.8637 6
      vertex 16.0689 49.4549 17.4632
      vertex 10.8114 50.8637 17.4632
    endloop
  endfacet
  facet normal -0.258829 -0.965923 -0
    outer loop
      vertex 16.0689 49.4549 17.4632
      vertex 10.8114 50.8637 6
      vertex 16.0689 49.4549 6
    endloop
  endfacet
  facet normal -0.358357 -0.933585 0
    outer loop
      vertex 16.0689 49.4549 6
      vertex 21.1503 47.5044 17.4632
      vertex 16.0689 49.4549 17.4632
    endloop
  endfacet
  facet normal -0.358357 -0.933585 -0
    outer loop
      vertex 21.1503 47.5044 17.4632
      vertex 16.0689 49.4549 6
      vertex 21.1503 47.5044 6
    endloop
  endfacet
  facet normal -0.156423 -0.98769 0
    outer loop
      vertex 5.43548 51.7151 6
      vertex 10.8114 50.8637 17.4632
      vertex 5.43548 51.7151 17.4632
    endloop
  endfacet
  facet normal -0.156423 -0.98769 -0
    outer loop
      vertex 10.8114 50.8637 17.4632
      vertex 5.43548 51.7151 6
      vertex 10.8114 50.8637 6
    endloop
  endfacet
  facet normal -0.629322 -0.777145 0
    outer loop
      vertex 30.5648 42.0689 6
      vertex 34.7948 38.6435 17.4632
      vertex 30.5648 42.0689 17.4632
    endloop
  endfacet
  facet normal -0.629322 -0.777145 -0
    outer loop
      vertex 34.7948 38.6435 17.4632
      vertex 30.5648 42.0689 6
      vertex 34.7948 38.6435 6
    endloop
  endfacet
  facet normal 0.965923 -0.258829 0
    outer loop
      vertex -50.8637 10.8114 17.4632
      vertex -49.4549 16.0689 6
      vertex -49.4549 16.0689 17.4632
    endloop
  endfacet
  facet normal 0.965923 -0.258829 0
    outer loop
      vertex -49.4549 16.0689 6
      vertex -50.8637 10.8114 17.4632
      vertex -50.8637 10.8114 6
    endloop
  endfacet
  facet normal 0.777145 -0.629322 0
    outer loop
      vertex -42.0689 30.5648 17.4632
      vertex -38.6435 34.7948 6
      vertex -38.6435 34.7948 17.4632
    endloop
  endfacet
  facet normal 0.777145 -0.629322 0
    outer loop
      vertex -38.6435 34.7948 6
      vertex -42.0689 30.5648 17.4632
      vertex -42.0689 30.5648 6
    endloop
  endfacet
  facet normal 0.707107 -0.707107 0
    outer loop
      vertex -38.6435 34.7948 17.4632
      vertex -34.7948 38.6435 6
      vertex -34.7948 38.6435 17.4632
    endloop
  endfacet
  facet normal 0.707107 -0.707107 0
    outer loop
      vertex -34.7948 38.6435 6
      vertex -38.6435 34.7948 17.4632
      vertex -38.6435 34.7948 6
    endloop
  endfacet
  facet normal 0.838672 -0.544637 0
    outer loop
      vertex -45.0333 26 17.4632
      vertex -42.0689 30.5648 6
      vertex -42.0689 30.5648 17.4632
    endloop
  endfacet
  facet normal 0.838672 -0.544637 0
    outer loop
      vertex -42.0689 30.5648 6
      vertex -45.0333 26 17.4632
      vertex -45.0333 26 6
    endloop
  endfacet
  facet normal 0.933585 -0.358357 0
    outer loop
      vertex -49.4549 16.0689 17.4632
      vertex -47.5044 21.1503 6
      vertex -47.5044 21.1503 17.4632
    endloop
  endfacet
  facet normal 0.933585 -0.358357 0
    outer loop
      vertex -47.5044 21.1503 6
      vertex -49.4549 16.0689 17.4632
      vertex -49.4549 16.0689 6
    endloop
  endfacet
  facet normal 0.98769 -0.156423 0
    outer loop
      vertex -51.7151 5.43548 17.4632
      vertex -50.8637 10.8114 6
      vertex -50.8637 10.8114 17.4632
    endloop
  endfacet
  facet normal 0.98769 -0.156423 0
    outer loop
      vertex -50.8637 10.8114 6
      vertex -51.7151 5.43548 17.4632
      vertex -51.7151 5.43548 6
    endloop
  endfacet
  facet normal 0.544637 -0.838672 0
    outer loop
      vertex -30.5648 42.0689 6
      vertex -26 45.0333 17.4632
      vertex -30.5648 42.0689 17.4632
    endloop
  endfacet
  facet normal 0.544637 -0.838672 0
    outer loop
      vertex -26 45.0333 17.4632
      vertex -30.5648 42.0689 6
      vertex -26 45.0333 6
    endloop
  endfacet
  facet normal 0.258829 -0.965923 0
    outer loop
      vertex -16.0689 49.4549 6
      vertex -10.8114 50.8637 17.4632
      vertex -16.0689 49.4549 17.4632
    endloop
  endfacet
  facet normal 0.258829 -0.965923 0
    outer loop
      vertex -10.8114 50.8637 17.4632
      vertex -16.0689 49.4549 6
      vertex -10.8114 50.8637 6
    endloop
  endfacet
  facet normal 0.052343 -0.998629 0
    outer loop
      vertex -5.43548 51.7151 6
      vertex 0 52 17.4632
      vertex -5.43548 51.7151 17.4632
    endloop
  endfacet
  facet normal 0.052343 -0.998629 0
    outer loop
      vertex 0 52 17.4632
      vertex -5.43548 51.7151 6
      vertex 0 52 6
    endloop
  endfacet
  facet normal -0.998629 0.052343 0
    outer loop
      vertex 51.7151 -5.43548 6
      vertex 52 0 17.4632
      vertex 52 0 6
    endloop
  endfacet
  facet normal -0.998629 0.052343 0
    outer loop
      vertex 52 0 17.4632
      vertex 51.7151 -5.43548 6
      vertex 51.7151 -5.43548 17.4632
    endloop
  endfacet
  facet normal -0.052343 0.998629 0
    outer loop
      vertex 5.43548 -51.7151 6
      vertex 0 -52 17.4632
      vertex 5.43548 -51.7151 17.4632
    endloop
  endfacet
  facet normal -0.052343 0.998629 0
    outer loop
      vertex 0 -52 17.4632
      vertex 5.43548 -51.7151 6
      vertex 0 -52 6
    endloop
  endfacet
  facet normal -0.258829 0.965923 0
    outer loop
      vertex 16.0689 -49.4549 6
      vertex 10.8114 -50.8637 17.4632
      vertex 16.0689 -49.4549 17.4632
    endloop
  endfacet
  facet normal -0.258829 0.965923 0
    outer loop
      vertex 10.8114 -50.8637 17.4632
      vertex 16.0689 -49.4549 6
      vertex 10.8114 -50.8637 6
    endloop
  endfacet
  facet normal -0.629322 0.777145 0
    outer loop
      vertex 34.7948 -38.6435 6
      vertex 30.5648 -42.0689 17.4632
      vertex 34.7948 -38.6435 17.4632
    endloop
  endfacet
  facet normal -0.629322 0.777145 0
    outer loop
      vertex 30.5648 -42.0689 17.4632
      vertex 34.7948 -38.6435 6
      vertex 30.5648 -42.0689 6
    endloop
  endfacet
  facet normal -0.453998 0.891002 0
    outer loop
      vertex 26 -45.0333 6
      vertex 21.1503 -47.5044 17.4632
      vertex 26 -45.0333 17.4632
    endloop
  endfacet
  facet normal -0.453998 0.891002 0
    outer loop
      vertex 21.1503 -47.5044 17.4632
      vertex 26 -45.0333 6
      vertex 21.1503 -47.5044 6
    endloop
  endfacet
  facet normal -0.777145 0.629322 0
    outer loop
      vertex 38.6435 -34.7948 6
      vertex 42.0689 -30.5648 17.4632
      vertex 42.0689 -30.5648 6
    endloop
  endfacet
  facet normal -0.777145 0.629322 0
    outer loop
      vertex 42.0689 -30.5648 17.4632
      vertex 38.6435 -34.7948 6
      vertex 38.6435 -34.7948 17.4632
    endloop
  endfacet
  facet normal -0.891002 0.453998 0
    outer loop
      vertex 45.0333 -26 6
      vertex 47.5044 -21.1503 17.4632
      vertex 47.5044 -21.1503 6
    endloop
  endfacet
  facet normal -0.891002 0.453998 0
    outer loop
      vertex 47.5044 -21.1503 17.4632
      vertex 45.0333 -26 6
      vertex 45.0333 -26 17.4632
    endloop
  endfacet
  facet normal 0.707107 0.707107 0
    outer loop
      vertex -34.7948 -38.6435 17.4632
      vertex -38.6435 -34.7948 6
      vertex -38.6435 -34.7948 17.4632
    endloop
  endfacet
  facet normal 0.707107 0.707107 0
    outer loop
      vertex -38.6435 -34.7948 6
      vertex -34.7948 -38.6435 17.4632
      vertex -34.7948 -38.6435 6
    endloop
  endfacet
  facet normal 0.544637 0.838672 -0
    outer loop
      vertex -26 -45.0333 6
      vertex -30.5648 -42.0689 17.4632
      vertex -26 -45.0333 17.4632
    endloop
  endfacet
  facet normal 0.544637 0.838672 0
    outer loop
      vertex -30.5648 -42.0689 17.4632
      vertex -26 -45.0333 6
      vertex -30.5648 -42.0689 6
    endloop
  endfacet
  facet normal 0.358357 0.933585 -0
    outer loop
      vertex -16.0689 -49.4549 6
      vertex -21.1503 -47.5044 17.4632
      vertex -16.0689 -49.4549 17.4632
    endloop
  endfacet
  facet normal 0.358357 0.933585 0
    outer loop
      vertex -21.1503 -47.5044 17.4632
      vertex -16.0689 -49.4549 6
      vertex -21.1503 -47.5044 6
    endloop
  endfacet
  facet normal 0.156423 0.98769 -0
    outer loop
      vertex -5.43548 -51.7151 6
      vertex -10.8114 -50.8637 17.4632
      vertex -5.43548 -51.7151 17.4632
    endloop
  endfacet
  facet normal 0.156423 0.98769 0
    outer loop
      vertex -10.8114 -50.8637 17.4632
      vertex -5.43548 -51.7151 6
      vertex -10.8114 -50.8637 6
    endloop
  endfacet
  facet normal 0.838672 0.544637 0
    outer loop
      vertex -42.0689 -30.5648 17.4632
      vertex -45.0333 -26 6
      vertex -45.0333 -26 17.4632
    endloop
  endfacet
  facet normal 0.838672 0.544637 0
    outer loop
      vertex -45.0333 -26 6
      vertex -42.0689 -30.5648 17.4632
      vertex -42.0689 -30.5648 6
    endloop
  endfacet
  facet normal 0.965923 0.258829 0
    outer loop
      vertex -49.4549 -16.0689 17.4632
      vertex -50.8637 -10.8114 6
      vertex -50.8637 -10.8114 17.4632
    endloop
  endfacet
  facet normal 0.965923 0.258829 0
    outer loop
      vertex -50.8637 -10.8114 6
      vertex -49.4549 -16.0689 17.4632
      vertex -49.4549 -16.0689 6
    endloop
  endfacet
  facet normal 0.998629 0.052343 0
    outer loop
      vertex -51.7151 -5.43548 17.4632
      vertex -52 0 6
      vertex -52 0 17.4632
    endloop
  endfacet
  facet normal 0.998629 0.052343 0
    outer loop
      vertex -52 0 6
      vertex -51.7151 -5.43548 17.4632
      vertex -51.7151 -5.43548 6
    endloop
  endfacet
  facet normal -0.156423 0.98769 0
    outer loop
      vertex 10.8114 -50.8637 6
      vertex 5.43548 -51.7151 17.4632
      vertex 10.8114 -50.8637 17.4632
    endloop
  endfacet
  facet normal -0.156423 0.98769 0
    outer loop
      vertex 5.43548 -51.7151 17.4632
      vertex 10.8114 -50.8637 6
      vertex 5.43548 -51.7151 6
    endloop
  endfacet
  facet normal -0.358357 0.933585 0
    outer loop
      vertex 21.1503 -47.5044 6
      vertex 16.0689 -49.4549 17.4632
      vertex 21.1503 -47.5044 17.4632
    endloop
  endfacet
  facet normal -0.358357 0.933585 0
    outer loop
      vertex 16.0689 -49.4549 17.4632
      vertex 21.1503 -47.5044 6
      vertex 16.0689 -49.4549 6
    endloop
  endfacet
  facet normal -0.707107 0.707107 0
    outer loop
      vertex 34.7948 -38.6435 6
      vertex 38.6435 -34.7948 17.4632
      vertex 38.6435 -34.7948 6
    endloop
  endfacet
  facet normal -0.707107 0.707107 0
    outer loop
      vertex 38.6435 -34.7948 17.4632
      vertex 34.7948 -38.6435 6
      vertex 34.7948 -38.6435 17.4632
    endloop
  endfacet
  facet normal -0.544637 0.838672 0
    outer loop
      vertex 30.5648 -42.0689 6
      vertex 26 -45.0333 17.4632
      vertex 30.5648 -42.0689 17.4632
    endloop
  endfacet
  facet normal -0.544637 0.838672 0
    outer loop
      vertex 26 -45.0333 17.4632
      vertex 30.5648 -42.0689 6
      vertex 26 -45.0333 6
    endloop
  endfacet
  facet normal -0.838672 0.544637 0
    outer loop
      vertex 42.0689 -30.5648 6
      vertex 45.0333 -26 17.4632
      vertex 45.0333 -26 6
    endloop
  endfacet
  facet normal -0.838672 0.544637 0
    outer loop
      vertex 45.0333 -26 17.4632
      vertex 42.0689 -30.5648 6
      vertex 42.0689 -30.5648 17.4632
    endloop
  endfacet
  facet normal -0.933585 0.358357 0
    outer loop
      vertex 47.5044 -21.1503 6
      vertex 49.4549 -16.0689 17.4632
      vertex 49.4549 -16.0689 6
    endloop
  endfacet
  facet normal -0.933585 0.358357 0
    outer loop
      vertex 49.4549 -16.0689 17.4632
      vertex 47.5044 -21.1503 6
      vertex 47.5044 -21.1503 17.4632
    endloop
  endfacet
  facet normal -0.98769 0.156423 0
    outer loop
      vertex 50.8637 -10.8114 6
      vertex 51.7151 -5.43548 17.4632
      vertex 51.7151 -5.43548 6
    endloop
  endfacet
  facet normal -0.98769 0.156423 0
    outer loop
      vertex 51.7151 -5.43548 17.4632
      vertex 50.8637 -10.8114 6
      vertex 50.8637 -10.8114 17.4632
    endloop
  endfacet
  facet normal 0.629322 0.777145 -0
    outer loop
      vertex -30.5648 -42.0689 6
      vertex -34.7948 -38.6435 17.4632
      vertex -30.5648 -42.0689 17.4632
    endloop
  endfacet
  facet normal 0.629322 0.777145 0
    outer loop
      vertex -34.7948 -38.6435 17.4632
      vertex -30.5648 -42.0689 6
      vertex -34.7948 -38.6435 6
    endloop
  endfacet
  facet normal 0.453998 0.891002 -0
    outer loop
      vertex -21.1503 -47.5044 6
      vertex -26 -45.0333 17.4632
      vertex -21.1503 -47.5044 17.4632
    endloop
  endfacet
  facet normal 0.453998 0.891002 0
    outer loop
      vertex -26 -45.0333 17.4632
      vertex -21.1503 -47.5044 6
      vertex -26 -45.0333 6
    endloop
  endfacet
  facet normal 0.258829 0.965923 -0
    outer loop
      vertex -10.8114 -50.8637 6
      vertex -16.0689 -49.4549 17.4632
      vertex -10.8114 -50.8637 17.4632
    endloop
  endfacet
  facet normal 0.258829 0.965923 0
    outer loop
      vertex -16.0689 -49.4549 17.4632
      vertex -10.8114 -50.8637 6
      vertex -16.0689 -49.4549 6
    endloop
  endfacet
  facet normal 0.052343 0.998629 -0
    outer loop
      vertex 0 -52 6
      vertex -5.43548 -51.7151 17.4632
      vertex 0 -52 17.4632
    endloop
  endfacet
  facet normal 0.052343 0.998629 0
    outer loop
      vertex -5.43548 -51.7151 17.4632
      vertex 0 -52 6
      vertex -5.43548 -51.7151 6
    endloop
  endfacet
  facet normal 0.777145 0.629322 0
    outer loop
      vertex -38.6435 -34.7948 17.4632
      vertex -42.0689 -30.5648 6
      vertex -42.0689 -30.5648 17.4632
    endloop
  endfacet
  facet normal 0.777145 0.629322 0
    outer loop
      vertex -42.0689 -30.5648 6
      vertex -38.6435 -34.7948 17.4632
      vertex -38.6435 -34.7948 6
    endloop
  endfacet
  facet normal 0.933585 0.358357 0
    outer loop
      vertex -47.5044 -21.1503 17.4632
      vertex -49.4549 -16.0689 6
      vertex -49.4549 -16.0689 17.4632
    endloop
  endfacet
  facet normal 0.933585 0.358357 0
    outer loop
      vertex -49.4549 -16.0689 6
      vertex -47.5044 -21.1503 17.4632
      vertex -47.5044 -21.1503 6
    endloop
  endfacet
  facet normal 0.98769 0.156423 0
    outer loop
      vertex -50.8637 -10.8114 17.4632
      vertex -51.7151 -5.43548 6
      vertex -51.7151 -5.43548 17.4632
    endloop
  endfacet
  facet normal 0.98769 0.156423 0
    outer loop
      vertex -51.7151 -5.43548 6
      vertex -50.8637 -10.8114 17.4632
      vertex -50.8637 -10.8114 6
    endloop
  endfacet
  facet normal -0.196896 -0.512936 -0.835541
    outer loop
      vertex 13.3286 29.9365 51.576
      vertex 11.5351 25.9082 54.4716
      vertex 10.1264 31.1657 51.576
    endloop
  endfacet
  facet normal 0.787088 0.302128 -0.537783
    outer loop
      vertex -41.5333 -13.495 40.6332
      vertex -39.8952 -17.7625 40.6332
      vertex -44.1251 -14.3371 36.3668
    endloop
  endfacet
  facet normal 0.940345 0.251959 -0.228623
    outer loop
      vertex -49.198 -10.4573 27.1812
      vertex -47.8354 -15.5427 27.1812
      vertex -50.3064 -10.693 22.3625
    endloop
  endfacet
  facet normal -0.702387 -0.702387 -0.115351
    outer loop
      vertex 38.6435 34.7948 17.4632
      vertex 34.4136 38.2201 22.3625
      vertex 34.7948 38.6435 17.4632
    endloop
  endfacet
  facet normal -0.702387 -0.702387 -0.115351
    outer loop
      vertex 34.4136 38.2201 22.3625
      vertex 38.6435 34.7948 17.4632
      vertex 38.2201 34.4136 22.3625
    endloop
  endfacet
  facet normal -0.355965 -0.927352 -0.115356
    outer loop
      vertex 21.1503 47.5044 17.4632
      vertex 20.9186 46.9839 22.3625
      vertex 16.0689 49.4549 17.4632
    endloop
  endfacet
  facet normal 0.702387 0.702387 -0.115351
    outer loop
      vertex -34.7948 -38.6435 17.4632
      vertex -38.2201 -34.4136 22.3625
      vertex -34.4136 -38.2201 22.3625
    endloop
  endfacet
  facet normal 0.702387 0.702387 -0.115351
    outer loop
      vertex -38.2201 -34.4136 22.3625
      vertex -34.7948 -38.6435 17.4632
      vertex -38.6435 -34.7948 17.4632
    endloop
  endfacet
  facet normal -0.728021 0.27947 -0.626004
    outer loop
      vertex 38.4865 -12.505 44.6186
      vertex 39.8952 -17.7625 40.6332
      vertex 36.9685 -16.4594 44.6186
    endloop
  endfacet
  facet normal -0.564692 0.697338 -0.441411
    outer loop
      vertex 31.0449 -34.4789 36.3668
      vertex 28.5739 -39.3286 31.8664
      vertex 27.2708 -37.5351 36.3668
    endloop
  endfacet
  facet normal -0.551415 -0.551415 -0.626005
    outer loop
      vertex 30.0729 27.0777 44.6186
      vertex 29.2214 32.4537 40.6332
      vertex 32.4537 29.2214 40.6332
    endloop
  endfacet
  facet normal -0.551415 -0.551415 -0.626005
    outer loop
      vertex 29.2214 32.4537 40.6332
      vertex 30.0729 27.0777 44.6186
      vertex 27.0777 30.0729 44.6186
    endloop
  endfacet
  facet normal -0.612658 -0.756558 -0.228625
    outer loop
      vertex 34.4136 38.2201 22.3625
      vertex 33.6553 37.378 27.1812
      vertex 29.5639 40.6912 27.1812
    endloop
  endfacet
  facet normal 0.177554 0.219251 -0.959377
    outer loop
      vertex -9.01791 -10.0154 60.4608
      vertex -7.92162 -10.9032 60.4608
      vertex -12.4865 -13.8676 58.9385
    endloop
  endfacet
  facet normal 0.457438 0.0724535 -0.886285
    outer loop
      vertex -23.5104 -2.47104 56.9348
      vertex -23.1233 -4.91501 56.9348
      vertex -28.2047 -2.96444 54.4716
    endloop
  endfacet
  facet normal -0.700206 0.110915 -0.705272
    outer loop
      vertex 40.2454 -4.22996 44.6186
      vertex 39.5827 -8.41357 44.6186
      vertex 36.6183 -3.84874 48.2796
    endloop
  endfacet
  facet normal 0.489547 0.249435 -0.835539
    outer loop
      vertex -24.5606 -14.18 54.4716
      vertex -28.3793 -16.3848 51.576
      vertex -29.9365 -13.3286 51.576
    endloop
  endfacet
  facet normal 0.0287523 -0.548672 -0.835543
    outer loop
      vertex 0 32.7696 51.576
      vertex -2.96444 28.2047 54.4716
      vertex -3.42535 32.5901 51.576
    endloop
  endfacet
  facet normal 0.972179 -0.0509605 -0.228627
    outer loop
      vertex -51.1485 5.37593 22.3625
      vertex -50.0215 5.25747 27.1812
      vertex -51.4303 0 22.3625
    endloop
  endfacet
  facet normal 0.550958 0.446149 -0.705263
    outer loop
      vertex -29.788 -21.6423 48.2796
      vertex -30.0729 -27.0777 44.6186
      vertex -32.7385 -23.7859 44.6186
    endloop
  endfacet
  facet normal -0.182487 0.0489095 -0.981991
    outer loop
      vertex 13.1826 -2.80204 60.4608
      vertex 12.8174 -4.16464 60.4608
      vertex 7.96775 -1.6936 61.4851
    endloop
  endfacet
  facet normal 0.939896 -0.04927 -0.337887
    outer loop
      vertex -50.0215 5.25747 27.1812
      vertex -48.6128 0 31.8664
      vertex -50.2971 0 27.1812
    endloop
  endfacet
  facet normal -0.610214 -0.163508 -0.77518
    outer loop
      vertex 35.0179 11.378 48.2796
      vertex 36.0154 7.65531 48.2796
      vertex 32.0535 6.81318 51.576
    endloop
  endfacet
  facet normal -0.0441406 0.278654 -0.959377
    outer loop
      vertex 3.87978 -18.2529 58.9385
      vertex 1.95057 -18.5585 58.9385
      vertex 1.40874 -13.4032 60.4608
    endloop
  endfacet
  facet normal -0.286801 -0.562883 -0.775182
    outer loop
      vertex 18.41 31.8871 48.2796
      vertex 16.3848 28.3793 51.576
      vertex 13.3286 29.9365 51.576
    endloop
  endfacet
  facet normal -0.388419 0.252252 -0.886284
    outer loop
      vertex 20.4728 -11.82 56.9348
      vertex 24.5606 -14.18 54.4716
      vertex 19.1251 -13.8952 56.9348
    endloop
  endfacet
  facet normal -0.441976 0.867405 -0.228619
    outer loop
      vertex 25.7151 -44.5399 22.3625
      vertex 20.9186 -46.9839 22.3625
      vertex 20.4577 -45.9487 27.1812
    endloop
  endfacet
  facet normal 0.700216 -0.110903 -0.705265
    outer loop
      vertex -36.0154 7.65531 48.2796
      vertex -36.6183 3.84874 48.2796
      vertex -39.5827 8.41357 44.6186
    endloop
  endfacet
  facet normal 0.530201 -0.816465 -0.228628
    outer loop
      vertex -25.7151 44.5399 22.3625
      vertex -25.1485 43.5585 27.1812
      vertex -29.5639 40.6912 27.1812
    endloop
  endfacet
  facet normal 0.0935275 0.0148131 -0.995506
    outer loop
      vertex -2.66565 -0.566602 62
      vertex -7.96775 -1.6936 61.4851
      vertex -8.10113 -0.851463 61.4851
    endloop
  endfacet
  facet normal -0.841923 0.0441173 -0.537791
    outer loop
      vertex 43.6707 0 40.6332
      vertex 46.1418 -4.84969 36.3668
      vertex 43.4315 -4.56483 40.6332
    endloop
  endfacet
  facet normal 0.355972 0.92735 -0.115348
    outer loop
      vertex -15.8928 -48.9131 22.3625
      vertex -16.0689 -49.4549 17.4632
      vertex -20.9186 -46.9839 22.3625
    endloop
  endfacet
  facet normal -0.92735 0.355972 -0.115348
    outer loop
      vertex 48.9131 -15.8928 22.3625
      vertex 49.4549 -16.0689 17.4632
      vertex 46.9839 -20.9186 22.3625
    endloop
  endfacet
  facet normal -0.752544 -0.488707 -0.44141
    outer loop
      vertex 39.3286 28.5739 31.8664
      vertex 40.18 23.198 36.3668
      vertex 37.5351 27.2708 36.3668
    endloop
  endfacet
  facet normal 0.908857 -0.348873 -0.228619
    outer loop
      vertex -46.9839 20.9186 22.3625
      vertex -45.9487 20.4577 27.1812
      vertex -48.9131 15.8928 22.3625
    endloop
  endfacet
  facet normal -0.886263 0.140369 -0.4414
    outer loop
      vertex 48.3465 -5.08142 31.8664
      vertex 47.5505 -10.1072 31.8664
      vertex 45.3821 -9.64625 36.3668
    endloop
  endfacet
  facet normal -0.488703 0.75255 -0.441405
    outer loop
      vertex 28.5739 -39.3286 31.8664
      vertex 24.3064 -42.0999 31.8664
      vertex 23.198 -40.18 36.3668
    endloop
  endfacet
  facet normal -0.530201 0.816465 -0.228628
    outer loop
      vertex 29.5639 -40.6912 27.1812
      vertex 25.7151 -44.5399 22.3625
      vertex 25.1485 -43.5585 27.1812
    endloop
  endfacet
  facet normal -0.302124 0.787088 -0.537786
    outer loop
      vertex 17.7625 -39.8952 40.6332
      vertex 18.8709 -42.3848 36.3668
      vertex 14.3371 -44.1251 36.3668
    endloop
  endfacet
  facet normal -0.168335 -0.0857719 -0.981991
    outer loop
      vertex 11.6715 6.73853 60.4608
      vertex 7.44152 3.31318 61.4851
      vertex 7.05443 4.07288 61.4851
    endloop
  endfacet
  facet normal 0.59231 0.731444 -0.337874
    outer loop
      vertex -32.5283 -36.1264 31.8664
      vertex -28.5739 -39.3286 31.8664
      vertex -33.6553 -37.378 27.1812
    endloop
  endfacet
  facet normal 0.382747 -0.751201 -0.537775
    outer loop
      vertex -17.7625 39.8952 40.6332
      vertex -21.8354 37.82 40.6332
      vertex -23.198 40.18 36.3668
    endloop
  endfacet
  facet normal -0.459176 -0.707071 -0.537781
    outer loop
      vertex 27.2708 37.5351 36.3668
      vertex 25.669 35.3304 40.6332
      vertex 23.198 40.18 36.3668
    endloop
  endfacet
  facet normal -0.501297 -0.501297 -0.705267
    outer loop
      vertex 27.3626 24.6374 48.2796
      vertex 27.0777 30.0729 44.6186
      vertex 30.0729 27.0777 44.6186
    endloop
  endfacet
  facet normal -0.501297 -0.501297 -0.705267
    outer loop
      vertex 27.0777 30.0729 44.6186
      vertex 27.3626 24.6374 48.2796
      vertex 24.6374 27.3626 48.2796
    endloop
  endfacet
  facet normal -0.728021 -0.27947 -0.626004
    outer loop
      vertex 39.8952 17.7625 40.6332
      vertex 38.4865 12.505 44.6186
      vertex 36.9685 16.4594 44.6186
    endloop
  endfacet
  facet normal -0.321564 -0.837707 -0.441411
    outer loop
      vertex 15.0222 46.2335 31.8664
      vertex 19.7726 44.41 31.8664
      vertex 14.3371 44.1251 36.3668
    endloop
  endfacet
  facet normal -0.753261 0.201818 -0.625993
    outer loop
      vertex 39.5827 -8.41357 44.6186
      vertex 41.5333 -13.495 40.6332
      vertex 38.4865 -12.505 44.6186
    endloop
  endfacet
  facet normal 0.158447 -0.102899 -0.981991
    outer loop
      vertex -6.59005 4.78795 61.4851
      vertex -7.05443 4.07288 61.4851
      vertex -11.6715 6.73853 60.4608
    endloop
  endfacet
  facet normal 0.168338 -0.0857682 -0.981991
    outer loop
      vertex -11.6715 6.73853 60.4608
      vertex -7.44152 3.31318 61.4851
      vertex -12.3119 5.48161 60.4608
    endloop
  endfacet
  facet normal 0.816466 0.530199 -0.228631
    outer loop
      vertex -40.6912 -29.5639 27.1812
      vertex -41.608 -30.23 22.3625
      vertex -44.5399 -25.7151 22.3625
    endloop
  endfacet
  facet normal 0.97218 -0.0509623 -0.228625
    outer loop
      vertex -50.0215 5.25747 27.1812
      vertex -50.2971 0 27.1812
      vertex -51.4303 0 22.3625
    endloop
  endfacet
  facet normal 0.867398 -0.441983 -0.228629
    outer loop
      vertex -44.5399 25.7151 22.3625
      vertex -43.5585 25.1485 27.1812
      vertex -45.9487 20.4577 27.1812
    endloop
  endfacet
  facet normal -0.20356 -0.313463 -0.927526
    outer loop
      vertex 13.8952 19.1251 56.9348
      vertex 10.9685 15.0968 58.9385
      vertex 9.33035 16.1606 58.9385
    endloop
  endfacet
  facet normal 0.909115 -0.243592 -0.337894
    outer loop
      vertex -47.8354 15.5427 27.1812
      vertex -46.2335 15.0222 31.8664
      vertex -49.198 10.4573 27.1812
    endloop
  endfacet
  facet normal 0.991964 0.0519936 -0.115347
    outer loop
      vertex -51.4303 0 22.3625
      vertex -51.7151 -5.43548 17.4632
      vertex -52 0 17.4632
    endloop
  endfacet
  facet normal -0.0519936 0.991964 -0.115347
    outer loop
      vertex 0 -51.4303 22.3625
      vertex 5.43548 -51.7151 17.4632
      vertex 0 -52 17.4632
    endloop
  endfacet
  facet normal -0.427306 0.838593 -0.337892
    outer loop
      vertex 25.1485 -43.5585 27.1812
      vertex 20.4577 -45.9487 27.1812
      vertex 19.7726 -44.41 31.8664
    endloop
  endfacet
  facet normal -0.199495 -0.199495 -0.959377
    outer loop
      vertex 10.0154 9.01791 60.4608
      vertex 12.4865 13.8676 58.9385
      vertex 13.8676 12.4865 58.9385
    endloop
  endfacet
  facet normal -0.199495 -0.199495 -0.959377
    outer loop
      vertex 12.4865 13.8676 58.9385
      vertex 10.0154 9.01791 60.4608
      vertex 9.01791 10.0154 60.4608
    endloop
  endfacet
  facet normal -0.0509605 0.972179 -0.228627
    outer loop
      vertex 5.25747 -50.0215 27.1812
      vertex 5.37593 -51.1485 22.3625
      vertex 0 -51.4303 22.3625
    endloop
  endfacet
  facet normal 0.450968 0.885054 -0.115355
    outer loop
      vertex -20.9186 -46.9839 22.3625
      vertex -21.1503 -47.5044 17.4632
      vertex -26 -45.0333 17.4632
    endloop
  endfacet
  facet normal -0.867405 -0.441976 -0.228619
    outer loop
      vertex 46.9839 20.9186 22.3625
      vertex 45.9487 20.4577 27.1812
      vertex 44.5399 25.7151 22.3625
    endloop
  endfacet
  facet normal -0.70707 -0.459183 -0.537776
    outer loop
      vertex 40.18 23.198 36.3668
      vertex 37.82 21.8354 40.6332
      vertex 35.3304 25.669 40.6332
    endloop
  endfacet
  facet normal 0.512596 -0.789355 -0.337882
    outer loop
      vertex -25.1485 43.5585 27.1812
      vertex -28.5739 39.3286 31.8664
      vertex -29.5639 40.6912 27.1812
    endloop
  endfacet
  facet normal 0.867405 -0.441976 -0.228619
    outer loop
      vertex -44.5399 25.7151 22.3625
      vertex -45.9487 20.4577 27.1812
      vertex -46.9839 20.9186 22.3625
    endloop
  endfacet
  facet normal 0.702387 -0.702387 -0.115351
    outer loop
      vertex -34.7948 38.6435 17.4632
      vertex -38.2201 34.4136 22.3625
      vertex -38.6435 34.7948 17.4632
    endloop
  endfacet
  facet normal 0.702387 -0.702387 -0.115351
    outer loop
      vertex -38.2201 34.4136 22.3625
      vertex -34.7948 38.6435 17.4632
      vertex -34.4136 38.2201 22.3625
    endloop
  endfacet
  facet normal -0.386121 0.594568 -0.705265
    outer loop
      vertex 21.6423 -29.788 48.2796
      vertex 20.2335 -35.0455 44.6186
      vertex 18.41 -31.8871 48.2796
    endloop
  endfacet
  facet normal -0.909116 0.243602 -0.337884
    outer loop
      vertex 47.5505 -10.1072 31.8664
      vertex 49.198 -10.4573 27.1812
      vertex 46.2335 -15.0222 31.8664
    endloop
  endfacet
  facet normal -0.63449 0.63449 -0.441411
    outer loop
      vertex 36.1264 -32.5283 31.8664
      vertex 31.0449 -34.4789 36.3668
      vertex 34.4789 -31.0449 36.3668
    endloop
  endfacet
  facet normal -0.63449 0.63449 -0.441411
    outer loop
      vertex 31.0449 -34.4789 36.3668
      vertex 36.1264 -32.5283 31.8664
      vertex 32.5283 -36.1264 31.8664
    endloop
  endfacet
  facet normal -0.728034 0.279459 -0.625994
    outer loop
      vertex 41.5333 -13.495 40.6332
      vertex 39.8952 -17.7625 40.6332
      vertex 38.4865 -12.505 44.6186
    endloop
  endfacet
  facet normal -0.909115 0.243592 -0.337894
    outer loop
      vertex 49.198 -10.4573 27.1812
      vertex 47.8354 -15.5427 27.1812
      vertex 46.2335 -15.0222 31.8664
    endloop
  endfacet
  facet normal -0.59615 0.59615 -0.537784
    outer loop
      vertex 34.4789 -31.0449 36.3668
      vertex 29.2214 -32.4537 40.6332
      vertex 32.4537 -29.2214 40.6332
    endloop
  endfacet
  facet normal -0.59615 0.59615 -0.537784
    outer loop
      vertex 29.2214 -32.4537 40.6332
      vertex 34.4789 -31.0449 36.3668
      vertex 31.0449 -34.4789 36.3668
    endloop
  endfacet
  facet normal -0.927352 0.355965 -0.115356
    outer loop
      vertex 49.4549 -16.0689 17.4632
      vertex 47.5044 -21.1503 17.4632
      vertex 46.9839 -20.9186 22.3625
    endloop
  endfacet
  facet normal 0.66185 0.254053 -0.705274
    outer loop
      vertex -35.0179 -11.378 48.2796
      vertex -33.6368 -14.976 48.2796
      vertex -38.4865 -12.505 44.6186
    endloop
  endfacet
  facet normal -0.27947 0.728021 -0.626004
    outer loop
      vertex 16.4594 -36.9685 44.6186
      vertex 17.7625 -39.8952 40.6332
      vertex 12.505 -38.4865 44.6186
    endloop
  endfacet
  facet normal -0.0509623 0.97218 -0.228625
    outer loop
      vertex 0 -50.2971 27.1812
      vertex 5.25747 -50.0215 27.1812
      vertex 0 -51.4303 22.3625
    endloop
  endfacet
  facet normal -0.512596 0.789355 -0.337882
    outer loop
      vertex 28.5739 -39.3286 31.8664
      vertex 29.5639 -40.6912 27.1812
      vertex 25.1485 -43.5585 27.1812
    endloop
  endfacet
  facet normal -0.140369 0.886263 -0.4414
    outer loop
      vertex 9.64625 -45.3821 36.3668
      vertex 10.1072 -47.5505 31.8664
      vertex 5.08142 -48.3465 31.8664
    endloop
  endfacet
  facet normal -0.177547 -0.219261 -0.959376
    outer loop
      vertex 10.9685 15.0968 58.9385
      vertex 12.4865 13.8676 58.9385
      vertex 7.92162 10.9032 60.4608
    endloop
  endfacet
  facet normal -0.251377 -0.128089 -0.959376
    outer loop
      vertex 16.1606 9.33035 58.9385
      vertex 17.0474 7.58999 58.9385
      vertex 12.3119 5.48161 60.4608
    endloop
  endfacet
  facet normal -0.778756 0.0407976 -0.625999
    outer loop
      vertex 40.467 0 44.6186
      vertex 43.4315 -4.56483 40.6332
      vertex 40.2454 -4.22996 44.6186
    endloop
  endfacet
  facet normal -0.548677 0.0287624 -0.83554
    outer loop
      vertex 28.3601 0 54.4716
      vertex 32.7696 0 51.576
      vertex 28.2047 -2.96444 54.4716
    endloop
  endfacet
  facet normal 0.665523 -0.665523 -0.337875
    outer loop
      vertex -32.5283 36.1264 31.8664
      vertex -37.378 33.6553 27.1812
      vertex -33.6553 37.378 27.1812
    endloop
  endfacet
  facet normal 0.665523 -0.665523 -0.337875
    outer loop
      vertex -37.378 33.6553 27.1812
      vertex -32.5283 36.1264 31.8664
      vertex -36.1264 32.5283 31.8664
    endloop
  endfacet
  facet normal -0.0429902 -0.0843722 -0.995506
    outer loop
      vertex 3.31318 7.44152 61.4851
      vertex 4.07288 7.05443 61.4851
      vertex 1.3626 2.3601 62
    endloop
  endfacet
  facet normal -0.232246 -0.866734 -0.441401
    outer loop
      vertex 10.1072 47.5505 31.8664
      vertex 15.0222 46.2335 31.8664
      vertex 9.64625 45.3821 36.3668
    endloop
  endfacet
  facet normal -0.446153 -0.550949 -0.705268
    outer loop
      vertex 27.0777 30.0729 44.6186
      vertex 24.6374 27.3626 48.2796
      vertex 21.6423 29.788 48.2796
    endloop
  endfacet
  facet normal -0.684787 -0.18349 -0.705265
    outer loop
      vertex 39.5827 8.41357 44.6186
      vertex 36.0154 7.65531 48.2796
      vertex 35.0179 11.378 48.2796
    endloop
  endfacet
  facet normal -0.731436 -0.592314 -0.337882
    outer loop
      vertex 40.6912 29.5639 27.1812
      vertex 39.3286 28.5739 31.8664
      vertex 37.378 33.6553 27.1812
    endloop
  endfacet
  facet normal -0.441983 -0.867398 -0.228629
    outer loop
      vertex 25.7151 44.5399 22.3625
      vertex 25.1485 43.5585 27.1812
      vertex 20.4577 45.9487 27.1812
    endloop
  endfacet
  facet normal -0.36916 -0.0584775 -0.927524
    outer loop
      vertex 23.5104 2.47104 56.9348
      vertex 18.5585 1.95057 58.9385
      vertex 18.2529 3.87978 58.9385
    endloop
  endfacet
  facet normal -0.550958 -0.446149 -0.705263
    outer loop
      vertex 30.0729 27.0777 44.6186
      vertex 32.7385 23.7859 44.6186
      vertex 29.788 21.6423 48.2796
    endloop
  endfacet
  facet normal 0.885054 -0.450968 -0.115355
    outer loop
      vertex -45.0333 26 17.4632
      vertex -46.9839 20.9186 22.3625
      vertex -47.5044 21.1503 17.4632
    endloop
  endfacet
  facet normal -0.0988258 0.623963 -0.77518
    outer loop
      vertex 6.81318 -32.0535 51.576
      vertex 7.65531 -36.0154 48.2796
      vertex 3.84874 -36.6183 48.2796
    endloop
  endfacet
  facet normal 0.188668 0.00989717 -0.981991
    outer loop
      vertex -8.14575 0 61.4851
      vertex -13.4032 -1.40874 60.4608
      vertex -13.4771 0 60.4608
    endloop
  endfacet
  facet normal 0.612661 0.756554 -0.228631
    outer loop
      vertex -29.5639 -40.6912 27.1812
      vertex -30.23 -41.608 22.3625
      vertex -34.4136 -38.2201 22.3625
    endloop
  endfacet
  facet normal 0.908857 0.348873 -0.228619
    outer loop
      vertex -45.9487 -20.4577 27.1812
      vertex -46.9839 -20.9186 22.3625
      vertex -48.9131 -15.8928 22.3625
    endloop
  endfacet
  facet normal 0.939896 0.04927 -0.337887
    outer loop
      vertex -48.6128 0 31.8664
      vertex -50.0215 -5.25747 27.1812
      vertex -50.2971 0 27.1812
    endloop
  endfacet
  facet normal 0.927352 -0.355965 -0.115356
    outer loop
      vertex -47.5044 21.1503 17.4632
      vertex -46.9839 20.9186 22.3625
      vertex -49.4549 16.0689 17.4632
    endloop
  endfacet
  facet normal 0.940345 -0.251959 -0.228623
    outer loop
      vertex -47.8354 15.5427 27.1812
      vertex -49.198 10.4573 27.1812
      vertex -50.3064 10.693 22.3625
    endloop
  endfacet
  facet normal 0.886263 -0.140369 -0.4414
    outer loop
      vertex -47.5505 10.1072 31.8664
      vertex -45.3821 9.64625 36.3668
      vertex -48.3465 5.08142 31.8664
    endloop
  endfacet
  facet normal 0.940345 -0.251968 -0.228614
    outer loop
      vertex -48.9131 15.8928 22.3625
      vertex -47.8354 15.5427 27.1812
      vertex -50.3064 10.693 22.3625
    endloop
  endfacet
  facet normal 0.841926 0.0441128 -0.537787
    outer loop
      vertex -43.6707 0 40.6332
      vertex -46.1418 -4.84969 36.3668
      vertex -46.3959 0 36.3668
    endloop
  endfacet
  facet normal 0.832698 0.131891 -0.537791
    outer loop
      vertex -43.4315 -4.56483 40.6332
      vertex -42.7164 -9.07965 40.6332
      vertex -46.1418 -4.84969 36.3668
    endloop
  endfacet
  facet normal 0.981097 -0.155379 -0.115356
    outer loop
      vertex -50.8637 10.8114 17.4632
      vertex -50.3064 10.693 22.3625
      vertex -51.7151 5.43548 17.4632
    endloop
  endfacet
  facet normal 0.867398 0.441983 -0.228629
    outer loop
      vertex -43.5585 -25.1485 27.1812
      vertex -44.5399 -25.7151 22.3625
      vertex -45.9487 -20.4577 27.1812
    endloop
  endfacet
  facet normal -0.0935275 -0.0148131 -0.995506
    outer loop
      vertex 7.96775 1.6936 61.4851
      vertex 8.10113 0.851463 61.4851
      vertex 2.66565 0.566602 62
    endloop
  endfacet
  facet normal 0.254069 0.661852 -0.705266
    outer loop
      vertex -14.976 -33.6368 48.2796
      vertex -12.505 -38.4865 44.6186
      vertex -16.4594 -36.9685 44.6186
    endloop
  endfacet
  facet normal 0.0287523 0.548672 -0.835543
    outer loop
      vertex -2.96444 -28.2047 54.4716
      vertex 0 -32.7696 51.576
      vertex -3.42535 -32.5901 51.576
    endloop
  endfacet
  facet normal -0.397569 0.490947 -0.775184
    outer loop
      vertex 21.9271 -24.3525 51.576
      vertex 21.6423 -29.788 48.2796
      vertex 19.2615 -26.5111 51.576
    endloop
  endfacet
  facet normal -0.290466 0.235213 -0.927526
    outer loop
      vertex 19.1251 -13.8952 56.9348
      vertex 17.5679 -15.8182 56.9348
      vertex 15.0968 -10.9685 58.9385
    endloop
  endfacet
  facet normal -0.0469603 0.896077 -0.441408
    outer loop
      vertex 0 -46.3959 36.3668
      vertex 5.08142 -48.3465 31.8664
      vertex 0 -48.6128 31.8664
    endloop
  endfacet
  facet normal 0.382747 0.751201 -0.537775
    outer loop
      vertex -21.8354 -37.82 40.6332
      vertex -17.7625 -39.8952 40.6332
      vertex -23.198 -40.18 36.3668
    endloop
  endfacet
  facet normal -0.816466 -0.530199 -0.228631
    outer loop
      vertex 41.608 30.23 22.3625
      vertex 44.5399 25.7151 22.3625
      vertex 40.6912 29.5639 27.1812
    endloop
  endfacet
  facet normal -0.878672 -0.337289 -0.337892
    outer loop
      vertex 45.9487 20.4577 27.1812
      vertex 46.2335 15.0222 31.8664
      vertex 44.41 19.7726 31.8664
    endloop
  endfacet
  facet normal -0.541002 0.833075 -0.115341
    outer loop
      vertex 30.23 -41.608 22.3625
      vertex 30.5648 -42.0689 17.4632
      vertex 26 -45.0333 17.4632
    endloop
  endfacet
  facet normal 0.459176 -0.707071 -0.537781
    outer loop
      vertex -23.198 40.18 36.3668
      vertex -25.669 35.3304 40.6332
      vertex -27.2708 37.5351 36.3668
    endloop
  endfacet
  facet normal -0.564692 -0.697338 -0.441411
    outer loop
      vertex 28.5739 39.3286 31.8664
      vertex 31.0449 34.4789 36.3668
      vertex 27.2708 37.5351 36.3668
    endloop
  endfacet
  facet normal -0.837707 -0.321564 -0.441411
    outer loop
      vertex 44.41 19.7726 31.8664
      vertex 46.2335 15.0222 31.8664
      vertex 44.1251 14.3371 36.3668
    endloop
  endfacet
  facet normal -0.896082 -0.0469503 -0.441399
    outer loop
      vertex 48.3465 5.08142 31.8664
      vertex 46.3959 0 36.3668
      vertex 46.1418 4.84969 36.3668
    endloop
  endfacet
  facet normal -0.594568 -0.386121 -0.705265
    outer loop
      vertex 35.0455 20.2335 44.6186
      vertex 31.8871 18.41 48.2796
      vertex 29.788 21.6423 48.2796
    endloop
  endfacet
  facet normal -0.550958 0.446149 -0.705263
    outer loop
      vertex 32.7385 -23.7859 44.6186
      vertex 30.0729 -27.0777 44.6186
      vertex 29.788 -21.6423 48.2796
    endloop
  endfacet
  facet normal -0.424723 0.654003 -0.626012
    outer loop
      vertex 23.7859 -32.7385 44.6186
      vertex 25.669 -35.3304 40.6332
      vertex 20.2335 -35.0455 44.6186
    endloop
  endfacet
  facet normal -0.799506 0.407371 -0.441406
    outer loop
      vertex 44.41 -19.7726 31.8664
      vertex 42.0999 -24.3064 31.8664
      vertex 40.18 -23.198 36.3668
    endloop
  endfacet
  facet normal -0.816465 0.530201 -0.228628
    outer loop
      vertex 43.5585 -25.1485 27.1812
      vertex 44.5399 -25.7151 22.3625
      vertex 40.6912 -29.5639 27.1812
    endloop
  endfacet
  facet normal -0.789353 0.512603 -0.337875
    outer loop
      vertex 42.0999 -24.3064 31.8664
      vertex 43.5585 -25.1485 27.1812
      vertex 39.3286 -28.5739 31.8664
    endloop
  endfacet
  facet normal 0.0469603 0.896077 -0.441408
    outer loop
      vertex 0 -46.3959 36.3668
      vertex 0 -48.6128 31.8664
      vertex -5.08142 -48.3465 31.8664
    endloop
  endfacet
  facet normal -0.251968 0.940345 -0.228614
    outer loop
      vertex 15.5427 -47.8354 27.1812
      vertex 15.8928 -48.9131 22.3625
      vertex 10.693 -50.3064 22.3625
    endloop
  endfacet
  facet normal -0.407375 0.799506 -0.441403
    outer loop
      vertex 23.198 -40.18 36.3668
      vertex 19.7726 -44.41 31.8664
      vertex 18.8709 -42.3848 36.3668
    endloop
  endfacet
  facet normal -0.550949 0.446153 -0.705268
    outer loop
      vertex 29.788 -21.6423 48.2796
      vertex 30.0729 -27.0777 44.6186
      vertex 27.3626 -24.6374 48.2796
    endloop
  endfacet
  facet normal -0.348873 0.908857 -0.228619
    outer loop
      vertex 20.4577 -45.9487 27.1812
      vertex 20.9186 -46.9839 22.3625
      vertex 15.8928 -48.9131 22.3625
    endloop
  endfacet
  facet normal -0.457438 0.0724535 -0.886285
    outer loop
      vertex 23.5104 -2.47104 56.9348
      vertex 28.2047 -2.96444 54.4716
      vertex 23.1233 -4.91501 56.9348
    endloop
  endfacet
  facet normal -0.462505 -0.0242451 -0.886285
    outer loop
      vertex 28.2047 2.96444 54.4716
      vertex 28.3601 0 54.4716
      vertex 23.5104 2.47104 56.9348
    endloop
  endfacet
  facet normal -0.373251 0.0195565 -0.927524
    outer loop
      vertex 18.6607 0 58.9385
      vertex 23.5104 -2.47104 56.9348
      vertex 18.5585 -1.95057 58.9385
    endloop
  endfacet
  facet normal -0.548677 -0.0287624 -0.83554
    outer loop
      vertex 32.7696 0 51.576
      vertex 28.3601 0 54.4716
      vertex 28.2047 2.96444 54.4716
    endloop
  endfacet
  facet normal -0.837707 0.321564 -0.441411
    outer loop
      vertex 46.2335 -15.0222 31.8664
      vertex 44.41 -19.7726 31.8664
      vertex 44.1251 -14.3371 36.3668
    endloop
  endfacet
  facet normal -0.530711 0.142208 -0.835538
    outer loop
      vertex 32.0535 -6.81318 51.576
      vertex 31.1657 -10.1264 51.576
      vertex 27.7404 -5.89639 54.4716
    endloop
  endfacet
  facet normal -0.424723 -0.654003 -0.626012
    outer loop
      vertex 25.669 35.3304 40.6332
      vertex 23.7859 32.7385 44.6186
      vertex 20.2335 35.0455 44.6186
    endloop
  endfacet
  facet normal -0.073591 -0.0595918 -0.995506
    outer loop
      vertex 6.05348 5.45057 61.4851
      vertex 6.59005 4.78795 61.4851
      vertex 2.20474 1.60183 62
    endloop
  endfacet
  facet normal -0.512603 -0.789353 -0.337875
    outer loop
      vertex 25.1485 43.5585 27.1812
      vertex 28.5739 39.3286 31.8664
      vertex 24.3064 42.0999 31.8664
    endloop
  endfacet
  facet normal -0.488707 -0.752544 -0.44141
    outer loop
      vertex 28.5739 39.3286 31.8664
      vertex 27.2708 37.5351 36.3668
      vertex 23.198 40.18 36.3668
    endloop
  endfacet
  facet normal -0.0519936 -0.991964 -0.115347
    outer loop
      vertex 0 52 17.4632
      vertex 5.43548 51.7151 17.4632
      vertex 0 51.4303 22.3625
    endloop
  endfacet
  facet normal -0.257094 -0.959477 -0.115355
    outer loop
      vertex 10.8114 50.8637 17.4632
      vertex 15.8928 48.9131 22.3625
      vertex 10.693 50.3064 22.3625
    endloop
  endfacet
  facet normal -0.655198 -0.530573 -0.537781
    outer loop
      vertex 37.5351 27.2708 36.3668
      vertex 35.3304 25.669 40.6332
      vertex 32.4537 29.2214 40.6332
    endloop
  endfacet
  facet normal -0.66185 -0.254053 -0.705274
    outer loop
      vertex 38.4865 12.505 44.6186
      vertex 35.0179 11.378 48.2796
      vertex 33.6368 14.976 48.2796
    endloop
  endfacet
  facet normal -0.756558 -0.612658 -0.228625
    outer loop
      vertex 38.2201 34.4136 22.3625
      vertex 40.6912 29.5639 27.1812
      vertex 37.378 33.6553 27.1812
    endloop
  endfacet
  facet normal -0.41267 -0.210248 -0.886284
    outer loop
      vertex 24.5606 14.18 54.4716
      vertex 21.5961 9.61521 56.9348
      vertex 20.4728 11.82 56.9348
    endloop
  endfacet
  facet normal -0.787088 -0.302124 -0.537786
    outer loop
      vertex 42.3848 18.8709 36.3668
      vertex 44.1251 14.3371 36.3668
      vertex 39.8952 17.7625 40.6332
    endloop
  endfacet
  facet normal -0.564691 -0.697338 -0.441411
    outer loop
      vertex 32.5283 36.1264 31.8664
      vertex 31.0449 34.4789 36.3668
      vertex 28.5739 39.3286 31.8664
    endloop
  endfacet
  facet normal 0.243602 -0.909116 -0.337884
    outer loop
      vertex -10.4573 49.198 27.1812
      vertex -10.1072 47.5505 31.8664
      vertex -15.0222 46.2335 31.8664
    endloop
  endfacet
  facet normal -0.299246 -0.460789 -0.835539
    outer loop
      vertex 19.2615 26.5111 51.576
      vertex 16.6696 22.9438 54.4716
      vertex 14.18 24.5606 54.4716
    endloop
  endfacet
  facet normal -0.361026 -0.0967321 -0.927525
    outer loop
      vertex 22.4829 7.30513 56.9348
      vertex 23.1233 4.91501 56.9348
      vertex 18.2529 3.87978 58.9385
    endloop
  endfacet
  facet normal -0.771957 -0.625121 -0.115352
    outer loop
      vertex 38.6435 34.7948 17.4632
      vertex 42.0689 30.5648 17.4632
      vertex 38.2201 34.4136 22.3625
    endloop
  endfacet
  facet normal 0.447354 -0.119862 -0.886289
    outer loop
      vertex -22.4829 7.30513 56.9348
      vertex -23.1233 4.91501 56.9348
      vertex -27.7404 5.89639 54.4716
    endloop
  endfacet
  facet normal 0.562883 -0.286801 -0.775182
    outer loop
      vertex -28.3793 16.3848 51.576
      vertex -29.9365 13.3286 51.576
      vertex -31.8871 18.41 48.2796
    endloop
  endfacet
  facet normal -0.131886 -0.832696 -0.537794
    outer loop
      vertex 9.64625 45.3821 36.3668
      vertex 9.07965 42.7164 40.6332
      vertex 4.84969 46.1418 36.3668
    endloop
  endfacet
  facet normal -0.386124 -0.594568 -0.705264
    outer loop
      vertex 23.7859 32.7385 44.6186
      vertex 21.6423 29.788 48.2796
      vertex 20.2335 35.0455 44.6186
    endloop
  endfacet
  facet normal 0.909115 0.243592 -0.337894
    outer loop
      vertex -46.2335 -15.0222 31.8664
      vertex -47.8354 -15.5427 27.1812
      vertex -49.198 -10.4573 27.1812
    endloop
  endfacet
  facet normal 0.929602 0.147222 -0.337885
    outer loop
      vertex -47.5505 -10.1072 31.8664
      vertex -49.198 -10.4573 27.1812
      vertex -50.0215 -5.25747 27.1812
    endloop
  endfacet
  facet normal 0.731444 -0.59231 -0.337874
    outer loop
      vertex -37.378 33.6553 27.1812
      vertex -36.1264 32.5283 31.8664
      vertex -39.3286 28.5739 31.8664
    endloop
  endfacet
  facet normal 0.909116 -0.243602 -0.337884
    outer loop
      vertex -46.2335 15.0222 31.8664
      vertex -47.5505 10.1072 31.8664
      vertex -49.198 10.4573 27.1812
    endloop
  endfacet
  facet normal 0.929602 -0.147222 -0.337885
    outer loop
      vertex -49.198 10.4573 27.1812
      vertex -47.5505 10.1072 31.8664
      vertex -50.0215 5.25747 27.1812
    endloop
  endfacet
  facet normal 0.959477 -0.257094 -0.115355
    outer loop
      vertex -48.9131 15.8928 22.3625
      vertex -50.3064 10.693 22.3625
      vertex -50.8637 10.8114 17.4632
    endloop
  endfacet
  facet normal 0.896082 0.0469503 -0.441399
    outer loop
      vertex -46.3959 0 36.3668
      vertex -46.1418 -4.84969 36.3668
      vertex -48.3465 -5.08142 31.8664
    endloop
  endfacet
  facet normal 0.939902 -0.0492571 -0.337874
    outer loop
      vertex -48.3465 5.08142 31.8664
      vertex -48.6128 0 31.8664
      vertex -50.0215 5.25747 27.1812
    endloop
  endfacet
  facet normal 0.866726 0.232255 -0.44141
    outer loop
      vertex -45.3821 -9.64625 36.3668
      vertex -44.1251 -14.3371 36.3668
      vertex -46.2335 -15.0222 31.8664
    endloop
  endfacet
  facet normal 0.832696 0.131886 -0.537794
    outer loop
      vertex -42.7164 -9.07965 40.6332
      vertex -45.3821 -9.64625 36.3668
      vertex -46.1418 -4.84969 36.3668
    endloop
  endfacet
  facet normal 0.991964 -0.0519936 -0.115347
    outer loop
      vertex -51.7151 5.43548 17.4632
      vertex -51.4303 0 22.3625
      vertex -52 0 17.4632
    endloop
  endfacet
  facet normal 0.348879 0.908856 -0.228613
    outer loop
      vertex -15.5427 -47.8354 27.1812
      vertex -15.8928 -48.9131 22.3625
      vertex -20.4577 -45.9487 27.1812
    endloop
  endfacet
  facet normal 0.789355 0.512596 -0.337882
    outer loop
      vertex -39.3286 -28.5739 31.8664
      vertex -40.6912 -29.5639 27.1812
      vertex -43.5585 -25.1485 27.1812
    endloop
  endfacet
  facet normal 0.243592 0.909115 -0.337894
    outer loop
      vertex -15.0222 -46.2335 31.8664
      vertex -10.4573 -49.198 27.1812
      vertex -15.5427 -47.8354 27.1812
    endloop
  endfacet
  facet normal 0.771957 0.625121 -0.115352
    outer loop
      vertex -38.2201 -34.4136 22.3625
      vertex -38.6435 -34.7948 17.4632
      vertex -42.0689 -30.5648 17.4632
    endloop
  endfacet
  facet normal -0.0049555 0.0945635 -0.995506
    outer loop
      vertex 0 -2.7252 62
      vertex 0.851463 -8.10113 61.4851
      vertex 0 -8.14575 61.4851
    endloop
  endfacet
  facet normal -0.388511 0.388511 -0.835535
    outer loop
      vertex 21.9271 -24.3525 51.576
      vertex 21.0757 -18.9766 54.4716
      vertex 24.3525 -21.9271 51.576
    endloop
  endfacet
  facet normal -0.388511 0.388511 -0.835535
    outer loop
      vertex 21.0757 -18.9766 54.4716
      vertex 21.9271 -24.3525 51.576
      vertex 18.9766 -21.0757 54.4716
    endloop
  endfacet
  facet normal 0.462505 0.0242451 -0.886285
    outer loop
      vertex -23.5104 -2.47104 56.9348
      vertex -28.2047 -2.96444 54.4716
      vertex -28.3601 0 54.4716
    endloop
  endfacet
  facet normal 0.610212 -0.16351 -0.775181
    outer loop
      vertex -31.1657 10.1264 51.576
      vertex -32.0535 6.81318 51.576
      vertex -35.0179 11.378 48.2796
    endloop
  endfacet
  facet normal -0.263394 0.1011 -0.959376
    outer loop
      vertex 12.8174 -4.16464 60.4608
      vertex 17.0474 -7.58999 58.9385
      vertex 12.3119 -5.48161 60.4608
    endloop
  endfacet
  facet normal 0.128089 -0.251377 -0.959376
    outer loop
      vertex -7.58999 17.0474 58.9385
      vertex -5.48161 12.3119 60.4608
      vertex -9.33035 16.1606 58.9385
    endloop
  endfacet
  facet normal 0.694824 0.354023 -0.626009
    outer loop
      vertex -35.0455 -20.2335 44.6186
      vertex -37.82 -21.8354 40.6332
      vertex -39.8952 -17.7625 40.6332
    endloop
  endfacet
  facet normal 0.073015 0.272516 -0.959377
    outer loop
      vertex -4.16464 -12.8174 60.4608
      vertex -3.87978 -18.2529 58.9385
      vertex -5.76647 -17.7474 58.9385
    endloop
  endfacet
  facet normal 0.321852 0.631674 -0.705265
    outer loop
      vertex -18.41 -31.8871 48.2796
      vertex -14.976 -33.6368 48.2796
      vertex -20.2335 -35.0455 44.6186
    endloop
  endfacet
  facet normal 0.09883 0.623964 -0.775178
    outer loop
      vertex -3.42535 -32.5901 51.576
      vertex -3.84874 -36.6183 48.2796
      vertex -6.81318 -32.0535 51.576
    endloop
  endfacet
  facet normal -0.551415 0.551415 -0.626005
    outer loop
      vertex 29.2214 -32.4537 40.6332
      vertex 30.0729 -27.0777 44.6186
      vertex 32.4537 -29.2214 40.6332
    endloop
  endfacet
  facet normal -0.551415 0.551415 -0.626005
    outer loop
      vertex 30.0729 -27.0777 44.6186
      vertex 29.2214 -32.4537 40.6332
      vertex 27.0777 -30.0729 44.6186
    endloop
  endfacet
  facet normal -0.18349 0.684787 -0.705265
    outer loop
      vertex 11.378 -35.0179 48.2796
      vertex 8.41357 -39.5827 44.6186
      vertex 7.65531 -36.0154 48.2796
    endloop
  endfacet
  facet normal 0.279459 0.728034 -0.625994
    outer loop
      vertex -12.505 -38.4865 44.6186
      vertex -13.495 -41.5333 40.6332
      vertex -17.7625 -39.8952 40.6332
    endloop
  endfacet
  facet normal 0.257094 0.959477 -0.115355
    outer loop
      vertex -10.693 -50.3064 22.3625
      vertex -10.8114 -50.8637 17.4632
      vertex -15.8928 -48.9131 22.3625
    endloop
  endfacet
  facet normal 0.530201 0.816465 -0.228628
    outer loop
      vertex -25.1485 -43.5585 27.1812
      vertex -25.7151 -44.5399 22.3625
      vertex -29.5639 -40.6912 27.1812
    endloop
  endfacet
  facet normal 0.152284 0.96153 -0.228627
    outer loop
      vertex -5.25747 -50.0215 27.1812
      vertex -5.37593 -51.1485 22.3625
      vertex -10.693 -50.3064 22.3625
    endloop
  endfacet
  facet normal -0.592314 -0.731436 -0.337882
    outer loop
      vertex 29.5639 40.6912 27.1812
      vertex 33.6553 37.378 27.1812
      vertex 28.5739 39.3286 31.8664
    endloop
  endfacet
  facet normal -0.909115 -0.243592 -0.337894
    outer loop
      vertex 47.8354 15.5427 27.1812
      vertex 49.198 10.4573 27.1812
      vertex 46.2335 15.0222 31.8664
    endloop
  endfacet
  facet normal -0.251968 -0.940345 -0.228614
    outer loop
      vertex 15.8928 48.9131 22.3625
      vertex 15.5427 47.8354 27.1812
      vertex 10.693 50.3064 22.3625
    endloop
  endfacet
  facet normal -0.0519975 -0.991963 -0.115352
    outer loop
      vertex 5.43548 51.7151 17.4632
      vertex 5.37593 51.1485 22.3625
      vertex 0 51.4303 22.3625
    endloop
  endfacet
  facet normal 0.337291 -0.878671 -0.337894
    outer loop
      vertex -15.5427 47.8354 27.1812
      vertex -15.0222 46.2335 31.8664
      vertex -20.4577 45.9487 27.1812
    endloop
  endfacet
  facet normal 0.257094 -0.959477 -0.115355
    outer loop
      vertex -10.8114 50.8637 17.4632
      vertex -10.693 50.3064 22.3625
      vertex -15.8928 48.9131 22.3625
    endloop
  endfacet
  facet normal 0.279459 -0.728034 -0.625994
    outer loop
      vertex -13.495 41.5333 40.6332
      vertex -12.505 38.4865 44.6186
      vertex -17.7625 39.8952 40.6332
    endloop
  endfacet
  facet normal 0.606028 -0.490755 -0.626011
    outer loop
      vertex -32.4537 29.2214 40.6332
      vertex -32.7385 23.7859 44.6186
      vertex -35.3304 25.669 40.6332
    endloop
  endfacet
  facet normal 0.0441173 -0.841923 -0.537791
    outer loop
      vertex 0 43.6707 40.6332
      vertex -4.56483 43.4315 40.6332
      vertex -4.84969 46.1418 36.3668
    endloop
  endfacet
  facet normal 0.254069 -0.661852 -0.705266
    outer loop
      vertex -12.505 38.4865 44.6186
      vertex -14.976 33.6368 48.2796
      vertex -16.4594 36.9685 44.6186
    endloop
  endfacet
  facet normal -0.886263 -0.140369 -0.4414
    outer loop
      vertex 47.5505 10.1072 31.8664
      vertex 48.3465 5.08142 31.8664
      vertex 45.3821 9.64625 36.3668
    endloop
  endfacet
  facet normal -0.838606 0.427294 -0.337876
    outer loop
      vertex 44.41 -19.7726 31.8664
      vertex 43.5585 -25.1485 27.1812
      vertex 42.0999 -24.3064 31.8664
    endloop
  endfacet
  facet normal -0.939902 0.0492571 -0.337874
    outer loop
      vertex 48.6128 0 31.8664
      vertex 50.0215 -5.25747 27.1812
      vertex 48.3465 -5.08142 31.8664
    endloop
  endfacet
  facet normal -0.866734 0.232246 -0.441401
    outer loop
      vertex 47.5505 -10.1072 31.8664
      vertex 46.2335 -15.0222 31.8664
      vertex 45.3821 -9.64625 36.3668
    endloop
  endfacet
  facet normal -0.940345 -0.251959 -0.228623
    outer loop
      vertex 50.3064 10.693 22.3625
      vertex 49.198 10.4573 27.1812
      vertex 47.8354 15.5427 27.1812
    endloop
  endfacet
  facet normal -0.959477 -0.257094 -0.115355
    outer loop
      vertex 50.8637 10.8114 17.4632
      vertex 50.3064 10.693 22.3625
      vertex 48.9131 15.8928 22.3625
    endloop
  endfacet
  facet normal -0.96153 0.152284 -0.228627
    outer loop
      vertex 51.1485 -5.37593 22.3625
      vertex 50.3064 -10.693 22.3625
      vertex 50.0215 -5.25747 27.1812
    endloop
  endfacet
  facet normal -0.961532 0.152278 -0.228621
    outer loop
      vertex 50.0215 -5.25747 27.1812
      vertex 50.3064 -10.693 22.3625
      vertex 49.198 -10.4573 27.1812
    endloop
  endfacet
  facet normal -0.688379 0.688379 -0.228626
    outer loop
      vertex 38.2201 -34.4136 22.3625
      vertex 33.6553 -37.378 27.1812
      vertex 37.378 -33.6553 27.1812
    endloop
  endfacet
  facet normal -0.688379 0.688379 -0.228626
    outer loop
      vertex 33.6553 -37.378 27.1812
      vertex 38.2201 -34.4136 22.3625
      vertex 34.4136 -38.2201 22.3625
    endloop
  endfacet
  facet normal -0.427294 0.838606 -0.337876
    outer loop
      vertex 24.3064 -42.0999 31.8664
      vertex 25.1485 -43.5585 27.1812
      vertex 19.7726 -44.41 31.8664
    endloop
  endfacet
  facet normal -0.594568 0.386121 -0.705265
    outer loop
      vertex 31.8871 -18.41 48.2796
      vertex 35.0455 -20.2335 44.6186
      vertex 29.788 -21.6423 48.2796
    endloop
  endfacet
  facet normal -0.163508 0.610214 -0.77518
    outer loop
      vertex 11.378 -35.0179 48.2796
      vertex 7.65531 -36.0154 48.2796
      vertex 6.81318 -32.0535 51.576
    endloop
  endfacet
  facet normal -0.592314 0.731436 -0.337882
    outer loop
      vertex 33.6553 -37.378 27.1812
      vertex 29.5639 -40.6912 27.1812
      vertex 28.5739 -39.3286 31.8664
    endloop
  endfacet
  facet normal -0.348879 0.908856 -0.228613
    outer loop
      vertex 20.4577 -45.9487 27.1812
      vertex 15.8928 -48.9131 22.3625
      vertex 15.5427 -47.8354 27.1812
    endloop
  endfacet
  facet normal -0.702387 0.702387 -0.115351
    outer loop
      vertex 34.7948 -38.6435 17.4632
      vertex 38.2201 -34.4136 22.3625
      vertex 38.6435 -34.7948 17.4632
    endloop
  endfacet
  facet normal -0.702387 0.702387 -0.115351
    outer loop
      vertex 38.2201 -34.4136 22.3625
      vertex 34.7948 -38.6435 17.4632
      vertex 34.4136 -38.2201 22.3625
    endloop
  endfacet
  facet normal -0.512603 0.789353 -0.337875
    outer loop
      vertex 28.5739 -39.3286 31.8664
      vertex 25.1485 -43.5585 27.1812
      vertex 24.3064 -42.0999 31.8664
    endloop
  endfacet
  facet normal -0.816466 0.530199 -0.228631
    outer loop
      vertex 44.5399 -25.7151 22.3625
      vertex 41.608 -30.23 22.3625
      vertex 40.6912 -29.5639 27.1812
    endloop
  endfacet
  facet normal -0.530199 0.816466 -0.228631
    outer loop
      vertex 29.5639 -40.6912 27.1812
      vertex 30.23 -41.608 22.3625
      vertex 25.7151 -44.5399 22.3625
    endloop
  endfacet
  facet normal -0.867405 0.441976 -0.228619
    outer loop
      vertex 45.9487 -20.4577 27.1812
      vertex 46.9839 -20.9186 22.3625
      vertex 44.5399 -25.7151 22.3625
    endloop
  endfacet
  facet normal -0.771957 0.625121 -0.115352
    outer loop
      vertex 42.0689 -30.5648 17.4632
      vertex 38.6435 -34.7948 17.4632
      vertex 38.2201 -34.4136 22.3625
    endloop
  endfacet
  facet normal -0.441983 0.867398 -0.228629
    outer loop
      vertex 25.1485 -43.5585 27.1812
      vertex 25.7151 -44.5399 22.3625
      vertex 20.4577 -45.9487 27.1812
    endloop
  endfacet
  facet normal 0.0441173 0.841923 -0.537791
    outer loop
      vertex -4.56483 -43.4315 40.6332
      vertex 0 -43.6707 40.6332
      vertex -4.84969 -46.1418 36.3668
    endloop
  endfacet
  facet normal -0.0370891 0.707966 -0.705272
    outer loop
      vertex 3.84874 -36.6183 48.2796
      vertex 4.22996 -40.2454 44.6186
      vertex 0 -40.467 44.6186
    endloop
  endfacet
  facet normal -0.196913 0.512938 -0.835536
    outer loop
      vertex 11.5351 -25.9082 54.4716
      vertex 10.1264 -31.1657 51.576
      vertex 8.76375 -26.9721 54.4716
    endloop
  endfacet
  facet normal -0.00989717 0.188668 -0.981991
    outer loop
      vertex 0 -8.14575 61.4851
      vertex 1.40874 -13.4032 60.4608
      vertex 0 -13.4771 60.4608
    endloop
  endfacet
  facet normal -0.397564 0.490948 -0.775186
    outer loop
      vertex 21.9271 -24.3525 51.576
      vertex 24.6374 -27.3626 48.2796
      vertex 21.6423 -29.788 48.2796
    endloop
  endfacet
  facet normal -0.0287624 0.548677 -0.83554
    outer loop
      vertex 0 -28.3601 54.4716
      vertex 2.96444 -28.2047 54.4716
      vertex 0 -32.7696 51.576
    endloop
  endfacet
  facet normal -0.249429 0.489547 -0.835541
    outer loop
      vertex 14.18 -24.5606 54.4716
      vertex 13.3286 -29.9365 51.576
      vertex 11.5351 -25.9082 54.4716
    endloop
  endfacet
  facet normal -0.36916 0.0584775 -0.927524
    outer loop
      vertex 18.5585 -1.95057 58.9385
      vertex 23.5104 -2.47104 56.9348
      vertex 18.2529 -3.87978 58.9385
    endloop
  endfacet
  facet normal -0.186603 0.0295547 -0.981991
    outer loop
      vertex 8.10113 -0.851463 61.4851
      vertex 13.4032 -1.40874 60.4608
      vertex 7.96775 -1.6936 61.4851
    endloop
  endfacet
  facet normal -0.133947 0.348935 -0.927525
    outer loop
      vertex 7.58999 -17.0474 58.9385
      vertex 7.30513 -22.4829 56.9348
      vertex 5.76647 -17.7474 58.9385
    endloop
  endfacet
  facet normal -0.361028 0.09673 -0.927525
    outer loop
      vertex 18.2529 -3.87978 58.9385
      vertex 22.4829 -7.30513 56.9348
      vertex 17.7474 -5.76647 58.9385
    endloop
  endfacet
  facet normal -0.661852 -0.254069 -0.705266
    outer loop
      vertex 36.9685 16.4594 44.6186
      vertex 38.4865 12.505 44.6186
      vertex 33.6368 14.976 48.2796
    endloop
  endfacet
  facet normal -0.770217 -0.121994 -0.626006
    outer loop
      vertex 42.7164 9.07965 40.6332
      vertex 43.4315 4.56483 40.6332
      vertex 39.5827 8.41357 44.6186
    endloop
  endfacet
  facet normal -0.251385 0.128081 -0.959375
    outer loop
      vertex 12.3119 -5.48161 60.4608
      vertex 16.1606 -9.33035 58.9385
      vertex 11.6715 -6.73853 60.4608
    endloop
  endfacet
  facet normal -0.548672 -0.0287523 -0.835543
    outer loop
      vertex 32.5901 3.42535 51.576
      vertex 32.7696 0 51.576
      vertex 28.2047 2.96444 54.4716
    endloop
  endfacet
  facet normal -0.707972 -0.0371025 -0.705265
    outer loop
      vertex 40.467 0 44.6186
      vertex 36.82 0 48.2796
      vertex 36.6183 3.84874 48.2796
    endloop
  endfacet
  facet normal -0.447354 0.119867 -0.886288
    outer loop
      vertex 27.7404 -5.89639 54.4716
      vertex 26.9721 -8.76375 54.4716
      vertex 22.4829 -7.30513 56.9348
    endloop
  endfacet
  facet normal -0.462505 0.0242451 -0.886285
    outer loop
      vertex 28.3601 0 54.4716
      vertex 28.2047 -2.96444 54.4716
      vertex 23.5104 -2.47104 56.9348
    endloop
  endfacet
  facet normal -0.460787 0.299247 -0.83554
    outer loop
      vertex 28.3793 -16.3848 51.576
      vertex 26.5111 -19.2615 51.576
      vertex 24.5606 -14.18 54.4716
    endloop
  endfacet
  facet normal -0.58978 0.226394 -0.775181
    outer loop
      vertex 31.1657 -10.1264 51.576
      vertex 35.0179 -11.378 48.2796
      vertex 29.9365 -13.3286 51.576
    endloop
  endfacet
  facet normal -0.0945635 -0.0049555 -0.995506
    outer loop
      vertex 8.10113 0.851463 61.4851
      vertex 8.14575 0 61.4851
      vertex 2.7252 0 62
    endloop
  endfacet
  facet normal -0.0914666 0.0245089 -0.995506
    outer loop
      vertex 2.66565 -0.566602 62
      vertex 7.96775 -1.6936 61.4851
      vertex 2.59182 -0.842134 62
    endloop
  endfacet
  facet normal 0.707071 -0.459176 -0.537781
    outer loop
      vertex -37.5351 27.2708 36.3668
      vertex -35.3304 25.669 40.6332
      vertex -40.18 23.198 36.3668
    endloop
  endfacet
  facet normal 0.0794161 -0.0515743 -0.995506
    outer loop
      vertex -6.59005 4.78795 61.4851
      vertex -2.3601 1.3626 62
      vertex -7.05443 4.07288 61.4851
    endloop
  endfacet
  facet normal 0.182492 -0.0488991 -0.981991
    outer loop
      vertex -7.74707 2.51718 61.4851
      vertex -7.96775 1.6936 61.4851
      vertex -12.8174 4.16464 60.4608
    endloop
  endfacet
  facet normal -0.688379 -0.688379 -0.228626
    outer loop
      vertex 38.2201 34.4136 22.3625
      vertex 33.6553 37.378 27.1812
      vertex 34.4136 38.2201 22.3625
    endloop
  endfacet
  facet normal -0.688379 -0.688379 -0.228626
    outer loop
      vertex 33.6553 37.378 27.1812
      vertex 38.2201 34.4136 22.3625
      vertex 37.378 33.6553 27.1812
    endloop
  endfacet
  facet normal -0.77875 0.040807 -0.626005
    outer loop
      vertex 43.6707 0 40.6332
      vertex 43.4315 -4.56483 40.6332
      vertex 40.467 0 44.6186
    endloop
  endfacet
  facet normal -0.630876 0.03306 -0.775179
    outer loop
      vertex 32.7696 0 51.576
      vertex 36.82 0 48.2796
      vertex 32.5901 -3.42535 51.576
    endloop
  endfacet
  facet normal -0.841926 0.0441128 -0.537787
    outer loop
      vertex 46.3959 0 36.3668
      vertex 46.1418 -4.84969 36.3668
      vertex 43.6707 0 40.6332
    endloop
  endfacet
  facet normal -0.832696 -0.131886 -0.537794
    outer loop
      vertex 45.3821 9.64625 36.3668
      vertex 46.1418 4.84969 36.3668
      vertex 42.7164 9.07965 40.6332
    endloop
  endfacet
  facet normal -0.753246 -0.201833 -0.626006
    outer loop
      vertex 41.5333 13.495 40.6332
      vertex 42.7164 9.07965 40.6332
      vertex 39.5827 8.41357 44.6186
    endloop
  endfacet
  facet normal -0.654006 -0.424721 -0.62601
    outer loop
      vertex 35.3304 25.669 40.6332
      vertex 37.82 21.8354 40.6332
      vertex 35.0455 20.2335 44.6186
    endloop
  endfacet
  facet normal -0.838593 -0.427306 -0.337892
    outer loop
      vertex 45.9487 20.4577 27.1812
      vertex 44.41 19.7726 31.8664
      vertex 43.5585 25.1485 27.1812
    endloop
  endfacet
  facet normal -0.838606 -0.427294 -0.337876
    outer loop
      vertex 43.5585 25.1485 27.1812
      vertex 44.41 19.7726 31.8664
      vertex 42.0999 24.3064 31.8664
    endloop
  endfacet
  facet normal -0.09883 -0.623964 -0.775178
    outer loop
      vertex 3.84874 36.6183 48.2796
      vertex 6.81318 32.0535 51.576
      vertex 3.42535 32.5901 51.576
    endloop
  endfacet
  facet normal -0.348873 -0.908857 -0.228619
    outer loop
      vertex 20.9186 46.9839 22.3625
      vertex 20.4577 45.9487 27.1812
      vertex 15.8928 48.9131 22.3625
    endloop
  endfacet
  facet normal -0.459183 -0.70707 -0.537776
    outer loop
      vertex 23.198 40.18 36.3668
      vertex 25.669 35.3304 40.6332
      vertex 21.8354 37.82 40.6332
    endloop
  endfacet
  facet normal -0.0492571 -0.939902 -0.337874
    outer loop
      vertex 5.25747 50.0215 27.1812
      vertex 5.08142 48.3465 31.8664
      vertex 0 48.6128 31.8664
    endloop
  endfacet
  facet normal 0.147234 -0.929604 -0.337874
    outer loop
      vertex -5.25747 50.0215 27.1812
      vertex -5.08142 48.3465 31.8664
      vertex -10.1072 47.5505 31.8664
    endloop
  endfacet
  facet normal -0.168338 -0.0857682 -0.981991
    outer loop
      vertex 11.6715 6.73853 60.4608
      vertex 12.3119 5.48161 60.4608
      vertex 7.44152 3.31318 61.4851
    endloop
  endfacet
  facet normal -0.0147618 -0.281741 -0.959377
    outer loop
      vertex 1.95057 18.5585 58.9385
      vertex 1.40874 13.4032 60.4608
      vertex 0 18.6607 58.9385
    endloop
  endfacet
  facet normal -0.542671 -0.0859368 -0.835537
    outer loop
      vertex 32.0535 6.81318 51.576
      vertex 28.2047 2.96444 54.4716
      vertex 27.7404 5.89639 54.4716
    endloop
  endfacet
  facet normal 0.530711 -0.142208 -0.835538
    outer loop
      vertex -31.1657 10.1264 51.576
      vertex -27.7404 5.89639 54.4716
      vertex -32.0535 6.81318 51.576
    endloop
  endfacet
  facet normal 0.291455 -0.359931 -0.886286
    outer loop
      vertex -16.6696 22.9438 54.4716
      vertex -15.8182 17.5679 56.9348
      vertex -18.9766 21.0757 54.4716
    endloop
  endfacet
  facet normal 0.770221 -0.122006 -0.625999
    outer loop
      vertex -39.5827 8.41357 44.6186
      vertex -40.2454 4.22996 44.6186
      vertex -43.4315 4.56483 40.6332
    endloop
  endfacet
  facet normal 0.412661 -0.210254 -0.886287
    outer loop
      vertex -24.5606 14.18 54.4716
      vertex -21.5961 9.61521 56.9348
      vertex -25.9082 11.5351 54.4716
    endloop
  endfacet
  facet normal -0.348879 -0.908856 -0.228613
    outer loop
      vertex 15.8928 48.9131 22.3625
      vertex 20.4577 45.9487 27.1812
      vertex 15.5427 47.8354 27.1812
    endloop
  endfacet
  facet normal 0.183471 -0.684782 -0.705274
    outer loop
      vertex -8.41357 39.5827 44.6186
      vertex -11.378 35.0179 48.2796
      vertex -12.505 38.4865 44.6186
    endloop
  endfacet
  facet normal 0.896077 0.0469603 -0.441408
    outer loop
      vertex -46.3959 0 36.3668
      vertex -48.3465 -5.08142 31.8664
      vertex -48.6128 0 31.8664
    endloop
  endfacet
  facet normal 0.97218 0.0509623 -0.228625
    outer loop
      vertex -50.2971 0 27.1812
      vertex -50.0215 -5.25747 27.1812
      vertex -51.4303 0 22.3625
    endloop
  endfacet
  facet normal 0.878671 -0.337291 -0.337894
    outer loop
      vertex -45.9487 20.4577 27.1812
      vertex -46.2335 15.0222 31.8664
      vertex -47.8354 15.5427 27.1812
    endloop
  endfacet
  facet normal 0.908856 -0.348879 -0.228613
    outer loop
      vertex -45.9487 20.4577 27.1812
      vertex -47.8354 15.5427 27.1812
      vertex -48.9131 15.8928 22.3625
    endloop
  endfacet
  facet normal 0.981096 -0.155383 -0.115352
    outer loop
      vertex -50.3064 10.693 22.3625
      vertex -51.1485 5.37593 22.3625
      vertex -51.7151 5.43548 17.4632
    endloop
  endfacet
  facet normal 0.991963 -0.0519975 -0.115352
    outer loop
      vertex -51.1485 5.37593 22.3625
      vertex -51.4303 0 22.3625
      vertex -51.7151 5.43548 17.4632
    endloop
  endfacet
  facet normal 0.841923 -0.0441173 -0.537791
    outer loop
      vertex -43.4315 4.56483 40.6332
      vertex -43.6707 0 40.6332
      vertex -46.1418 4.84969 36.3668
    endloop
  endfacet
  facet normal 0.841926 -0.0441128 -0.537787
    outer loop
      vertex -46.1418 4.84969 36.3668
      vertex -43.6707 0 40.6332
      vertex -46.3959 0 36.3668
    endloop
  endfacet
  facet normal 0.814345 -0.218219 -0.537794
    outer loop
      vertex -44.1251 14.3371 36.3668
      vertex -42.7164 9.07965 40.6332
      vertex -45.3821 9.64625 36.3668
    endloop
  endfacet
  facet normal 0.896077 -0.0469603 -0.441408
    outer loop
      vertex -48.3465 5.08142 31.8664
      vertex -46.3959 0 36.3668
      vertex -48.6128 0 31.8664
    endloop
  endfacet
  facet normal 0.77875 0.040807 -0.626005
    outer loop
      vertex -40.467 0 44.6186
      vertex -43.4315 -4.56483 40.6332
      vertex -43.6707 0 40.6332
    endloop
  endfacet
  facet normal 0.841923 0.0441173 -0.537791
    outer loop
      vertex -43.6707 0 40.6332
      vertex -43.4315 -4.56483 40.6332
      vertex -46.1418 -4.84969 36.3668
    endloop
  endfacet
  facet normal 0.816465 0.530201 -0.228628
    outer loop
      vertex -43.5585 -25.1485 27.1812
      vertex -40.6912 -29.5639 27.1812
      vertex -44.5399 -25.7151 22.3625
    endloop
  endfacet
  facet normal 0.940345 0.251968 -0.228614
    outer loop
      vertex -47.8354 -15.5427 27.1812
      vertex -48.9131 -15.8928 22.3625
      vertex -50.3064 -10.693 22.3625
    endloop
  endfacet
  facet normal 0.592314 0.731436 -0.337882
    outer loop
      vertex -28.5739 -39.3286 31.8664
      vertex -29.5639 -40.6912 27.1812
      vertex -33.6553 -37.378 27.1812
    endloop
  endfacet
  facet normal 0.885054 0.450969 -0.115357
    outer loop
      vertex -44.5399 -25.7151 22.3625
      vertex -45.0333 -26 17.4632
      vertex -46.9839 -20.9186 22.3625
    endloop
  endfacet
  facet normal 0.424721 0.654006 -0.62601
    outer loop
      vertex -20.2335 -35.0455 44.6186
      vertex -21.8354 -37.82 40.6332
      vertex -25.669 -35.3304 40.6332
    endloop
  endfacet
  facet normal 0.688379 0.688379 -0.228626
    outer loop
      vertex -33.6553 -37.378 27.1812
      vertex -38.2201 -34.4136 22.3625
      vertex -37.378 -33.6553 27.1812
    endloop
  endfacet
  facet normal 0.688379 0.688379 -0.228626
    outer loop
      vertex -38.2201 -34.4136 22.3625
      vertex -33.6553 -37.378 27.1812
      vertex -34.4136 -38.2201 22.3625
    endloop
  endfacet
  facet normal 0.530199 0.816466 -0.228631
    outer loop
      vertex -29.5639 -40.6912 27.1812
      vertex -25.7151 -44.5399 22.3625
      vertex -30.23 -41.608 22.3625
    endloop
  endfacet
  facet normal 0.0595922 0.0735907 -0.995506
    outer loop
      vertex -1.82352 -2.02522 62
      vertex -1.60183 -2.20474 62
      vertex -5.45057 -6.05348 61.4851
    endloop
  endfacet
  facet normal -0.101107 0.263388 -0.959377
    outer loop
      vertex 7.58999 -17.0474 58.9385
      vertex 5.76647 -17.7474 58.9385
      vertex 4.16464 -12.8174 60.4608
    endloop
  endfacet
  facet normal 0.397564 0.490948 -0.775186
    outer loop
      vertex -21.9271 -24.3525 51.576
      vertex -21.6423 -29.788 48.2796
      vertex -24.6374 -27.3626 48.2796
    endloop
  endfacet
  facet normal -0.0441205 0.278663 -0.959375
    outer loop
      vertex 2.80204 -13.1826 60.4608
      vertex 3.87978 -18.2529 58.9385
      vertex 1.40874 -13.4032 60.4608
    endloop
  endfacet
  facet normal 0.186603 0.0295547 -0.981991
    outer loop
      vertex -8.10113 -0.851463 61.4851
      vertex -7.96775 -1.6936 61.4851
      vertex -13.4032 -1.40874 60.4608
    endloop
  endfacet
  facet normal 0.0724535 0.457438 -0.886285
    outer loop
      vertex -2.47104 -23.5104 56.9348
      vertex -2.96444 -28.2047 54.4716
      vertex -4.91501 -23.1233 56.9348
    endloop
  endfacet
  facet normal -0.313463 0.20356 -0.927526
    outer loop
      vertex 16.1606 -9.33035 58.9385
      vertex 19.1251 -13.8952 56.9348
      vertex 15.0968 -10.9685 58.9385
    endloop
  endfacet
  facet normal -0.251377 0.128089 -0.959376
    outer loop
      vertex 17.0474 -7.58999 58.9385
      vertex 16.1606 -9.33035 58.9385
      vertex 12.3119 -5.48161 60.4608
    endloop
  endfacet
  facet normal 0.0195565 0.373251 -0.927524
    outer loop
      vertex -1.95057 -18.5585 58.9385
      vertex 0 -18.6607 58.9385
      vertex -2.47104 -23.5104 56.9348
    endloop
  endfacet
  facet normal -0.210254 0.412661 -0.886287
    outer loop
      vertex 14.18 -24.5606 54.4716
      vertex 11.5351 -25.9082 54.4716
      vertex 9.61521 -21.5961 56.9348
    endloop
  endfacet
  facet normal 0.814345 0.218219 -0.537794
    outer loop
      vertex -42.7164 -9.07965 40.6332
      vertex -44.1251 -14.3371 36.3668
      vertex -45.3821 -9.64625 36.3668
    endloop
  endfacet
  facet normal 0.814355 0.218208 -0.537783
    outer loop
      vertex -42.7164 -9.07965 40.6332
      vertex -41.5333 -13.495 40.6332
      vertex -44.1251 -14.3371 36.3668
    endloop
  endfacet
  facet normal 0.58978 0.226388 -0.775183
    outer loop
      vertex -29.9365 -13.3286 51.576
      vertex -33.6368 -14.976 48.2796
      vertex -35.0179 -11.378 48.2796
    endloop
  endfacet
  facet normal 0.344076 0.529816 -0.775182
    outer loop
      vertex -16.3848 -28.3793 51.576
      vertex -18.41 -31.8871 48.2796
      vertex -19.2615 -26.5111 51.576
    endloop
  endfacet
  facet normal 0.407375 0.799506 -0.441403
    outer loop
      vertex -18.8709 -42.3848 36.3668
      vertex -19.7726 -44.41 31.8664
      vertex -23.198 -40.18 36.3668
    endloop
  endfacet
  facet normal 0.382756 0.751189 -0.537785
    outer loop
      vertex -17.7625 -39.8952 40.6332
      vertex -18.8709 -42.3848 36.3668
      vertex -23.198 -40.18 36.3668
    endloop
  endfacet
  facet normal -0.562883 0.286801 -0.775183
    outer loop
      vertex 33.6368 -14.976 48.2796
      vertex 31.8871 -18.41 48.2796
      vertex 29.9365 -13.3286 51.576
    endloop
  endfacet
  facet normal -0.610212 0.16351 -0.775181
    outer loop
      vertex 32.0535 -6.81318 51.576
      vertex 35.0179 -11.378 48.2796
      vertex 31.1657 -10.1264 51.576
    endloop
  endfacet
  facet normal -0.252252 0.388419 -0.886284
    outer loop
      vertex 13.8952 -19.1251 56.9348
      vertex 14.18 -24.5606 54.4716
      vertex 11.82 -20.4728 56.9348
    endloop
  endfacet
  facet normal -0.386124 0.594568 -0.705264
    outer loop
      vertex 21.6423 -29.788 48.2796
      vertex 23.7859 -32.7385 44.6186
      vertex 20.2335 -35.0455 44.6186
    endloop
  endfacet
  facet normal -0.594568 0.386124 -0.705264
    outer loop
      vertex 35.0455 -20.2335 44.6186
      vertex 32.7385 -23.7859 44.6186
      vertex 29.788 -21.6423 48.2796
    endloop
  endfacet
  facet normal -0.446153 0.550949 -0.705268
    outer loop
      vertex 24.6374 -27.3626 48.2796
      vertex 27.0777 -30.0729 44.6186
      vertex 21.6423 -29.788 48.2796
    endloop
  endfacet
  facet normal 0.121994 0.770217 -0.626006
    outer loop
      vertex -8.41357 -39.5827 44.6186
      vertex -4.56483 -43.4315 40.6332
      vertex -9.07965 -42.7164 40.6332
    endloop
  endfacet
  facet normal 0.251959 0.940345 -0.228623
    outer loop
      vertex -10.4573 -49.198 27.1812
      vertex -10.693 -50.3064 22.3625
      vertex -15.5427 -47.8354 27.1812
    endloop
  endfacet
  facet normal -0.155379 0.981097 -0.115356
    outer loop
      vertex 10.693 -50.3064 22.3625
      vertex 10.8114 -50.8637 17.4632
      vertex 5.43548 -51.7151 17.4632
    endloop
  endfacet
  facet normal 0.155383 0.981096 -0.115352
    outer loop
      vertex -5.37593 -51.1485 22.3625
      vertex -5.43548 -51.7151 17.4632
      vertex -10.693 -50.3064 22.3625
    endloop
  endfacet
  facet normal -0.991963 -0.0519975 -0.115352
    outer loop
      vertex 51.7151 5.43548 17.4632
      vertex 51.4303 0 22.3625
      vertex 51.1485 5.37593 22.3625
    endloop
  endfacet
  facet normal -0.908856 -0.348879 -0.228613
    outer loop
      vertex 48.9131 15.8928 22.3625
      vertex 47.8354 15.5427 27.1812
      vertex 45.9487 20.4577 27.1812
    endloop
  endfacet
  facet normal -0.885054 -0.450969 -0.115357
    outer loop
      vertex 45.0333 26 17.4632
      vertex 46.9839 20.9186 22.3625
      vertex 44.5399 25.7151 22.3625
    endloop
  endfacet
  facet normal -0.959476 -0.257101 -0.115347
    outer loop
      vertex 49.4549 16.0689 17.4632
      vertex 50.8637 10.8114 17.4632
      vertex 48.9131 15.8928 22.3625
    endloop
  endfacet
  facet normal -0.878671 -0.337291 -0.337894
    outer loop
      vertex 47.8354 15.5427 27.1812
      vertex 46.2335 15.0222 31.8664
      vertex 45.9487 20.4577 27.1812
    endloop
  endfacet
  facet normal 0.92735 -0.355972 -0.115348
    outer loop
      vertex -46.9839 20.9186 22.3625
      vertex -48.9131 15.8928 22.3625
      vertex -49.4549 16.0689 17.4632
    endloop
  endfacet
  facet normal 0.631672 -0.321853 -0.705266
    outer loop
      vertex -35.0455 20.2335 44.6186
      vertex -33.6368 14.976 48.2796
      vertex -36.9685 16.4594 44.6186
    endloop
  endfacet
  facet normal 0.592314 -0.731436 -0.337882
    outer loop
      vertex -29.5639 40.6912 27.1812
      vertex -28.5739 39.3286 31.8664
      vertex -33.6553 37.378 27.1812
    endloop
  endfacet
  facet normal 0.243592 -0.909115 -0.337894
    outer loop
      vertex -10.4573 49.198 27.1812
      vertex -15.0222 46.2335 31.8664
      vertex -15.5427 47.8354 27.1812
    endloop
  endfacet
  facet normal 0.251959 -0.940345 -0.228623
    outer loop
      vertex -10.693 50.3064 22.3625
      vertex -10.4573 49.198 27.1812
      vertex -15.5427 47.8354 27.1812
    endloop
  endfacet
  facet normal -0.0469503 -0.896082 -0.441399
    outer loop
      vertex 5.08142 48.3465 31.8664
      vertex 4.84969 46.1418 36.3668
      vertex 0 46.3959 36.3668
    endloop
  endfacet
  facet normal -0.279459 -0.728034 -0.625994
    outer loop
      vertex 13.495 41.5333 40.6332
      vertex 17.7625 39.8952 40.6332
      vertex 12.505 38.4865 44.6186
    endloop
  endfacet
  facet normal -0.0441128 -0.841926 -0.537787
    outer loop
      vertex 0 46.3959 36.3668
      vertex 4.84969 46.1418 36.3668
      vertex 0 43.6707 40.6332
    endloop
  endfacet
  facet normal 0.152284 -0.96153 -0.228627
    outer loop
      vertex -5.37593 51.1485 22.3625
      vertex -5.25747 50.0215 27.1812
      vertex -10.693 50.3064 22.3625
    endloop
  endfacet
  facet normal 0.147222 -0.929602 -0.337885
    outer loop
      vertex -5.25747 50.0215 27.1812
      vertex -10.1072 47.5505 31.8664
      vertex -10.4573 49.198 27.1812
    endloop
  endfacet
  facet normal 0.302128 -0.787088 -0.537783
    outer loop
      vertex -14.3371 44.1251 36.3668
      vertex -13.495 41.5333 40.6332
      vertex -17.7625 39.8952 40.6332
    endloop
  endfacet
  facet normal 0.348935 0.13395 -0.927524
    outer loop
      vertex -17.0474 -7.58999 58.9385
      vertex -21.5961 -9.61521 56.9348
      vertex -22.4829 -7.30513 56.9348
    endloop
  endfacet
  facet normal -0.203567 -0.313454 -0.927527
    outer loop
      vertex 11.82 20.4728 56.9348
      vertex 13.8952 19.1251 56.9348
      vertex 9.33035 16.1606 58.9385
    endloop
  endfacet
  facet normal -0.16351 -0.610212 -0.775181
    outer loop
      vertex 11.378 35.0179 48.2796
      vertex 10.1264 31.1657 51.576
      vertex 6.81318 32.0535 51.576
    endloop
  endfacet
  facet normal 0.218208 -0.814355 -0.537783
    outer loop
      vertex -9.07965 42.7164 40.6332
      vertex -13.495 41.5333 40.6332
      vertex -14.3371 44.1251 36.3668
    endloop
  endfacet
  facet normal 0.564692 -0.697338 -0.441411
    outer loop
      vertex -28.5739 39.3286 31.8664
      vertex -27.2708 37.5351 36.3668
      vertex -31.0449 34.4789 36.3668
    endloop
  endfacet
  facet normal 0.302124 -0.787088 -0.537786
    outer loop
      vertex -14.3371 44.1251 36.3668
      vertex -17.7625 39.8952 40.6332
      vertex -18.8709 42.3848 36.3668
    endloop
  endfacet
  facet normal -0.866726 -0.232255 -0.44141
    outer loop
      vertex 46.2335 15.0222 31.8664
      vertex 45.3821 9.64625 36.3668
      vertex 44.1251 14.3371 36.3668
    endloop
  endfacet
  facet normal -0.814345 -0.218219 -0.537794
    outer loop
      vertex 44.1251 14.3371 36.3668
      vertex 45.3821 9.64625 36.3668
      vertex 42.7164 9.07965 40.6332
    endloop
  endfacet
  facet normal -0.799506 0.407375 -0.441403
    outer loop
      vertex 42.3848 -18.8709 36.3668
      vertex 44.41 -19.7726 31.8664
      vertex 40.18 -23.198 36.3668
    endloop
  endfacet
  facet normal -0.694824 0.354031 -0.626005
    outer loop
      vertex 36.9685 -16.4594 44.6186
      vertex 39.8952 -17.7625 40.6332
      vertex 35.0455 -20.2335 44.6186
    endloop
  endfacet
  facet normal -0.832698 -0.131891 -0.537791
    outer loop
      vertex 46.1418 4.84969 36.3668
      vertex 43.4315 4.56483 40.6332
      vertex 42.7164 9.07965 40.6332
    endloop
  endfacet
  facet normal -0.832698 0.131891 -0.537791
    outer loop
      vertex 43.4315 -4.56483 40.6332
      vertex 46.1418 -4.84969 36.3668
      vertex 42.7164 -9.07965 40.6332
    endloop
  endfacet
  facet normal -0.981096 0.155383 -0.115352
    outer loop
      vertex 51.1485 -5.37593 22.3625
      vertex 51.7151 -5.43548 17.4632
      vertex 50.3064 -10.693 22.3625
    endloop
  endfacet
  facet normal -0.972179 0.0509605 -0.228627
    outer loop
      vertex 51.4303 0 22.3625
      vertex 51.1485 -5.37593 22.3625
      vertex 50.0215 -5.25747 27.1812
    endloop
  endfacet
  facet normal -0.929604 -0.147234 -0.337874
    outer loop
      vertex 50.0215 5.25747 27.1812
      vertex 48.3465 5.08142 31.8664
      vertex 47.5505 10.1072 31.8664
    endloop
  endfacet
  facet normal -0.97218 -0.0509623 -0.228625
    outer loop
      vertex 51.4303 0 22.3625
      vertex 50.2971 0 27.1812
      vertex 50.0215 5.25747 27.1812
    endloop
  endfacet
  facet normal -0.991964 -0.0519936 -0.115347
    outer loop
      vertex 51.7151 5.43548 17.4632
      vertex 52 0 17.4632
      vertex 51.4303 0 22.3625
    endloop
  endfacet
  facet normal -0.939896 -0.04927 -0.337887
    outer loop
      vertex 50.0215 5.25747 27.1812
      vertex 50.2971 0 27.1812
      vertex 48.6128 0 31.8664
    endloop
  endfacet
  facet normal -0.97218 0.0509623 -0.228625
    outer loop
      vertex 50.2971 0 27.1812
      vertex 51.4303 0 22.3625
      vertex 50.0215 -5.25747 27.1812
    endloop
  endfacet
  facet normal -0.867398 0.441983 -0.228629
    outer loop
      vertex 45.9487 -20.4577 27.1812
      vertex 44.5399 -25.7151 22.3625
      vertex 43.5585 -25.1485 27.1812
    endloop
  endfacet
  facet normal -0.908857 0.348873 -0.228619
    outer loop
      vertex 48.9131 -15.8928 22.3625
      vertex 46.9839 -20.9186 22.3625
      vertex 45.9487 -20.4577 27.1812
    endloop
  endfacet
  facet normal -0.655199 0.530569 -0.537784
    outer loop
      vertex 37.5351 -27.2708 36.3668
      vertex 34.4789 -31.0449 36.3668
      vertex 32.4537 -29.2214 40.6332
    endloop
  endfacet
  facet normal -0.459176 0.707071 -0.537781
    outer loop
      vertex 25.669 -35.3304 40.6332
      vertex 27.2708 -37.5351 36.3668
      vertex 23.198 -40.18 36.3668
    endloop
  endfacet
  facet normal -0.530569 0.655199 -0.537784
    outer loop
      vertex 29.2214 -32.4537 40.6332
      vertex 31.0449 -34.4789 36.3668
      vertex 27.2708 -37.5351 36.3668
    endloop
  endfacet
  facet normal -0.354023 0.694824 -0.626009
    outer loop
      vertex 20.2335 -35.0455 44.6186
      vertex 21.8354 -37.82 40.6332
      vertex 17.7625 -39.8952 40.6332
    endloop
  endfacet
  facet normal -0.424721 0.654006 -0.62601
    outer loop
      vertex 25.669 -35.3304 40.6332
      vertex 21.8354 -37.82 40.6332
      vertex 20.2335 -35.0455 44.6186
    endloop
  endfacet
  facet normal -0.382756 0.751189 -0.537785
    outer loop
      vertex 23.198 -40.18 36.3668
      vertex 18.8709 -42.3848 36.3668
      vertex 17.7625 -39.8952 40.6332
    endloop
  endfacet
  facet normal -0.321557 0.837714 -0.441402
    outer loop
      vertex 18.8709 -42.3848 36.3668
      vertex 19.7726 -44.41 31.8664
      vertex 14.3371 -44.1251 36.3668
    endloop
  endfacet
  facet normal -0.564691 0.697338 -0.441411
    outer loop
      vertex 31.0449 -34.4789 36.3668
      vertex 32.5283 -36.1264 31.8664
      vertex 28.5739 -39.3286 31.8664
    endloop
  endfacet
  facet normal -0.59231 0.731444 -0.337874
    outer loop
      vertex 32.5283 -36.1264 31.8664
      vertex 33.6553 -37.378 27.1812
      vertex 28.5739 -39.3286 31.8664
    endloop
  endfacet
  facet normal -0.75255 0.488703 -0.441405
    outer loop
      vertex 40.18 -23.198 36.3668
      vertex 42.0999 -24.3064 31.8664
      vertex 39.3286 -28.5739 31.8664
    endloop
  endfacet
  facet normal -0.789355 0.512596 -0.337882
    outer loop
      vertex 43.5585 -25.1485 27.1812
      vertex 40.6912 -29.5639 27.1812
      vertex 39.3286 -28.5739 31.8664
    endloop
  endfacet
  facet normal -0.62513 0.771951 -0.11534
    outer loop
      vertex 34.4136 -38.2201 22.3625
      vertex 30.5648 -42.0689 17.4632
      vertex 30.23 -41.608 22.3625
    endloop
  endfacet
  facet normal -0.833081 0.540989 -0.115357
    outer loop
      vertex 44.5399 -25.7151 22.3625
      vertex 45.0333 -26 17.4632
      vertex 41.608 -30.23 22.3625
    endloop
  endfacet
  facet normal -0.833075 0.541002 -0.115341
    outer loop
      vertex 45.0333 -26 17.4632
      vertex 42.0689 -30.5648 17.4632
      vertex 41.608 -30.23 22.3625
    endloop
  endfacet
  facet normal -0.450969 0.885054 -0.115357
    outer loop
      vertex 25.7151 -44.5399 22.3625
      vertex 26 -45.0333 17.4632
      vertex 20.9186 -46.9839 22.3625
    endloop
  endfacet
  facet normal -0.540989 0.833081 -0.115357
    outer loop
      vertex 30.23 -41.608 22.3625
      vertex 26 -45.0333 17.4632
      vertex 25.7151 -44.5399 22.3625
    endloop
  endfacet
  facet normal -0.337291 0.878671 -0.337894
    outer loop
      vertex 20.4577 -45.9487 27.1812
      vertex 15.5427 -47.8354 27.1812
      vertex 15.0222 -46.2335 31.8664
    endloop
  endfacet
  facet normal -0.355972 0.92735 -0.115348
    outer loop
      vertex 20.9186 -46.9839 22.3625
      vertex 16.0689 -49.4549 17.4632
      vertex 15.8928 -48.9131 22.3625
    endloop
  endfacet
  facet normal -0.257101 0.959476 -0.115347
    outer loop
      vertex 15.8928 -48.9131 22.3625
      vertex 16.0689 -49.4549 17.4632
      vertex 10.8114 -50.8637 17.4632
    endloop
  endfacet
  facet normal -0.155383 0.981096 -0.115352
    outer loop
      vertex 10.693 -50.3064 22.3625
      vertex 5.43548 -51.7151 17.4632
      vertex 5.37593 -51.1485 22.3625
    endloop
  endfacet
  facet normal -0.257094 0.959477 -0.115355
    outer loop
      vertex 15.8928 -48.9131 22.3625
      vertex 10.8114 -50.8637 17.4632
      vertex 10.693 -50.3064 22.3625
    endloop
  endfacet
  facet normal -0.243592 0.909115 -0.337894
    outer loop
      vertex 15.0222 -46.2335 31.8664
      vertex 15.5427 -47.8354 27.1812
      vertex 10.4573 -49.198 27.1812
    endloop
  endfacet
  facet normal 0.163508 0.610214 -0.77518
    outer loop
      vertex -6.81318 -32.0535 51.576
      vertex -7.65531 -36.0154 48.2796
      vertex -11.378 -35.0179 48.2796
    endloop
  endfacet
  facet normal 0.0469503 0.896082 -0.441399
    outer loop
      vertex -4.84969 -46.1418 36.3668
      vertex 0 -46.3959 36.3668
      vertex -5.08142 -48.3465 31.8664
    endloop
  endfacet
  facet normal 0.140369 0.886263 -0.4414
    outer loop
      vertex -9.64625 -45.3821 36.3668
      vertex -5.08142 -48.3465 31.8664
      vertex -10.1072 -47.5505 31.8664
    endloop
  endfacet
  facet normal -0.0441173 0.841923 -0.537791
    outer loop
      vertex 4.56483 -43.4315 40.6332
      vertex 4.84969 -46.1418 36.3668
      vertex 0 -43.6707 40.6332
    endloop
  endfacet
  facet normal -0.232246 0.866734 -0.441401
    outer loop
      vertex 15.0222 -46.2335 31.8664
      vertex 10.1072 -47.5505 31.8664
      vertex 9.64625 -45.3821 36.3668
    endloop
  endfacet
  facet normal -0.0724386 0.457433 -0.886288
    outer loop
      vertex 4.91501 -23.1233 56.9348
      vertex 5.89639 -27.7404 54.4716
      vertex 2.96444 -28.2047 54.4716
    endloop
  endfacet
  facet normal -0.354031 0.694824 -0.626005
    outer loop
      vertex 20.2335 -35.0455 44.6186
      vertex 17.7625 -39.8952 40.6332
      vertex 16.4594 -36.9685 44.6186
    endloop
  endfacet
  facet normal -0.457438 -0.0724535 -0.886285
    outer loop
      vertex 28.2047 2.96444 54.4716
      vertex 23.5104 2.47104 56.9348
      vertex 23.1233 4.91501 56.9348
    endloop
  endfacet
  facet normal -0.263388 -0.101107 -0.959377
    outer loop
      vertex 17.0474 7.58999 58.9385
      vertex 17.7474 5.76647 58.9385
      vertex 12.8174 4.16464 60.4608
    endloop
  endfacet
  facet normal -0.369159 0.058471 -0.927525
    outer loop
      vertex 23.5104 -2.47104 56.9348
      vertex 23.1233 -4.91501 56.9348
      vertex 18.2529 -3.87978 58.9385
    endloop
  endfacet
  facet normal -0.462502 0.0242384 -0.886287
    outer loop
      vertex 23.6399 0 56.9348
      vertex 28.3601 0 54.4716
      vertex 23.5104 -2.47104 56.9348
    endloop
  endfacet
  facet normal -0.263388 0.101107 -0.959377
    outer loop
      vertex 17.7474 -5.76647 58.9385
      vertex 17.0474 -7.58999 58.9385
      vertex 12.8174 -4.16464 60.4608
    endloop
  endfacet
  facet normal -0.457433 0.0724386 -0.886288
    outer loop
      vertex 28.2047 -2.96444 54.4716
      vertex 27.7404 -5.89639 54.4716
      vertex 23.1233 -4.91501 56.9348
    endloop
  endfacet
  facet normal -0.186603 0.0295446 -0.981991
    outer loop
      vertex 13.4032 -1.40874 60.4608
      vertex 13.1826 -2.80204 60.4608
      vertex 7.96775 -1.6936 61.4851
    endloop
  endfacet
  facet normal -0.837714 -0.321557 -0.441402
    outer loop
      vertex 44.41 19.7726 31.8664
      vertex 44.1251 14.3371 36.3668
      vertex 42.3848 18.8709 36.3668
    endloop
  endfacet
  facet normal -0.490947 -0.397569 -0.775184
    outer loop
      vertex 29.788 21.6423 48.2796
      vertex 26.5111 19.2615 51.576
      vertex 24.3525 21.9271 51.576
    endloop
  endfacet
  facet normal -0.490948 -0.397564 -0.775186
    outer loop
      vertex 27.3626 24.6374 48.2796
      vertex 29.788 21.6423 48.2796
      vertex 24.3525 21.9271 51.576
    endloop
  endfacet
  facet normal -0.623964 -0.09883 -0.775178
    outer loop
      vertex 36.6183 3.84874 48.2796
      vertex 32.5901 3.42535 51.576
      vertex 32.0535 6.81318 51.576
    endloop
  endfacet
  facet normal -0.54266 -0.0859522 -0.835543
    outer loop
      vertex 32.0535 6.81318 51.576
      vertex 32.5901 3.42535 51.576
      vertex 28.2047 2.96444 54.4716
    endloop
  endfacet
  facet normal -0.707972 0.0371025 -0.705265
    outer loop
      vertex 36.82 0 48.2796
      vertex 40.467 0 44.6186
      vertex 36.6183 -3.84874 48.2796
    endloop
  endfacet
  facet normal -0.770221 0.122006 -0.625999
    outer loop
      vertex 40.2454 -4.22996 44.6186
      vertex 43.4315 -4.56483 40.6332
      vertex 39.5827 -8.41357 44.6186
    endloop
  endfacet
  facet normal -0.529816 0.344076 -0.775182
    outer loop
      vertex 28.3793 -16.3848 51.576
      vertex 31.8871 -18.41 48.2796
      vertex 26.5111 -19.2615 51.576
    endloop
  endfacet
  facet normal -0.41267 0.210248 -0.886284
    outer loop
      vertex 21.5961 -9.61521 56.9348
      vertex 24.5606 -14.18 54.4716
      vertex 20.4728 -11.82 56.9348
    endloop
  endfacet
  facet normal -0.770217 0.121994 -0.626006
    outer loop
      vertex 43.4315 -4.56483 40.6332
      vertex 42.7164 -9.07965 40.6332
      vertex 39.5827 -8.41357 44.6186
    endloop
  endfacet
  facet normal -0.753246 0.201833 -0.626006
    outer loop
      vertex 42.7164 -9.07965 40.6332
      vertex 41.5333 -13.495 40.6332
      vertex 39.5827 -8.41357 44.6186
    endloop
  endfacet
  facet normal -0.18867 0.00988706 -0.981991
    outer loop
      vertex 8.14575 0 61.4851
      vertex 13.4032 -1.40874 60.4608
      vertex 8.10113 -0.851463 61.4851
    endloop
  endfacet
  facet normal -0.281741 -0.0147618 -0.959377
    outer loop
      vertex 18.5585 1.95057 58.9385
      vertex 18.6607 0 58.9385
      vertex 13.4032 1.40874 60.4608
    endloop
  endfacet
  facet normal -0.0914666 -0.0245087 -0.995506
    outer loop
      vertex 7.74707 2.51718 61.4851
      vertex 7.96775 1.6936 61.4851
      vertex 2.59182 0.842134 62
    endloop
  endfacet
  facet normal 0.36916 -0.0584775 -0.927524
    outer loop
      vertex -18.2529 3.87978 58.9385
      vertex -18.5585 1.95057 58.9385
      vertex -23.5104 2.47104 56.9348
    endloop
  endfacet
  facet normal 0.397564 -0.490948 -0.775186
    outer loop
      vertex -21.6423 29.788 48.2796
      vertex -21.9271 24.3525 51.576
      vertex -24.6374 27.3626 48.2796
    endloop
  endfacet
  facet normal 0.361026 0.0967321 -0.927525
    outer loop
      vertex -18.2529 -3.87978 58.9385
      vertex -22.4829 -7.30513 56.9348
      vertex -23.1233 -4.91501 56.9348
    endloop
  endfacet
  facet normal -0.0441173 -0.841923 -0.537791
    outer loop
      vertex 4.84969 46.1418 36.3668
      vertex 4.56483 43.4315 40.6332
      vertex 0 43.6707 40.6332
    endloop
  endfacet
  facet normal 0.631674 -0.321852 -0.705265
    outer loop
      vertex -31.8871 18.41 48.2796
      vertex -33.6368 14.976 48.2796
      vertex -35.0455 20.2335 44.6186
    endloop
  endfacet
  facet normal 0.0935275 -0.0148131 -0.995506
    outer loop
      vertex -7.96775 1.6936 61.4851
      vertex -2.66565 0.566602 62
      vertex -8.10113 0.851463 61.4851
    endloop
  endfacet
  facet normal -0.625121 -0.771957 -0.115352
    outer loop
      vertex 34.7948 38.6435 17.4632
      vertex 34.4136 38.2201 22.3625
      vertex 30.5648 42.0689 17.4632
    endloop
  endfacet
  facet normal -0.833081 -0.540989 -0.115357
    outer loop
      vertex 45.0333 26 17.4632
      vertex 44.5399 25.7151 22.3625
      vertex 41.608 30.23 22.3625
    endloop
  endfacet
  facet normal -0.450969 -0.885054 -0.115357
    outer loop
      vertex 26 45.0333 17.4632
      vertex 25.7151 44.5399 22.3625
      vertex 20.9186 46.9839 22.3625
    endloop
  endfacet
  facet normal -0.540989 -0.833081 -0.115357
    outer loop
      vertex 26 45.0333 17.4632
      vertex 30.23 41.608 22.3625
      vertex 25.7151 44.5399 22.3625
    endloop
  endfacet
  facet normal -0.155379 -0.981097 -0.115356
    outer loop
      vertex 10.8114 50.8637 17.4632
      vertex 10.693 50.3064 22.3625
      vertex 5.43548 51.7151 17.4632
    endloop
  endfacet
  facet normal -0.623963 -0.0988258 -0.77518
    outer loop
      vertex 36.0154 7.65531 48.2796
      vertex 36.6183 3.84874 48.2796
      vertex 32.0535 6.81318 51.576
    endloop
  endfacet
  facet normal -0.707966 -0.0370891 -0.705272
    outer loop
      vertex 40.2454 4.22996 44.6186
      vertex 40.467 0 44.6186
      vertex 36.6183 3.84874 48.2796
    endloop
  endfacet
  facet normal -0.896082 0.0469503 -0.441399
    outer loop
      vertex 46.3959 0 36.3668
      vertex 48.3465 -5.08142 31.8664
      vertex 46.1418 -4.84969 36.3668
    endloop
  endfacet
  facet normal -0.841926 -0.0441128 -0.537787
    outer loop
      vertex 46.1418 4.84969 36.3668
      vertex 46.3959 0 36.3668
      vertex 43.6707 0 40.6332
    endloop
  endfacet
  facet normal -0.606028 -0.490755 -0.626011
    outer loop
      vertex 35.3304 25.669 40.6332
      vertex 32.7385 23.7859 44.6186
      vertex 32.4537 29.2214 40.6332
    endloop
  endfacet
  facet normal -0.606038 -0.490751 -0.626004
    outer loop
      vertex 32.4537 29.2214 40.6332
      vertex 32.7385 23.7859 44.6186
      vertex 30.0729 27.0777 44.6186
    endloop
  endfacet
  facet normal -0.927352 -0.355965 -0.115356
    outer loop
      vertex 47.5044 21.1503 17.4632
      vertex 49.4549 16.0689 17.4632
      vertex 46.9839 20.9186 22.3625
    endloop
  endfacet
  facet normal -0.833075 -0.541002 -0.115341
    outer loop
      vertex 42.0689 30.5648 17.4632
      vertex 45.0333 26 17.4632
      vertex 41.608 30.23 22.3625
    endloop
  endfacet
  facet normal -0.665523 -0.665523 -0.337875
    outer loop
      vertex 37.378 33.6553 27.1812
      vertex 32.5283 36.1264 31.8664
      vertex 33.6553 37.378 27.1812
    endloop
  endfacet
  facet normal -0.665523 -0.665523 -0.337875
    outer loop
      vertex 32.5283 36.1264 31.8664
      vertex 37.378 33.6553 27.1812
      vertex 36.1264 32.5283 31.8664
    endloop
  endfacet
  facet normal -0.707071 -0.459176 -0.537781
    outer loop
      vertex 37.5351 27.2708 36.3668
      vertex 40.18 23.198 36.3668
      vertex 35.3304 25.669 40.6332
    endloop
  endfacet
  facet normal -0.63449 -0.63449 -0.441411
    outer loop
      vertex 36.1264 32.5283 31.8664
      vertex 31.0449 34.4789 36.3668
      vertex 32.5283 36.1264 31.8664
    endloop
  endfacet
  facet normal -0.63449 -0.63449 -0.441411
    outer loop
      vertex 31.0449 34.4789 36.3668
      vertex 36.1264 32.5283 31.8664
      vertex 34.4789 31.0449 36.3668
    endloop
  endfacet
  facet normal -0.446149 -0.550958 -0.705263
    outer loop
      vertex 23.7859 32.7385 44.6186
      vertex 27.0777 30.0729 44.6186
      vertex 21.6423 29.788 48.2796
    endloop
  endfacet
  facet normal -0.490751 -0.606038 -0.626004
    outer loop
      vertex 29.2214 32.4537 40.6332
      vertex 27.0777 30.0729 44.6186
      vertex 23.7859 32.7385 44.6186
    endloop
  endfacet
  facet normal -0.697338 -0.564692 -0.441411
    outer loop
      vertex 39.3286 28.5739 31.8664
      vertex 37.5351 27.2708 36.3668
      vertex 34.4789 31.0449 36.3668
    endloop
  endfacet
  facet normal -0.59231 -0.731444 -0.337874
    outer loop
      vertex 33.6553 37.378 27.1812
      vertex 32.5283 36.1264 31.8664
      vertex 28.5739 39.3286 31.8664
    endloop
  endfacet
  facet normal -0.14037 -0.886263 -0.441399
    outer loop
      vertex 5.08142 48.3465 31.8664
      vertex 9.64625 45.3821 36.3668
      vertex 4.84969 46.1418 36.3668
    endloop
  endfacet
  facet normal -0.302128 -0.787088 -0.537783
    outer loop
      vertex 14.3371 44.1251 36.3668
      vertex 17.7625 39.8952 40.6332
      vertex 13.495 41.5333 40.6332
    endloop
  endfacet
  facet normal -0.186603 -0.0295446 -0.981991
    outer loop
      vertex 13.1826 2.80204 60.4608
      vertex 13.4032 1.40874 60.4608
      vertex 7.96775 1.6936 61.4851
    endloop
  endfacet
  facet normal -0.369159 -0.058471 -0.927525
    outer loop
      vertex 23.1233 4.91501 56.9348
      vertex 23.5104 2.47104 56.9348
      vertex 18.2529 3.87978 58.9385
    endloop
  endfacet
  facet normal -0.512938 -0.196913 -0.835536
    outer loop
      vertex 31.1657 10.1264 51.576
      vertex 26.9721 8.76375 54.4716
      vertex 25.9082 11.5351 54.4716
    endloop
  endfacet
  facet normal -0.58978 -0.226388 -0.775183
    outer loop
      vertex 33.6368 14.976 48.2796
      vertex 35.0179 11.378 48.2796
      vertex 29.9365 13.3286 51.576
    endloop
  endfacet
  facet normal -0.550949 -0.446153 -0.705268
    outer loop
      vertex 30.0729 27.0777 44.6186
      vertex 29.788 21.6423 48.2796
      vertex 27.3626 24.6374 48.2796
    endloop
  endfacet
  facet normal -0.327488 -0.327488 -0.886286
    outer loop
      vertex 17.5679 15.8182 56.9348
      vertex 18.9766 21.0757 54.4716
      vertex 21.0757 18.9766 54.4716
    endloop
  endfacet
  facet normal -0.327488 -0.327488 -0.886286
    outer loop
      vertex 18.9766 21.0757 54.4716
      vertex 17.5679 15.8182 56.9348
      vertex 15.8182 17.5679 56.9348
    endloop
  endfacet
  facet normal -0.252248 -0.38842 -0.886285
    outer loop
      vertex 14.18 24.5606 54.4716
      vertex 16.6696 22.9438 54.4716
      vertex 13.8952 19.1251 56.9348
    endloop
  endfacet
  facet normal -0.299247 -0.460787 -0.83554
    outer loop
      vertex 16.3848 28.3793 51.576
      vertex 19.2615 26.5111 51.576
      vertex 14.18 24.5606 54.4716
    endloop
  endfacet
  facet normal 0.388511 -0.388511 -0.835535
    outer loop
      vertex -21.0757 18.9766 54.4716
      vertex -21.9271 24.3525 51.576
      vertex -18.9766 21.0757 54.4716
    endloop
  endfacet
  facet normal 0.388511 -0.388511 -0.835535
    outer loop
      vertex -21.9271 24.3525 51.576
      vertex -21.0757 18.9766 54.4716
      vertex -24.3525 21.9271 51.576
    endloop
  endfacet
  facet normal 0.542671 -0.0859368 -0.835537
    outer loop
      vertex -27.7404 5.89639 54.4716
      vertex -28.2047 2.96444 54.4716
      vertex -32.0535 6.81318 51.576
    endloop
  endfacet
  facet normal 0.489547 -0.249435 -0.835539
    outer loop
      vertex -28.3793 16.3848 51.576
      vertex -24.5606 14.18 54.4716
      vertex -29.9365 13.3286 51.576
    endloop
  endfacet
  facet normal 0.832698 -0.131891 -0.537791
    outer loop
      vertex -42.7164 9.07965 40.6332
      vertex -43.4315 4.56483 40.6332
      vertex -46.1418 4.84969 36.3668
    endloop
  endfacet
  facet normal 0.770217 -0.121994 -0.626006
    outer loop
      vertex -42.7164 9.07965 40.6332
      vertex -39.5827 8.41357 44.6186
      vertex -43.4315 4.56483 40.6332
    endloop
  endfacet
  facet normal 0.700216 0.110903 -0.705265
    outer loop
      vertex -36.6183 -3.84874 48.2796
      vertex -36.0154 -7.65531 48.2796
      vertex -39.5827 -8.41357 44.6186
    endloop
  endfacet
  facet normal 0.778756 -0.0407976 -0.625999
    outer loop
      vertex -40.2454 4.22996 44.6186
      vertex -40.467 0 44.6186
      vertex -43.4315 4.56483 40.6332
    endloop
  endfacet
  facet normal -0.140369 -0.886263 -0.4414
    outer loop
      vertex 10.1072 47.5505 31.8664
      vertex 9.64625 45.3821 36.3668
      vertex 5.08142 48.3465 31.8664
    endloop
  endfacet
  facet normal 0.18349 -0.684787 -0.705265
    outer loop
      vertex -8.41357 39.5827 44.6186
      vertex -7.65531 36.0154 48.2796
      vertex -11.378 35.0179 48.2796
    endloop
  endfacet
  facet normal -0.226394 -0.58978 -0.775181
    outer loop
      vertex 11.378 35.0179 48.2796
      vertex 13.3286 29.9365 51.576
      vertex 10.1264 31.1657 51.576
    endloop
  endfacet
  facet normal -0.249429 -0.489547 -0.835541
    outer loop
      vertex 13.3286 29.9365 51.576
      vertex 14.18 24.5606 54.4716
      vertex 11.5351 25.9082 54.4716
    endloop
  endfacet
  facet normal -0.254069 -0.661852 -0.705266
    outer loop
      vertex 16.4594 36.9685 44.6186
      vertex 14.976 33.6368 48.2796
      vertex 12.505 38.4865 44.6186
    endloop
  endfacet
  facet normal -0.232255 -0.866726 -0.44141
    outer loop
      vertex 15.0222 46.2335 31.8664
      vertex 14.3371 44.1251 36.3668
      vertex 9.64625 45.3821 36.3668
    endloop
  endfacet
  facet normal 0.908856 0.348879 -0.228613
    outer loop
      vertex -47.8354 -15.5427 27.1812
      vertex -45.9487 -20.4577 27.1812
      vertex -48.9131 -15.8928 22.3625
    endloop
  endfacet
  facet normal 0.886263 0.140369 -0.4414
    outer loop
      vertex -45.3821 -9.64625 36.3668
      vertex -47.5505 -10.1072 31.8664
      vertex -48.3465 -5.08142 31.8664
    endloop
  endfacet
  facet normal 0.886263 0.14037 -0.441399
    outer loop
      vertex -46.1418 -4.84969 36.3668
      vertex -45.3821 -9.64625 36.3668
      vertex -48.3465 -5.08142 31.8664
    endloop
  endfacet
  facet normal 0.929604 -0.147234 -0.337874
    outer loop
      vertex -47.5505 10.1072 31.8664
      vertex -48.3465 5.08142 31.8664
      vertex -50.0215 5.25747 27.1812
    endloop
  endfacet
  facet normal 0.991963 0.0519975 -0.115352
    outer loop
      vertex -51.4303 0 22.3625
      vertex -51.1485 -5.37593 22.3625
      vertex -51.7151 -5.43548 17.4632
    endloop
  endfacet
  facet normal 0.866726 -0.232255 -0.44141
    outer loop
      vertex -44.1251 14.3371 36.3668
      vertex -45.3821 9.64625 36.3668
      vertex -46.2335 15.0222 31.8664
    endloop
  endfacet
  facet normal 0.866734 -0.232246 -0.441401
    outer loop
      vertex -46.2335 15.0222 31.8664
      vertex -45.3821 9.64625 36.3668
      vertex -47.5505 10.1072 31.8664
    endloop
  endfacet
  facet normal 0.77875 -0.040807 -0.626005
    outer loop
      vertex -43.4315 4.56483 40.6332
      vertex -40.467 0 44.6186
      vertex -43.6707 0 40.6332
    endloop
  endfacet
  facet normal 0.832696 -0.131886 -0.537794
    outer loop
      vertex -45.3821 9.64625 36.3668
      vertex -42.7164 9.07965 40.6332
      vertex -46.1418 4.84969 36.3668
    endloop
  endfacet
  facet normal 0.770217 0.121994 -0.626006
    outer loop
      vertex -39.5827 -8.41357 44.6186
      vertex -42.7164 -9.07965 40.6332
      vertex -43.4315 -4.56483 40.6332
    endloop
  endfacet
  facet normal 0.694824 0.354031 -0.626005
    outer loop
      vertex -36.9685 -16.4594 44.6186
      vertex -35.0455 -20.2335 44.6186
      vertex -39.8952 -17.7625 40.6332
    endloop
  endfacet
  facet normal 0.540989 0.833081 -0.115357
    outer loop
      vertex -25.7151 -44.5399 22.3625
      vertex -26 -45.0333 17.4632
      vertex -30.23 -41.608 22.3625
    endloop
  endfacet
  facet normal 0.625121 0.771957 -0.115352
    outer loop
      vertex -34.4136 -38.2201 22.3625
      vertex -30.5648 -42.0689 17.4632
      vertex -34.7948 -38.6435 17.4632
    endloop
  endfacet
  facet normal 0.878671 0.337291 -0.337894
    outer loop
      vertex -46.2335 -15.0222 31.8664
      vertex -45.9487 -20.4577 27.1812
      vertex -47.8354 -15.5427 27.1812
    endloop
  endfacet
  facet normal 0.878672 0.337289 -0.337892
    outer loop
      vertex -44.41 -19.7726 31.8664
      vertex -45.9487 -20.4577 27.1812
      vertex -46.2335 -15.0222 31.8664
    endloop
  endfacet
  facet normal 0.885054 0.450968 -0.115355
    outer loop
      vertex -46.9839 -20.9186 22.3625
      vertex -45.0333 -26 17.4632
      vertex -47.5044 -21.1503 17.4632
    endloop
  endfacet
  facet normal 0.867405 0.441976 -0.228619
    outer loop
      vertex -45.9487 -20.4577 27.1812
      vertex -44.5399 -25.7151 22.3625
      vertex -46.9839 -20.9186 22.3625
    endloop
  endfacet
  facet normal 0.446153 0.550949 -0.705268
    outer loop
      vertex -24.6374 -27.3626 48.2796
      vertex -21.6423 -29.788 48.2796
      vertex -27.0777 -30.0729 44.6186
    endloop
  endfacet
  facet normal 0.838593 0.427306 -0.337892
    outer loop
      vertex -44.41 -19.7726 31.8664
      vertex -43.5585 -25.1485 27.1812
      vertex -45.9487 -20.4577 27.1812
    endloop
  endfacet
  facet normal 0.751189 0.382756 -0.537785
    outer loop
      vertex -39.8952 -17.7625 40.6332
      vertex -40.18 -23.198 36.3668
      vertex -42.3848 -18.8709 36.3668
    endloop
  endfacet
  facet normal 0.424723 0.654003 -0.626012
    outer loop
      vertex -23.7859 -32.7385 44.6186
      vertex -20.2335 -35.0455 44.6186
      vertex -25.669 -35.3304 40.6332
    endloop
  endfacet
  facet normal 0.0857719 0.168335 -0.981991
    outer loop
      vertex -4.07288 -7.05443 61.4851
      vertex -3.31318 -7.44152 61.4851
      vertex -6.73853 -11.6715 60.4608
    endloop
  endfacet
  facet normal 0.201818 0.753261 -0.625993
    outer loop
      vertex -12.505 -38.4865 44.6186
      vertex -8.41357 -39.5827 44.6186
      vertex -13.495 -41.5333 40.6332
    endloop
  endfacet
  facet normal -0.0330622 0.630877 -0.775178
    outer loop
      vertex 3.42535 -32.5901 51.576
      vertex 3.84874 -36.6183 48.2796
      vertex 0 -36.82 48.2796
    endloop
  endfacet
  facet normal 0.0147799 0.281746 -0.959375
    outer loop
      vertex 0 -13.4771 60.4608
      vertex 0 -18.6607 58.9385
      vertex -1.40874 -13.4032 60.4608
    endloop
  endfacet
  facet normal 0.09673 0.361028 -0.927525
    outer loop
      vertex -5.76647 -17.7474 58.9385
      vertex -3.87978 -18.2529 58.9385
      vertex -7.30513 -22.4829 56.9348
    endloop
  endfacet
  facet normal 0.302124 0.787088 -0.537786
    outer loop
      vertex -17.7625 -39.8952 40.6332
      vertex -14.3371 -44.1251 36.3668
      vertex -18.8709 -42.3848 36.3668
    endloop
  endfacet
  facet normal 0.0407976 0.778756 -0.625999
    outer loop
      vertex -4.22996 -40.2454 44.6186
      vertex 0 -40.467 44.6186
      vertex -4.56483 -43.4315 40.6332
    endloop
  endfacet
  facet normal -0.281741 0.0147618 -0.959377
    outer loop
      vertex 18.6607 0 58.9385
      vertex 18.5585 -1.95057 58.9385
      vertex 13.4032 -1.40874 60.4608
    endloop
  endfacet
  facet normal -0.0935275 -0.0148122 -0.995507
    outer loop
      vertex 8.10113 0.851463 61.4851
      vertex 2.71027 0.284861 62
      vertex 2.66565 0.566602 62
    endloop
  endfacet
  facet normal -0.168338 0.0857682 -0.981991
    outer loop
      vertex 12.3119 -5.48161 60.4608
      vertex 11.6715 -6.73853 60.4608
      vertex 7.44152 -3.31318 61.4851
    endloop
  endfacet
  facet normal -0.210248 0.41267 -0.886284
    outer loop
      vertex 11.82 -20.4728 56.9348
      vertex 14.18 -24.5606 54.4716
      vertex 9.61521 -21.5961 56.9348
    endloop
  endfacet
  facet normal -0.0857682 0.168338 -0.981991
    outer loop
      vertex 6.73853 -11.6715 60.4608
      vertex 5.48161 -12.3119 60.4608
      vertex 3.31318 -7.44152 61.4851
    endloop
  endfacet
  facet normal -0.0724535 0.457438 -0.886285
    outer loop
      vertex 4.91501 -23.1233 56.9348
      vertex 2.96444 -28.2047 54.4716
      vertex 2.47104 -23.5104 56.9348
    endloop
  endfacet
  facet normal -0.0859368 0.542671 -0.835537
    outer loop
      vertex 5.89639 -27.7404 54.4716
      vertex 6.81318 -32.0535 51.576
      vertex 2.96444 -28.2047 54.4716
    endloop
  endfacet
  facet normal -0.16351 0.610212 -0.775181
    outer loop
      vertex 10.1264 -31.1657 51.576
      vertex 11.378 -35.0179 48.2796
      vertex 6.81318 -32.0535 51.576
    endloop
  endfacet
  facet normal 0.751201 0.382747 -0.537775
    outer loop
      vertex -39.8952 -17.7625 40.6332
      vertex -37.82 -21.8354 40.6332
      vertex -40.18 -23.198 36.3668
    endloop
  endfacet
  facet normal 0.799506 0.407375 -0.441403
    outer loop
      vertex -42.3848 -18.8709 36.3668
      vertex -40.18 -23.198 36.3668
      vertex -44.41 -19.7726 31.8664
    endloop
  endfacet
  facet normal 0.252248 0.38842 -0.886285
    outer loop
      vertex -13.8952 -19.1251 56.9348
      vertex -14.18 -24.5606 54.4716
      vertex -16.6696 -22.9438 54.4716
    endloop
  endfacet
  facet normal 0.457438 -0.0724535 -0.886285
    outer loop
      vertex -23.1233 4.91501 56.9348
      vertex -23.5104 2.47104 56.9348
      vertex -28.2047 2.96444 54.4716
    endloop
  endfacet
  facet normal 0.610212 0.16351 -0.775181
    outer loop
      vertex -32.0535 -6.81318 51.576
      vertex -31.1657 -10.1264 51.576
      vertex -35.0179 -11.378 48.2796
    endloop
  endfacet
  facet normal 0.501297 0.501297 -0.705267
    outer loop
      vertex -27.0777 -30.0729 44.6186
      vertex -27.3626 -24.6374 48.2796
      vertex -24.6374 -27.3626 48.2796
    endloop
  endfacet
  facet normal 0.501297 0.501297 -0.705267
    outer loop
      vertex -27.3626 -24.6374 48.2796
      vertex -27.0777 -30.0729 44.6186
      vertex -30.0729 -27.0777 44.6186
    endloop
  endfacet
  facet normal 0.426994 0.345759 -0.83554
    outer loop
      vertex -22.9438 -16.6696 54.4716
      vertex -21.0757 -18.9766 54.4716
      vertex -26.5111 -19.2615 51.576
    endloop
  endfacet
  facet normal 0.542671 0.0859368 -0.835537
    outer loop
      vertex -28.2047 -2.96444 54.4716
      vertex -27.7404 -5.89639 54.4716
      vertex -32.0535 -6.81318 51.576
    endloop
  endfacet
  facet normal 0.131891 0.832698 -0.537791
    outer loop
      vertex -4.56483 -43.4315 40.6332
      vertex -4.84969 -46.1418 36.3668
      vertex -9.07965 -42.7164 40.6332
    endloop
  endfacet
  facet normal 0.354031 0.694824 -0.626005
    outer loop
      vertex -16.4594 -36.9685 44.6186
      vertex -17.7625 -39.8952 40.6332
      vertex -20.2335 -35.0455 44.6186
    endloop
  endfacet
  facet normal -0.661852 0.254069 -0.705266
    outer loop
      vertex 38.4865 -12.505 44.6186
      vertex 36.9685 -16.4594 44.6186
      vertex 33.6368 -14.976 48.2796
    endloop
  endfacet
  facet normal -0.654003 0.424723 -0.626012
    outer loop
      vertex 35.0455 -20.2335 44.6186
      vertex 35.3304 -25.669 40.6332
      vertex 32.7385 -23.7859 44.6186
    endloop
  endfacet
  facet normal -0.34407 0.529816 -0.775184
    outer loop
      vertex 19.2615 -26.5111 51.576
      vertex 21.6423 -29.788 48.2796
      vertex 18.41 -31.8871 48.2796
    endloop
  endfacet
  facet normal -0.490751 0.606038 -0.626004
    outer loop
      vertex 27.0777 -30.0729 44.6186
      vertex 29.2214 -32.4537 40.6332
      vertex 23.7859 -32.7385 44.6186
    endloop
  endfacet
  facet normal -0.529816 0.34407 -0.775184
    outer loop
      vertex 31.8871 -18.41 48.2796
      vertex 29.788 -21.6423 48.2796
      vertex 26.5111 -19.2615 51.576
    endloop
  endfacet
  facet normal -0.606038 0.490751 -0.626004
    outer loop
      vertex 32.7385 -23.7859 44.6186
      vertex 32.4537 -29.2214 40.6332
      vertex 30.0729 -27.0777 44.6186
    endloop
  endfacet
  facet normal -0.58978 0.226388 -0.775183
    outer loop
      vertex 35.0179 -11.378 48.2796
      vertex 33.6368 -14.976 48.2796
      vertex 29.9365 -13.3286 51.576
    endloop
  endfacet
  facet normal -0.489547 0.249429 -0.835541
    outer loop
      vertex 25.9082 -11.5351 54.4716
      vertex 29.9365 -13.3286 51.576
      vertex 24.5606 -14.18 54.4716
    endloop
  endfacet
  facet normal -0.631672 0.321853 -0.705266
    outer loop
      vertex 36.9685 -16.4594 44.6186
      vertex 35.0455 -20.2335 44.6186
      vertex 33.6368 -14.976 48.2796
    endloop
  endfacet
  facet normal -0.631674 0.321852 -0.705265
    outer loop
      vertex 33.6368 -14.976 48.2796
      vertex 35.0455 -20.2335 44.6186
      vertex 31.8871 -18.41 48.2796
    endloop
  endfacet
  facet normal 0.441976 0.867405 -0.228619
    outer loop
      vertex -20.4577 -45.9487 27.1812
      vertex -20.9186 -46.9839 22.3625
      vertex -25.7151 -44.5399 22.3625
    endloop
  endfacet
  facet normal 0.355965 0.927352 -0.115356
    outer loop
      vertex -20.9186 -46.9839 22.3625
      vertex -16.0689 -49.4549 17.4632
      vertex -21.1503 -47.5044 17.4632
    endloop
  endfacet
  facet normal 0.147234 0.929604 -0.337874
    outer loop
      vertex -5.08142 -48.3465 31.8664
      vertex -5.25747 -50.0215 27.1812
      vertex -10.1072 -47.5505 31.8664
    endloop
  endfacet
  facet normal 0.0519975 0.991963 -0.115352
    outer loop
      vertex -5.37593 -51.1485 22.3625
      vertex 0 -51.4303 22.3625
      vertex -5.43548 -51.7151 17.4632
    endloop
  endfacet
  facet normal 0.0492571 0.939902 -0.337874
    outer loop
      vertex -5.08142 -48.3465 31.8664
      vertex 0 -48.6128 31.8664
      vertex -5.25747 -50.0215 27.1812
    endloop
  endfacet
  facet normal 0.155379 0.981097 -0.115356
    outer loop
      vertex -10.693 -50.3064 22.3625
      vertex -5.43548 -51.7151 17.4632
      vertex -10.8114 -50.8637 17.4632
    endloop
  endfacet
  facet normal -0.940345 -0.251968 -0.228614
    outer loop
      vertex 48.9131 15.8928 22.3625
      vertex 50.3064 10.693 22.3625
      vertex 47.8354 15.5427 27.1812
    endloop
  endfacet
  facet normal -0.981097 -0.155379 -0.115356
    outer loop
      vertex 50.8637 10.8114 17.4632
      vertex 51.7151 5.43548 17.4632
      vertex 50.3064 10.693 22.3625
    endloop
  endfacet
  facet normal -0.961532 -0.152278 -0.228621
    outer loop
      vertex 50.3064 10.693 22.3625
      vertex 50.0215 5.25747 27.1812
      vertex 49.198 10.4573 27.1812
    endloop
  endfacet
  facet normal -0.981096 -0.155383 -0.115352
    outer loop
      vertex 51.7151 5.43548 17.4632
      vertex 51.1485 5.37593 22.3625
      vertex 50.3064 10.693 22.3625
    endloop
  endfacet
  facet normal -0.991963 0.0519975 -0.115352
    outer loop
      vertex 51.4303 0 22.3625
      vertex 51.7151 -5.43548 17.4632
      vertex 51.1485 -5.37593 22.3625
    endloop
  endfacet
  facet normal 0.959476 0.257101 -0.115347
    outer loop
      vertex -48.9131 -15.8928 22.3625
      vertex -49.4549 -16.0689 17.4632
      vertex -50.8637 -10.8114 17.4632
    endloop
  endfacet
  facet normal 0.959476 -0.257101 -0.115347
    outer loop
      vertex -49.4549 16.0689 17.4632
      vertex -48.9131 15.8928 22.3625
      vertex -50.8637 10.8114 17.4632
    endloop
  endfacet
  facet normal 0.501297 -0.501297 -0.705267
    outer loop
      vertex -27.3626 24.6374 48.2796
      vertex -27.0777 30.0729 44.6186
      vertex -24.6374 27.3626 48.2796
    endloop
  endfacet
  facet normal 0.501297 -0.501297 -0.705267
    outer loop
      vertex -27.0777 30.0729 44.6186
      vertex -27.3626 24.6374 48.2796
      vertex -30.0729 27.0777 44.6186
    endloop
  endfacet
  facet normal -0.147234 -0.929604 -0.337874
    outer loop
      vertex 5.25747 50.0215 27.1812
      vertex 10.1072 47.5505 31.8664
      vertex 5.08142 48.3465 31.8664
    endloop
  endfacet
  facet normal 0.833075 -0.541002 -0.115341
    outer loop
      vertex -42.0689 30.5648 17.4632
      vertex -41.608 30.23 22.3625
      vertex -45.0333 26 17.4632
    endloop
  endfacet
  facet normal 0.62513 -0.771951 -0.11534
    outer loop
      vertex -30.5648 42.0689 17.4632
      vertex -30.23 41.608 22.3625
      vertex -34.4136 38.2201 22.3625
    endloop
  endfacet
  facet normal 0.441983 -0.867398 -0.228629
    outer loop
      vertex -20.4577 45.9487 27.1812
      vertex -25.1485 43.5585 27.1812
      vertex -25.7151 44.5399 22.3625
    endloop
  endfacet
  facet normal 0.0492571 -0.939902 -0.337874
    outer loop
      vertex 0 48.6128 31.8664
      vertex -5.08142 48.3465 31.8664
      vertex -5.25747 50.0215 27.1812
    endloop
  endfacet
  facet normal 0.0509605 -0.972179 -0.228627
    outer loop
      vertex 0 51.4303 22.3625
      vertex -5.25747 50.0215 27.1812
      vertex -5.37593 51.1485 22.3625
    endloop
  endfacet
  facet normal 0.257101 -0.959476 -0.115347
    outer loop
      vertex -10.8114 50.8637 17.4632
      vertex -15.8928 48.9131 22.3625
      vertex -16.0689 49.4549 17.4632
    endloop
  endfacet
  facet normal 0.152278 -0.961532 -0.228621
    outer loop
      vertex -5.25747 50.0215 27.1812
      vertex -10.4573 49.198 27.1812
      vertex -10.693 50.3064 22.3625
    endloop
  endfacet
  facet normal 0.232246 -0.866734 -0.441401
    outer loop
      vertex -10.1072 47.5505 31.8664
      vertex -9.64625 45.3821 36.3668
      vertex -15.0222 46.2335 31.8664
    endloop
  endfacet
  facet normal 0.0469503 -0.896082 -0.441399
    outer loop
      vertex 0 46.3959 36.3668
      vertex -4.84969 46.1418 36.3668
      vertex -5.08142 48.3465 31.8664
    endloop
  endfacet
  facet normal 0.04927 -0.939896 -0.337887
    outer loop
      vertex 0 50.2971 27.1812
      vertex 0 48.6128 31.8664
      vertex -5.25747 50.0215 27.1812
    endloop
  endfacet
  facet normal -0.155383 -0.981096 -0.115352
    outer loop
      vertex 5.43548 51.7151 17.4632
      vertex 10.693 50.3064 22.3625
      vertex 5.37593 51.1485 22.3625
    endloop
  endfacet
  facet normal 0.594568 -0.386121 -0.705265
    outer loop
      vertex -29.788 21.6423 48.2796
      vertex -31.8871 18.41 48.2796
      vertex -35.0455 20.2335 44.6186
    endloop
  endfacet
  facet normal 0.694824 -0.354023 -0.626009
    outer loop
      vertex -37.82 21.8354 40.6332
      vertex -35.0455 20.2335 44.6186
      vertex -39.8952 17.7625 40.6332
    endloop
  endfacet
  facet normal 0.787088 -0.302124 -0.537786
    outer loop
      vertex -42.3848 18.8709 36.3668
      vertex -39.8952 17.7625 40.6332
      vertex -44.1251 14.3371 36.3668
    endloop
  endfacet
  facet normal 0.321853 -0.631672 -0.705266
    outer loop
      vertex -16.4594 36.9685 44.6186
      vertex -14.976 33.6368 48.2796
      vertex -20.2335 35.0455 44.6186
    endloop
  endfacet
  facet normal 0.27947 -0.728021 -0.626004
    outer loop
      vertex -12.505 38.4865 44.6186
      vertex -16.4594 36.9685 44.6186
      vertex -17.7625 39.8952 40.6332
    endloop
  endfacet
  facet normal 0.0407976 -0.778756 -0.625999
    outer loop
      vertex 0 40.467 44.6186
      vertex -4.22996 40.2454 44.6186
      vertex -4.56483 43.4315 40.6332
    endloop
  endfacet
  facet normal 0.254053 -0.66185 -0.705274
    outer loop
      vertex -12.505 38.4865 44.6186
      vertex -11.378 35.0179 48.2796
      vertex -14.976 33.6368 48.2796
    endloop
  endfacet
  facet normal 0.321564 -0.837707 -0.441411
    outer loop
      vertex -15.0222 46.2335 31.8664
      vertex -14.3371 44.1251 36.3668
      vertex -19.7726 44.41 31.8664
    endloop
  endfacet
  facet normal 0.337289 -0.878672 -0.337892
    outer loop
      vertex -15.0222 46.2335 31.8664
      vertex -19.7726 44.41 31.8664
      vertex -20.4577 45.9487 27.1812
    endloop
  endfacet
  facet normal -0.799506 -0.407375 -0.441403
    outer loop
      vertex 44.41 19.7726 31.8664
      vertex 42.3848 18.8709 36.3668
      vertex 40.18 23.198 36.3668
    endloop
  endfacet
  facet normal -0.753261 -0.201818 -0.625993
    outer loop
      vertex 41.5333 13.495 40.6332
      vertex 39.5827 8.41357 44.6186
      vertex 38.4865 12.505 44.6186
    endloop
  endfacet
  facet normal -0.886263 -0.14037 -0.441399
    outer loop
      vertex 48.3465 5.08142 31.8664
      vertex 46.1418 4.84969 36.3668
      vertex 45.3821 9.64625 36.3668
    endloop
  endfacet
  facet normal -0.866734 -0.232246 -0.441401
    outer loop
      vertex 46.2335 15.0222 31.8664
      vertex 47.5505 10.1072 31.8664
      vertex 45.3821 9.64625 36.3668
    endloop
  endfacet
  facet normal -0.787088 0.302128 -0.537783
    outer loop
      vertex 41.5333 -13.495 40.6332
      vertex 44.1251 -14.3371 36.3668
      vertex 39.8952 -17.7625 40.6332
    endloop
  endfacet
  facet normal -0.751189 0.382756 -0.537785
    outer loop
      vertex 42.3848 -18.8709 36.3668
      vertex 40.18 -23.198 36.3668
      vertex 39.8952 -17.7625 40.6332
    endloop
  endfacet
  facet normal -0.838593 0.427306 -0.337892
    outer loop
      vertex 44.41 -19.7726 31.8664
      vertex 45.9487 -20.4577 27.1812
      vertex 43.5585 -25.1485 27.1812
    endloop
  endfacet
  facet normal -0.756554 0.612661 -0.228631
    outer loop
      vertex 40.6912 -29.5639 27.1812
      vertex 41.608 -30.23 22.3625
      vertex 38.2201 -34.4136 22.3625
    endloop
  endfacet
  facet normal -0.929602 0.147222 -0.337885
    outer loop
      vertex 50.0215 -5.25747 27.1812
      vertex 49.198 -10.4573 27.1812
      vertex 47.5505 -10.1072 31.8664
    endloop
  endfacet
  facet normal -0.929604 0.147234 -0.337874
    outer loop
      vertex 48.3465 -5.08142 31.8664
      vertex 50.0215 -5.25747 27.1812
      vertex 47.5505 -10.1072 31.8664
    endloop
  endfacet
  facet normal -0.939902 -0.0492571 -0.337874
    outer loop
      vertex 50.0215 5.25747 27.1812
      vertex 48.6128 0 31.8664
      vertex 48.3465 5.08142 31.8664
    endloop
  endfacet
  facet normal -0.939896 0.04927 -0.337887
    outer loop
      vertex 50.2971 0 27.1812
      vertex 50.0215 -5.25747 27.1812
      vertex 48.6128 0 31.8664
    endloop
  endfacet
  facet normal -0.878671 0.337291 -0.337894
    outer loop
      vertex 46.2335 -15.0222 31.8664
      vertex 47.8354 -15.5427 27.1812
      vertex 45.9487 -20.4577 27.1812
    endloop
  endfacet
  facet normal -0.908856 0.348879 -0.228613
    outer loop
      vertex 47.8354 -15.5427 27.1812
      vertex 48.9131 -15.8928 22.3625
      vertex 45.9487 -20.4577 27.1812
    endloop
  endfacet
  facet normal -0.655198 0.530573 -0.537781
    outer loop
      vertex 35.3304 -25.669 40.6332
      vertex 37.5351 -27.2708 36.3668
      vertex 32.4537 -29.2214 40.6332
    endloop
  endfacet
  facet normal -0.697338 0.564691 -0.441411
    outer loop
      vertex 39.3286 -28.5739 31.8664
      vertex 36.1264 -32.5283 31.8664
      vertex 34.4789 -31.0449 36.3668
    endloop
  endfacet
  facet normal -0.530573 0.655198 -0.537781
    outer loop
      vertex 29.2214 -32.4537 40.6332
      vertex 27.2708 -37.5351 36.3668
      vertex 25.669 -35.3304 40.6332
    endloop
  endfacet
  facet normal -0.490755 0.606028 -0.626011
    outer loop
      vertex 29.2214 -32.4537 40.6332
      vertex 25.669 -35.3304 40.6332
      vertex 23.7859 -32.7385 44.6186
    endloop
  endfacet
  facet normal -0.321852 0.631674 -0.705265
    outer loop
      vertex 18.41 -31.8871 48.2796
      vertex 20.2335 -35.0455 44.6186
      vertex 14.976 -33.6368 48.2796
    endloop
  endfacet
  facet normal -0.286801 0.562883 -0.775183
    outer loop
      vertex 18.41 -31.8871 48.2796
      vertex 14.976 -33.6368 48.2796
      vertex 13.3286 -29.9365 51.576
    endloop
  endfacet
  facet normal -0.407371 0.799506 -0.441406
    outer loop
      vertex 23.198 -40.18 36.3668
      vertex 24.3064 -42.0999 31.8664
      vertex 19.7726 -44.41 31.8664
    endloop
  endfacet
  facet normal -0.488707 0.752544 -0.44141
    outer loop
      vertex 27.2708 -37.5351 36.3668
      vertex 28.5739 -39.3286 31.8664
      vertex 23.198 -40.18 36.3668
    endloop
  endfacet
  facet normal -0.612661 0.756554 -0.228631
    outer loop
      vertex 34.4136 -38.2201 22.3625
      vertex 30.23 -41.608 22.3625
      vertex 29.5639 -40.6912 27.1812
    endloop
  endfacet
  facet normal -0.612658 0.756558 -0.228625
    outer loop
      vertex 33.6553 -37.378 27.1812
      vertex 34.4136 -38.2201 22.3625
      vertex 29.5639 -40.6912 27.1812
    endloop
  endfacet
  facet normal -0.665523 0.665523 -0.337875
    outer loop
      vertex 37.378 -33.6553 27.1812
      vertex 32.5283 -36.1264 31.8664
      vertex 36.1264 -32.5283 31.8664
    endloop
  endfacet
  facet normal -0.665523 0.665523 -0.337875
    outer loop
      vertex 32.5283 -36.1264 31.8664
      vertex 37.378 -33.6553 27.1812
      vertex 33.6553 -37.378 27.1812
    endloop
  endfacet
  facet normal -0.731436 0.592314 -0.337882
    outer loop
      vertex 39.3286 -28.5739 31.8664
      vertex 40.6912 -29.5639 27.1812
      vertex 37.378 -33.6553 27.1812
    endloop
  endfacet
  facet normal -0.756558 0.612658 -0.228625
    outer loop
      vertex 40.6912 -29.5639 27.1812
      vertex 38.2201 -34.4136 22.3625
      vertex 37.378 -33.6553 27.1812
    endloop
  endfacet
  facet normal -0.625121 0.771957 -0.115352
    outer loop
      vertex 34.4136 -38.2201 22.3625
      vertex 34.7948 -38.6435 17.4632
      vertex 30.5648 -42.0689 17.4632
    endloop
  endfacet
  facet normal -0.771951 0.62513 -0.11534
    outer loop
      vertex 41.608 -30.23 22.3625
      vertex 42.0689 -30.5648 17.4632
      vertex 38.2201 -34.4136 22.3625
    endloop
  endfacet
  facet normal -0.885054 0.450968 -0.115355
    outer loop
      vertex 46.9839 -20.9186 22.3625
      vertex 47.5044 -21.1503 17.4632
      vertex 45.0333 -26 17.4632
    endloop
  endfacet
  facet normal -0.885054 0.450969 -0.115357
    outer loop
      vertex 46.9839 -20.9186 22.3625
      vertex 45.0333 -26 17.4632
      vertex 44.5399 -25.7151 22.3625
    endloop
  endfacet
  facet normal -0.355965 0.927352 -0.115356
    outer loop
      vertex 20.9186 -46.9839 22.3625
      vertex 21.1503 -47.5044 17.4632
      vertex 16.0689 -49.4549 17.4632
    endloop
  endfacet
  facet normal 0.0519936 0.991964 -0.115347
    outer loop
      vertex 0 -51.4303 22.3625
      vertex 0 -52 17.4632
      vertex -5.43548 -51.7151 17.4632
    endloop
  endfacet
  facet normal -0.0492571 0.939902 -0.337874
    outer loop
      vertex 5.08142 -48.3465 31.8664
      vertex 5.25747 -50.0215 27.1812
      vertex 0 -48.6128 31.8664
    endloop
  endfacet
  facet normal -0.152278 0.961532 -0.228621
    outer loop
      vertex 10.4573 -49.198 27.1812
      vertex 10.693 -50.3064 22.3625
      vertex 5.25747 -50.0215 27.1812
    endloop
  endfacet
  facet normal -0.152284 0.96153 -0.228627
    outer loop
      vertex 10.693 -50.3064 22.3625
      vertex 5.37593 -51.1485 22.3625
      vertex 5.25747 -50.0215 27.1812
    endloop
  endfacet
  facet normal -0.337289 0.878672 -0.337892
    outer loop
      vertex 19.7726 -44.41 31.8664
      vertex 20.4577 -45.9487 27.1812
      vertex 15.0222 -46.2335 31.8664
    endloop
  endfacet
  facet normal -0.321564 0.837707 -0.441411
    outer loop
      vertex 19.7726 -44.41 31.8664
      vertex 15.0222 -46.2335 31.8664
      vertex 14.3371 -44.1251 36.3668
    endloop
  endfacet
  facet normal -0.232255 0.866726 -0.44141
    outer loop
      vertex 14.3371 -44.1251 36.3668
      vertex 15.0222 -46.2335 31.8664
      vertex 9.64625 -45.3821 36.3668
    endloop
  endfacet
  facet normal -0.110903 0.700216 -0.705265
    outer loop
      vertex 7.65531 -36.0154 48.2796
      vertex 8.41357 -39.5827 44.6186
      vertex 3.84874 -36.6183 48.2796
    endloop
  endfacet
  facet normal -0.291462 0.35993 -0.886285
    outer loop
      vertex 15.8182 -17.5679 56.9348
      vertex 16.6696 -22.9438 54.4716
      vertex 13.8952 -19.1251 56.9348
    endloop
  endfacet
  facet normal -0.16967 0.333024 -0.927527
    outer loop
      vertex 11.82 -20.4728 56.9348
      vertex 9.61521 -21.5961 56.9348
      vertex 9.33035 -16.1606 58.9385
    endloop
  endfacet
  facet normal -0.226388 0.58978 -0.775183
    outer loop
      vertex 13.3286 -29.9365 51.576
      vertex 14.976 -33.6368 48.2796
      vertex 11.378 -35.0179 48.2796
    endloop
  endfacet
  facet normal -0.321853 0.631672 -0.705266
    outer loop
      vertex 20.2335 -35.0455 44.6186
      vertex 16.4594 -36.9685 44.6186
      vertex 14.976 -33.6368 48.2796
    endloop
  endfacet
  facet normal -0.462502 -0.0242384 -0.886287
    outer loop
      vertex 28.3601 0 54.4716
      vertex 23.6399 0 56.9348
      vertex 23.5104 2.47104 56.9348
    endloop
  endfacet
  facet normal -0.373249 0.0195609 -0.927525
    outer loop
      vertex 23.6399 0 56.9348
      vertex 23.5104 -2.47104 56.9348
      vertex 18.6607 0 58.9385
    endloop
  endfacet
  facet normal -0.272516 0.073039 -0.959375
    outer loop
      vertex 13.1826 -2.80204 60.4608
      vertex 18.2529 -3.87978 58.9385
      vertex 12.8174 -4.16464 60.4608
    endloop
  endfacet
  facet normal -0.272516 0.073015 -0.959377
    outer loop
      vertex 18.2529 -3.87978 58.9385
      vertex 17.7474 -5.76647 58.9385
      vertex 12.8174 -4.16464 60.4608
    endloop
  endfacet
  facet normal -0.348935 0.13395 -0.927524
    outer loop
      vertex 22.4829 -7.30513 56.9348
      vertex 21.5961 -9.61521 56.9348
      vertex 17.0474 -7.58999 58.9385
    endloop
  endfacet
  facet normal -0.348935 0.133947 -0.927525
    outer loop
      vertex 17.7474 -5.76647 58.9385
      vertex 22.4829 -7.30513 56.9348
      vertex 17.0474 -7.58999 58.9385
    endloop
  endfacet
  facet normal -0.361026 0.0967321 -0.927525
    outer loop
      vertex 23.1233 -4.91501 56.9348
      vertex 22.4829 -7.30513 56.9348
      vertex 18.2529 -3.87978 58.9385
    endloop
  endfacet
  facet normal -0.447354 0.119862 -0.886289
    outer loop
      vertex 23.1233 -4.91501 56.9348
      vertex 27.7404 -5.89639 54.4716
      vertex 22.4829 -7.30513 56.9348
    endloop
  endfacet
  facet normal -0.700216 -0.110903 -0.705265
    outer loop
      vertex 39.5827 8.41357 44.6186
      vertex 36.6183 3.84874 48.2796
      vertex 36.0154 7.65531 48.2796
    endloop
  endfacet
  facet normal -0.770221 -0.122006 -0.625999
    outer loop
      vertex 43.4315 4.56483 40.6332
      vertex 40.2454 4.22996 44.6186
      vertex 39.5827 8.41357 44.6186
    endloop
  endfacet
  facet normal -0.489547 -0.249429 -0.835541
    outer loop
      vertex 29.9365 13.3286 51.576
      vertex 25.9082 11.5351 54.4716
      vertex 24.5606 14.18 54.4716
    endloop
  endfacet
  facet normal -0.562883 -0.286801 -0.775183
    outer loop
      vertex 31.8871 18.41 48.2796
      vertex 33.6368 14.976 48.2796
      vertex 29.9365 13.3286 51.576
    endloop
  endfacet
  facet normal -0.460787 -0.299247 -0.83554
    outer loop
      vertex 26.5111 19.2615 51.576
      vertex 28.3793 16.3848 51.576
      vertex 24.5606 14.18 54.4716
    endloop
  endfacet
  facet normal -0.388511 -0.388511 -0.835535
    outer loop
      vertex 21.0757 18.9766 54.4716
      vertex 21.9271 24.3525 51.576
      vertex 24.3525 21.9271 51.576
    endloop
  endfacet
  facet normal -0.388511 -0.388511 -0.835535
    outer loop
      vertex 21.9271 24.3525 51.576
      vertex 21.0757 18.9766 54.4716
      vertex 18.9766 21.0757 54.4716
    endloop
  endfacet
  facet normal -0.707966 0.0370891 -0.705272
    outer loop
      vertex 40.467 0 44.6186
      vertex 40.2454 -4.22996 44.6186
      vertex 36.6183 -3.84874 48.2796
    endloop
  endfacet
  facet normal -0.548672 0.0287523 -0.835543
    outer loop
      vertex 32.7696 0 51.576
      vertex 32.5901 -3.42535 51.576
      vertex 28.2047 -2.96444 54.4716
    endloop
  endfacet
  facet normal -0.54266 0.0859522 -0.835543
    outer loop
      vertex 32.5901 -3.42535 51.576
      vertex 32.0535 -6.81318 51.576
      vertex 28.2047 -2.96444 54.4716
    endloop
  endfacet
  facet normal -0.542671 0.0859368 -0.835537
    outer loop
      vertex 28.2047 -2.96444 54.4716
      vertex 32.0535 -6.81318 51.576
      vertex 27.7404 -5.89639 54.4716
    endloop
  endfacet
  facet normal -0.630877 -0.0330622 -0.775178
    outer loop
      vertex 36.6183 3.84874 48.2796
      vertex 36.82 0 48.2796
      vertex 32.5901 3.42535 51.576
    endloop
  endfacet
  facet normal -0.630876 -0.03306 -0.775179
    outer loop
      vertex 36.82 0 48.2796
      vertex 32.7696 0 51.576
      vertex 32.5901 3.42535 51.576
    endloop
  endfacet
  facet normal -0.512936 0.196896 -0.835541
    outer loop
      vertex 31.1657 -10.1264 51.576
      vertex 29.9365 -13.3286 51.576
      vertex 25.9082 -11.5351 54.4716
    endloop
  endfacet
  facet normal -0.43237 0.165984 -0.886287
    outer loop
      vertex 26.9721 -8.76375 54.4716
      vertex 25.9082 -11.5351 54.4716
      vertex 22.4829 -7.30513 56.9348
    endloop
  endfacet
  facet normal -0.490947 0.397569 -0.775184
    outer loop
      vertex 26.5111 -19.2615 51.576
      vertex 29.788 -21.6423 48.2796
      vertex 24.3525 -21.9271 51.576
    endloop
  endfacet
  facet normal -0.333022 0.169691 -0.927524
    outer loop
      vertex 17.0474 -7.58999 58.9385
      vertex 21.5961 -9.61521 56.9348
      vertex 16.1606 -9.33035 58.9385
    endloop
  endfacet
  facet normal -0.373249 -0.0195609 -0.927525
    outer loop
      vertex 23.5104 2.47104 56.9348
      vertex 23.6399 0 56.9348
      vertex 18.6607 0 58.9385
    endloop
  endfacet
  facet normal -0.373251 -0.0195565 -0.927524
    outer loop
      vertex 23.5104 2.47104 56.9348
      vertex 18.6607 0 58.9385
      vertex 18.5585 1.95057 58.9385
    endloop
  endfacet
  facet normal -0.158447 -0.102899 -0.981991
    outer loop
      vertex 11.6715 6.73853 60.4608
      vertex 7.05443 4.07288 61.4851
      vertex 6.59005 4.78795 61.4851
    endloop
  endfacet
  facet normal -0.272516 -0.073015 -0.959377
    outer loop
      vertex 17.7474 5.76647 58.9385
      vertex 18.2529 3.87978 58.9385
      vertex 12.8174 4.16464 60.4608
    endloop
  endfacet
  facet normal -0.0195565 -0.373251 -0.927524
    outer loop
      vertex 2.47104 23.5104 56.9348
      vertex 1.95057 18.5585 58.9385
      vertex 0 18.6607 58.9385
    endloop
  endfacet
  facet normal -0.0857719 -0.168335 -0.981991
    outer loop
      vertex 6.73853 11.6715 60.4608
      vertex 4.07288 7.05443 61.4851
      vertex 3.31318 7.44152 61.4851
    endloop
  endfacet
  facet normal 0.0295547 -0.186603 -0.981991
    outer loop
      vertex -1.40874 13.4032 60.4608
      vertex -0.851463 8.10113 61.4851
      vertex -1.6936 7.96775 61.4851
    endloop
  endfacet
  facet normal 0.18867 0.00988706 -0.981991
    outer loop
      vertex -8.14575 0 61.4851
      vertex -8.10113 -0.851463 61.4851
      vertex -13.4032 -1.40874 60.4608
    endloop
  endfacet
  facet normal -0.0677052 -0.176381 -0.981991
    outer loop
      vertex 4.16464 12.8174 60.4608
      vertex 3.31318 7.44152 61.4851
      vertex 2.51718 7.74707 61.4851
    endloop
  endfacet
  facet normal 0.0515743 -0.0794161 -0.995506
    outer loop
      vertex -4.07288 7.05443 61.4851
      vertex -1.3626 2.3601 62
      vertex -4.78795 6.59005 61.4851
    endloop
  endfacet
  facet normal 0.446153 -0.550949 -0.705268
    outer loop
      vertex -21.6423 29.788 48.2796
      vertex -24.6374 27.3626 48.2796
      vertex -27.0777 30.0729 44.6186
    endloop
  endfacet
  facet normal 0.34407 -0.529816 -0.775184
    outer loop
      vertex -18.41 31.8871 48.2796
      vertex -19.2615 26.5111 51.576
      vertex -21.6423 29.788 48.2796
    endloop
  endfacet
  facet normal 0.446703 -0.446703 -0.775185
    outer loop
      vertex -24.3525 21.9271 51.576
      vertex -24.6374 27.3626 48.2796
      vertex -21.9271 24.3525 51.576
    endloop
  endfacet
  facet normal 0.446703 -0.446703 -0.775185
    outer loop
      vertex -24.6374 27.3626 48.2796
      vertex -24.3525 21.9271 51.576
      vertex -27.3626 24.6374 48.2796
    endloop
  endfacet
  facet normal 0.0330622 -0.630877 -0.775178
    outer loop
      vertex 0 36.82 48.2796
      vertex -3.42535 32.5901 51.576
      vertex -3.84874 36.6183 48.2796
    endloop
  endfacet
  facet normal -0.530199 -0.816466 -0.228631
    outer loop
      vertex 30.23 41.608 22.3625
      vertex 29.5639 40.6912 27.1812
      vertex 25.7151 44.5399 22.3625
    endloop
  endfacet
  facet normal -0.612661 -0.756554 -0.228631
    outer loop
      vertex 30.23 41.608 22.3625
      vertex 34.4136 38.2201 22.3625
      vertex 29.5639 40.6912 27.1812
    endloop
  endfacet
  facet normal -0.450968 -0.885054 -0.115355
    outer loop
      vertex 21.1503 47.5044 17.4632
      vertex 26 45.0333 17.4632
      vertex 20.9186 46.9839 22.3625
    endloop
  endfacet
  facet normal -0.257101 -0.959476 -0.115347
    outer loop
      vertex 16.0689 49.4549 17.4632
      vertex 15.8928 48.9131 22.3625
      vertex 10.8114 50.8637 17.4632
    endloop
  endfacet
  facet normal -0.355972 -0.92735 -0.115348
    outer loop
      vertex 16.0689 49.4549 17.4632
      vertex 20.9186 46.9839 22.3625
      vertex 15.8928 48.9131 22.3625
    endloop
  endfacet
  facet normal -0.700206 -0.110915 -0.705272
    outer loop
      vertex 39.5827 8.41357 44.6186
      vertex 40.2454 4.22996 44.6186
      vertex 36.6183 3.84874 48.2796
    endloop
  endfacet
  facet normal -0.778756 -0.0407976 -0.625999
    outer loop
      vertex 43.4315 4.56483 40.6332
      vertex 40.467 0 44.6186
      vertex 40.2454 4.22996 44.6186
    endloop
  endfacet
  facet normal -0.814355 -0.218208 -0.537783
    outer loop
      vertex 44.1251 14.3371 36.3668
      vertex 42.7164 9.07965 40.6332
      vertex 41.5333 13.495 40.6332
    endloop
  endfacet
  facet normal -0.684782 -0.183471 -0.705274
    outer loop
      vertex 38.4865 12.505 44.6186
      vertex 39.5827 8.41357 44.6186
      vertex 35.0179 11.378 48.2796
    endloop
  endfacet
  facet normal -0.896077 -0.0469603 -0.441408
    outer loop
      vertex 48.3465 5.08142 31.8664
      vertex 48.6128 0 31.8664
      vertex 46.3959 0 36.3668
    endloop
  endfacet
  facet normal -0.896077 0.0469603 -0.441408
    outer loop
      vertex 48.6128 0 31.8664
      vertex 48.3465 -5.08142 31.8664
      vertex 46.3959 0 36.3668
    endloop
  endfacet
  facet normal -0.832696 0.131886 -0.537794
    outer loop
      vertex 46.1418 -4.84969 36.3668
      vertex 45.3821 -9.64625 36.3668
      vertex 42.7164 -9.07965 40.6332
    endloop
  endfacet
  facet normal -0.886263 0.14037 -0.441399
    outer loop
      vertex 46.1418 -4.84969 36.3668
      vertex 48.3465 -5.08142 31.8664
      vertex 45.3821 -9.64625 36.3668
    endloop
  endfacet
  facet normal -0.631672 -0.321853 -0.705266
    outer loop
      vertex 35.0455 20.2335 44.6186
      vertex 36.9685 16.4594 44.6186
      vertex 33.6368 14.976 48.2796
    endloop
  endfacet
  facet normal -0.654003 -0.424723 -0.626012
    outer loop
      vertex 35.3304 25.669 40.6332
      vertex 35.0455 20.2335 44.6186
      vertex 32.7385 23.7859 44.6186
    endloop
  endfacet
  facet normal -0.867398 -0.441983 -0.228629
    outer loop
      vertex 44.5399 25.7151 22.3625
      vertex 45.9487 20.4577 27.1812
      vertex 43.5585 25.1485 27.1812
    endloop
  endfacet
  facet normal -0.816465 -0.530201 -0.228628
    outer loop
      vertex 44.5399 25.7151 22.3625
      vertex 43.5585 25.1485 27.1812
      vertex 40.6912 29.5639 27.1812
    endloop
  endfacet
  facet normal -0.885054 -0.450968 -0.115355
    outer loop
      vertex 47.5044 21.1503 17.4632
      vertex 46.9839 20.9186 22.3625
      vertex 45.0333 26 17.4632
    endloop
  endfacet
  facet normal -0.789353 -0.512603 -0.337875
    outer loop
      vertex 43.5585 25.1485 27.1812
      vertex 42.0999 24.3064 31.8664
      vertex 39.3286 28.5739 31.8664
    endloop
  endfacet
  facet normal -0.789355 -0.512596 -0.337882
    outer loop
      vertex 40.6912 29.5639 27.1812
      vertex 43.5585 25.1485 27.1812
      vertex 39.3286 28.5739 31.8664
    endloop
  endfacet
  facet normal -0.386121 -0.594568 -0.705265
    outer loop
      vertex 20.2335 35.0455 44.6186
      vertex 21.6423 29.788 48.2796
      vertex 18.41 31.8871 48.2796
    endloop
  endfacet
  facet normal -0.382747 -0.751201 -0.537775
    outer loop
      vertex 23.198 40.18 36.3668
      vertex 21.8354 37.82 40.6332
      vertex 17.7625 39.8952 40.6332
    endloop
  endfacet
  facet normal -0.59615 -0.59615 -0.537784
    outer loop
      vertex 34.4789 31.0449 36.3668
      vertex 29.2214 32.4537 40.6332
      vertex 31.0449 34.4789 36.3668
    endloop
  endfacet
  facet normal -0.59615 -0.59615 -0.537784
    outer loop
      vertex 29.2214 32.4537 40.6332
      vertex 34.4789 31.0449 36.3668
      vertex 32.4537 29.2214 40.6332
    endloop
  endfacet
  facet normal -0.530569 -0.655199 -0.537784
    outer loop
      vertex 31.0449 34.4789 36.3668
      vertex 29.2214 32.4537 40.6332
      vertex 27.2708 37.5351 36.3668
    endloop
  endfacet
  facet normal -0.337289 -0.878672 -0.337892
    outer loop
      vertex 20.4577 45.9487 27.1812
      vertex 19.7726 44.41 31.8664
      vertex 15.0222 46.2335 31.8664
    endloop
  endfacet
  facet normal -0.441976 -0.867405 -0.228619
    outer loop
      vertex 20.9186 46.9839 22.3625
      vertex 25.7151 44.5399 22.3625
      vertex 20.4577 45.9487 27.1812
    endloop
  endfacet
  facet normal -0.278663 -0.0441205 -0.959375
    outer loop
      vertex 18.2529 3.87978 58.9385
      vertex 13.4032 1.40874 60.4608
      vertex 13.1826 2.80204 60.4608
    endloop
  endfacet
  facet normal -0.278654 -0.0441406 -0.959377
    outer loop
      vertex 18.2529 3.87978 58.9385
      vertex 18.5585 1.95057 58.9385
      vertex 13.4032 1.40874 60.4608
    endloop
  endfacet
  facet normal -0.43237 -0.165984 -0.886287
    outer loop
      vertex 25.9082 11.5351 54.4716
      vertex 26.9721 8.76375 54.4716
      vertex 22.4829 7.30513 56.9348
    endloop
  endfacet
  facet normal -0.42699 -0.345776 -0.835535
    outer loop
      vertex 24.3525 21.9271 51.576
      vertex 26.5111 19.2615 51.576
      vertex 21.0757 18.9766 54.4716
    endloop
  endfacet
  facet normal -0.412661 -0.210254 -0.886287
    outer loop
      vertex 24.5606 14.18 54.4716
      vertex 25.9082 11.5351 54.4716
      vertex 21.5961 9.61521 56.9348
    endloop
  endfacet
  facet normal -0.313463 -0.20356 -0.927526
    outer loop
      vertex 19.1251 13.8952 56.9348
      vertex 16.1606 9.33035 58.9385
      vertex 15.0968 10.9685 58.9385
    endloop
  endfacet
  facet normal -0.236617 -0.15366 -0.959375
    outer loop
      vertex 16.1606 9.33035 58.9385
      vertex 11.6715 6.73853 60.4608
      vertex 10.9032 7.92162 60.4608
    endloop
  endfacet
  facet normal -0.447354 -0.119867 -0.886288
    outer loop
      vertex 26.9721 8.76375 54.4716
      vertex 27.7404 5.89639 54.4716
      vertex 22.4829 7.30513 56.9348
    endloop
  endfacet
  facet normal -0.530715 -0.142203 -0.835536
    outer loop
      vertex 31.1657 10.1264 51.576
      vertex 27.7404 5.89639 54.4716
      vertex 26.9721 8.76375 54.4716
    endloop
  endfacet
  facet normal -0.210254 -0.412661 -0.886287
    outer loop
      vertex 11.5351 25.9082 54.4716
      vertex 14.18 24.5606 54.4716
      vertex 9.61521 21.5961 56.9348
    endloop
  endfacet
  facet normal -0.252252 -0.388419 -0.886284
    outer loop
      vertex 14.18 24.5606 54.4716
      vertex 13.8952 19.1251 56.9348
      vertex 11.82 20.4728 56.9348
    endloop
  endfacet
  facet normal -0.249435 -0.489547 -0.835539
    outer loop
      vertex 16.3848 28.3793 51.576
      vertex 14.18 24.5606 54.4716
      vertex 13.3286 29.9365 51.576
    endloop
  endfacet
  facet normal -0.226388 -0.58978 -0.775183
    outer loop
      vertex 14.976 33.6368 48.2796
      vertex 13.3286 29.9365 51.576
      vertex 11.378 35.0179 48.2796
    endloop
  endfacet
  facet normal -0.0724535 -0.457438 -0.886285
    outer loop
      vertex 2.96444 28.2047 54.4716
      vertex 4.91501 23.1233 56.9348
      vertex 2.47104 23.5104 56.9348
    endloop
  endfacet
  facet normal -0.0859522 -0.54266 -0.835543
    outer loop
      vertex 3.42535 32.5901 51.576
      vertex 6.81318 32.0535 51.576
      vertex 2.96444 28.2047 54.4716
    endloop
  endfacet
  facet normal -0.119867 -0.447354 -0.886288
    outer loop
      vertex 8.76375 26.9721 54.4716
      vertex 7.30513 22.4829 56.9348
      vertex 5.89639 27.7404 54.4716
    endloop
  endfacet
  facet normal -0.119862 -0.447354 -0.886289
    outer loop
      vertex 5.89639 27.7404 54.4716
      vertex 7.30513 22.4829 56.9348
      vertex 4.91501 23.1233 56.9348
    endloop
  endfacet
  facet normal 0.369159 -0.058471 -0.927525
    outer loop
      vertex -23.1233 4.91501 56.9348
      vertex -18.2529 3.87978 58.9385
      vertex -23.5104 2.47104 56.9348
    endloop
  endfacet
  facet normal 0.388419 -0.252252 -0.886284
    outer loop
      vertex -19.1251 13.8952 56.9348
      vertex -20.4728 11.82 56.9348
      vertex -24.5606 14.18 54.4716
    endloop
  endfacet
  facet normal 0.186603 -0.0295446 -0.981991
    outer loop
      vertex -13.1826 2.80204 60.4608
      vertex -7.96775 1.6936 61.4851
      vertex -13.4032 1.40874 60.4608
    endloop
  endfacet
  facet normal 0.512936 -0.196896 -0.835541
    outer loop
      vertex -29.9365 13.3286 51.576
      vertex -25.9082 11.5351 54.4716
      vertex -31.1657 10.1264 51.576
    endloop
  endfacet
  facet normal 0.0735907 -0.0595922 -0.995506
    outer loop
      vertex -2.02522 1.82352 62
      vertex -2.20474 1.60183 62
      vertex -6.05348 5.45057 61.4851
    endloop
  endfacet
  facet normal 0.264289 -0.264289 -0.927525
    outer loop
      vertex -13.8676 12.4865 58.9385
      vertex -15.8182 17.5679 56.9348
      vertex -12.4865 13.8676 58.9385
    endloop
  endfacet
  facet normal 0.264289 -0.264289 -0.927525
    outer loop
      vertex -15.8182 17.5679 56.9348
      vertex -13.8676 12.4865 58.9385
      vertex -17.5679 15.8182 56.9348
    endloop
  endfacet
  facet normal 0.489547 -0.249429 -0.835541
    outer loop
      vertex -24.5606 14.18 54.4716
      vertex -25.9082 11.5351 54.4716
      vertex -29.9365 13.3286 51.576
    endloop
  endfacet
  facet normal 0.272516 -0.073015 -0.959377
    outer loop
      vertex -17.7474 5.76647 58.9385
      vertex -12.8174 4.16464 60.4608
      vertex -18.2529 3.87978 58.9385
    endloop
  endfacet
  facet normal 0.630877 0.0330622 -0.775178
    outer loop
      vertex -32.5901 -3.42535 51.576
      vertex -36.6183 -3.84874 48.2796
      vertex -36.82 0 48.2796
    endloop
  endfacet
  facet normal 0.684787 0.18349 -0.705265
    outer loop
      vertex -36.0154 -7.65531 48.2796
      vertex -35.0179 -11.378 48.2796
      vertex -39.5827 -8.41357 44.6186
    endloop
  endfacet
  facet normal 0.707966 -0.0370891 -0.705272
    outer loop
      vertex -40.2454 4.22996 44.6186
      vertex -36.6183 3.84874 48.2796
      vertex -40.467 0 44.6186
    endloop
  endfacet
  facet normal 0.700206 -0.110915 -0.705272
    outer loop
      vertex -39.5827 8.41357 44.6186
      vertex -36.6183 3.84874 48.2796
      vertex -40.2454 4.22996 44.6186
    endloop
  endfacet
  facet normal 0.0469603 -0.896077 -0.441408
    outer loop
      vertex 0 48.6128 31.8664
      vertex 0 46.3959 36.3668
      vertex -5.08142 48.3465 31.8664
    endloop
  endfacet
  facet normal 0.140369 -0.886263 -0.4414
    outer loop
      vertex -5.08142 48.3465 31.8664
      vertex -9.64625 45.3821 36.3668
      vertex -10.1072 47.5505 31.8664
    endloop
  endfacet
  facet normal -0.321853 -0.631672 -0.705266
    outer loop
      vertex 16.4594 36.9685 44.6186
      vertex 20.2335 35.0455 44.6186
      vertex 14.976 33.6368 48.2796
    endloop
  endfacet
  facet normal -0.254053 -0.66185 -0.705274
    outer loop
      vertex 12.505 38.4865 44.6186
      vertex 14.976 33.6368 48.2796
      vertex 11.378 35.0179 48.2796
    endloop
  endfacet
  facet normal -0.354023 -0.694824 -0.626009
    outer loop
      vertex 21.8354 37.82 40.6332
      vertex 20.2335 35.0455 44.6186
      vertex 17.7625 39.8952 40.6332
    endloop
  endfacet
  facet normal -0.424721 -0.654006 -0.62601
    outer loop
      vertex 21.8354 37.82 40.6332
      vertex 25.669 35.3304 40.6332
      vertex 20.2335 35.0455 44.6186
    endloop
  endfacet
  facet normal -0.218219 -0.814345 -0.537794
    outer loop
      vertex 9.64625 45.3821 36.3668
      vertex 14.3371 44.1251 36.3668
      vertex 9.07965 42.7164 40.6332
    endloop
  endfacet
  facet normal -0.427306 -0.838593 -0.337892
    outer loop
      vertex 20.4577 45.9487 27.1812
      vertex 25.1485 43.5585 27.1812
      vertex 19.7726 44.41 31.8664
    endloop
  endfacet
  facet normal -0.382756 -0.751189 -0.537785
    outer loop
      vertex 18.8709 42.3848 36.3668
      vertex 23.198 40.18 36.3668
      vertex 17.7625 39.8952 40.6332
    endloop
  endfacet
  facet normal -0.131891 -0.832698 -0.537791
    outer loop
      vertex 4.84969 46.1418 36.3668
      vertex 9.07965 42.7164 40.6332
      vertex 4.56483 43.4315 40.6332
    endloop
  endfacet
  facet normal 0.981096 0.155383 -0.115352
    outer loop
      vertex -51.1485 -5.37593 22.3625
      vertex -50.3064 -10.693 22.3625
      vertex -51.7151 -5.43548 17.4632
    endloop
  endfacet
  facet normal 0.972179 0.0509605 -0.228627
    outer loop
      vertex -50.0215 -5.25747 27.1812
      vertex -51.1485 -5.37593 22.3625
      vertex -51.4303 0 22.3625
    endloop
  endfacet
  facet normal 0.939902 0.0492571 -0.337874
    outer loop
      vertex -48.6128 0 31.8664
      vertex -48.3465 -5.08142 31.8664
      vertex -50.0215 -5.25747 27.1812
    endloop
  endfacet
  facet normal 0.929604 0.147234 -0.337874
    outer loop
      vertex -48.3465 -5.08142 31.8664
      vertex -47.5505 -10.1072 31.8664
      vertex -50.0215 -5.25747 27.1812
    endloop
  endfacet
  facet normal 0.961532 -0.152278 -0.228621
    outer loop
      vertex -49.198 10.4573 27.1812
      vertex -50.0215 5.25747 27.1812
      vertex -50.3064 10.693 22.3625
    endloop
  endfacet
  facet normal 0.96153 -0.152284 -0.228627
    outer loop
      vertex -50.3064 10.693 22.3625
      vertex -50.0215 5.25747 27.1812
      vertex -51.1485 5.37593 22.3625
    endloop
  endfacet
  facet normal 0.886263 -0.14037 -0.441399
    outer loop
      vertex -45.3821 9.64625 36.3668
      vertex -46.1418 4.84969 36.3668
      vertex -48.3465 5.08142 31.8664
    endloop
  endfacet
  facet normal 0.896082 -0.0469503 -0.441399
    outer loop
      vertex -46.1418 4.84969 36.3668
      vertex -46.3959 0 36.3668
      vertex -48.3465 5.08142 31.8664
    endloop
  endfacet
  facet normal 0.837707 0.321564 -0.441411
    outer loop
      vertex -44.1251 -14.3371 36.3668
      vertex -44.41 -19.7726 31.8664
      vertex -46.2335 -15.0222 31.8664
    endloop
  endfacet
  facet normal 0.837714 0.321557 -0.441402
    outer loop
      vertex -44.1251 -14.3371 36.3668
      vertex -42.3848 -18.8709 36.3668
      vertex -44.41 -19.7726 31.8664
    endloop
  endfacet
  facet normal 0.489547 0.249429 -0.835541
    outer loop
      vertex -25.9082 -11.5351 54.4716
      vertex -24.5606 -14.18 54.4716
      vertex -29.9365 -13.3286 51.576
    endloop
  endfacet
  facet normal 0.548672 -0.0287523 -0.835543
    outer loop
      vertex -32.5901 3.42535 51.576
      vertex -28.2047 2.96444 54.4716
      vertex -32.7696 0 51.576
    endloop
  endfacet
  facet normal 0.62513 0.771951 -0.11534
    outer loop
      vertex -30.23 -41.608 22.3625
      vertex -30.5648 -42.0689 17.4632
      vertex -34.4136 -38.2201 22.3625
    endloop
  endfacet
  facet normal 0.541002 0.833075 -0.115341
    outer loop
      vertex -30.23 -41.608 22.3625
      vertex -26 -45.0333 17.4632
      vertex -30.5648 -42.0689 17.4632
    endloop
  endfacet
  facet normal 0.866734 0.232246 -0.441401
    outer loop
      vertex -45.3821 -9.64625 36.3668
      vertex -46.2335 -15.0222 31.8664
      vertex -47.5505 -10.1072 31.8664
    endloop
  endfacet
  facet normal 0.909116 0.243602 -0.337884
    outer loop
      vertex -47.5505 -10.1072 31.8664
      vertex -46.2335 -15.0222 31.8664
      vertex -49.198 -10.4573 27.1812
    endloop
  endfacet
  facet normal 0.771951 0.62513 -0.11534
    outer loop
      vertex -41.608 -30.23 22.3625
      vertex -38.2201 -34.4136 22.3625
      vertex -42.0689 -30.5648 17.4632
    endloop
  endfacet
  facet normal 0.756554 0.612661 -0.228631
    outer loop
      vertex -40.6912 -29.5639 27.1812
      vertex -38.2201 -34.4136 22.3625
      vertex -41.608 -30.23 22.3625
    endloop
  endfacet
  facet normal 0.838606 0.427294 -0.337876
    outer loop
      vertex -42.0999 -24.3064 31.8664
      vertex -43.5585 -25.1485 27.1812
      vertex -44.41 -19.7726 31.8664
    endloop
  endfacet
  facet normal 0.789353 0.512603 -0.337875
    outer loop
      vertex -42.0999 -24.3064 31.8664
      vertex -39.3286 -28.5739 31.8664
      vertex -43.5585 -25.1485 27.1812
    endloop
  endfacet
  facet normal 0.697338 0.564691 -0.441411
    outer loop
      vertex -34.4789 -31.0449 36.3668
      vertex -36.1264 -32.5283 31.8664
      vertex -39.3286 -28.5739 31.8664
    endloop
  endfacet
  facet normal 0.63449 0.63449 -0.441411
    outer loop
      vertex -31.0449 -34.4789 36.3668
      vertex -36.1264 -32.5283 31.8664
      vertex -34.4789 -31.0449 36.3668
    endloop
  endfacet
  facet normal 0.63449 0.63449 -0.441411
    outer loop
      vertex -36.1264 -32.5283 31.8664
      vertex -31.0449 -34.4789 36.3668
      vertex -32.5283 -36.1264 31.8664
    endloop
  endfacet
  facet normal 0.432373 0.165981 -0.886287
    outer loop
      vertex -22.4829 -7.30513 56.9348
      vertex -21.5961 -9.61521 56.9348
      vertex -25.9082 -11.5351 54.4716
    endloop
  endfacet
  facet normal 0.41267 0.210248 -0.886284
    outer loop
      vertex -21.5961 -9.61521 56.9348
      vertex -20.4728 -11.82 56.9348
      vertex -24.5606 -14.18 54.4716
    endloop
  endfacet
  facet normal 0.0245087 0.0914666 -0.995506
    outer loop
      vertex -0.842134 -2.59182 62
      vertex -1.6936 -7.96775 61.4851
      vertex -2.51718 -7.74707 61.4851
    endloop
  endfacet
  facet normal 0.0489095 0.182487 -0.981991
    outer loop
      vertex -1.6936 -7.96775 61.4851
      vertex -2.80204 -13.1826 60.4608
      vertex -4.16464 -12.8174 60.4608
    endloop
  endfacet
  facet normal 0.03306 0.630876 -0.775179
    outer loop
      vertex 0 -32.7696 51.576
      vertex 0 -36.82 48.2796
      vertex -3.42535 -32.5901 51.576
    endloop
  endfacet
  facet normal -0.03306 0.630876 -0.775179
    outer loop
      vertex 0 -32.7696 51.576
      vertex 3.42535 -32.5901 51.576
      vertex 0 -36.82 48.2796
    endloop
  endfacet
  facet normal -0.0371025 0.707972 -0.705265
    outer loop
      vertex 0 -36.82 48.2796
      vertex 3.84874 -36.6183 48.2796
      vertex 0 -40.467 44.6186
    endloop
  endfacet
  facet normal 0.040807 0.77875 -0.626005
    outer loop
      vertex 0 -40.467 44.6186
      vertex 0 -43.6707 40.6332
      vertex -4.56483 -43.4315 40.6332
    endloop
  endfacet
  facet normal 0.0242451 0.462505 -0.886285
    outer loop
      vertex -2.47104 -23.5104 56.9348
      vertex 0 -28.3601 54.4716
      vertex -2.96444 -28.2047 54.4716
    endloop
  endfacet
  facet normal 0.142203 0.530715 -0.835536
    outer loop
      vertex -8.76375 -26.9721 54.4716
      vertex -5.89639 -27.7404 54.4716
      vertex -10.1264 -31.1657 51.576
    endloop
  endfacet
  facet normal -0.133593 0.133593 -0.981991
    outer loop
      vertex 9.01791 -10.0154 60.4608
      vertex 6.05348 -5.45057 61.4851
      vertex 10.0154 -9.01791 60.4608
    endloop
  endfacet
  facet normal -0.133593 0.133593 -0.981991
    outer loop
      vertex 6.05348 -5.45057 61.4851
      vertex 9.01791 -10.0154 60.4608
      vertex 5.45057 -6.05348 61.4851
    endloop
  endfacet
  facet normal -0.0295446 0.186603 -0.981991
    outer loop
      vertex 1.6936 -7.96775 61.4851
      vertex 2.80204 -13.1826 60.4608
      vertex 1.40874 -13.4032 60.4608
    endloop
  endfacet
  facet normal 0.1189 0.146822 -0.981991
    outer loop
      vertex -5.45057 -6.05348 61.4851
      vertex -7.92162 -10.9032 60.4608
      vertex -9.01791 -10.0154 60.4608
    endloop
  endfacet
  facet normal 0.168335 0.0857719 -0.981991
    outer loop
      vertex -7.44152 -3.31318 61.4851
      vertex -7.05443 -4.07288 61.4851
      vertex -11.6715 -6.73853 60.4608
    endloop
  endfacet
  facet normal -0.188668 0.00989717 -0.981991
    outer loop
      vertex 13.4771 0 60.4608
      vertex 13.4032 -1.40874 60.4608
      vertex 8.14575 0 61.4851
    endloop
  endfacet
  facet normal -0.0945634 -0.00495621 -0.995507
    outer loop
      vertex 8.10113 0.851463 61.4851
      vertex 2.7252 0 62
      vertex 2.71027 0.284861 62
    endloop
  endfacet
  facet normal -0.176381 0.0677052 -0.981991
    outer loop
      vertex 7.74707 -2.51718 61.4851
      vertex 12.8174 -4.16464 60.4608
      vertex 7.44152 -3.31318 61.4851
    endloop
  endfacet
  facet normal -0.176382 0.0677017 -0.981991
    outer loop
      vertex 12.8174 -4.16464 60.4608
      vertex 12.3119 -5.48161 60.4608
      vertex 7.44152 -3.31318 61.4851
    endloop
  endfacet
  facet normal -0.0339345 0.088404 -0.995507
    outer loop
      vertex 3.31318 -7.44152 61.4851
      vertex 2.51718 -7.74707 61.4851
      vertex 0.842134 -2.59182 62
    endloop
  endfacet
  facet normal -0.0595922 0.0735907 -0.995506
    outer loop
      vertex 1.82352 -2.02522 62
      vertex 5.45057 -6.05348 61.4851
      vertex 1.60183 -2.20474 62
    endloop
  endfacet
  facet normal -0.073591 0.0595918 -0.995506
    outer loop
      vertex 6.59005 -4.78795 61.4851
      vertex 6.05348 -5.45057 61.4851
      vertex 2.20474 -1.60183 62
    endloop
  endfacet
  facet normal -0.158447 0.102899 -0.981991
    outer loop
      vertex 7.05443 -4.07288 61.4851
      vertex 11.6715 -6.73853 60.4608
      vertex 6.59005 -4.78795 61.4851
    endloop
  endfacet
  facet normal -0.102896 0.158448 -0.981991
    outer loop
      vertex 7.92162 -10.9032 60.4608
      vertex 6.73853 -11.6715 60.4608
      vertex 4.78795 -6.59005 61.4851
    endloop
  endfacet
  facet normal -0.219251 0.177554 -0.959377
    outer loop
      vertex 10.9032 -7.92162 60.4608
      vertex 13.8676 -12.4865 58.9385
      vertex 10.0154 -9.01791 60.4608
    endloop
  endfacet
  facet normal -0.119867 0.447354 -0.886288
    outer loop
      vertex 7.30513 -22.4829 56.9348
      vertex 8.76375 -26.9721 54.4716
      vertex 5.89639 -27.7404 54.4716
    endloop
  endfacet
  facet normal -0.165984 0.43237 -0.886287
    outer loop
      vertex 11.5351 -25.9082 54.4716
      vertex 8.76375 -26.9721 54.4716
      vertex 7.30513 -22.4829 56.9348
    endloop
  endfacet
  facet normal 0.799506 0.407371 -0.441406
    outer loop
      vertex -40.18 -23.198 36.3668
      vertex -42.0999 -24.3064 31.8664
      vertex -44.41 -19.7726 31.8664
    endloop
  endfacet
  facet normal 0.75255 0.488703 -0.441405
    outer loop
      vertex -40.18 -23.198 36.3668
      vertex -39.3286 -28.5739 31.8664
      vertex -42.0999 -24.3064 31.8664
    endloop
  endfacet
  facet normal 0.728034 0.279459 -0.625994
    outer loop
      vertex -38.4865 -12.505 44.6186
      vertex -39.8952 -17.7625 40.6332
      vertex -41.5333 -13.495 40.6332
    endloop
  endfacet
  facet normal 0.787088 0.302124 -0.537786
    outer loop
      vertex -39.8952 -17.7625 40.6332
      vertex -42.3848 -18.8709 36.3668
      vertex -44.1251 -14.3371 36.3668
    endloop
  endfacet
  facet normal 0.530711 0.142208 -0.835538
    outer loop
      vertex -27.7404 -5.89639 54.4716
      vertex -31.1657 -10.1264 51.576
      vertex -32.0535 -6.81318 51.576
    endloop
  endfacet
  facet normal 0.630876 0.03306 -0.775179
    outer loop
      vertex -32.7696 0 51.576
      vertex -32.5901 -3.42535 51.576
      vertex -36.82 0 48.2796
    endloop
  endfacet
  facet normal 0.490947 0.397569 -0.775184
    outer loop
      vertex -26.5111 -19.2615 51.576
      vertex -24.3525 -21.9271 51.576
      vertex -29.788 -21.6423 48.2796
    endloop
  endfacet
  facet normal 0.594568 0.386121 -0.705265
    outer loop
      vertex -31.8871 -18.41 48.2796
      vertex -29.788 -21.6423 48.2796
      vertex -35.0455 -20.2335 44.6186
    endloop
  endfacet
  facet normal 0.412661 0.210254 -0.886287
    outer loop
      vertex -21.5961 -9.61521 56.9348
      vertex -24.5606 -14.18 54.4716
      vertex -25.9082 -11.5351 54.4716
    endloop
  endfacet
  facet normal 0.512938 0.196913 -0.835536
    outer loop
      vertex -26.9721 -8.76375 54.4716
      vertex -25.9082 -11.5351 54.4716
      vertex -31.1657 -10.1264 51.576
    endloop
  endfacet
  facet normal 0.235213 0.290466 -0.927526
    outer loop
      vertex -10.9685 -15.0968 58.9385
      vertex -13.8952 -19.1251 56.9348
      vertex -15.8182 -17.5679 56.9348
    endloop
  endfacet
  facet normal 0.165981 0.432373 -0.886287
    outer loop
      vertex -9.61521 -21.5961 56.9348
      vertex -7.30513 -22.4829 56.9348
      vertex -11.5351 -25.9082 54.4716
    endloop
  endfacet
  facet normal 0.299246 0.460789 -0.835539
    outer loop
      vertex -16.6696 -22.9438 54.4716
      vertex -14.18 -24.5606 54.4716
      vertex -19.2615 -26.5111 51.576
    endloop
  endfacet
  facet normal 0.299247 0.460787 -0.83554
    outer loop
      vertex -14.18 -24.5606 54.4716
      vertex -16.3848 -28.3793 51.576
      vertex -19.2615 -26.5111 51.576
    endloop
  endfacet
  facet normal 0.388419 0.252252 -0.886284
    outer loop
      vertex -20.4728 -11.82 56.9348
      vertex -19.1251 -13.8952 56.9348
      vertex -24.5606 -14.18 54.4716
    endloop
  endfacet
  facet normal 0.313454 0.203567 -0.927527
    outer loop
      vertex -16.1606 -9.33035 58.9385
      vertex -19.1251 -13.8952 56.9348
      vertex -20.4728 -11.82 56.9348
    endloop
  endfacet
  facet normal 0.176381 0.0677052 -0.981991
    outer loop
      vertex -7.74707 -2.51718 61.4851
      vertex -7.44152 -3.31318 61.4851
      vertex -12.8174 -4.16464 60.4608
    endloop
  endfacet
  facet normal 0.462502 0.0242384 -0.886287
    outer loop
      vertex -23.6399 0 56.9348
      vertex -23.5104 -2.47104 56.9348
      vertex -28.3601 0 54.4716
    endloop
  endfacet
  facet normal 0.457433 0.0724386 -0.886288
    outer loop
      vertex -23.1233 -4.91501 56.9348
      vertex -27.7404 -5.89639 54.4716
      vertex -28.2047 -2.96444 54.4716
    endloop
  endfacet
  facet normal 0.0859522 0.54266 -0.835543
    outer loop
      vertex -2.96444 -28.2047 54.4716
      vertex -3.42535 -32.5901 51.576
      vertex -6.81318 -32.0535 51.576
    endloop
  endfacet
  facet normal 0.345759 0.426994 -0.83554
    outer loop
      vertex -18.9766 -21.0757 54.4716
      vertex -16.6696 -22.9438 54.4716
      vertex -19.2615 -26.5111 51.576
    endloop
  endfacet
  facet normal 0.490755 0.606028 -0.626011
    outer loop
      vertex -23.7859 -32.7385 44.6186
      vertex -25.669 -35.3304 40.6332
      vertex -29.2214 -32.4537 40.6332
    endloop
  endfacet
  facet normal 0.321557 0.837714 -0.441402
    outer loop
      vertex -18.8709 -42.3848 36.3668
      vertex -14.3371 -44.1251 36.3668
      vertex -19.7726 -44.41 31.8664
    endloop
  endfacet
  facet normal 0.218219 0.814345 -0.537794
    outer loop
      vertex -9.07965 -42.7164 40.6332
      vertex -9.64625 -45.3821 36.3668
      vertex -14.3371 -44.1251 36.3668
    endloop
  endfacet
  facet normal 0.232246 0.866734 -0.441401
    outer loop
      vertex -9.64625 -45.3821 36.3668
      vertex -10.1072 -47.5505 31.8664
      vertex -15.0222 -46.2335 31.8664
    endloop
  endfacet
  facet normal -0.291455 0.359931 -0.886286
    outer loop
      vertex 18.9766 -21.0757 54.4716
      vertex 16.6696 -22.9438 54.4716
      vertex 15.8182 -17.5679 56.9348
    endloop
  endfacet
  facet normal -0.299246 0.460789 -0.835539
    outer loop
      vertex 16.6696 -22.9438 54.4716
      vertex 19.2615 -26.5111 51.576
      vertex 14.18 -24.5606 54.4716
    endloop
  endfacet
  facet normal -0.42699 0.345776 -0.835535
    outer loop
      vertex 26.5111 -19.2615 51.576
      vertex 24.3525 -21.9271 51.576
      vertex 21.0757 -18.9766 54.4716
    endloop
  endfacet
  facet normal -0.562883 0.286801 -0.775182
    outer loop
      vertex 29.9365 -13.3286 51.576
      vertex 31.8871 -18.41 48.2796
      vertex 28.3793 -16.3848 51.576
    endloop
  endfacet
  facet normal -0.489547 0.249435 -0.835539
    outer loop
      vertex 29.9365 -13.3286 51.576
      vertex 28.3793 -16.3848 51.576
      vertex 24.5606 -14.18 54.4716
    endloop
  endfacet
  facet normal -0.697338 0.564692 -0.441411
    outer loop
      vertex 37.5351 -27.2708 36.3668
      vertex 39.3286 -28.5739 31.8664
      vertex 34.4789 -31.0449 36.3668
    endloop
  endfacet
  facet normal -0.606028 0.490755 -0.626011
    outer loop
      vertex 32.7385 -23.7859 44.6186
      vertex 35.3304 -25.669 40.6332
      vertex 32.4537 -29.2214 40.6332
    endloop
  endfacet
  facet normal 0.337289 0.878672 -0.337892
    outer loop
      vertex -19.7726 -44.41 31.8664
      vertex -15.0222 -46.2335 31.8664
      vertex -20.4577 -45.9487 27.1812
    endloop
  endfacet
  facet normal 0.450969 0.885054 -0.115357
    outer loop
      vertex -25.7151 -44.5399 22.3625
      vertex -20.9186 -46.9839 22.3625
      vertex -26 -45.0333 17.4632
    endloop
  endfacet
  facet normal 0.257101 0.959476 -0.115347
    outer loop
      vertex -15.8928 -48.9131 22.3625
      vertex -10.8114 -50.8637 17.4632
      vertex -16.0689 -49.4549 17.4632
    endloop
  endfacet
  facet normal 0.348873 0.908857 -0.228619
    outer loop
      vertex -20.4577 -45.9487 27.1812
      vertex -15.8928 -48.9131 22.3625
      vertex -20.9186 -46.9839 22.3625
    endloop
  endfacet
  facet normal 0.337291 0.878671 -0.337894
    outer loop
      vertex -15.0222 -46.2335 31.8664
      vertex -15.5427 -47.8354 27.1812
      vertex -20.4577 -45.9487 27.1812
    endloop
  endfacet
  facet normal 0.04927 0.939896 -0.337887
    outer loop
      vertex 0 -48.6128 31.8664
      vertex 0 -50.2971 27.1812
      vertex -5.25747 -50.0215 27.1812
    endloop
  endfacet
  facet normal -0.04927 0.939896 -0.337887
    outer loop
      vertex 0 -48.6128 31.8664
      vertex 5.25747 -50.0215 27.1812
      vertex 0 -50.2971 27.1812
    endloop
  endfacet
  facet normal 0.243602 0.909116 -0.337884
    outer loop
      vertex -10.1072 -47.5505 31.8664
      vertex -10.4573 -49.198 27.1812
      vertex -15.0222 -46.2335 31.8664
    endloop
  endfacet
  facet normal 0.251968 0.940345 -0.228614
    outer loop
      vertex -15.5427 -47.8354 27.1812
      vertex -10.693 -50.3064 22.3625
      vertex -15.8928 -48.9131 22.3625
    endloop
  endfacet
  facet normal -0.0519975 0.991963 -0.115352
    outer loop
      vertex 5.37593 -51.1485 22.3625
      vertex 5.43548 -51.7151 17.4632
      vertex 0 -51.4303 22.3625
    endloop
  endfacet
  facet normal -0.96153 -0.152284 -0.228627
    outer loop
      vertex 50.3064 10.693 22.3625
      vertex 51.1485 5.37593 22.3625
      vertex 50.0215 5.25747 27.1812
    endloop
  endfacet
  facet normal -0.972179 -0.0509605 -0.228627
    outer loop
      vertex 51.1485 5.37593 22.3625
      vertex 51.4303 0 22.3625
      vertex 50.0215 5.25747 27.1812
    endloop
  endfacet
  facet normal -0.92735 -0.355972 -0.115348
    outer loop
      vertex 49.4549 16.0689 17.4632
      vertex 48.9131 15.8928 22.3625
      vertex 46.9839 20.9186 22.3625
    endloop
  endfacet
  facet normal -0.908857 -0.348873 -0.228619
    outer loop
      vertex 46.9839 20.9186 22.3625
      vertex 48.9131 15.8928 22.3625
      vertex 45.9487 20.4577 27.1812
    endloop
  endfacet
  facet normal -0.959476 0.257101 -0.115347
    outer loop
      vertex 50.8637 -10.8114 17.4632
      vertex 49.4549 -16.0689 17.4632
      vertex 48.9131 -15.8928 22.3625
    endloop
  endfacet
  facet normal 0.959477 0.257094 -0.115355
    outer loop
      vertex -50.3064 -10.693 22.3625
      vertex -48.9131 -15.8928 22.3625
      vertex -50.8637 -10.8114 17.4632
    endloop
  endfacet
  facet normal 0.981097 0.155379 -0.115356
    outer loop
      vertex -50.3064 -10.693 22.3625
      vertex -50.8637 -10.8114 17.4632
      vertex -51.7151 -5.43548 17.4632
    endloop
  endfacet
  facet normal 0.92735 0.355972 -0.115348
    outer loop
      vertex -48.9131 -15.8928 22.3625
      vertex -46.9839 -20.9186 22.3625
      vertex -49.4549 -16.0689 17.4632
    endloop
  endfacet
  facet normal 0.837714 -0.321557 -0.441402
    outer loop
      vertex -42.3848 18.8709 36.3668
      vertex -44.1251 14.3371 36.3668
      vertex -44.41 19.7726 31.8664
    endloop
  endfacet
  facet normal 0.751189 -0.382756 -0.537785
    outer loop
      vertex -40.18 23.198 36.3668
      vertex -39.8952 17.7625 40.6332
      vertex -42.3848 18.8709 36.3668
    endloop
  endfacet
  facet normal 0.155379 -0.981097 -0.115356
    outer loop
      vertex -5.43548 51.7151 17.4632
      vertex -10.693 50.3064 22.3625
      vertex -10.8114 50.8637 17.4632
    endloop
  endfacet
  facet normal 0.155383 -0.981096 -0.115352
    outer loop
      vertex -5.43548 51.7151 17.4632
      vertex -5.37593 51.1485 22.3625
      vertex -10.693 50.3064 22.3625
    endloop
  endfacet
  facet normal 0.612661 -0.756554 -0.228631
    outer loop
      vertex -30.23 41.608 22.3625
      vertex -29.5639 40.6912 27.1812
      vertex -34.4136 38.2201 22.3625
    endloop
  endfacet
  facet normal 0.789355 -0.512596 -0.337882
    outer loop
      vertex -40.6912 29.5639 27.1812
      vertex -39.3286 28.5739 31.8664
      vertex -43.5585 25.1485 27.1812
    endloop
  endfacet
  facet normal 0.488707 -0.752544 -0.44141
    outer loop
      vertex -23.198 40.18 36.3668
      vertex -27.2708 37.5351 36.3668
      vertex -28.5739 39.3286 31.8664
    endloop
  endfacet
  facet normal 0.450969 -0.885054 -0.115357
    outer loop
      vertex -20.9186 46.9839 22.3625
      vertex -25.7151 44.5399 22.3625
      vertex -26 45.0333 17.4632
    endloop
  endfacet
  facet normal 0.441976 -0.867405 -0.228619
    outer loop
      vertex -20.9186 46.9839 22.3625
      vertex -20.4577 45.9487 27.1812
      vertex -25.7151 44.5399 22.3625
    endloop
  endfacet
  facet normal 0.530199 -0.816466 -0.228631
    outer loop
      vertex -25.7151 44.5399 22.3625
      vertex -29.5639 40.6912 27.1812
      vertex -30.23 41.608 22.3625
    endloop
  endfacet
  facet normal 0.427294 -0.838606 -0.337876
    outer loop
      vertex -19.7726 44.41 31.8664
      vertex -24.3064 42.0999 31.8664
      vertex -25.1485 43.5585 27.1812
    endloop
  endfacet
  facet normal 0.427306 -0.838593 -0.337892
    outer loop
      vertex -20.4577 45.9487 27.1812
      vertex -19.7726 44.41 31.8664
      vertex -25.1485 43.5585 27.1812
    endloop
  endfacet
  facet normal -0.337291 -0.878671 -0.337894
    outer loop
      vertex 15.5427 47.8354 27.1812
      vertex 20.4577 45.9487 27.1812
      vertex 15.0222 46.2335 31.8664
    endloop
  endfacet
  facet normal -0.251959 -0.940345 -0.228623
    outer loop
      vertex 10.693 50.3064 22.3625
      vertex 15.5427 47.8354 27.1812
      vertex 10.4573 49.198 27.1812
    endloop
  endfacet
  facet normal 0.355972 -0.92735 -0.115348
    outer loop
      vertex -16.0689 49.4549 17.4632
      vertex -15.8928 48.9131 22.3625
      vertex -20.9186 46.9839 22.3625
    endloop
  endfacet
  facet normal 0.348873 -0.908857 -0.228619
    outer loop
      vertex -15.8928 48.9131 22.3625
      vertex -20.4577 45.9487 27.1812
      vertex -20.9186 46.9839 22.3625
    endloop
  endfacet
  facet normal 0.232255 -0.866726 -0.44141
    outer loop
      vertex -9.64625 45.3821 36.3668
      vertex -14.3371 44.1251 36.3668
      vertex -15.0222 46.2335 31.8664
    endloop
  endfacet
  facet normal 0.218219 -0.814345 -0.537794
    outer loop
      vertex -9.64625 45.3821 36.3668
      vertex -9.07965 42.7164 40.6332
      vertex -14.3371 44.1251 36.3668
    endloop
  endfacet
  facet normal -0.0509623 -0.97218 -0.228625
    outer loop
      vertex 0 51.4303 22.3625
      vertex 5.25747 50.0215 27.1812
      vertex 0 50.2971 27.1812
    endloop
  endfacet
  facet normal 0.0509623 -0.97218 -0.228625
    outer loop
      vertex 0 51.4303 22.3625
      vertex 0 50.2971 27.1812
      vertex -5.25747 50.0215 27.1812
    endloop
  endfacet
  facet normal 0.459183 -0.70707 -0.537776
    outer loop
      vertex -23.198 40.18 36.3668
      vertex -21.8354 37.82 40.6332
      vertex -25.669 35.3304 40.6332
    endloop
  endfacet
  facet normal 0.530569 -0.655199 -0.537784
    outer loop
      vertex -27.2708 37.5351 36.3668
      vertex -29.2214 32.4537 40.6332
      vertex -31.0449 34.4789 36.3668
    endloop
  endfacet
  facet normal 0.688379 -0.688379 -0.228626
    outer loop
      vertex -33.6553 37.378 27.1812
      vertex -38.2201 34.4136 22.3625
      vertex -34.4136 38.2201 22.3625
    endloop
  endfacet
  facet normal 0.688379 -0.688379 -0.228626
    outer loop
      vertex -38.2201 34.4136 22.3625
      vertex -33.6553 37.378 27.1812
      vertex -37.378 33.6553 27.1812
    endloop
  endfacet
  facet normal 0.612658 -0.756558 -0.228625
    outer loop
      vertex -29.5639 40.6912 27.1812
      vertex -33.6553 37.378 27.1812
      vertex -34.4136 38.2201 22.3625
    endloop
  endfacet
  facet normal 0.490948 -0.397564 -0.775186
    outer loop
      vertex -27.3626 24.6374 48.2796
      vertex -24.3525 21.9271 51.576
      vertex -29.788 21.6423 48.2796
    endloop
  endfacet
  facet normal 0.684782 -0.183471 -0.705274
    outer loop
      vertex -38.4865 12.505 44.6186
      vertex -35.0179 11.378 48.2796
      vertex -39.5827 8.41357 44.6186
    endloop
  endfacet
  facet normal 0.58978 -0.226388 -0.775183
    outer loop
      vertex -33.6368 14.976 48.2796
      vertex -29.9365 13.3286 51.576
      vertex -35.0179 11.378 48.2796
    endloop
  endfacet
  facet normal 0.407371 -0.799506 -0.441406
    outer loop
      vertex -19.7726 44.41 31.8664
      vertex -23.198 40.18 36.3668
      vertex -24.3064 42.0999 31.8664
    endloop
  endfacet
  facet normal 0.321557 -0.837714 -0.441402
    outer loop
      vertex -14.3371 44.1251 36.3668
      vertex -18.8709 42.3848 36.3668
      vertex -19.7726 44.41 31.8664
    endloop
  endfacet
  facet normal 0.121994 -0.770217 -0.626006
    outer loop
      vertex -4.56483 43.4315 40.6332
      vertex -8.41357 39.5827 44.6186
      vertex -9.07965 42.7164 40.6332
    endloop
  endfacet
  facet normal 0.110915 -0.700206 -0.705272
    outer loop
      vertex -4.22996 40.2454 44.6186
      vertex -3.84874 36.6183 48.2796
      vertex -8.41357 39.5827 44.6186
    endloop
  endfacet
  facet normal -0.110903 -0.700216 -0.705265
    outer loop
      vertex 8.41357 39.5827 44.6186
      vertex 7.65531 36.0154 48.2796
      vertex 3.84874 36.6183 48.2796
    endloop
  endfacet
  facet normal -0.0371025 -0.707972 -0.705265
    outer loop
      vertex 0 40.467 44.6186
      vertex 3.84874 36.6183 48.2796
      vertex 0 36.82 48.2796
    endloop
  endfacet
  facet normal -0.751189 -0.382756 -0.537785
    outer loop
      vertex 40.18 23.198 36.3668
      vertex 42.3848 18.8709 36.3668
      vertex 39.8952 17.7625 40.6332
    endloop
  endfacet
  facet normal -0.751201 -0.382747 -0.537775
    outer loop
      vertex 40.18 23.198 36.3668
      vertex 39.8952 17.7625 40.6332
      vertex 37.82 21.8354 40.6332
    endloop
  endfacet
  facet normal -0.929602 -0.147222 -0.337885
    outer loop
      vertex 49.198 10.4573 27.1812
      vertex 50.0215 5.25747 27.1812
      vertex 47.5505 10.1072 31.8664
    endloop
  endfacet
  facet normal -0.909116 -0.243602 -0.337884
    outer loop
      vertex 49.198 10.4573 27.1812
      vertex 47.5505 10.1072 31.8664
      vertex 46.2335 15.0222 31.8664
    endloop
  endfacet
  facet normal -0.751201 0.382747 -0.537775
    outer loop
      vertex 39.8952 -17.7625 40.6332
      vertex 40.18 -23.198 36.3668
      vertex 37.82 -21.8354 40.6332
    endloop
  endfacet
  facet normal -0.694824 0.354023 -0.626009
    outer loop
      vertex 39.8952 -17.7625 40.6332
      vertex 37.82 -21.8354 40.6332
      vertex 35.0455 -20.2335 44.6186
    endloop
  endfacet
  facet normal -0.837714 0.321557 -0.441402
    outer loop
      vertex 44.1251 -14.3371 36.3668
      vertex 44.41 -19.7726 31.8664
      vertex 42.3848 -18.8709 36.3668
    endloop
  endfacet
  facet normal -0.787088 0.302124 -0.537786
    outer loop
      vertex 44.1251 -14.3371 36.3668
      vertex 42.3848 -18.8709 36.3668
      vertex 39.8952 -17.7625 40.6332
    endloop
  endfacet
  facet normal -0.878672 0.337289 -0.337892
    outer loop
      vertex 46.2335 -15.0222 31.8664
      vertex 45.9487 -20.4577 27.1812
      vertex 44.41 -19.7726 31.8664
    endloop
  endfacet
  facet normal -0.866726 0.232255 -0.44141
    outer loop
      vertex 45.3821 -9.64625 36.3668
      vertex 46.2335 -15.0222 31.8664
      vertex 44.1251 -14.3371 36.3668
    endloop
  endfacet
  facet normal -0.752544 0.488707 -0.44141
    outer loop
      vertex 40.18 -23.198 36.3668
      vertex 39.3286 -28.5739 31.8664
      vertex 37.5351 -27.2708 36.3668
    endloop
  endfacet
  facet normal -0.707071 0.459176 -0.537781
    outer loop
      vertex 40.18 -23.198 36.3668
      vertex 37.5351 -27.2708 36.3668
      vertex 35.3304 -25.669 40.6332
    endloop
  endfacet
  facet normal -0.459183 0.70707 -0.537776
    outer loop
      vertex 25.669 -35.3304 40.6332
      vertex 23.198 -40.18 36.3668
      vertex 21.8354 -37.82 40.6332
    endloop
  endfacet
  facet normal -0.382747 0.751201 -0.537775
    outer loop
      vertex 21.8354 -37.82 40.6332
      vertex 23.198 -40.18 36.3668
      vertex 17.7625 -39.8952 40.6332
    endloop
  endfacet
  facet normal -0.731444 0.59231 -0.337874
    outer loop
      vertex 39.3286 -28.5739 31.8664
      vertex 37.378 -33.6553 27.1812
      vertex 36.1264 -32.5283 31.8664
    endloop
  endfacet
  facet normal -0.450968 0.885054 -0.115355
    outer loop
      vertex 26 -45.0333 17.4632
      vertex 21.1503 -47.5044 17.4632
      vertex 20.9186 -46.9839 22.3625
    endloop
  endfacet
  facet normal 0.0509623 0.97218 -0.228625
    outer loop
      vertex 0 -50.2971 27.1812
      vertex 0 -51.4303 22.3625
      vertex -5.25747 -50.0215 27.1812
    endloop
  endfacet
  facet normal 0.0509605 0.972179 -0.228627
    outer loop
      vertex -5.25747 -50.0215 27.1812
      vertex 0 -51.4303 22.3625
      vertex -5.37593 -51.1485 22.3625
    endloop
  endfacet
  facet normal -0.251959 0.940345 -0.228623
    outer loop
      vertex 15.5427 -47.8354 27.1812
      vertex 10.693 -50.3064 22.3625
      vertex 10.4573 -49.198 27.1812
    endloop
  endfacet
  facet normal -0.147234 0.929604 -0.337874
    outer loop
      vertex 10.1072 -47.5505 31.8664
      vertex 5.25747 -50.0215 27.1812
      vertex 5.08142 -48.3465 31.8664
    endloop
  endfacet
  facet normal -0.218208 0.814355 -0.537783
    outer loop
      vertex 13.495 -41.5333 40.6332
      vertex 14.3371 -44.1251 36.3668
      vertex 9.07965 -42.7164 40.6332
    endloop
  endfacet
  facet normal -0.183471 0.684782 -0.705274
    outer loop
      vertex 11.378 -35.0179 48.2796
      vertex 12.505 -38.4865 44.6186
      vertex 8.41357 -39.5827 44.6186
    endloop
  endfacet
  facet normal -0.249435 0.489547 -0.835539
    outer loop
      vertex 14.18 -24.5606 54.4716
      vertex 16.3848 -28.3793 51.576
      vertex 13.3286 -29.9365 51.576
    endloop
  endfacet
  facet normal -0.286801 0.562883 -0.775182
    outer loop
      vertex 16.3848 -28.3793 51.576
      vertex 18.41 -31.8871 48.2796
      vertex 13.3286 -29.9365 51.576
    endloop
  endfacet
  facet normal -0.254069 0.661852 -0.705266
    outer loop
      vertex 14.976 -33.6368 48.2796
      vertex 16.4594 -36.9685 44.6186
      vertex 12.505 -38.4865 44.6186
    endloop
  endfacet
  facet normal -0.254053 0.66185 -0.705274
    outer loop
      vertex 14.976 -33.6368 48.2796
      vertex 12.505 -38.4865 44.6186
      vertex 11.378 -35.0179 48.2796
    endloop
  endfacet
  facet normal -0.412661 0.210254 -0.886287
    outer loop
      vertex 25.9082 -11.5351 54.4716
      vertex 24.5606 -14.18 54.4716
      vertex 21.5961 -9.61521 56.9348
    endloop
  endfacet
  facet normal -0.432373 0.165981 -0.886287
    outer loop
      vertex 22.4829 -7.30513 56.9348
      vertex 25.9082 -11.5351 54.4716
      vertex 21.5961 -9.61521 56.9348
    endloop
  endfacet
  facet normal -0.594568 -0.386124 -0.705264
    outer loop
      vertex 32.7385 23.7859 44.6186
      vertex 35.0455 20.2335 44.6186
      vertex 29.788 21.6423 48.2796
    endloop
  endfacet
  facet normal -0.631674 -0.321852 -0.705265
    outer loop
      vertex 35.0455 20.2335 44.6186
      vertex 33.6368 14.976 48.2796
      vertex 31.8871 18.41 48.2796
    endloop
  endfacet
  facet normal -0.530711 -0.142208 -0.835538
    outer loop
      vertex 31.1657 10.1264 51.576
      vertex 32.0535 6.81318 51.576
      vertex 27.7404 5.89639 54.4716
    endloop
  endfacet
  facet normal -0.610212 -0.16351 -0.775181
    outer loop
      vertex 35.0179 11.378 48.2796
      vertex 32.0535 6.81318 51.576
      vertex 31.1657 10.1264 51.576
    endloop
  endfacet
  facet normal -0.397569 -0.490947 -0.775184
    outer loop
      vertex 21.6423 29.788 48.2796
      vertex 21.9271 24.3525 51.576
      vertex 19.2615 26.5111 51.576
    endloop
  endfacet
  facet normal -0.291455 -0.359931 -0.886286
    outer loop
      vertex 16.6696 22.9438 54.4716
      vertex 18.9766 21.0757 54.4716
      vertex 15.8182 17.5679 56.9348
    endloop
  endfacet
  facet normal -0.66185 0.254053 -0.705274
    outer loop
      vertex 35.0179 -11.378 48.2796
      vertex 38.4865 -12.505 44.6186
      vertex 33.6368 -14.976 48.2796
    endloop
  endfacet
  facet normal -0.684782 0.183471 -0.705274
    outer loop
      vertex 39.5827 -8.41357 44.6186
      vertex 38.4865 -12.505 44.6186
      vertex 35.0179 -11.378 48.2796
    endloop
  endfacet
  facet normal -0.623964 0.09883 -0.775178
    outer loop
      vertex 32.5901 -3.42535 51.576
      vertex 36.6183 -3.84874 48.2796
      vertex 32.0535 -6.81318 51.576
    endloop
  endfacet
  facet normal -0.630877 0.0330622 -0.775178
    outer loop
      vertex 36.82 0 48.2796
      vertex 36.6183 -3.84874 48.2796
      vertex 32.5901 -3.42535 51.576
    endloop
  endfacet
  facet normal -0.512938 0.196913 -0.835536
    outer loop
      vertex 26.9721 -8.76375 54.4716
      vertex 31.1657 -10.1264 51.576
      vertex 25.9082 -11.5351 54.4716
    endloop
  endfacet
  facet normal -0.530715 0.142203 -0.835536
    outer loop
      vertex 27.7404 -5.89639 54.4716
      vertex 31.1657 -10.1264 51.576
      vertex 26.9721 -8.76375 54.4716
    endloop
  endfacet
  facet normal -0.426994 0.345759 -0.83554
    outer loop
      vertex 22.9438 -16.6696 54.4716
      vertex 26.5111 -19.2615 51.576
      vertex 21.0757 -18.9766 54.4716
    endloop
  endfacet
  facet normal -0.460789 0.299246 -0.835539
    outer loop
      vertex 24.5606 -14.18 54.4716
      vertex 26.5111 -19.2615 51.576
      vertex 22.9438 -16.6696 54.4716
    endloop
  endfacet
  facet normal -0.23521 0.290472 -0.927525
    outer loop
      vertex 12.4865 -13.8676 58.9385
      vertex 15.8182 -17.5679 56.9348
      vertex 10.9685 -15.0968 58.9385
    endloop
  endfacet
  facet normal -0.252248 0.38842 -0.886285
    outer loop
      vertex 16.6696 -22.9438 54.4716
      vertex 14.18 -24.5606 54.4716
      vertex 13.8952 -19.1251 56.9348
    endloop
  endfacet
  facet normal -0.0515742 -0.0794162 -0.995506
    outer loop
      vertex 4.78795 6.59005 61.4851
      vertex 1.60183 2.20474 62
      vertex 1.3626 2.3601 62
    endloop
  endfacet
  facet normal -0.176381 -0.0677052 -0.981991
    outer loop
      vertex 12.8174 4.16464 60.4608
      vertex 7.74707 2.51718 61.4851
      vertex 7.44152 3.31318 61.4851
    endloop
  endfacet
  facet normal -0.101107 -0.263388 -0.959377
    outer loop
      vertex 5.76647 17.7474 58.9385
      vertex 7.58999 17.0474 58.9385
      vertex 4.16464 12.8174 60.4608
    endloop
  endfacet
  facet normal -0.153658 -0.236618 -0.959375
    outer loop
      vertex 9.33035 16.1606 58.9385
      vertex 10.9685 15.0968 58.9385
      vertex 7.92162 10.9032 60.4608
    endloop
  endfacet
  facet normal -0.158448 -0.102896 -0.981991
    outer loop
      vertex 10.9032 7.92162 60.4608
      vertex 11.6715 6.73853 60.4608
      vertex 6.59005 4.78795 61.4851
    endloop
  endfacet
  facet normal -0.0515743 -0.0794161 -0.995506
    outer loop
      vertex 4.07288 7.05443 61.4851
      vertex 4.78795 6.59005 61.4851
      vertex 1.3626 2.3601 62
    endloop
  endfacet
  facet normal -0.0669583 -0.0669583 -0.995506
    outer loop
      vertex 2.02522 1.82352 62
      vertex 5.45057 6.05348 61.4851
      vertex 6.05348 5.45057 61.4851
    endloop
  endfacet
  facet normal -0.0669583 -0.0669583 -0.995506
    outer loop
      vertex 5.45057 6.05348 61.4851
      vertex 2.02522 1.82352 62
      vertex 1.82352 2.02522 62
    endloop
  endfacet
  facet normal 0.251385 -0.128081 -0.959375
    outer loop
      vertex -11.6715 6.73853 60.4608
      vertex -12.3119 5.48161 60.4608
      vertex -16.1606 9.33035 58.9385
    endloop
  endfacet
  facet normal 0.0843724 -0.0429896 -0.995507
    outer loop
      vertex -2.3601 1.3626 62
      vertex -2.4896 1.10844 62
      vertex -7.44152 3.31318 61.4851
    endloop
  endfacet
  facet normal 0.0945635 0.0049555 -0.995506
    outer loop
      vertex -2.7252 0 62
      vertex -8.10113 -0.851463 61.4851
      vertex -8.14575 0 61.4851
    endloop
  endfacet
  facet normal 0.278663 -0.0441205 -0.959375
    outer loop
      vertex -13.1826 2.80204 60.4608
      vertex -13.4032 1.40874 60.4608
      vertex -18.2529 3.87978 58.9385
    endloop
  endfacet
  facet normal 0.0669583 -0.0669583 -0.995506
    outer loop
      vertex -2.02522 1.82352 62
      vertex -5.45057 6.05348 61.4851
      vertex -1.82352 2.02522 62
    endloop
  endfacet
  facet normal 0.0669583 -0.0669583 -0.995506
    outer loop
      vertex -5.45057 6.05348 61.4851
      vertex -2.02522 1.82352 62
      vertex -6.05348 5.45057 61.4851
    endloop
  endfacet
  facet normal 0.63449 -0.63449 -0.441411
    outer loop
      vertex -31.0449 34.4789 36.3668
      vertex -36.1264 32.5283 31.8664
      vertex -32.5283 36.1264 31.8664
    endloop
  endfacet
  facet normal 0.63449 -0.63449 -0.441411
    outer loop
      vertex -36.1264 32.5283 31.8664
      vertex -31.0449 34.4789 36.3668
      vertex -34.4789 31.0449 36.3668
    endloop
  endfacet
  facet normal 0.432373 -0.165981 -0.886287
    outer loop
      vertex -21.5961 9.61521 56.9348
      vertex -22.4829 7.30513 56.9348
      vertex -25.9082 11.5351 54.4716
    endloop
  endfacet
  facet normal 0.133947 -0.348935 -0.927525
    outer loop
      vertex -7.30513 22.4829 56.9348
      vertex -5.76647 17.7474 58.9385
      vertex -7.58999 17.0474 58.9385
    endloop
  endfacet
  facet normal 0.344076 -0.529816 -0.775182
    outer loop
      vertex -18.41 31.8871 48.2796
      vertex -16.3848 28.3793 51.576
      vertex -19.2615 26.5111 51.576
    endloop
  endfacet
  facet normal 0.386124 -0.594568 -0.705264
    outer loop
      vertex -20.2335 35.0455 44.6186
      vertex -21.6423 29.788 48.2796
      vertex -23.7859 32.7385 44.6186
    endloop
  endfacet
  facet normal -0.841923 -0.0441173 -0.537791
    outer loop
      vertex 46.1418 4.84969 36.3668
      vertex 43.6707 0 40.6332
      vertex 43.4315 4.56483 40.6332
    endloop
  endfacet
  facet normal -0.77875 -0.040807 -0.626005
    outer loop
      vertex 43.4315 4.56483 40.6332
      vertex 43.6707 0 40.6332
      vertex 40.467 0 44.6186
    endloop
  endfacet
  facet normal -0.694824 -0.354031 -0.626005
    outer loop
      vertex 39.8952 17.7625 40.6332
      vertex 36.9685 16.4594 44.6186
      vertex 35.0455 20.2335 44.6186
    endloop
  endfacet
  facet normal -0.694824 -0.354023 -0.626009
    outer loop
      vertex 37.82 21.8354 40.6332
      vertex 39.8952 17.7625 40.6332
      vertex 35.0455 20.2335 44.6186
    endloop
  endfacet
  facet normal -0.697338 -0.564691 -0.441411
    outer loop
      vertex 36.1264 32.5283 31.8664
      vertex 39.3286 28.5739 31.8664
      vertex 34.4789 31.0449 36.3668
    endloop
  endfacet
  facet normal -0.731444 -0.59231 -0.337874
    outer loop
      vertex 37.378 33.6553 27.1812
      vertex 39.3286 28.5739 31.8664
      vertex 36.1264 32.5283 31.8664
    endloop
  endfacet
  facet normal -0.75255 -0.488703 -0.441405
    outer loop
      vertex 42.0999 24.3064 31.8664
      vertex 40.18 23.198 36.3668
      vertex 39.3286 28.5739 31.8664
    endloop
  endfacet
  facet normal -0.799506 -0.407371 -0.441406
    outer loop
      vertex 42.0999 24.3064 31.8664
      vertex 44.41 19.7726 31.8664
      vertex 40.18 23.198 36.3668
    endloop
  endfacet
  facet normal -0.490755 -0.606028 -0.626011
    outer loop
      vertex 25.669 35.3304 40.6332
      vertex 29.2214 32.4537 40.6332
      vertex 23.7859 32.7385 44.6186
    endloop
  endfacet
  facet normal -0.530573 -0.655198 -0.537781
    outer loop
      vertex 27.2708 37.5351 36.3668
      vertex 29.2214 32.4537 40.6332
      vertex 25.669 35.3304 40.6332
    endloop
  endfacet
  facet normal -0.243592 -0.909115 -0.337894
    outer loop
      vertex 15.5427 47.8354 27.1812
      vertex 15.0222 46.2335 31.8664
      vertex 10.4573 49.198 27.1812
    endloop
  endfacet
  facet normal -0.243602 -0.909116 -0.337884
    outer loop
      vertex 10.4573 49.198 27.1812
      vertex 15.0222 46.2335 31.8664
      vertex 10.1072 47.5505 31.8664
    endloop
  endfacet
  facet normal -0.512596 -0.789355 -0.337882
    outer loop
      vertex 29.5639 40.6912 27.1812
      vertex 28.5739 39.3286 31.8664
      vertex 25.1485 43.5585 27.1812
    endloop
  endfacet
  facet normal -0.530201 -0.816465 -0.228628
    outer loop
      vertex 25.7151 44.5399 22.3625
      vertex 29.5639 40.6912 27.1812
      vertex 25.1485 43.5585 27.1812
    endloop
  endfacet
  facet normal -0.251385 -0.128081 -0.959375
    outer loop
      vertex 16.1606 9.33035 58.9385
      vertex 12.3119 5.48161 60.4608
      vertex 11.6715 6.73853 60.4608
    endloop
  endfacet
  facet normal -0.182492 -0.0488991 -0.981991
    outer loop
      vertex 12.8174 4.16464 60.4608
      vertex 7.96775 1.6936 61.4851
      vertex 7.74707 2.51718 61.4851
    endloop
  endfacet
  facet normal -0.432373 -0.165981 -0.886287
    outer loop
      vertex 25.9082 11.5351 54.4716
      vertex 22.4829 7.30513 56.9348
      vertex 21.5961 9.61521 56.9348
    endloop
  endfacet
  facet normal -0.348935 -0.13395 -0.927524
    outer loop
      vertex 21.5961 9.61521 56.9348
      vertex 22.4829 7.30513 56.9348
      vertex 17.0474 7.58999 58.9385
    endloop
  endfacet
  facet normal -0.264289 -0.264289 -0.927525
    outer loop
      vertex 13.8676 12.4865 58.9385
      vertex 15.8182 17.5679 56.9348
      vertex 17.5679 15.8182 56.9348
    endloop
  endfacet
  facet normal -0.264289 -0.264289 -0.927525
    outer loop
      vertex 15.8182 17.5679 56.9348
      vertex 13.8676 12.4865 58.9385
      vertex 12.4865 13.8676 58.9385
    endloop
  endfacet
  facet normal -0.23521 -0.290472 -0.927525
    outer loop
      vertex 15.8182 17.5679 56.9348
      vertex 12.4865 13.8676 58.9385
      vertex 10.9685 15.0968 58.9385
    endloop
  endfacet
  facet normal -0.333022 -0.169691 -0.927524
    outer loop
      vertex 21.5961 9.61521 56.9348
      vertex 17.0474 7.58999 58.9385
      vertex 16.1606 9.33035 58.9385
    endloop
  endfacet
  facet normal -0.333024 -0.16967 -0.927527
    outer loop
      vertex 20.4728 11.82 56.9348
      vertex 21.5961 9.61521 56.9348
      vertex 16.1606 9.33035 58.9385
    endloop
  endfacet
  facet normal -0.290466 -0.235213 -0.927526
    outer loop
      vertex 17.5679 15.8182 56.9348
      vertex 19.1251 13.8952 56.9348
      vertex 15.0968 10.9685 58.9385
    endloop
  endfacet
  facet normal -0.313454 -0.203567 -0.927527
    outer loop
      vertex 19.1251 13.8952 56.9348
      vertex 20.4728 11.82 56.9348
      vertex 16.1606 9.33035 58.9385
    endloop
  endfacet
  facet normal -0.447354 -0.119862 -0.886289
    outer loop
      vertex 27.7404 5.89639 54.4716
      vertex 23.1233 4.91501 56.9348
      vertex 22.4829 7.30513 56.9348
    endloop
  endfacet
  facet normal -0.457433 -0.0724386 -0.886288
    outer loop
      vertex 27.7404 5.89639 54.4716
      vertex 28.2047 2.96444 54.4716
      vertex 23.1233 4.91501 56.9348
    endloop
  endfacet
  facet normal -0.142208 -0.530711 -0.835538
    outer loop
      vertex 6.81318 32.0535 51.576
      vertex 10.1264 31.1657 51.576
      vertex 5.89639 27.7404 54.4716
    endloop
  endfacet
  facet normal -0.196913 -0.512938 -0.835536
    outer loop
      vertex 10.1264 31.1657 51.576
      vertex 11.5351 25.9082 54.4716
      vertex 8.76375 26.9721 54.4716
    endloop
  endfacet
  facet normal -0.03306 -0.630876 -0.775179
    outer loop
      vertex 0 36.82 48.2796
      vertex 3.42535 32.5901 51.576
      vertex 0 32.7696 51.576
    endloop
  endfacet
  facet normal -0.0859368 -0.542671 -0.835537
    outer loop
      vertex 6.81318 32.0535 51.576
      vertex 5.89639 27.7404 54.4716
      vertex 2.96444 28.2047 54.4716
    endloop
  endfacet
  facet normal -0.235213 -0.290466 -0.927526
    outer loop
      vertex 13.8952 19.1251 56.9348
      vertex 15.8182 17.5679 56.9348
      vertex 10.9685 15.0968 58.9385
    endloop
  endfacet
  facet normal -0.291462 -0.35993 -0.886285
    outer loop
      vertex 16.6696 22.9438 54.4716
      vertex 15.8182 17.5679 56.9348
      vertex 13.8952 19.1251 56.9348
    endloop
  endfacet
  facet normal -0.142203 -0.530715 -0.835536
    outer loop
      vertex 10.1264 31.1657 51.576
      vertex 8.76375 26.9721 54.4716
      vertex 5.89639 27.7404 54.4716
    endloop
  endfacet
  facet normal -0.0724386 -0.457433 -0.886288
    outer loop
      vertex 5.89639 27.7404 54.4716
      vertex 4.91501 23.1233 56.9348
      vertex 2.96444 28.2047 54.4716
    endloop
  endfacet
  facet normal 0.751201 -0.382747 -0.537775
    outer loop
      vertex -37.82 21.8354 40.6332
      vertex -39.8952 17.7625 40.6332
      vertex -40.18 23.198 36.3668
    endloop
  endfacet
  facet normal 0.58978 -0.226394 -0.775181
    outer loop
      vertex -29.9365 13.3286 51.576
      vertex -31.1657 10.1264 51.576
      vertex -35.0179 11.378 48.2796
    endloop
  endfacet
  facet normal 0.188668 -0.00989717 -0.981991
    outer loop
      vertex -13.4032 1.40874 60.4608
      vertex -8.14575 0 61.4851
      vertex -13.4771 0 60.4608
    endloop
  endfacet
  facet normal 0.169691 -0.333022 -0.927524
    outer loop
      vertex -7.58999 17.0474 58.9385
      vertex -9.33035 16.1606 58.9385
      vertex -9.61521 21.5961 56.9348
    endloop
  endfacet
  facet normal 0.530715 -0.142203 -0.835536
    outer loop
      vertex -26.9721 8.76375 54.4716
      vertex -27.7404 5.89639 54.4716
      vertex -31.1657 10.1264 51.576
    endloop
  endfacet
  facet normal 0.623963 -0.0988258 -0.77518
    outer loop
      vertex -36.0154 7.65531 48.2796
      vertex -32.0535 6.81318 51.576
      vertex -36.6183 3.84874 48.2796
    endloop
  endfacet
  facet normal 0.630877 -0.0330622 -0.775178
    outer loop
      vertex -36.6183 3.84874 48.2796
      vertex -32.5901 3.42535 51.576
      vertex -36.82 0 48.2796
    endloop
  endfacet
  facet normal 0.630876 -0.03306 -0.775179
    outer loop
      vertex -32.5901 3.42535 51.576
      vertex -32.7696 0 51.576
      vertex -36.82 0 48.2796
    endloop
  endfacet
  facet normal 0.707972 -0.0371025 -0.705265
    outer loop
      vertex -36.6183 3.84874 48.2796
      vertex -36.82 0 48.2796
      vertex -40.467 0 44.6186
    endloop
  endfacet
  facet normal 0.707972 0.0371025 -0.705265
    outer loop
      vertex -36.82 0 48.2796
      vertex -36.6183 -3.84874 48.2796
      vertex -40.467 0 44.6186
    endloop
  endfacet
  facet normal -0.286801 -0.562883 -0.775183
    outer loop
      vertex 14.976 33.6368 48.2796
      vertex 18.41 31.8871 48.2796
      vertex 13.3286 29.9365 51.576
    endloop
  endfacet
  facet normal -0.321852 -0.631674 -0.705265
    outer loop
      vertex 20.2335 35.0455 44.6186
      vertex 18.41 31.8871 48.2796
      vertex 14.976 33.6368 48.2796
    endloop
  endfacet
  facet normal -0.201818 -0.753261 -0.625993
    outer loop
      vertex 13.495 41.5333 40.6332
      vertex 12.505 38.4865 44.6186
      vertex 8.41357 39.5827 44.6186
    endloop
  endfacet
  facet normal -0.201833 -0.753246 -0.626006
    outer loop
      vertex 9.07965 42.7164 40.6332
      vertex 13.495 41.5333 40.6332
      vertex 8.41357 39.5827 44.6186
    endloop
  endfacet
  facet normal -0.354031 -0.694824 -0.626005
    outer loop
      vertex 17.7625 39.8952 40.6332
      vertex 20.2335 35.0455 44.6186
      vertex 16.4594 36.9685 44.6186
    endloop
  endfacet
  facet normal -0.27947 -0.728021 -0.626004
    outer loop
      vertex 17.7625 39.8952 40.6332
      vertex 16.4594 36.9685 44.6186
      vertex 12.505 38.4865 44.6186
    endloop
  endfacet
  facet normal 0.96153 0.152284 -0.228627
    outer loop
      vertex -50.0215 -5.25747 27.1812
      vertex -50.3064 -10.693 22.3625
      vertex -51.1485 -5.37593 22.3625
    endloop
  endfacet
  facet normal 0.961532 0.152278 -0.228621
    outer loop
      vertex -50.0215 -5.25747 27.1812
      vertex -49.198 -10.4573 27.1812
      vertex -50.3064 -10.693 22.3625
    endloop
  endfacet
  facet normal 0.770221 0.122006 -0.625999
    outer loop
      vertex -40.2454 -4.22996 44.6186
      vertex -39.5827 -8.41357 44.6186
      vertex -43.4315 -4.56483 40.6332
    endloop
  endfacet
  facet normal 0.700206 0.110915 -0.705272
    outer loop
      vertex -36.6183 -3.84874 48.2796
      vertex -39.5827 -8.41357 44.6186
      vertex -40.2454 -4.22996 44.6186
    endloop
  endfacet
  facet normal 0.665523 0.665523 -0.337875
    outer loop
      vertex -32.5283 -36.1264 31.8664
      vertex -37.378 -33.6553 27.1812
      vertex -36.1264 -32.5283 31.8664
    endloop
  endfacet
  facet normal 0.665523 0.665523 -0.337875
    outer loop
      vertex -37.378 -33.6553 27.1812
      vertex -32.5283 -36.1264 31.8664
      vertex -33.6553 -37.378 27.1812
    endloop
  endfacet
  facet normal 0.731444 0.59231 -0.337874
    outer loop
      vertex -36.1264 -32.5283 31.8664
      vertex -37.378 -33.6553 27.1812
      vertex -39.3286 -28.5739 31.8664
    endloop
  endfacet
  facet normal 0.512596 0.789355 -0.337882
    outer loop
      vertex -28.5739 -39.3286 31.8664
      vertex -25.1485 -43.5585 27.1812
      vertex -29.5639 -40.6912 27.1812
    endloop
  endfacet
  facet normal 0.488707 0.752544 -0.44141
    outer loop
      vertex -27.2708 -37.5351 36.3668
      vertex -23.198 -40.18 36.3668
      vertex -28.5739 -39.3286 31.8664
    endloop
  endfacet
  facet normal 0.655198 0.530573 -0.537781
    outer loop
      vertex -35.3304 -25.669 40.6332
      vertex -32.4537 -29.2214 40.6332
      vertex -37.5351 -27.2708 36.3668
    endloop
  endfacet
  facet normal 0.333024 0.16967 -0.927527
    outer loop
      vertex -16.1606 -9.33035 58.9385
      vertex -20.4728 -11.82 56.9348
      vertex -21.5961 -9.61521 56.9348
    endloop
  endfacet
  facet normal 0.073591 0.0595918 -0.995506
    outer loop
      vertex -2.20474 -1.60183 62
      vertex -6.05348 -5.45057 61.4851
      vertex -6.59005 -4.78795 61.4851
    endloop
  endfacet
  facet normal 0.0935275 0.0148122 -0.995507
    outer loop
      vertex -2.71027 -0.284861 62
      vertex -2.66565 -0.566602 62
      vertex -8.10113 -0.851463 61.4851
    endloop
  endfacet
  facet normal 0.182487 0.0489095 -0.981991
    outer loop
      vertex -7.96775 -1.6936 61.4851
      vertex -12.8174 -4.16464 60.4608
      vertex -13.1826 -2.80204 60.4608
    endloop
  endfacet
  facet normal 0.088404 0.0339345 -0.995507
    outer loop
      vertex -2.59182 -0.842134 62
      vertex -7.44152 -3.31318 61.4851
      vertex -7.74707 -2.51718 61.4851
    endloop
  endfacet
  facet normal 0.0429902 0.0843722 -0.995506
    outer loop
      vertex -1.3626 -2.3601 62
      vertex -3.31318 -7.44152 61.4851
      vertex -4.07288 -7.05443 61.4851
    endloop
  endfacet
  facet normal 0.0147618 0.281741 -0.959377
    outer loop
      vertex -1.40874 -13.4032 60.4608
      vertex 0 -18.6607 58.9385
      vertex -1.95057 -18.5585 58.9385
    endloop
  endfacet
  facet normal 0.0148131 0.0935275 -0.995506
    outer loop
      vertex -0.566602 -2.66565 62
      vertex -0.851463 -8.10113 61.4851
      vertex -1.6936 -7.96775 61.4851
    endloop
  endfacet
  facet normal -0.0859522 0.54266 -0.835543
    outer loop
      vertex 6.81318 -32.0535 51.576
      vertex 3.42535 -32.5901 51.576
      vertex 2.96444 -28.2047 54.4716
    endloop
  endfacet
  facet normal -0.09883 0.623964 -0.775178
    outer loop
      vertex 6.81318 -32.0535 51.576
      vertex 3.84874 -36.6183 48.2796
      vertex 3.42535 -32.5901 51.576
    endloop
  endfacet
  facet normal -0.0287523 0.548672 -0.835543
    outer loop
      vertex 2.96444 -28.2047 54.4716
      vertex 3.42535 -32.5901 51.576
      vertex 0 -32.7696 51.576
    endloop
  endfacet
  facet normal 0.0287624 0.548677 -0.83554
    outer loop
      vertex 0 -28.3601 54.4716
      vertex 0 -32.7696 51.576
      vertex -2.96444 -28.2047 54.4716
    endloop
  endfacet
  facet normal 0.0441128 0.841926 -0.537787
    outer loop
      vertex 0 -43.6707 40.6332
      vertex 0 -46.3959 36.3668
      vertex -4.84969 -46.1418 36.3668
    endloop
  endfacet
  facet normal -0.0407976 0.778756 -0.625999
    outer loop
      vertex 4.22996 -40.2454 44.6186
      vertex 4.56483 -43.4315 40.6332
      vertex 0 -40.467 44.6186
    endloop
  endfacet
  facet normal 0.0724386 0.457433 -0.886288
    outer loop
      vertex -4.91501 -23.1233 56.9348
      vertex -2.96444 -28.2047 54.4716
      vertex -5.89639 -27.7404 54.4716
    endloop
  endfacet
  facet normal 0.142208 0.530711 -0.835538
    outer loop
      vertex -5.89639 -27.7404 54.4716
      vertex -6.81318 -32.0535 51.576
      vertex -10.1264 -31.1657 51.576
    endloop
  endfacet
  facet normal 0.13395 0.348935 -0.927524
    outer loop
      vertex -7.58999 -17.0474 58.9385
      vertex -7.30513 -22.4829 56.9348
      vertex -9.61521 -21.5961 56.9348
    endloop
  endfacet
  facet normal 0.119862 0.447354 -0.886289
    outer loop
      vertex -4.91501 -23.1233 56.9348
      vertex -5.89639 -27.7404 54.4716
      vertex -7.30513 -22.4829 56.9348
    endloop
  endfacet
  facet normal 0.0242384 0.462502 -0.886287
    outer loop
      vertex 0 -23.6399 56.9348
      vertex 0 -28.3601 54.4716
      vertex -2.47104 -23.5104 56.9348
    endloop
  endfacet
  facet normal -0.0295547 0.186603 -0.981991
    outer loop
      vertex 1.6936 -7.96775 61.4851
      vertex 1.40874 -13.4032 60.4608
      vertex 0.851463 -8.10113 61.4851
    endloop
  endfacet
  facet normal 0.0677052 0.176381 -0.981991
    outer loop
      vertex -3.31318 -7.44152 61.4851
      vertex -2.51718 -7.74707 61.4851
      vertex -4.16464 -12.8174 60.4608
    endloop
  endfacet
  facet normal 0.1011 0.263394 -0.959376
    outer loop
      vertex -5.48161 -12.3119 60.4608
      vertex -4.16464 -12.8174 60.4608
      vertex -7.58999 -17.0474 58.9385
    endloop
  endfacet
  facet normal 0.128081 0.251385 -0.959375
    outer loop
      vertex -6.73853 -11.6715 60.4608
      vertex -5.48161 -12.3119 60.4608
      vertex -9.33035 -16.1606 58.9385
    endloop
  endfacet
  facet normal 0.101107 0.263388 -0.959377
    outer loop
      vertex -4.16464 -12.8174 60.4608
      vertex -5.76647 -17.7474 58.9385
      vertex -7.58999 -17.0474 58.9385
    endloop
  endfacet
  facet normal -0.18867 -0.00988706 -0.981991
    outer loop
      vertex 13.4032 1.40874 60.4608
      vertex 8.14575 0 61.4851
      vertex 8.10113 0.851463 61.4851
    endloop
  endfacet
  facet normal -0.186603 -0.0295547 -0.981991
    outer loop
      vertex 13.4032 1.40874 60.4608
      vertex 8.10113 0.851463 61.4851
      vertex 7.96775 1.6936 61.4851
    endloop
  endfacet
  facet normal -0.188668 -0.00989717 -0.981991
    outer loop
      vertex 13.4032 1.40874 60.4608
      vertex 13.4771 0 60.4608
      vertex 8.14575 0 61.4851
    endloop
  endfacet
  facet normal -0.0945635 0.0049555 -0.995506
    outer loop
      vertex 8.14575 0 61.4851
      vertex 8.10113 -0.851463 61.4851
      vertex 2.7252 0 62
    endloop
  endfacet
  facet normal -0.1011 0.263394 -0.959376
    outer loop
      vertex 5.48161 -12.3119 60.4608
      vertex 7.58999 -17.0474 58.9385
      vertex 4.16464 -12.8174 60.4608
    endloop
  endfacet
  facet normal -0.0148122 0.0935275 -0.995507
    outer loop
      vertex 0.566602 -2.66565 62
      vertex 0.851463 -8.10113 61.4851
      vertex 0.284861 -2.71027 62
    endloop
  endfacet
  facet normal -0.0429902 0.0843722 -0.995506
    outer loop
      vertex 4.07288 -7.05443 61.4851
      vertex 3.31318 -7.44152 61.4851
      vertex 1.3626 -2.3601 62
    endloop
  endfacet
  facet normal -0.168335 0.0857719 -0.981991
    outer loop
      vertex 7.44152 -3.31318 61.4851
      vertex 11.6715 -6.73853 60.4608
      vertex 7.05443 -4.07288 61.4851
    endloop
  endfacet
  facet normal -0.182492 0.0488991 -0.981991
    outer loop
      vertex 7.96775 -1.6936 61.4851
      vertex 12.8174 -4.16464 60.4608
      vertex 7.74707 -2.51718 61.4851
    endloop
  endfacet
  facet normal -0.088404 0.0339345 -0.995507
    outer loop
      vertex 7.74707 -2.51718 61.4851
      vertex 7.44152 -3.31318 61.4851
      vertex 2.59182 -0.842134 62
    endloop
  endfacet
  facet normal -0.0735907 0.0595922 -0.995506
    outer loop
      vertex 2.20474 -1.60183 62
      vertex 6.05348 -5.45057 61.4851
      vertex 2.02522 -1.82352 62
    endloop
  endfacet
  facet normal -0.0857719 0.168335 -0.981991
    outer loop
      vertex 4.07288 -7.05443 61.4851
      vertex 6.73853 -11.6715 60.4608
      vertex 3.31318 -7.44152 61.4851
    endloop
  endfacet
  facet normal -0.0595918 0.073591 -0.995506
    outer loop
      vertex 5.45057 -6.05348 61.4851
      vertex 4.78795 -6.59005 61.4851
      vertex 1.60183 -2.20474 62
    endloop
  endfacet
  facet normal -0.128081 0.251385 -0.959375
    outer loop
      vertex 6.73853 -11.6715 60.4608
      vertex 9.33035 -16.1606 58.9385
      vertex 5.48161 -12.3119 60.4608
    endloop
  endfacet
  facet normal -0.169691 0.333022 -0.927524
    outer loop
      vertex 9.33035 -16.1606 58.9385
      vertex 9.61521 -21.5961 56.9348
      vertex 7.58999 -17.0474 58.9385
    endloop
  endfacet
  facet normal -0.13395 0.348935 -0.927524
    outer loop
      vertex 7.58999 -17.0474 58.9385
      vertex 9.61521 -21.5961 56.9348
      vertex 7.30513 -22.4829 56.9348
    endloop
  endfacet
  facet normal -0.165981 0.432373 -0.886287
    outer loop
      vertex 9.61521 -21.5961 56.9348
      vertex 11.5351 -25.9082 54.4716
      vertex 7.30513 -22.4829 56.9348
    endloop
  endfacet
  facet normal -0.119862 0.447354 -0.886289
    outer loop
      vertex 7.30513 -22.4829 56.9348
      vertex 5.89639 -27.7404 54.4716
      vertex 4.91501 -23.1233 56.9348
    endloop
  endfacet
  facet normal -0.058471 0.369159 -0.927525
    outer loop
      vertex 3.87978 -18.2529 58.9385
      vertex 4.91501 -23.1233 56.9348
      vertex 2.47104 -23.5104 56.9348
    endloop
  endfacet
  facet normal 0.631672 0.321853 -0.705266
    outer loop
      vertex -33.6368 -14.976 48.2796
      vertex -35.0455 -20.2335 44.6186
      vertex -36.9685 -16.4594 44.6186
    endloop
  endfacet
  facet normal 0.661852 0.254069 -0.705266
    outer loop
      vertex -33.6368 -14.976 48.2796
      vertex -36.9685 -16.4594 44.6186
      vertex -38.4865 -12.505 44.6186
    endloop
  endfacet
  facet normal 0.54266 0.0859522 -0.835543
    outer loop
      vertex -28.2047 -2.96444 54.4716
      vertex -32.0535 -6.81318 51.576
      vertex -32.5901 -3.42535 51.576
    endloop
  endfacet
  facet normal 0.623964 0.09883 -0.775178
    outer loop
      vertex -32.5901 -3.42535 51.576
      vertex -32.0535 -6.81318 51.576
      vertex -36.6183 -3.84874 48.2796
    endloop
  endfacet
  facet normal 0.373251 0.0195565 -0.927524
    outer loop
      vertex -18.6607 0 58.9385
      vertex -18.5585 -1.95057 58.9385
      vertex -23.5104 -2.47104 56.9348
    endloop
  endfacet
  facet normal 0.548677 0.0287624 -0.83554
    outer loop
      vertex -28.3601 0 54.4716
      vertex -28.2047 -2.96444 54.4716
      vertex -32.7696 0 51.576
    endloop
  endfacet
  facet normal 0.58978 0.226394 -0.775181
    outer loop
      vertex -31.1657 -10.1264 51.576
      vertex -29.9365 -13.3286 51.576
      vertex -35.0179 -11.378 48.2796
    endloop
  endfacet
  facet normal 0.631674 0.321852 -0.705265
    outer loop
      vertex -33.6368 -14.976 48.2796
      vertex -31.8871 -18.41 48.2796
      vertex -35.0455 -20.2335 44.6186
    endloop
  endfacet
  facet normal 0.272516 0.073015 -0.959377
    outer loop
      vertex -12.8174 -4.16464 60.4608
      vertex -17.7474 -5.76647 58.9385
      vertex -18.2529 -3.87978 58.9385
    endloop
  endfacet
  facet normal 0.447354 0.119862 -0.886289
    outer loop
      vertex -23.1233 -4.91501 56.9348
      vertex -22.4829 -7.30513 56.9348
      vertex -27.7404 -5.89639 54.4716
    endloop
  endfacet
  facet normal 0.249429 0.489547 -0.835541
    outer loop
      vertex -11.5351 -25.9082 54.4716
      vertex -13.3286 -29.9365 51.576
      vertex -14.18 -24.5606 54.4716
    endloop
  endfacet
  facet normal 0.345776 0.42699 -0.835535
    outer loop
      vertex -18.9766 -21.0757 54.4716
      vertex -19.2615 -26.5111 51.576
      vertex -21.9271 -24.3525 51.576
    endloop
  endfacet
  facet normal 0.460789 0.299246 -0.835539
    outer loop
      vertex -24.5606 -14.18 54.4716
      vertex -22.9438 -16.6696 54.4716
      vertex -26.5111 -19.2615 51.576
    endloop
  endfacet
  facet normal 0.460787 0.299247 -0.83554
    outer loop
      vertex -24.5606 -14.18 54.4716
      vertex -26.5111 -19.2615 51.576
      vertex -28.3793 -16.3848 51.576
    endloop
  endfacet
  facet normal 0.551415 0.551415 -0.626005
    outer loop
      vertex -29.2214 -32.4537 40.6332
      vertex -30.0729 -27.0777 44.6186
      vertex -27.0777 -30.0729 44.6186
    endloop
  endfacet
  facet normal 0.551415 0.551415 -0.626005
    outer loop
      vertex -30.0729 -27.0777 44.6186
      vertex -29.2214 -32.4537 40.6332
      vertex -32.4537 -29.2214 40.6332
    endloop
  endfacet
  facet normal 0.386121 0.594568 -0.705265
    outer loop
      vertex -18.41 -31.8871 48.2796
      vertex -20.2335 -35.0455 44.6186
      vertex -21.6423 -29.788 48.2796
    endloop
  endfacet
  facet normal 0.290466 0.235213 -0.927526
    outer loop
      vertex -15.0968 -10.9685 58.9385
      vertex -17.5679 -15.8182 56.9348
      vertex -19.1251 -13.8952 56.9348
    endloop
  endfacet
  facet normal 0.359931 0.291455 -0.886286
    outer loop
      vertex -17.5679 -15.8182 56.9348
      vertex -21.0757 -18.9766 54.4716
      vertex -22.9438 -16.6696 54.4716
    endloop
  endfacet
  facet normal 0.446703 0.446703 -0.775185
    outer loop
      vertex -24.6374 -27.3626 48.2796
      vertex -24.3525 -21.9271 51.576
      vertex -21.9271 -24.3525 51.576
    endloop
  endfacet
  facet normal 0.446703 0.446703 -0.775185
    outer loop
      vertex -24.3525 -21.9271 51.576
      vertex -24.6374 -27.3626 48.2796
      vertex -27.3626 -24.6374 48.2796
    endloop
  endfacet
  facet normal 0.186603 0.0295446 -0.981991
    outer loop
      vertex -7.96775 -1.6936 61.4851
      vertex -13.1826 -2.80204 60.4608
      vertex -13.4032 -1.40874 60.4608
    endloop
  endfacet
  facet normal 0.278654 0.0441406 -0.959377
    outer loop
      vertex -13.4032 -1.40874 60.4608
      vertex -18.2529 -3.87978 58.9385
      vertex -18.5585 -1.95057 58.9385
    endloop
  endfacet
  facet normal 0.236618 0.153658 -0.959375
    outer loop
      vertex -10.9032 -7.92162 60.4608
      vertex -15.0968 -10.9685 58.9385
      vertex -16.1606 -9.33035 58.9385
    endloop
  endfacet
  facet normal 0.251385 0.128081 -0.959375
    outer loop
      vertex -12.3119 -5.48161 60.4608
      vertex -11.6715 -6.73853 60.4608
      vertex -16.1606 -9.33035 58.9385
    endloop
  endfacet
  facet normal 0.0859368 0.542671 -0.835537
    outer loop
      vertex -5.89639 -27.7404 54.4716
      vertex -2.96444 -28.2047 54.4716
      vertex -6.81318 -32.0535 51.576
    endloop
  endfacet
  facet normal 0.196913 0.512938 -0.835536
    outer loop
      vertex -8.76375 -26.9721 54.4716
      vertex -10.1264 -31.1657 51.576
      vertex -11.5351 -25.9082 54.4716
    endloop
  endfacet
  facet normal 0.122006 0.770221 -0.625999
    outer loop
      vertex -4.22996 -40.2454 44.6186
      vertex -4.56483 -43.4315 40.6332
      vertex -8.41357 -39.5827 44.6186
    endloop
  endfacet
  facet normal 0.321853 0.631672 -0.705266
    outer loop
      vertex -14.976 -33.6368 48.2796
      vertex -16.4594 -36.9685 44.6186
      vertex -20.2335 -35.0455 44.6186
    endloop
  endfacet
  facet normal 0.14037 0.886263 -0.441399
    outer loop
      vertex -4.84969 -46.1418 36.3668
      vertex -5.08142 -48.3465 31.8664
      vertex -9.64625 -45.3821 36.3668
    endloop
  endfacet
  facet normal 0.131886 0.832696 -0.537794
    outer loop
      vertex -9.07965 -42.7164 40.6332
      vertex -4.84969 -46.1418 36.3668
      vertex -9.64625 -45.3821 36.3668
    endloop
  endfacet
  facet normal -0.446149 0.550958 -0.705263
    outer loop
      vertex 27.0777 -30.0729 44.6186
      vertex 23.7859 -32.7385 44.6186
      vertex 21.6423 -29.788 48.2796
    endloop
  endfacet
  facet normal -0.490948 0.397564 -0.775186
    outer loop
      vertex 29.788 -21.6423 48.2796
      vertex 27.3626 -24.6374 48.2796
      vertex 24.3525 -21.9271 51.576
    endloop
  endfacet
  facet normal -0.446703 0.446703 -0.775185
    outer loop
      vertex 24.6374 -27.3626 48.2796
      vertex 24.3525 -21.9271 51.576
      vertex 27.3626 -24.6374 48.2796
    endloop
  endfacet
  facet normal -0.446703 0.446703 -0.775185
    outer loop
      vertex 24.3525 -21.9271 51.576
      vertex 24.6374 -27.3626 48.2796
      vertex 21.9271 -24.3525 51.576
    endloop
  endfacet
  facet normal 0.232255 0.866726 -0.44141
    outer loop
      vertex -14.3371 -44.1251 36.3668
      vertex -9.64625 -45.3821 36.3668
      vertex -15.0222 -46.2335 31.8664
    endloop
  endfacet
  facet normal 0.321564 0.837707 -0.441411
    outer loop
      vertex -14.3371 -44.1251 36.3668
      vertex -15.0222 -46.2335 31.8664
      vertex -19.7726 -44.41 31.8664
    endloop
  endfacet
  facet normal 0.427306 0.838593 -0.337892
    outer loop
      vertex -19.7726 -44.41 31.8664
      vertex -20.4577 -45.9487 27.1812
      vertex -25.1485 -43.5585 27.1812
    endloop
  endfacet
  facet normal 0.441983 0.867398 -0.228629
    outer loop
      vertex -25.1485 -43.5585 27.1812
      vertex -20.4577 -45.9487 27.1812
      vertex -25.7151 -44.5399 22.3625
    endloop
  endfacet
  facet normal 0.152278 0.961532 -0.228621
    outer loop
      vertex -10.4573 -49.198 27.1812
      vertex -5.25747 -50.0215 27.1812
      vertex -10.693 -50.3064 22.3625
    endloop
  endfacet
  facet normal 0.147222 0.929602 -0.337885
    outer loop
      vertex -10.1072 -47.5505 31.8664
      vertex -5.25747 -50.0215 27.1812
      vertex -10.4573 -49.198 27.1812
    endloop
  endfacet
  facet normal -0.981097 0.155379 -0.115356
    outer loop
      vertex 51.7151 -5.43548 17.4632
      vertex 50.8637 -10.8114 17.4632
      vertex 50.3064 -10.693 22.3625
    endloop
  endfacet
  facet normal -0.959477 0.257094 -0.115355
    outer loop
      vertex 50.3064 -10.693 22.3625
      vertex 50.8637 -10.8114 17.4632
      vertex 48.9131 -15.8928 22.3625
    endloop
  endfacet
  facet normal 0.927352 0.355965 -0.115356
    outer loop
      vertex -46.9839 -20.9186 22.3625
      vertex -47.5044 -21.1503 17.4632
      vertex -49.4549 -16.0689 17.4632
    endloop
  endfacet
  facet normal 0.787088 -0.302128 -0.537783
    outer loop
      vertex -39.8952 17.7625 40.6332
      vertex -41.5333 13.495 40.6332
      vertex -44.1251 14.3371 36.3668
    endloop
  endfacet
  facet normal 0.728021 -0.27947 -0.626004
    outer loop
      vertex -36.9685 16.4594 44.6186
      vertex -38.4865 12.505 44.6186
      vertex -39.8952 17.7625 40.6332
    endloop
  endfacet
  facet normal 0.799506 -0.407375 -0.441403
    outer loop
      vertex -40.18 23.198 36.3668
      vertex -42.3848 18.8709 36.3668
      vertex -44.41 19.7726 31.8664
    endloop
  endfacet
  facet normal 0.838593 -0.427306 -0.337892
    outer loop
      vertex -43.5585 25.1485 27.1812
      vertex -44.41 19.7726 31.8664
      vertex -45.9487 20.4577 27.1812
    endloop
  endfacet
  facet normal 0.885054 -0.450969 -0.115357
    outer loop
      vertex -45.0333 26 17.4632
      vertex -44.5399 25.7151 22.3625
      vertex -46.9839 20.9186 22.3625
    endloop
  endfacet
  facet normal 0.450968 -0.885054 -0.115355
    outer loop
      vertex -21.1503 47.5044 17.4632
      vertex -20.9186 46.9839 22.3625
      vertex -26 45.0333 17.4632
    endloop
  endfacet
  facet normal 0.355965 -0.927352 -0.115356
    outer loop
      vertex -16.0689 49.4549 17.4632
      vertex -20.9186 46.9839 22.3625
      vertex -21.1503 47.5044 17.4632
    endloop
  endfacet
  facet normal 0.251968 -0.940345 -0.228614
    outer loop
      vertex -10.693 50.3064 22.3625
      vertex -15.5427 47.8354 27.1812
      vertex -15.8928 48.9131 22.3625
    endloop
  endfacet
  facet normal 0.348879 -0.908856 -0.228613
    outer loop
      vertex -15.8928 48.9131 22.3625
      vertex -15.5427 47.8354 27.1812
      vertex -20.4577 45.9487 27.1812
    endloop
  endfacet
  facet normal 0.14037 -0.886263 -0.441399
    outer loop
      vertex -5.08142 48.3465 31.8664
      vertex -4.84969 46.1418 36.3668
      vertex -9.64625 45.3821 36.3668
    endloop
  endfacet
  facet normal 0.131886 -0.832696 -0.537794
    outer loop
      vertex -4.84969 46.1418 36.3668
      vertex -9.07965 42.7164 40.6332
      vertex -9.64625 45.3821 36.3668
    endloop
  endfacet
  facet normal 0.0519936 -0.991964 -0.115347
    outer loop
      vertex 0 52 17.4632
      vertex 0 51.4303 22.3625
      vertex -5.43548 51.7151 17.4632
    endloop
  endfacet
  facet normal 0.0519975 -0.991963 -0.115352
    outer loop
      vertex 0 51.4303 22.3625
      vertex -5.37593 51.1485 22.3625
      vertex -5.43548 51.7151 17.4632
    endloop
  endfacet
  facet normal -0.0469603 -0.896077 -0.441408
    outer loop
      vertex 0 48.6128 31.8664
      vertex 5.08142 48.3465 31.8664
      vertex 0 46.3959 36.3668
    endloop
  endfacet
  facet normal -0.04927 -0.939896 -0.337887
    outer loop
      vertex 0 50.2971 27.1812
      vertex 5.25747 50.0215 27.1812
      vertex 0 48.6128 31.8664
    endloop
  endfacet
  facet normal -0.147222 -0.929602 -0.337885
    outer loop
      vertex 10.4573 49.198 27.1812
      vertex 10.1072 47.5505 31.8664
      vertex 5.25747 50.0215 27.1812
    endloop
  endfacet
  facet normal -0.152278 -0.961532 -0.228621
    outer loop
      vertex 10.693 50.3064 22.3625
      vertex 10.4573 49.198 27.1812
      vertex 5.25747 50.0215 27.1812
    endloop
  endfacet
  facet normal 0.655198 -0.530573 -0.537781
    outer loop
      vertex -32.4537 29.2214 40.6332
      vertex -35.3304 25.669 40.6332
      vertex -37.5351 27.2708 36.3668
    endloop
  endfacet
  facet normal 0.530573 -0.655198 -0.537781
    outer loop
      vertex -27.2708 37.5351 36.3668
      vertex -25.669 35.3304 40.6332
      vertex -29.2214 32.4537 40.6332
    endloop
  endfacet
  facet normal 0.488703 -0.75255 -0.441405
    outer loop
      vertex -24.3064 42.0999 31.8664
      vertex -23.198 40.18 36.3668
      vertex -28.5739 39.3286 31.8664
    endloop
  endfacet
  facet normal 0.512603 -0.789353 -0.337875
    outer loop
      vertex -25.1485 43.5585 27.1812
      vertex -24.3064 42.0999 31.8664
      vertex -28.5739 39.3286 31.8664
    endloop
  endfacet
  facet normal 0.551415 -0.551415 -0.626005
    outer loop
      vertex -30.0729 27.0777 44.6186
      vertex -29.2214 32.4537 40.6332
      vertex -27.0777 30.0729 44.6186
    endloop
  endfacet
  facet normal 0.551415 -0.551415 -0.626005
    outer loop
      vertex -29.2214 32.4537 40.6332
      vertex -30.0729 27.0777 44.6186
      vertex -32.4537 29.2214 40.6332
    endloop
  endfacet
  facet normal 0.490755 -0.606028 -0.626011
    outer loop
      vertex -25.669 35.3304 40.6332
      vertex -23.7859 32.7385 44.6186
      vertex -29.2214 32.4537 40.6332
    endloop
  endfacet
  facet normal 0.816465 -0.530201 -0.228628
    outer loop
      vertex -40.6912 29.5639 27.1812
      vertex -43.5585 25.1485 27.1812
      vertex -44.5399 25.7151 22.3625
    endloop
  endfacet
  facet normal 0.59615 -0.59615 -0.537784
    outer loop
      vertex -29.2214 32.4537 40.6332
      vertex -34.4789 31.0449 36.3668
      vertex -31.0449 34.4789 36.3668
    endloop
  endfacet
  facet normal 0.59615 -0.59615 -0.537784
    outer loop
      vertex -34.4789 31.0449 36.3668
      vertex -29.2214 32.4537 40.6332
      vertex -32.4537 29.2214 40.6332
    endloop
  endfacet
  facet normal 0.625121 -0.771957 -0.115352
    outer loop
      vertex -30.5648 42.0689 17.4632
      vertex -34.4136 38.2201 22.3625
      vertex -34.7948 38.6435 17.4632
    endloop
  endfacet
  facet normal 0.610214 -0.163508 -0.77518
    outer loop
      vertex -35.0179 11.378 48.2796
      vertex -32.0535 6.81318 51.576
      vertex -36.0154 7.65531 48.2796
    endloop
  endfacet
  facet normal 0.684787 -0.18349 -0.705265
    outer loop
      vertex -35.0179 11.378 48.2796
      vertex -36.0154 7.65531 48.2796
      vertex -39.5827 8.41357 44.6186
    endloop
  endfacet
  facet normal 0.753261 -0.201818 -0.625993
    outer loop
      vertex -38.4865 12.505 44.6186
      vertex -39.5827 8.41357 44.6186
      vertex -41.5333 13.495 40.6332
    endloop
  endfacet
  facet normal 0.728034 -0.279459 -0.625994
    outer loop
      vertex -39.8952 17.7625 40.6332
      vertex -38.4865 12.505 44.6186
      vertex -41.5333 13.495 40.6332
    endloop
  endfacet
  facet normal 0.694824 -0.354031 -0.626005
    outer loop
      vertex -35.0455 20.2335 44.6186
      vertex -36.9685 16.4594 44.6186
      vertex -39.8952 17.7625 40.6332
    endloop
  endfacet
  facet normal 0.562883 -0.286801 -0.775183
    outer loop
      vertex -31.8871 18.41 48.2796
      vertex -29.9365 13.3286 51.576
      vertex -33.6368 14.976 48.2796
    endloop
  endfacet
  facet normal 0.460787 -0.299247 -0.83554
    outer loop
      vertex -26.5111 19.2615 51.576
      vertex -24.5606 14.18 54.4716
      vertex -28.3793 16.3848 51.576
    endloop
  endfacet
  facet normal 0.18867 -0.00988706 -0.981991
    outer loop
      vertex -8.10113 0.851463 61.4851
      vertex -8.14575 0 61.4851
      vertex -13.4032 1.40874 60.4608
    endloop
  endfacet
  facet normal 0.201818 -0.753261 -0.625993
    outer loop
      vertex -8.41357 39.5827 44.6186
      vertex -12.505 38.4865 44.6186
      vertex -13.495 41.5333 40.6332
    endloop
  endfacet
  facet normal 0.201833 -0.753246 -0.626006
    outer loop
      vertex -9.07965 42.7164 40.6332
      vertex -8.41357 39.5827 44.6186
      vertex -13.495 41.5333 40.6332
    endloop
  endfacet
  facet normal 0.0859368 -0.542671 -0.835537
    outer loop
      vertex -2.96444 28.2047 54.4716
      vertex -5.89639 27.7404 54.4716
      vertex -6.81318 32.0535 51.576
    endloop
  endfacet
  facet normal 0.16351 -0.610212 -0.775181
    outer loop
      vertex -6.81318 32.0535 51.576
      vertex -10.1264 31.1657 51.576
      vertex -11.378 35.0179 48.2796
    endloop
  endfacet
  facet normal 0.0371025 -0.707972 -0.705265
    outer loop
      vertex 0 40.467 44.6186
      vertex 0 36.82 48.2796
      vertex -3.84874 36.6183 48.2796
    endloop
  endfacet
  facet normal 0.122006 -0.770221 -0.625999
    outer loop
      vertex -4.56483 43.4315 40.6332
      vertex -4.22996 40.2454 44.6186
      vertex -8.41357 39.5827 44.6186
    endloop
  endfacet
  facet normal -0.787088 -0.302128 -0.537783
    outer loop
      vertex 44.1251 14.3371 36.3668
      vertex 41.5333 13.495 40.6332
      vertex 39.8952 17.7625 40.6332
    endloop
  endfacet
  facet normal -0.728034 -0.279459 -0.625994
    outer loop
      vertex 39.8952 17.7625 40.6332
      vertex 41.5333 13.495 40.6332
      vertex 38.4865 12.505 44.6186
    endloop
  endfacet
  facet normal -0.70707 0.459183 -0.537776
    outer loop
      vertex 37.82 -21.8354 40.6332
      vertex 40.18 -23.198 36.3668
      vertex 35.3304 -25.669 40.6332
    endloop
  endfacet
  facet normal -0.654006 0.424721 -0.62601
    outer loop
      vertex 37.82 -21.8354 40.6332
      vertex 35.3304 -25.669 40.6332
      vertex 35.0455 -20.2335 44.6186
    endloop
  endfacet
  facet normal -0.814345 0.218219 -0.537794
    outer loop
      vertex 45.3821 -9.64625 36.3668
      vertex 44.1251 -14.3371 36.3668
      vertex 42.7164 -9.07965 40.6332
    endloop
  endfacet
  facet normal -0.814355 0.218208 -0.537783
    outer loop
      vertex 42.7164 -9.07965 40.6332
      vertex 44.1251 -14.3371 36.3668
      vertex 41.5333 -13.495 40.6332
    endloop
  endfacet
  facet normal -0.243602 0.909116 -0.337884
    outer loop
      vertex 15.0222 -46.2335 31.8664
      vertex 10.4573 -49.198 27.1812
      vertex 10.1072 -47.5505 31.8664
    endloop
  endfacet
  facet normal -0.147222 0.929602 -0.337885
    outer loop
      vertex 10.1072 -47.5505 31.8664
      vertex 10.4573 -49.198 27.1812
      vertex 5.25747 -50.0215 27.1812
    endloop
  endfacet
  facet normal -0.299247 0.460787 -0.83554
    outer loop
      vertex 19.2615 -26.5111 51.576
      vertex 16.3848 -28.3793 51.576
      vertex 14.18 -24.5606 54.4716
    endloop
  endfacet
  facet normal -0.344076 0.529816 -0.775182
    outer loop
      vertex 19.2615 -26.5111 51.576
      vertex 18.41 -31.8871 48.2796
      vertex 16.3848 -28.3793 51.576
    endloop
  endfacet
  facet normal -0.279459 0.728034 -0.625994
    outer loop
      vertex 17.7625 -39.8952 40.6332
      vertex 13.495 -41.5333 40.6332
      vertex 12.505 -38.4865 44.6186
    endloop
  endfacet
  facet normal -0.201818 0.753261 -0.625993
    outer loop
      vertex 12.505 -38.4865 44.6186
      vertex 13.495 -41.5333 40.6332
      vertex 8.41357 -39.5827 44.6186
    endloop
  endfacet
  facet normal -0.426994 -0.345759 -0.83554
    outer loop
      vertex 26.5111 19.2615 51.576
      vertex 22.9438 16.6696 54.4716
      vertex 21.0757 18.9766 54.4716
    endloop
  endfacet
  facet normal -0.562883 -0.286801 -0.775182
    outer loop
      vertex 31.8871 18.41 48.2796
      vertex 29.9365 13.3286 51.576
      vertex 28.3793 16.3848 51.576
    endloop
  endfacet
  facet normal -0.489547 -0.249435 -0.835539
    outer loop
      vertex 28.3793 16.3848 51.576
      vertex 29.9365 13.3286 51.576
      vertex 24.5606 14.18 54.4716
    endloop
  endfacet
  facet normal -0.38842 -0.252248 -0.886285
    outer loop
      vertex 22.9438 16.6696 54.4716
      vertex 24.5606 14.18 54.4716
      vertex 19.1251 13.8952 56.9348
    endloop
  endfacet
  facet normal -0.446703 -0.446703 -0.775185
    outer loop
      vertex 24.3525 21.9271 51.576
      vertex 24.6374 27.3626 48.2796
      vertex 27.3626 24.6374 48.2796
    endloop
  endfacet
  facet normal -0.446703 -0.446703 -0.775185
    outer loop
      vertex 24.6374 27.3626 48.2796
      vertex 24.3525 21.9271 51.576
      vertex 21.9271 24.3525 51.576
    endloop
  endfacet
  facet normal -0.397564 -0.490948 -0.775186
    outer loop
      vertex 24.6374 27.3626 48.2796
      vertex 21.9271 24.3525 51.576
      vertex 21.6423 29.788 48.2796
    endloop
  endfacet
  facet normal -0.700216 0.110903 -0.705265
    outer loop
      vertex 36.6183 -3.84874 48.2796
      vertex 39.5827 -8.41357 44.6186
      vertex 36.0154 -7.65531 48.2796
    endloop
  endfacet
  facet normal -0.623963 0.0988258 -0.77518
    outer loop
      vertex 36.6183 -3.84874 48.2796
      vertex 36.0154 -7.65531 48.2796
      vertex 32.0535 -6.81318 51.576
    endloop
  endfacet
  facet normal -0.264289 0.264289 -0.927525
    outer loop
      vertex 15.8182 -17.5679 56.9348
      vertex 13.8676 -12.4865 58.9385
      vertex 17.5679 -15.8182 56.9348
    endloop
  endfacet
  facet normal -0.264289 0.264289 -0.927525
    outer loop
      vertex 13.8676 -12.4865 58.9385
      vertex 15.8182 -17.5679 56.9348
      vertex 12.4865 -13.8676 58.9385
    endloop
  endfacet
  facet normal -0.38842 0.252248 -0.886285
    outer loop
      vertex 24.5606 -14.18 54.4716
      vertex 22.9438 -16.6696 54.4716
      vertex 19.1251 -13.8952 56.9348
    endloop
  endfacet
  facet normal -0.146822 0.1189 -0.981991
    outer loop
      vertex 10.9032 -7.92162 60.4608
      vertex 10.0154 -9.01791 60.4608
      vertex 6.05348 -5.45057 61.4851
    endloop
  endfacet
  facet normal -0.203567 0.313454 -0.927527
    outer loop
      vertex 13.8952 -19.1251 56.9348
      vertex 11.82 -20.4728 56.9348
      vertex 9.33035 -16.1606 58.9385
    endloop
  endfacet
  facet normal -0.345759 0.426994 -0.83554
    outer loop
      vertex 18.9766 -21.0757 54.4716
      vertex 19.2615 -26.5111 51.576
      vertex 16.6696 -22.9438 54.4716
    endloop
  endfacet
  facet normal -0.345776 0.42699 -0.835535
    outer loop
      vertex 21.9271 -24.3525 51.576
      vertex 19.2615 -26.5111 51.576
      vertex 18.9766 -21.0757 54.4716
    endloop
  endfacet
  facet normal -0.0794162 -0.0515742 -0.995506
    outer loop
      vertex 6.59005 4.78795 61.4851
      vertex 2.3601 1.3626 62
      vertex 2.20474 1.60183 62
    endloop
  endfacet
  facet normal -0.0843722 -0.0429902 -0.995506
    outer loop
      vertex 7.05443 4.07288 61.4851
      vertex 7.44152 3.31318 61.4851
      vertex 2.3601 1.3626 62
    endloop
  endfacet
  facet normal -0.0489095 -0.182487 -0.981991
    outer loop
      vertex 2.80204 13.1826 60.4608
      vertex 4.16464 12.8174 60.4608
      vertex 1.6936 7.96775 61.4851
    endloop
  endfacet
  facet normal 0.0295446 -0.186603 -0.981991
    outer loop
      vertex -1.40874 13.4032 60.4608
      vertex -1.6936 7.96775 61.4851
      vertex -2.80204 13.1826 60.4608
    endloop
  endfacet
  facet normal -0.073015 -0.272516 -0.959377
    outer loop
      vertex 5.76647 17.7474 58.9385
      vertex 4.16464 12.8174 60.4608
      vertex 3.87978 18.2529 58.9385
    endloop
  endfacet
  facet normal -0.0488991 -0.182492 -0.981991
    outer loop
      vertex 4.16464 12.8174 60.4608
      vertex 2.51718 7.74707 61.4851
      vertex 1.6936 7.96775 61.4851
    endloop
  endfacet
  facet normal -0.0242384 -0.462502 -0.886287
    outer loop
      vertex 0 28.3601 54.4716
      vertex 2.47104 23.5104 56.9348
      vertex 0 23.6399 56.9348
    endloop
  endfacet
  facet normal 0.0441205 -0.278663 -0.959375
    outer loop
      vertex -1.40874 13.4032 60.4608
      vertex -2.80204 13.1826 60.4608
      vertex -3.87978 18.2529 58.9385
    endloop
  endfacet
  facet normal -0.102899 -0.158447 -0.981991
    outer loop
      vertex 6.73853 11.6715 60.4608
      vertex 4.78795 6.59005 61.4851
      vertex 4.07288 7.05443 61.4851
    endloop
  endfacet
  facet normal -0.102896 -0.158448 -0.981991
    outer loop
      vertex 6.73853 11.6715 60.4608
      vertex 7.92162 10.9032 60.4608
      vertex 4.78795 6.59005 61.4851
    endloop
  endfacet
  facet normal -0.290472 -0.23521 -0.927525
    outer loop
      vertex 17.5679 15.8182 56.9348
      vertex 15.0968 10.9685 58.9385
      vertex 13.8676 12.4865 58.9385
    endloop
  endfacet
  facet normal -0.219251 -0.177554 -0.959377
    outer loop
      vertex 13.8676 12.4865 58.9385
      vertex 10.9032 7.92162 60.4608
      vertex 10.0154 9.01791 60.4608
    endloop
  endfacet
  facet normal -0.0794161 -0.0515743 -0.995506
    outer loop
      vertex 6.59005 4.78795 61.4851
      vertex 7.05443 4.07288 61.4851
      vertex 2.3601 1.3626 62
    endloop
  endfacet
  facet normal -0.177554 -0.219251 -0.959377
    outer loop
      vertex 12.4865 13.8676 58.9385
      vertex 9.01791 10.0154 60.4608
      vertex 7.92162 10.9032 60.4608
    endloop
  endfacet
  facet normal -0.118894 -0.146825 -0.981991
    outer loop
      vertex 7.92162 10.9032 60.4608
      vertex 5.45057 6.05348 61.4851
      vertex 4.78795 6.59005 61.4851
    endloop
  endfacet
  facet normal 0.168335 -0.0857719 -0.981991
    outer loop
      vertex -7.05443 4.07288 61.4851
      vertex -7.44152 3.31318 61.4851
      vertex -11.6715 6.73853 60.4608
    endloop
  endfacet
  facet normal 0.0843722 -0.0429902 -0.995506
    outer loop
      vertex -7.05443 4.07288 61.4851
      vertex -2.3601 1.3626 62
      vertex -7.44152 3.31318 61.4851
    endloop
  endfacet
  facet normal 0.176381 -0.0677052 -0.981991
    outer loop
      vertex -7.44152 3.31318 61.4851
      vertex -7.74707 2.51718 61.4851
      vertex -12.8174 4.16464 60.4608
    endloop
  endfacet
  facet normal 0.088404 -0.0339345 -0.995507
    outer loop
      vertex -7.44152 3.31318 61.4851
      vertex -2.59182 0.842134 62
      vertex -7.74707 2.51718 61.4851
    endloop
  endfacet
  facet normal 0.0884044 -0.0339335 -0.995506
    outer loop
      vertex -2.4896 1.10844 62
      vertex -2.59182 0.842134 62
      vertex -7.44152 3.31318 61.4851
    endloop
  endfacet
  facet normal 0.0935275 -0.0148122 -0.995507
    outer loop
      vertex -2.66565 0.566602 62
      vertex -2.71027 0.284861 62
      vertex -8.10113 0.851463 61.4851
    endloop
  endfacet
  facet normal 0.0945635 -0.0049555 -0.995506
    outer loop
      vertex -8.10113 0.851463 61.4851
      vertex -2.7252 0 62
      vertex -8.14575 0 61.4851
    endloop
  endfacet
  facet normal 0.0429902 -0.0843722 -0.995506
    outer loop
      vertex -3.31318 7.44152 61.4851
      vertex -1.3626 2.3601 62
      vertex -4.07288 7.05443 61.4851
    endloop
  endfacet
  facet normal 0.073591 -0.0595918 -0.995506
    outer loop
      vertex -6.05348 5.45057 61.4851
      vertex -2.20474 1.60183 62
      vertex -6.59005 4.78795 61.4851
    endloop
  endfacet
  facet normal 0.0794162 -0.0515742 -0.995506
    outer loop
      vertex -2.20474 1.60183 62
      vertex -2.3601 1.3626 62
      vertex -6.59005 4.78795 61.4851
    endloop
  endfacet
  facet normal 0.654003 -0.424723 -0.626012
    outer loop
      vertex -32.7385 23.7859 44.6186
      vertex -35.0455 20.2335 44.6186
      vertex -35.3304 25.669 40.6332
    endloop
  endfacet
  facet normal 0.594568 -0.386124 -0.705264
    outer loop
      vertex -32.7385 23.7859 44.6186
      vertex -29.788 21.6423 48.2796
      vertex -35.0455 20.2335 44.6186
    endloop
  endfacet
  facet normal 0.286801 -0.562883 -0.775182
    outer loop
      vertex -13.3286 29.9365 51.576
      vertex -16.3848 28.3793 51.576
      vertex -18.41 31.8871 48.2796
    endloop
  endfacet
  facet normal 0.249435 -0.489547 -0.835539
    outer loop
      vertex -13.3286 29.9365 51.576
      vertex -14.18 24.5606 54.4716
      vertex -16.3848 28.3793 51.576
    endloop
  endfacet
  facet normal 0.102896 -0.158448 -0.981991
    outer loop
      vertex -6.73853 11.6715 60.4608
      vertex -4.78795 6.59005 61.4851
      vertex -7.92162 10.9032 60.4608
    endloop
  endfacet
  facet normal 0.251377 -0.128089 -0.959376
    outer loop
      vertex -16.1606 9.33035 58.9385
      vertex -12.3119 5.48161 60.4608
      vertex -17.0474 7.58999 58.9385
    endloop
  endfacet
  facet normal 0.236617 -0.15366 -0.959375
    outer loop
      vertex -10.9032 7.92162 60.4608
      vertex -11.6715 6.73853 60.4608
      vertex -16.1606 9.33035 58.9385
    endloop
  endfacet
  facet normal 0.146822 -0.1189 -0.981991
    outer loop
      vertex -10.0154 9.01791 60.4608
      vertex -6.05348 5.45057 61.4851
      vertex -10.9032 7.92162 60.4608
    endloop
  endfacet
  facet normal 0.354031 -0.694824 -0.626005
    outer loop
      vertex -17.7625 39.8952 40.6332
      vertex -16.4594 36.9685 44.6186
      vertex -20.2335 35.0455 44.6186
    endloop
  endfacet
  facet normal 0.354023 -0.694824 -0.626009
    outer loop
      vertex -17.7625 39.8952 40.6332
      vertex -20.2335 35.0455 44.6186
      vertex -21.8354 37.82 40.6332
    endloop
  endfacet
  facet normal 0.490947 -0.397569 -0.775184
    outer loop
      vertex -24.3525 21.9271 51.576
      vertex -26.5111 19.2615 51.576
      vertex -29.788 21.6423 48.2796
    endloop
  endfacet
  facet normal 0.286801 -0.562883 -0.775183
    outer loop
      vertex -14.976 33.6368 48.2796
      vertex -13.3286 29.9365 51.576
      vertex -18.41 31.8871 48.2796
    endloop
  endfacet
  facet normal 0.397569 -0.490947 -0.775184
    outer loop
      vertex -21.6423 29.788 48.2796
      vertex -19.2615 26.5111 51.576
      vertex -21.9271 24.3525 51.576
    endloop
  endfacet
  facet normal 0.321852 -0.631674 -0.705265
    outer loop
      vertex -14.976 33.6368 48.2796
      vertex -18.41 31.8871 48.2796
      vertex -20.2335 35.0455 44.6186
    endloop
  endfacet
  facet normal 0.386121 -0.594568 -0.705265
    outer loop
      vertex -20.2335 35.0455 44.6186
      vertex -18.41 31.8871 48.2796
      vertex -21.6423 29.788 48.2796
    endloop
  endfacet
  facet normal -0.541002 -0.833075 -0.115341
    outer loop
      vertex 30.5648 42.0689 17.4632
      vertex 30.23 41.608 22.3625
      vertex 26 45.0333 17.4632
    endloop
  endfacet
  facet normal -0.62513 -0.771951 -0.11534
    outer loop
      vertex 30.5648 42.0689 17.4632
      vertex 34.4136 38.2201 22.3625
      vertex 30.23 41.608 22.3625
    endloop
  endfacet
  facet normal -0.771951 -0.62513 -0.11534
    outer loop
      vertex 42.0689 30.5648 17.4632
      vertex 41.608 30.23 22.3625
      vertex 38.2201 34.4136 22.3625
    endloop
  endfacet
  facet normal -0.756554 -0.612661 -0.228631
    outer loop
      vertex 41.608 30.23 22.3625
      vertex 40.6912 29.5639 27.1812
      vertex 38.2201 34.4136 22.3625
    endloop
  endfacet
  facet normal -0.655199 -0.530569 -0.537784
    outer loop
      vertex 34.4789 31.0449 36.3668
      vertex 37.5351 27.2708 36.3668
      vertex 32.4537 29.2214 40.6332
    endloop
  endfacet
  facet normal -0.302124 -0.787088 -0.537786
    outer loop
      vertex 18.8709 42.3848 36.3668
      vertex 17.7625 39.8952 40.6332
      vertex 14.3371 44.1251 36.3668
    endloop
  endfacet
  facet normal -0.427294 -0.838606 -0.337876
    outer loop
      vertex 25.1485 43.5585 27.1812
      vertex 24.3064 42.0999 31.8664
      vertex 19.7726 44.41 31.8664
    endloop
  endfacet
  facet normal -0.272516 -0.073039 -0.959375
    outer loop
      vertex 18.2529 3.87978 58.9385
      vertex 13.1826 2.80204 60.4608
      vertex 12.8174 4.16464 60.4608
    endloop
  endfacet
  facet normal -0.182487 -0.0489095 -0.981991
    outer loop
      vertex 12.8174 4.16464 60.4608
      vertex 13.1826 2.80204 60.4608
      vertex 7.96775 1.6936 61.4851
    endloop
  endfacet
  facet normal -0.176382 -0.0677017 -0.981991
    outer loop
      vertex 12.3119 5.48161 60.4608
      vertex 12.8174 4.16464 60.4608
      vertex 7.44152 3.31318 61.4851
    endloop
  endfacet
  facet normal -0.263394 -0.1011 -0.959376
    outer loop
      vertex 17.0474 7.58999 58.9385
      vertex 12.8174 4.16464 60.4608
      vertex 12.3119 5.48161 60.4608
    endloop
  endfacet
  facet normal -0.088404 -0.0339345 -0.995507
    outer loop
      vertex 7.44152 3.31318 61.4851
      vertex 7.74707 2.51718 61.4851
      vertex 2.59182 0.842134 62
    endloop
  endfacet
  facet normal -0.0884044 -0.0339335 -0.995506
    outer loop
      vertex 7.44152 3.31318 61.4851
      vertex 2.59182 0.842134 62
      vertex 2.4896 1.10844 62
    endloop
  endfacet
  facet normal -0.361028 -0.09673 -0.927525
    outer loop
      vertex 22.4829 7.30513 56.9348
      vertex 18.2529 3.87978 58.9385
      vertex 17.7474 5.76647 58.9385
    endloop
  endfacet
  facet normal -0.348935 -0.133947 -0.927525
    outer loop
      vertex 22.4829 7.30513 56.9348
      vertex 17.7474 5.76647 58.9385
      vertex 17.0474 7.58999 58.9385
    endloop
  endfacet
  facet normal -0.1189 -0.146822 -0.981991
    outer loop
      vertex 7.92162 10.9032 60.4608
      vertex 9.01791 10.0154 60.4608
      vertex 5.45057 6.05348 61.4851
    endloop
  endfacet
  facet normal -0.133593 -0.133593 -0.981991
    outer loop
      vertex 6.05348 5.45057 61.4851
      vertex 9.01791 10.0154 60.4608
      vertex 10.0154 9.01791 60.4608
    endloop
  endfacet
  facet normal -0.133593 -0.133593 -0.981991
    outer loop
      vertex 9.01791 10.0154 60.4608
      vertex 6.05348 5.45057 61.4851
      vertex 5.45057 6.05348 61.4851
    endloop
  endfacet
  facet normal -0.219261 -0.177547 -0.959376
    outer loop
      vertex 13.8676 12.4865 58.9385
      vertex 15.0968 10.9685 58.9385
      vertex 10.9032 7.92162 60.4608
    endloop
  endfacet
  facet normal -0.236618 -0.153658 -0.959375
    outer loop
      vertex 15.0968 10.9685 58.9385
      vertex 16.1606 9.33035 58.9385
      vertex 10.9032 7.92162 60.4608
    endloop
  endfacet
  facet normal 0.163508 -0.610214 -0.77518
    outer loop
      vertex -7.65531 36.0154 48.2796
      vertex -6.81318 32.0535 51.576
      vertex -11.378 35.0179 48.2796
    endloop
  endfacet
  facet normal 0.13395 -0.348935 -0.927524
    outer loop
      vertex -7.30513 22.4829 56.9348
      vertex -7.58999 17.0474 58.9385
      vertex -9.61521 21.5961 56.9348
    endloop
  endfacet
  facet normal -0.0330622 -0.630877 -0.775178
    outer loop
      vertex 3.84874 36.6183 48.2796
      vertex 3.42535 32.5901 51.576
      vertex 0 36.82 48.2796
    endloop
  endfacet
  facet normal 0.0370891 -0.707966 -0.705272
    outer loop
      vertex 0 40.467 44.6186
      vertex -3.84874 36.6183 48.2796
      vertex -4.22996 40.2454 44.6186
    endloop
  endfacet
  facet normal -0.210248 -0.41267 -0.886284
    outer loop
      vertex 14.18 24.5606 54.4716
      vertex 11.82 20.4728 56.9348
      vertex 9.61521 21.5961 56.9348
    endloop
  endfacet
  facet normal -0.15366 -0.236617 -0.959375
    outer loop
      vertex 9.33035 16.1606 58.9385
      vertex 7.92162 10.9032 60.4608
      vertex 6.73853 11.6715 60.4608
    endloop
  endfacet
  facet normal 0.512938 -0.196913 -0.835536
    outer loop
      vertex -25.9082 11.5351 54.4716
      vertex -26.9721 8.76375 54.4716
      vertex -31.1657 10.1264 51.576
    endloop
  endfacet
  facet normal 0.361028 -0.09673 -0.927525
    outer loop
      vertex -17.7474 5.76647 58.9385
      vertex -18.2529 3.87978 58.9385
      vertex -22.4829 7.30513 56.9348
    endloop
  endfacet
  facet normal 0.661852 -0.254069 -0.705266
    outer loop
      vertex -36.9685 16.4594 44.6186
      vertex -33.6368 14.976 48.2796
      vertex -38.4865 12.505 44.6186
    endloop
  endfacet
  facet normal 0.66185 -0.254053 -0.705274
    outer loop
      vertex -33.6368 14.976 48.2796
      vertex -35.0179 11.378 48.2796
      vertex -38.4865 12.505 44.6186
    endloop
  endfacet
  facet normal 0.361026 -0.0967321 -0.927525
    outer loop
      vertex -22.4829 7.30513 56.9348
      vertex -18.2529 3.87978 58.9385
      vertex -23.1233 4.91501 56.9348
    endloop
  endfacet
  facet normal 0.457433 -0.0724386 -0.886288
    outer loop
      vertex -27.7404 5.89639 54.4716
      vertex -23.1233 4.91501 56.9348
      vertex -28.2047 2.96444 54.4716
    endloop
  endfacet
  facet normal 0.281741 0.0147618 -0.959377
    outer loop
      vertex -13.4032 -1.40874 60.4608
      vertex -18.5585 -1.95057 58.9385
      vertex -18.6607 0 58.9385
    endloop
  endfacet
  facet normal 0.281746 0.0147799 -0.959375
    outer loop
      vertex -13.4771 0 60.4608
      vertex -13.4032 -1.40874 60.4608
      vertex -18.6607 0 58.9385
    endloop
  endfacet
  facet normal 0.43237 -0.165984 -0.886287
    outer loop
      vertex -25.9082 11.5351 54.4716
      vertex -22.4829 7.30513 56.9348
      vertex -26.9721 8.76375 54.4716
    endloop
  endfacet
  facet normal 0.186603 -0.0295547 -0.981991
    outer loop
      vertex -7.96775 1.6936 61.4851
      vertex -8.10113 0.851463 61.4851
      vertex -13.4032 1.40874 60.4608
    endloop
  endfacet
  facet normal 0.623964 -0.09883 -0.775178
    outer loop
      vertex -32.0535 6.81318 51.576
      vertex -32.5901 3.42535 51.576
      vertex -36.6183 3.84874 48.2796
    endloop
  endfacet
  facet normal 0.54266 -0.0859522 -0.835543
    outer loop
      vertex -32.0535 6.81318 51.576
      vertex -28.2047 2.96444 54.4716
      vertex -32.5901 3.42535 51.576
    endloop
  endfacet
  facet normal 0.548672 0.0287523 -0.835543
    outer loop
      vertex -28.2047 -2.96444 54.4716
      vertex -32.5901 -3.42535 51.576
      vertex -32.7696 0 51.576
    endloop
  endfacet
  facet normal 0.548677 -0.0287624 -0.83554
    outer loop
      vertex -28.2047 2.96444 54.4716
      vertex -28.3601 0 54.4716
      vertex -32.7696 0 51.576
    endloop
  endfacet
  facet normal -0.344076 -0.529816 -0.775182
    outer loop
      vertex 18.41 31.8871 48.2796
      vertex 19.2615 26.5111 51.576
      vertex 16.3848 28.3793 51.576
    endloop
  endfacet
  facet normal -0.34407 -0.529816 -0.775184
    outer loop
      vertex 21.6423 29.788 48.2796
      vertex 19.2615 26.5111 51.576
      vertex 18.41 31.8871 48.2796
    endloop
  endfacet
  facet normal -0.218208 -0.814355 -0.537783
    outer loop
      vertex 14.3371 44.1251 36.3668
      vertex 13.495 41.5333 40.6332
      vertex 9.07965 42.7164 40.6332
    endloop
  endfacet
  facet normal -0.121994 -0.770217 -0.626006
    outer loop
      vertex 9.07965 42.7164 40.6332
      vertex 8.41357 39.5827 44.6186
      vertex 4.56483 43.4315 40.6332
    endloop
  endfacet
  facet normal -0.18349 -0.684787 -0.705265
    outer loop
      vertex 8.41357 39.5827 44.6186
      vertex 11.378 35.0179 48.2796
      vertex 7.65531 36.0154 48.2796
    endloop
  endfacet
  facet normal -0.183471 -0.684782 -0.705274
    outer loop
      vertex 12.505 38.4865 44.6186
      vertex 11.378 35.0179 48.2796
      vertex 8.41357 39.5827 44.6186
    endloop
  endfacet
  facet normal 0.728021 0.27947 -0.626004
    outer loop
      vertex -38.4865 -12.505 44.6186
      vertex -36.9685 -16.4594 44.6186
      vertex -39.8952 -17.7625 40.6332
    endloop
  endfacet
  facet normal 0.753246 0.201833 -0.626006
    outer loop
      vertex -39.5827 -8.41357 44.6186
      vertex -41.5333 -13.495 40.6332
      vertex -42.7164 -9.07965 40.6332
    endloop
  endfacet
  facet normal 0.610214 0.163508 -0.77518
    outer loop
      vertex -32.0535 -6.81318 51.576
      vertex -35.0179 -11.378 48.2796
      vertex -36.0154 -7.65531 48.2796
    endloop
  endfacet
  facet normal 0.623963 0.0988258 -0.77518
    outer loop
      vertex -32.0535 -6.81318 51.576
      vertex -36.0154 -7.65531 48.2796
      vertex -36.6183 -3.84874 48.2796
    endloop
  endfacet
  facet normal 0.707966 0.0370891 -0.705272
    outer loop
      vertex -36.6183 -3.84874 48.2796
      vertex -40.2454 -4.22996 44.6186
      vertex -40.467 0 44.6186
    endloop
  endfacet
  facet normal 0.778756 0.0407976 -0.625999
    outer loop
      vertex -40.467 0 44.6186
      vertex -40.2454 -4.22996 44.6186
      vertex -43.4315 -4.56483 40.6332
    endloop
  endfacet
  facet normal 0.756558 0.612658 -0.228625
    outer loop
      vertex -37.378 -33.6553 27.1812
      vertex -38.2201 -34.4136 22.3625
      vertex -40.6912 -29.5639 27.1812
    endloop
  endfacet
  facet normal 0.731436 0.592314 -0.337882
    outer loop
      vertex -39.3286 -28.5739 31.8664
      vertex -37.378 -33.6553 27.1812
      vertex -40.6912 -29.5639 27.1812
    endloop
  endfacet
  facet normal 0.612658 0.756558 -0.228625
    outer loop
      vertex -33.6553 -37.378 27.1812
      vertex -29.5639 -40.6912 27.1812
      vertex -34.4136 -38.2201 22.3625
    endloop
  endfacet
  facet normal 0.512603 0.789353 -0.337875
    outer loop
      vertex -24.3064 -42.0999 31.8664
      vertex -25.1485 -43.5585 27.1812
      vertex -28.5739 -39.3286 31.8664
    endloop
  endfacet
  facet normal 0.427294 0.838606 -0.337876
    outer loop
      vertex -24.3064 -42.0999 31.8664
      vertex -19.7726 -44.41 31.8664
      vertex -25.1485 -43.5585 27.1812
    endloop
  endfacet
  facet normal 0.564691 0.697338 -0.441411
    outer loop
      vertex -31.0449 -34.4789 36.3668
      vertex -28.5739 -39.3286 31.8664
      vertex -32.5283 -36.1264 31.8664
    endloop
  endfacet
  facet normal 0.354023 0.694824 -0.626009
    outer loop
      vertex -20.2335 -35.0455 44.6186
      vertex -17.7625 -39.8952 40.6332
      vertex -21.8354 -37.82 40.6332
    endloop
  endfacet
  facet normal 0.697338 0.564692 -0.441411
    outer loop
      vertex -37.5351 -27.2708 36.3668
      vertex -34.4789 -31.0449 36.3668
      vertex -39.3286 -28.5739 31.8664
    endloop
  endfacet
  facet normal 0.655199 0.530569 -0.537784
    outer loop
      vertex -32.4537 -29.2214 40.6332
      vertex -34.4789 -31.0449 36.3668
      vertex -37.5351 -27.2708 36.3668
    endloop
  endfacet
  facet normal 0.70707 0.459183 -0.537776
    outer loop
      vertex -37.82 -21.8354 40.6332
      vertex -35.3304 -25.669 40.6332
      vertex -40.18 -23.198 36.3668
    endloop
  endfacet
  facet normal 0.606038 0.490751 -0.626004
    outer loop
      vertex -30.0729 -27.0777 44.6186
      vertex -32.4537 -29.2214 40.6332
      vertex -32.7385 -23.7859 44.6186
    endloop
  endfacet
  facet normal 0.146825 0.118894 -0.981991
    outer loop
      vertex -6.59005 -4.78795 61.4851
      vertex -6.05348 -5.45057 61.4851
      vertex -10.9032 -7.92162 60.4608
    endloop
  endfacet
  facet normal 0.23521 0.290472 -0.927525
    outer loop
      vertex -12.4865 -13.8676 58.9385
      vertex -10.9685 -15.0968 58.9385
      vertex -15.8182 -17.5679 56.9348
    endloop
  endfacet
  facet normal 0.0794162 0.0515742 -0.995506
    outer loop
      vertex -2.3601 -1.3626 62
      vertex -2.20474 -1.60183 62
      vertex -6.59005 -4.78795 61.4851
    endloop
  endfacet
  facet normal 0.290472 0.23521 -0.927525
    outer loop
      vertex -15.0968 -10.9685 58.9385
      vertex -13.8676 -12.4865 58.9385
      vertex -17.5679 -15.8182 56.9348
    endloop
  endfacet
  facet normal 0.361028 0.09673 -0.927525
    outer loop
      vertex -18.2529 -3.87978 58.9385
      vertex -17.7474 -5.76647 58.9385
      vertex -22.4829 -7.30513 56.9348
    endloop
  endfacet
  facet normal 0.176382 0.0677017 -0.981991
    outer loop
      vertex -7.44152 -3.31318 61.4851
      vertex -12.3119 -5.48161 60.4608
      vertex -12.8174 -4.16464 60.4608
    endloop
  endfacet
  facet normal 0.35993 0.291462 -0.886285
    outer loop
      vertex -19.1251 -13.8952 56.9348
      vertex -17.5679 -15.8182 56.9348
      vertex -22.9438 -16.6696 54.4716
    endloop
  endfacet
  facet normal 0.219261 0.177547 -0.959376
    outer loop
      vertex -10.9032 -7.92162 60.4608
      vertex -13.8676 -12.4865 58.9385
      vertex -15.0968 -10.9685 58.9385
    endloop
  endfacet
  facet normal 0.0669583 0.0669583 -0.995506
    outer loop
      vertex -5.45057 -6.05348 61.4851
      vertex -2.02522 -1.82352 62
      vertex -1.82352 -2.02522 62
    endloop
  endfacet
  facet normal 0.0669583 0.0669583 -0.995506
    outer loop
      vertex -2.02522 -1.82352 62
      vertex -5.45057 -6.05348 61.4851
      vertex -6.05348 -5.45057 61.4851
    endloop
  endfacet
  facet normal 0.0735907 0.0595922 -0.995506
    outer loop
      vertex -2.20474 -1.60183 62
      vertex -2.02522 -1.82352 62
      vertex -6.05348 -5.45057 61.4851
    endloop
  endfacet
  facet normal 0.0794161 0.0515743 -0.995506
    outer loop
      vertex -2.3601 -1.3626 62
      vertex -6.59005 -4.78795 61.4851
      vertex -7.05443 -4.07288 61.4851
    endloop
  endfacet
  facet normal 0.102896 0.158448 -0.981991
    outer loop
      vertex -4.78795 -6.59005 61.4851
      vertex -6.73853 -11.6715 60.4608
      vertex -7.92162 -10.9032 60.4608
    endloop
  endfacet
  facet normal 0.118894 0.146825 -0.981991
    outer loop
      vertex -5.45057 -6.05348 61.4851
      vertex -4.78795 -6.59005 61.4851
      vertex -7.92162 -10.9032 60.4608
    endloop
  endfacet
  facet normal 0.0245089 0.0914666 -0.995506
    outer loop
      vertex -0.842134 -2.59182 62
      vertex -0.566602 -2.66565 62
      vertex -1.6936 -7.96775 61.4851
    endloop
  endfacet
  facet normal 0.0295547 0.186603 -0.981991
    outer loop
      vertex -0.851463 -8.10113 61.4851
      vertex -1.40874 -13.4032 60.4608
      vertex -1.6936 -7.96775 61.4851
    endloop
  endfacet
  facet normal 0.0295446 0.186603 -0.981991
    outer loop
      vertex -1.6936 -7.96775 61.4851
      vertex -1.40874 -13.4032 60.4608
      vertex -2.80204 -13.1826 60.4608
    endloop
  endfacet
  facet normal 0.0049555 0.0945635 -0.995506
    outer loop
      vertex 0 -2.7252 62
      vertex 0 -8.14575 61.4851
      vertex -0.851463 -8.10113 61.4851
    endloop
  endfacet
  facet normal -0.226394 0.58978 -0.775181
    outer loop
      vertex 13.3286 -29.9365 51.576
      vertex 11.378 -35.0179 48.2796
      vertex 10.1264 -31.1657 51.576
    endloop
  endfacet
  facet normal -0.196896 0.512936 -0.835541
    outer loop
      vertex 11.5351 -25.9082 54.4716
      vertex 13.3286 -29.9365 51.576
      vertex 10.1264 -31.1657 51.576
    endloop
  endfacet
  facet normal 0.0988258 0.623963 -0.77518
    outer loop
      vertex -6.81318 -32.0535 51.576
      vertex -3.84874 -36.6183 48.2796
      vertex -7.65531 -36.0154 48.2796
    endloop
  endfacet
  facet normal 0.110915 0.700206 -0.705272
    outer loop
      vertex -3.84874 -36.6183 48.2796
      vertex -4.22996 -40.2454 44.6186
      vertex -8.41357 -39.5827 44.6186
    endloop
  endfacet
  facet normal -0.14037 0.886263 -0.441399
    outer loop
      vertex 9.64625 -45.3821 36.3668
      vertex 5.08142 -48.3465 31.8664
      vertex 4.84969 -46.1418 36.3668
    endloop
  endfacet
  facet normal -0.040807 0.77875 -0.626005
    outer loop
      vertex 0 -40.467 44.6186
      vertex 4.56483 -43.4315 40.6332
      vertex 0 -43.6707 40.6332
    endloop
  endfacet
  facet normal -0.0242451 0.462505 -0.886285
    outer loop
      vertex 2.47104 -23.5104 56.9348
      vertex 2.96444 -28.2047 54.4716
      vertex 0 -28.3601 54.4716
    endloop
  endfacet
  facet normal -0.0242384 0.462502 -0.886287
    outer loop
      vertex 0 -23.6399 56.9348
      vertex 2.47104 -23.5104 56.9348
      vertex 0 -28.3601 54.4716
    endloop
  endfacet
  facet normal 0.133947 0.348935 -0.927525
    outer loop
      vertex -5.76647 -17.7474 58.9385
      vertex -7.30513 -22.4829 56.9348
      vertex -7.58999 -17.0474 58.9385
    endloop
  endfacet
  facet normal 0.16967 0.333024 -0.927527
    outer loop
      vertex -9.33035 -16.1606 58.9385
      vertex -9.61521 -21.5961 56.9348
      vertex -11.82 -20.4728 56.9348
    endloop
  endfacet
  facet normal -0.0967321 0.361026 -0.927525
    outer loop
      vertex 7.30513 -22.4829 56.9348
      vertex 4.91501 -23.1233 56.9348
      vertex 3.87978 -18.2529 58.9385
    endloop
  endfacet
  facet normal -0.09673 0.361028 -0.927525
    outer loop
      vertex 5.76647 -17.7474 58.9385
      vertex 7.30513 -22.4829 56.9348
      vertex 3.87978 -18.2529 58.9385
    endloop
  endfacet
  facet normal -0.0195609 0.373249 -0.927525
    outer loop
      vertex 0 -18.6607 58.9385
      vertex 2.47104 -23.5104 56.9348
      vertex 0 -23.6399 56.9348
    endloop
  endfacet
  facet normal 0.0195609 0.373249 -0.927525
    outer loop
      vertex 0 -18.6607 58.9385
      vertex 0 -23.6399 56.9348
      vertex -2.47104 -23.5104 56.9348
    endloop
  endfacet
  facet normal 0.0967321 0.361026 -0.927525
    outer loop
      vertex -3.87978 -18.2529 58.9385
      vertex -4.91501 -23.1233 56.9348
      vertex -7.30513 -22.4829 56.9348
    endloop
  endfacet
  facet normal 0.058471 0.369159 -0.927525
    outer loop
      vertex -3.87978 -18.2529 58.9385
      vertex -2.47104 -23.5104 56.9348
      vertex -4.91501 -23.1233 56.9348
    endloop
  endfacet
  facet normal 0.20356 0.313463 -0.927526
    outer loop
      vertex -10.9685 -15.0968 58.9385
      vertex -9.33035 -16.1606 58.9385
      vertex -13.8952 -19.1251 56.9348
    endloop
  endfacet
  facet normal 0.177547 0.219261 -0.959376
    outer loop
      vertex -7.92162 -10.9032 60.4608
      vertex -10.9685 -15.0968 58.9385
      vertex -12.4865 -13.8676 58.9385
    endloop
  endfacet
  facet normal 0.0677017 0.176382 -0.981991
    outer loop
      vertex -3.31318 -7.44152 61.4851
      vertex -4.16464 -12.8174 60.4608
      vertex -5.48161 -12.3119 60.4608
    endloop
  endfacet
  facet normal 0.0857682 0.168338 -0.981991
    outer loop
      vertex -3.31318 -7.44152 61.4851
      vertex -5.48161 -12.3119 60.4608
      vertex -6.73853 -11.6715 60.4608
    endloop
  endfacet
  facet normal -0.278663 0.0441205 -0.959375
    outer loop
      vertex 13.4032 -1.40874 60.4608
      vertex 18.2529 -3.87978 58.9385
      vertex 13.1826 -2.80204 60.4608
    endloop
  endfacet
  facet normal -0.278654 0.0441406 -0.959377
    outer loop
      vertex 18.5585 -1.95057 58.9385
      vertex 18.2529 -3.87978 58.9385
      vertex 13.4032 -1.40874 60.4608
    endloop
  endfacet
  facet normal -0.0489095 0.182487 -0.981991
    outer loop
      vertex 4.16464 -12.8174 60.4608
      vertex 2.80204 -13.1826 60.4608
      vertex 1.6936 -7.96775 61.4851
    endloop
  endfacet
  facet normal -0.00495621 0.0945634 -0.995507
    outer loop
      vertex 0.284861 -2.71027 62
      vertex 0.851463 -8.10113 61.4851
      vertex 0 -2.7252 62
    endloop
  endfacet
  facet normal -0.00988706 0.18867 -0.981991
    outer loop
      vertex 0.851463 -8.10113 61.4851
      vertex 1.40874 -13.4032 60.4608
      vertex 0 -8.14575 61.4851
    endloop
  endfacet
  facet normal -0.0677017 0.176382 -0.981991
    outer loop
      vertex 5.48161 -12.3119 60.4608
      vertex 4.16464 -12.8174 60.4608
      vertex 3.31318 -7.44152 61.4851
    endloop
  endfacet
  facet normal -0.0843722 0.0429902 -0.995506
    outer loop
      vertex 7.44152 -3.31318 61.4851
      vertex 7.05443 -4.07288 61.4851
      vertex 2.3601 -1.3626 62
    endloop
  endfacet
  facet normal -0.0843724 0.0429896 -0.995507
    outer loop
      vertex 2.4896 -1.10844 62
      vertex 7.44152 -3.31318 61.4851
      vertex 2.3601 -1.3626 62
    endloop
  endfacet
  facet normal -0.0914666 0.0245087 -0.995506
    outer loop
      vertex 7.96775 -1.6936 61.4851
      vertex 7.74707 -2.51718 61.4851
      vertex 2.59182 -0.842134 62
    endloop
  endfacet
  facet normal -0.0669583 0.0669583 -0.995506
    outer loop
      vertex 5.45057 -6.05348 61.4851
      vertex 2.02522 -1.82352 62
      vertex 6.05348 -5.45057 61.4851
    endloop
  endfacet
  facet normal -0.0669583 0.0669583 -0.995506
    outer loop
      vertex 2.02522 -1.82352 62
      vertex 5.45057 -6.05348 61.4851
      vertex 1.82352 -2.02522 62
    endloop
  endfacet
  facet normal -0.35993 0.291462 -0.886285
    outer loop
      vertex 19.1251 -13.8952 56.9348
      vertex 22.9438 -16.6696 54.4716
      vertex 17.5679 -15.8182 56.9348
    endloop
  endfacet
  facet normal -0.118894 0.146825 -0.981991
    outer loop
      vertex 5.45057 -6.05348 61.4851
      vertex 7.92162 -10.9032 60.4608
      vertex 4.78795 -6.59005 61.4851
    endloop
  endfacet
  facet normal -0.102899 0.158447 -0.981991
    outer loop
      vertex 4.78795 -6.59005 61.4851
      vertex 6.73853 -11.6715 60.4608
      vertex 4.07288 -7.05443 61.4851
    endloop
  endfacet
  facet normal -0.0515743 0.0794161 -0.995506
    outer loop
      vertex 4.78795 -6.59005 61.4851
      vertex 4.07288 -7.05443 61.4851
      vertex 1.3626 -2.3601 62
    endloop
  endfacet
  facet normal -0.236618 0.153658 -0.959375
    outer loop
      vertex 16.1606 -9.33035 58.9385
      vertex 15.0968 -10.9685 58.9385
      vertex 10.9032 -7.92162 60.4608
    endloop
  endfacet
  facet normal -0.236617 0.15366 -0.959375
    outer loop
      vertex 11.6715 -6.73853 60.4608
      vertex 16.1606 -9.33035 58.9385
      vertex 10.9032 -7.92162 60.4608
    endloop
  endfacet
  facet normal -0.128089 0.251377 -0.959376
    outer loop
      vertex 9.33035 -16.1606 58.9385
      vertex 7.58999 -17.0474 58.9385
      vertex 5.48161 -12.3119 60.4608
    endloop
  endfacet
  facet normal -0.0677052 0.176381 -0.981991
    outer loop
      vertex 3.31318 -7.44152 61.4851
      vertex 4.16464 -12.8174 60.4608
      vertex 2.51718 -7.74707 61.4851
    endloop
  endfacet
  facet normal -0.142208 0.530711 -0.835538
    outer loop
      vertex 10.1264 -31.1657 51.576
      vertex 6.81318 -32.0535 51.576
      vertex 5.89639 -27.7404 54.4716
    endloop
  endfacet
  facet normal -0.142203 0.530715 -0.835536
    outer loop
      vertex 8.76375 -26.9721 54.4716
      vertex 10.1264 -31.1657 51.576
      vertex 5.89639 -27.7404 54.4716
    endloop
  endfacet
  facet normal 0.512936 0.196896 -0.835541
    outer loop
      vertex -25.9082 -11.5351 54.4716
      vertex -29.9365 -13.3286 51.576
      vertex -31.1657 -10.1264 51.576
    endloop
  endfacet
  facet normal 0.530715 0.142203 -0.835536
    outer loop
      vertex -27.7404 -5.89639 54.4716
      vertex -26.9721 -8.76375 54.4716
      vertex -31.1657 -10.1264 51.576
    endloop
  endfacet
  facet normal 0.369159 0.058471 -0.927525
    outer loop
      vertex -18.2529 -3.87978 58.9385
      vertex -23.1233 -4.91501 56.9348
      vertex -23.5104 -2.47104 56.9348
    endloop
  endfacet
  facet normal 0.36916 0.0584775 -0.927524
    outer loop
      vertex -18.5585 -1.95057 58.9385
      vertex -18.2529 -3.87978 58.9385
      vertex -23.5104 -2.47104 56.9348
    endloop
  endfacet
  facet normal 0.529816 0.34407 -0.775184
    outer loop
      vertex -26.5111 -19.2615 51.576
      vertex -29.788 -21.6423 48.2796
      vertex -31.8871 -18.41 48.2796
    endloop
  endfacet
  facet normal 0.529816 0.344076 -0.775182
    outer loop
      vertex -28.3793 -16.3848 51.576
      vertex -26.5111 -19.2615 51.576
      vertex -31.8871 -18.41 48.2796
    endloop
  endfacet
  facet normal 0.291462 0.35993 -0.886285
    outer loop
      vertex -15.8182 -17.5679 56.9348
      vertex -13.8952 -19.1251 56.9348
      vertex -16.6696 -22.9438 54.4716
    endloop
  endfacet
  facet normal 0.291455 0.359931 -0.886286
    outer loop
      vertex -15.8182 -17.5679 56.9348
      vertex -16.6696 -22.9438 54.4716
      vertex -18.9766 -21.0757 54.4716
    endloop
  endfacet
  facet normal 0.286801 0.562883 -0.775182
    outer loop
      vertex -16.3848 -28.3793 51.576
      vertex -13.3286 -29.9365 51.576
      vertex -18.41 -31.8871 48.2796
    endloop
  endfacet
  facet normal 0.249435 0.489547 -0.835539
    outer loop
      vertex -14.18 -24.5606 54.4716
      vertex -13.3286 -29.9365 51.576
      vertex -16.3848 -28.3793 51.576
    endloop
  endfacet
  facet normal 0.388511 0.388511 -0.835535
    outer loop
      vertex -21.9271 -24.3525 51.576
      vertex -21.0757 -18.9766 54.4716
      vertex -18.9766 -21.0757 54.4716
    endloop
  endfacet
  facet normal 0.388511 0.388511 -0.835535
    outer loop
      vertex -21.0757 -18.9766 54.4716
      vertex -21.9271 -24.3525 51.576
      vertex -24.3525 -21.9271 51.576
    endloop
  endfacet
  facet normal 0.42699 0.345776 -0.835535
    outer loop
      vertex -21.0757 -18.9766 54.4716
      vertex -24.3525 -21.9271 51.576
      vertex -26.5111 -19.2615 51.576
    endloop
  endfacet
  facet normal 0.327488 0.327488 -0.886286
    outer loop
      vertex -18.9766 -21.0757 54.4716
      vertex -17.5679 -15.8182 56.9348
      vertex -15.8182 -17.5679 56.9348
    endloop
  endfacet
  facet normal 0.327488 0.327488 -0.886286
    outer loop
      vertex -17.5679 -15.8182 56.9348
      vertex -18.9766 -21.0757 54.4716
      vertex -21.0757 -18.9766 54.4716
    endloop
  endfacet
  facet normal 0.38842 0.252248 -0.886285
    outer loop
      vertex -19.1251 -13.8952 56.9348
      vertex -22.9438 -16.6696 54.4716
      vertex -24.5606 -14.18 54.4716
    endloop
  endfacet
  facet normal 0.348935 0.133947 -0.927525
    outer loop
      vertex -17.7474 -5.76647 58.9385
      vertex -17.0474 -7.58999 58.9385
      vertex -22.4829 -7.30513 56.9348
    endloop
  endfacet
  facet normal 0.263388 0.101107 -0.959377
    outer loop
      vertex -12.8174 -4.16464 60.4608
      vertex -17.0474 -7.58999 58.9385
      vertex -17.7474 -5.76647 58.9385
    endloop
  endfacet
  facet normal 0.16351 0.610212 -0.775181
    outer loop
      vertex -10.1264 -31.1657 51.576
      vertex -6.81318 -32.0535 51.576
      vertex -11.378 -35.0179 48.2796
    endloop
  endfacet
  facet normal 0.0370891 0.707966 -0.705272
    outer loop
      vertex -3.84874 -36.6183 48.2796
      vertex 0 -40.467 44.6186
      vertex -4.22996 -40.2454 44.6186
    endloop
  endfacet
  facet normal 0.119867 0.447354 -0.886288
    outer loop
      vertex -7.30513 -22.4829 56.9348
      vertex -5.89639 -27.7404 54.4716
      vertex -8.76375 -26.9721 54.4716
    endloop
  endfacet
  facet normal 0.165984 0.43237 -0.886287
    outer loop
      vertex -7.30513 -22.4829 56.9348
      vertex -8.76375 -26.9721 54.4716
      vertex -11.5351 -25.9082 54.4716
    endloop
  endfacet
  facet normal 0.302128 0.787088 -0.537783
    outer loop
      vertex -13.495 -41.5333 40.6332
      vertex -14.3371 -44.1251 36.3668
      vertex -17.7625 -39.8952 40.6332
    endloop
  endfacet
  facet normal 0.218208 0.814355 -0.537783
    outer loop
      vertex -13.495 -41.5333 40.6332
      vertex -9.07965 -42.7164 40.6332
      vertex -14.3371 -44.1251 36.3668
    endloop
  endfacet
  facet normal -0.501297 0.501297 -0.705267
    outer loop
      vertex 27.0777 -30.0729 44.6186
      vertex 27.3626 -24.6374 48.2796
      vertex 30.0729 -27.0777 44.6186
    endloop
  endfacet
  facet normal -0.501297 0.501297 -0.705267
    outer loop
      vertex 27.3626 -24.6374 48.2796
      vertex 27.0777 -30.0729 44.6186
      vertex 24.6374 -27.3626 48.2796
    endloop
  endfacet
  facet normal -0.991964 0.0519936 -0.115347
    outer loop
      vertex 52 0 17.4632
      vertex 51.7151 -5.43548 17.4632
      vertex 51.4303 0 22.3625
    endloop
  endfacet
  facet normal -0.940345 0.251959 -0.228623
    outer loop
      vertex 49.198 -10.4573 27.1812
      vertex 50.3064 -10.693 22.3625
      vertex 47.8354 -15.5427 27.1812
    endloop
  endfacet
  facet normal -0.940345 0.251968 -0.228614
    outer loop
      vertex 50.3064 -10.693 22.3625
      vertex 48.9131 -15.8928 22.3625
      vertex 47.8354 -15.5427 27.1812
    endloop
  endfacet
  facet normal 0.799506 -0.407371 -0.441406
    outer loop
      vertex -42.0999 24.3064 31.8664
      vertex -40.18 23.198 36.3668
      vertex -44.41 19.7726 31.8664
    endloop
  endfacet
  facet normal 0.838606 -0.427294 -0.337876
    outer loop
      vertex -43.5585 25.1485 27.1812
      vertex -42.0999 24.3064 31.8664
      vertex -44.41 19.7726 31.8664
    endloop
  endfacet
  facet normal 0.731436 -0.592314 -0.337882
    outer loop
      vertex -37.378 33.6553 27.1812
      vertex -39.3286 28.5739 31.8664
      vertex -40.6912 29.5639 27.1812
    endloop
  endfacet
  facet normal 0.756558 -0.612658 -0.228625
    outer loop
      vertex -38.2201 34.4136 22.3625
      vertex -37.378 33.6553 27.1812
      vertex -40.6912 29.5639 27.1812
    endloop
  endfacet
  facet normal 0.878672 -0.337289 -0.337892
    outer loop
      vertex -45.9487 20.4577 27.1812
      vertex -44.41 19.7726 31.8664
      vertex -46.2335 15.0222 31.8664
    endloop
  endfacet
  facet normal 0.837707 -0.321564 -0.441411
    outer loop
      vertex -44.41 19.7726 31.8664
      vertex -44.1251 14.3371 36.3668
      vertex -46.2335 15.0222 31.8664
    endloop
  endfacet
  facet normal -0.0509605 -0.972179 -0.228627
    outer loop
      vertex 5.37593 51.1485 22.3625
      vertex 5.25747 50.0215 27.1812
      vertex 0 51.4303 22.3625
    endloop
  endfacet
  facet normal -0.152284 -0.96153 -0.228627
    outer loop
      vertex 5.37593 51.1485 22.3625
      vertex 10.693 50.3064 22.3625
      vertex 5.25747 50.0215 27.1812
    endloop
  endfacet
  facet normal 0.407375 -0.799506 -0.441403
    outer loop
      vertex -19.7726 44.41 31.8664
      vertex -18.8709 42.3848 36.3668
      vertex -23.198 40.18 36.3668
    endloop
  endfacet
  facet normal 0.382756 -0.751189 -0.537785
    outer loop
      vertex -18.8709 42.3848 36.3668
      vertex -17.7625 39.8952 40.6332
      vertex -23.198 40.18 36.3668
    endloop
  endfacet
  facet normal 0.424723 -0.654003 -0.626012
    outer loop
      vertex -20.2335 35.0455 44.6186
      vertex -23.7859 32.7385 44.6186
      vertex -25.669 35.3304 40.6332
    endloop
  endfacet
  facet normal 0.424721 -0.654006 -0.62601
    outer loop
      vertex -21.8354 37.82 40.6332
      vertex -20.2335 35.0455 44.6186
      vertex -25.669 35.3304 40.6332
    endloop
  endfacet
  facet normal 0.752544 -0.488707 -0.44141
    outer loop
      vertex -39.3286 28.5739 31.8664
      vertex -37.5351 27.2708 36.3668
      vertex -40.18 23.198 36.3668
    endloop
  endfacet
  facet normal 0.697338 -0.564692 -0.441411
    outer loop
      vertex -34.4789 31.0449 36.3668
      vertex -37.5351 27.2708 36.3668
      vertex -39.3286 28.5739 31.8664
    endloop
  endfacet
  facet normal 0.564691 -0.697338 -0.441411
    outer loop
      vertex -28.5739 39.3286 31.8664
      vertex -31.0449 34.4789 36.3668
      vertex -32.5283 36.1264 31.8664
    endloop
  endfacet
  facet normal 0.59231 -0.731444 -0.337874
    outer loop
      vertex -28.5739 39.3286 31.8664
      vertex -32.5283 36.1264 31.8664
      vertex -33.6553 37.378 27.1812
    endloop
  endfacet
  facet normal 0.540989 -0.833081 -0.115357
    outer loop
      vertex -26 45.0333 17.4632
      vertex -25.7151 44.5399 22.3625
      vertex -30.23 41.608 22.3625
    endloop
  endfacet
  facet normal 0.541002 -0.833075 -0.115341
    outer loop
      vertex -26 45.0333 17.4632
      vertex -30.23 41.608 22.3625
      vertex -30.5648 42.0689 17.4632
    endloop
  endfacet
  facet normal 0.814355 -0.218208 -0.537783
    outer loop
      vertex -41.5333 13.495 40.6332
      vertex -42.7164 9.07965 40.6332
      vertex -44.1251 14.3371 36.3668
    endloop
  endfacet
  facet normal 0.753246 -0.201833 -0.626006
    outer loop
      vertex -41.5333 13.495 40.6332
      vertex -39.5827 8.41357 44.6186
      vertex -42.7164 9.07965 40.6332
    endloop
  endfacet
  facet normal 0.654006 -0.424721 -0.62601
    outer loop
      vertex -35.3304 25.669 40.6332
      vertex -35.0455 20.2335 44.6186
      vertex -37.82 21.8354 40.6332
    endloop
  endfacet
  facet normal 0.70707 -0.459183 -0.537776
    outer loop
      vertex -35.3304 25.669 40.6332
      vertex -37.82 21.8354 40.6332
      vertex -40.18 23.198 36.3668
    endloop
  endfacet
  facet normal 0.333024 -0.16967 -0.927527
    outer loop
      vertex -20.4728 11.82 56.9348
      vertex -16.1606 9.33035 58.9385
      vertex -21.5961 9.61521 56.9348
    endloop
  endfacet
  facet normal 0.226394 -0.58978 -0.775181
    outer loop
      vertex -11.378 35.0179 48.2796
      vertex -10.1264 31.1657 51.576
      vertex -13.3286 29.9365 51.576
    endloop
  endfacet
  facet normal 0.226388 -0.58978 -0.775183
    outer loop
      vertex -11.378 35.0179 48.2796
      vertex -13.3286 29.9365 51.576
      vertex -14.976 33.6368 48.2796
    endloop
  endfacet
  facet normal 0.0441128 -0.841926 -0.537787
    outer loop
      vertex 0 46.3959 36.3668
      vertex 0 43.6707 40.6332
      vertex -4.84969 46.1418 36.3668
    endloop
  endfacet
  facet normal 0.131891 -0.832698 -0.537791
    outer loop
      vertex -4.84969 46.1418 36.3668
      vertex -4.56483 43.4315 40.6332
      vertex -9.07965 42.7164 40.6332
    endloop
  endfacet
  facet normal -0.201833 0.753246 -0.626006
    outer loop
      vertex 13.495 -41.5333 40.6332
      vertex 9.07965 -42.7164 40.6332
      vertex 8.41357 -39.5827 44.6186
    endloop
  endfacet
  facet normal -0.302128 0.787088 -0.537783
    outer loop
      vertex 17.7625 -39.8952 40.6332
      vertex 14.3371 -44.1251 36.3668
      vertex 13.495 -41.5333 40.6332
    endloop
  endfacet
  facet normal -0.460789 -0.299246 -0.835539
    outer loop
      vertex 26.5111 19.2615 51.576
      vertex 24.5606 14.18 54.4716
      vertex 22.9438 16.6696 54.4716
    endloop
  endfacet
  facet normal -0.388419 -0.252252 -0.886284
    outer loop
      vertex 24.5606 14.18 54.4716
      vertex 20.4728 11.82 56.9348
      vertex 19.1251 13.8952 56.9348
    endloop
  endfacet
  facet normal -0.529816 -0.344076 -0.775182
    outer loop
      vertex 31.8871 18.41 48.2796
      vertex 28.3793 16.3848 51.576
      vertex 26.5111 19.2615 51.576
    endloop
  endfacet
  facet normal -0.529816 -0.34407 -0.775184
    outer loop
      vertex 29.788 21.6423 48.2796
      vertex 31.8871 18.41 48.2796
      vertex 26.5111 19.2615 51.576
    endloop
  endfacet
  facet normal -0.512936 -0.196896 -0.835541
    outer loop
      vertex 29.9365 13.3286 51.576
      vertex 31.1657 10.1264 51.576
      vertex 25.9082 11.5351 54.4716
    endloop
  endfacet
  facet normal -0.58978 -0.226394 -0.775181
    outer loop
      vertex 35.0179 11.378 48.2796
      vertex 31.1657 10.1264 51.576
      vertex 29.9365 13.3286 51.576
    endloop
  endfacet
  facet normal -0.345776 -0.42699 -0.835535
    outer loop
      vertex 19.2615 26.5111 51.576
      vertex 21.9271 24.3525 51.576
      vertex 18.9766 21.0757 54.4716
    endloop
  endfacet
  facet normal -0.345759 -0.426994 -0.83554
    outer loop
      vertex 19.2615 26.5111 51.576
      vertex 18.9766 21.0757 54.4716
      vertex 16.6696 22.9438 54.4716
    endloop
  endfacet
  facet normal -0.610214 0.163508 -0.77518
    outer loop
      vertex 36.0154 -7.65531 48.2796
      vertex 35.0179 -11.378 48.2796
      vertex 32.0535 -6.81318 51.576
    endloop
  endfacet
  facet normal -0.684787 0.18349 -0.705265
    outer loop
      vertex 36.0154 -7.65531 48.2796
      vertex 39.5827 -8.41357 44.6186
      vertex 35.0179 -11.378 48.2796
    endloop
  endfacet
  facet normal -0.313454 0.203567 -0.927527
    outer loop
      vertex 20.4728 -11.82 56.9348
      vertex 19.1251 -13.8952 56.9348
      vertex 16.1606 -9.33035 58.9385
    endloop
  endfacet
  facet normal -0.333024 0.16967 -0.927527
    outer loop
      vertex 21.5961 -9.61521 56.9348
      vertex 20.4728 -11.82 56.9348
      vertex 16.1606 -9.33035 58.9385
    endloop
  endfacet
  facet normal -0.20356 0.313463 -0.927526
    outer loop
      vertex 10.9685 -15.0968 58.9385
      vertex 13.8952 -19.1251 56.9348
      vertex 9.33035 -16.1606 58.9385
    endloop
  endfacet
  facet normal -0.235213 0.290466 -0.927526
    outer loop
      vertex 15.8182 -17.5679 56.9348
      vertex 13.8952 -19.1251 56.9348
      vertex 10.9685 -15.0968 58.9385
    endloop
  endfacet
  facet normal -0.00495621 -0.0945634 -0.995507
    outer loop
      vertex 0.851463 8.10113 61.4851
      vertex 0.284861 2.71027 62
      vertex 0 2.7252 62
    endloop
  endfacet
  facet normal -0.00989717 -0.188668 -0.981991
    outer loop
      vertex 0 13.4771 60.4608
      vertex 1.40874 13.4032 60.4608
      vertex 0 8.14575 61.4851
    endloop
  endfacet
  facet normal -0.0339335 -0.0884044 -0.995506
    outer loop
      vertex 3.31318 7.44152 61.4851
      vertex 1.10844 2.4896 62
      vertex 0.842134 2.59182 62
    endloop
  endfacet
  facet normal -0.0147799 -0.281746 -0.959375
    outer loop
      vertex 0 18.6607 58.9385
      vertex 1.40874 13.4032 60.4608
      vertex 0 13.4771 60.4608
    endloop
  endfacet
  facet normal 0.00989717 -0.188668 -0.981991
    outer loop
      vertex 0 13.4771 60.4608
      vertex 0 8.14575 61.4851
      vertex -1.40874 13.4032 60.4608
    endloop
  endfacet
  facet normal -0.16967 -0.333024 -0.927527
    outer loop
      vertex 9.61521 21.5961 56.9348
      vertex 11.82 20.4728 56.9348
      vertex 9.33035 16.1606 58.9385
    endloop
  endfacet
  facet normal -0.0441205 -0.278663 -0.959375
    outer loop
      vertex 3.87978 18.2529 58.9385
      vertex 2.80204 13.1826 60.4608
      vertex 1.40874 13.4032 60.4608
    endloop
  endfacet
  facet normal 0.0584775 -0.36916 -0.927524
    outer loop
      vertex -2.47104 23.5104 56.9348
      vertex -1.95057 18.5585 58.9385
      vertex -3.87978 18.2529 58.9385
    endloop
  endfacet
  facet normal 0.0242384 -0.462502 -0.886287
    outer loop
      vertex 0 28.3601 54.4716
      vertex 0 23.6399 56.9348
      vertex -2.47104 23.5104 56.9348
    endloop
  endfacet
  facet normal 0.128081 -0.251385 -0.959375
    outer loop
      vertex -5.48161 12.3119 60.4608
      vertex -6.73853 11.6715 60.4608
      vertex -9.33035 16.1606 58.9385
    endloop
  endfacet
  facet normal 0.073039 -0.272516 -0.959375
    outer loop
      vertex -3.87978 18.2529 58.9385
      vertex -2.80204 13.1826 60.4608
      vertex -4.16464 12.8174 60.4608
    endloop
  endfacet
  facet normal -0.128081 -0.251385 -0.959375
    outer loop
      vertex 9.33035 16.1606 58.9385
      vertex 6.73853 11.6715 60.4608
      vertex 5.48161 12.3119 60.4608
    endloop
  endfacet
  facet normal -0.0857682 -0.168338 -0.981991
    outer loop
      vertex 5.48161 12.3119 60.4608
      vertex 6.73853 11.6715 60.4608
      vertex 3.31318 7.44152 61.4851
    endloop
  endfacet
  facet normal -0.0843724 -0.0429896 -0.995507
    outer loop
      vertex 7.44152 3.31318 61.4851
      vertex 2.4896 1.10844 62
      vertex 2.3601 1.3626 62
    endloop
  endfacet
  facet normal -0.0735907 -0.0595922 -0.995506
    outer loop
      vertex 6.05348 5.45057 61.4851
      vertex 2.20474 1.60183 62
      vertex 2.02522 1.82352 62
    endloop
  endfacet
  facet normal -0.0595918 -0.073591 -0.995506
    outer loop
      vertex 4.78795 6.59005 61.4851
      vertex 5.45057 6.05348 61.4851
      vertex 1.60183 2.20474 62
    endloop
  endfacet
  facet normal -0.146825 -0.118894 -0.981991
    outer loop
      vertex 10.9032 7.92162 60.4608
      vertex 6.59005 4.78795 61.4851
      vertex 6.05348 5.45057 61.4851
    endloop
  endfacet
  facet normal -0.146822 -0.1189 -0.981991
    outer loop
      vertex 10.0154 9.01791 60.4608
      vertex 10.9032 7.92162 60.4608
      vertex 6.05348 5.45057 61.4851
    endloop
  endfacet
  facet normal 0.0914666 -0.0245087 -0.995506
    outer loop
      vertex -7.74707 2.51718 61.4851
      vertex -2.59182 0.842134 62
      vertex -7.96775 1.6936 61.4851
    endloop
  endfacet
  facet normal 0.0914666 -0.0245089 -0.995506
    outer loop
      vertex -2.59182 0.842134 62
      vertex -2.66565 0.566602 62
      vertex -7.96775 1.6936 61.4851
    endloop
  endfacet
  facet normal 0.0945634 0.00495621 -0.995507
    outer loop
      vertex -2.7252 0 62
      vertex -2.71027 -0.284861 62
      vertex -8.10113 -0.851463 61.4851
    endloop
  endfacet
  facet normal 0.0429896 -0.0843724 -0.995507
    outer loop
      vertex -1.10844 2.4896 62
      vertex -1.3626 2.3601 62
      vertex -3.31318 7.44152 61.4851
    endloop
  endfacet
  facet normal 0.0595922 -0.0735907 -0.995506
    outer loop
      vertex -1.60183 2.20474 62
      vertex -1.82352 2.02522 62
      vertex -5.45057 6.05348 61.4851
    endloop
  endfacet
  facet normal 0.606038 -0.490751 -0.626004
    outer loop
      vertex -32.4537 29.2214 40.6332
      vertex -30.0729 27.0777 44.6186
      vertex -32.7385 23.7859 44.6186
    endloop
  endfacet
  facet normal 0.550958 -0.446149 -0.705263
    outer loop
      vertex -30.0729 27.0777 44.6186
      vertex -29.788 21.6423 48.2796
      vertex -32.7385 23.7859 44.6186
    endloop
  endfacet
  facet normal 0.42699 -0.345776 -0.835535
    outer loop
      vertex -24.3525 21.9271 51.576
      vertex -21.0757 18.9766 54.4716
      vertex -26.5111 19.2615 51.576
    endloop
  endfacet
  facet normal 0.263388 -0.101107 -0.959377
    outer loop
      vertex -17.0474 7.58999 58.9385
      vertex -12.8174 4.16464 60.4608
      vertex -17.7474 5.76647 58.9385
    endloop
  endfacet
  facet normal 0.447354 -0.119867 -0.886288
    outer loop
      vertex -26.9721 8.76375 54.4716
      vertex -22.4829 7.30513 56.9348
      vertex -27.7404 5.89639 54.4716
    endloop
  endfacet
  facet normal -0.407371 -0.799506 -0.441406
    outer loop
      vertex 24.3064 42.0999 31.8664
      vertex 23.198 40.18 36.3668
      vertex 19.7726 44.41 31.8664
    endloop
  endfacet
  facet normal -0.488703 -0.75255 -0.441405
    outer loop
      vertex 24.3064 42.0999 31.8664
      vertex 28.5739 39.3286 31.8664
      vertex 23.198 40.18 36.3668
    endloop
  endfacet
  facet normal -0.407375 -0.799506 -0.441403
    outer loop
      vertex 19.7726 44.41 31.8664
      vertex 23.198 40.18 36.3668
      vertex 18.8709 42.3848 36.3668
    endloop
  endfacet
  facet normal -0.321557 -0.837714 -0.441402
    outer loop
      vertex 19.7726 44.41 31.8664
      vertex 18.8709 42.3848 36.3668
      vertex 14.3371 44.1251 36.3668
    endloop
  endfacet
  facet normal -0.0914666 -0.0245089 -0.995506
    outer loop
      vertex 7.96775 1.6936 61.4851
      vertex 2.66565 0.566602 62
      vertex 2.59182 0.842134 62
    endloop
  endfacet
  facet normal 0.0724535 -0.457438 -0.886285
    outer loop
      vertex -2.96444 28.2047 54.4716
      vertex -2.47104 23.5104 56.9348
      vertex -4.91501 23.1233 56.9348
    endloop
  endfacet
  facet normal -0.0242451 -0.462505 -0.886285
    outer loop
      vertex 2.96444 28.2047 54.4716
      vertex 2.47104 23.5104 56.9348
      vertex 0 28.3601 54.4716
    endloop
  endfacet
  facet normal 0.0859522 -0.54266 -0.835543
    outer loop
      vertex -3.42535 32.5901 51.576
      vertex -2.96444 28.2047 54.4716
      vertex -6.81318 32.0535 51.576
    endloop
  endfacet
  facet normal 0.03306 -0.630876 -0.775179
    outer loop
      vertex 0 36.82 48.2796
      vertex 0 32.7696 51.576
      vertex -3.42535 32.5901 51.576
    endloop
  endfacet
  facet normal -0.0407976 -0.778756 -0.625999
    outer loop
      vertex 4.56483 43.4315 40.6332
      vertex 4.22996 40.2454 44.6186
      vertex 0 40.467 44.6186
    endloop
  endfacet
  facet normal -0.0370891 -0.707966 -0.705272
    outer loop
      vertex 4.22996 40.2454 44.6186
      vertex 3.84874 36.6183 48.2796
      vertex 0 40.467 44.6186
    endloop
  endfacet
  facet normal 0.529816 -0.344076 -0.775182
    outer loop
      vertex -26.5111 19.2615 51.576
      vertex -28.3793 16.3848 51.576
      vertex -31.8871 18.41 48.2796
    endloop
  endfacet
  facet normal 0.529816 -0.34407 -0.775184
    outer loop
      vertex -29.788 21.6423 48.2796
      vertex -26.5111 19.2615 51.576
      vertex -31.8871 18.41 48.2796
    endloop
  endfacet
  facet normal 0.373251 -0.0195565 -0.927524
    outer loop
      vertex -18.5585 1.95057 58.9385
      vertex -18.6607 0 58.9385
      vertex -23.5104 2.47104 56.9348
    endloop
  endfacet
  facet normal 0.278654 -0.0441406 -0.959377
    outer loop
      vertex -18.2529 3.87978 58.9385
      vertex -13.4032 1.40874 60.4608
      vertex -18.5585 1.95057 58.9385
    endloop
  endfacet
  facet normal 0.281741 -0.0147618 -0.959377
    outer loop
      vertex -18.5585 1.95057 58.9385
      vertex -13.4032 1.40874 60.4608
      vertex -18.6607 0 58.9385
    endloop
  endfacet
  facet normal 0.281746 -0.0147799 -0.959375
    outer loop
      vertex -13.4032 1.40874 60.4608
      vertex -13.4771 0 60.4608
      vertex -18.6607 0 58.9385
    endloop
  endfacet
  facet normal 0.263394 -0.1011 -0.959376
    outer loop
      vertex -12.3119 5.48161 60.4608
      vertex -12.8174 4.16464 60.4608
      vertex -17.0474 7.58999 58.9385
    endloop
  endfacet
  facet normal 0.176382 -0.0677017 -0.981991
    outer loop
      vertex -12.3119 5.48161 60.4608
      vertex -7.44152 3.31318 61.4851
      vertex -12.8174 4.16464 60.4608
    endloop
  endfacet
  facet normal 0.373249 0.0195609 -0.927525
    outer loop
      vertex -18.6607 0 58.9385
      vertex -23.5104 -2.47104 56.9348
      vertex -23.6399 0 56.9348
    endloop
  endfacet
  facet normal 0.462505 -0.0242451 -0.886285
    outer loop
      vertex -28.2047 2.96444 54.4716
      vertex -23.5104 2.47104 56.9348
      vertex -28.3601 0 54.4716
    endloop
  endfacet
  facet normal -0.0988258 -0.623963 -0.77518
    outer loop
      vertex 7.65531 36.0154 48.2796
      vertex 6.81318 32.0535 51.576
      vertex 3.84874 36.6183 48.2796
    endloop
  endfacet
  facet normal -0.163508 -0.610214 -0.77518
    outer loop
      vertex 7.65531 36.0154 48.2796
      vertex 11.378 35.0179 48.2796
      vertex 6.81318 32.0535 51.576
    endloop
  endfacet
  facet normal 0.684782 0.183471 -0.705274
    outer loop
      vertex -35.0179 -11.378 48.2796
      vertex -38.4865 -12.505 44.6186
      vertex -39.5827 -8.41357 44.6186
    endloop
  endfacet
  facet normal 0.753261 0.201818 -0.625993
    outer loop
      vertex -39.5827 -8.41357 44.6186
      vertex -38.4865 -12.505 44.6186
      vertex -41.5333 -13.495 40.6332
    endloop
  endfacet
  facet normal 0.833081 0.540989 -0.115357
    outer loop
      vertex -44.5399 -25.7151 22.3625
      vertex -41.608 -30.23 22.3625
      vertex -45.0333 -26 17.4632
    endloop
  endfacet
  facet normal 0.833075 0.541002 -0.115341
    outer loop
      vertex -41.608 -30.23 22.3625
      vertex -42.0689 -30.5648 17.4632
      vertex -45.0333 -26 17.4632
    endloop
  endfacet
  facet normal 0.488703 0.75255 -0.441405
    outer loop
      vertex -23.198 -40.18 36.3668
      vertex -24.3064 -42.0999 31.8664
      vertex -28.5739 -39.3286 31.8664
    endloop
  endfacet
  facet normal 0.407371 0.799506 -0.441406
    outer loop
      vertex -23.198 -40.18 36.3668
      vertex -19.7726 -44.41 31.8664
      vertex -24.3064 -42.0999 31.8664
    endloop
  endfacet
  facet normal 0.59615 0.59615 -0.537784
    outer loop
      vertex -29.2214 -32.4537 40.6332
      vertex -34.4789 -31.0449 36.3668
      vertex -32.4537 -29.2214 40.6332
    endloop
  endfacet
  facet normal 0.59615 0.59615 -0.537784
    outer loop
      vertex -34.4789 -31.0449 36.3668
      vertex -29.2214 -32.4537 40.6332
      vertex -31.0449 -34.4789 36.3668
    endloop
  endfacet
  facet normal 0.564692 0.697338 -0.441411
    outer loop
      vertex -27.2708 -37.5351 36.3668
      vertex -28.5739 -39.3286 31.8664
      vertex -31.0449 -34.4789 36.3668
    endloop
  endfacet
  facet normal 0.530569 0.655199 -0.537784
    outer loop
      vertex -29.2214 -32.4537 40.6332
      vertex -27.2708 -37.5351 36.3668
      vertex -31.0449 -34.4789 36.3668
    endloop
  endfacet
  facet normal 0.606028 0.490755 -0.626011
    outer loop
      vertex -32.7385 -23.7859 44.6186
      vertex -32.4537 -29.2214 40.6332
      vertex -35.3304 -25.669 40.6332
    endloop
  endfacet
  facet normal 0.752544 0.488707 -0.44141
    outer loop
      vertex -37.5351 -27.2708 36.3668
      vertex -39.3286 -28.5739 31.8664
      vertex -40.18 -23.198 36.3668
    endloop
  endfacet
  facet normal 0.490948 0.397564 -0.775186
    outer loop
      vertex -24.3525 -21.9271 51.576
      vertex -27.3626 -24.6374 48.2796
      vertex -29.788 -21.6423 48.2796
    endloop
  endfacet
  facet normal 0.550949 0.446153 -0.705268
    outer loop
      vertex -29.788 -21.6423 48.2796
      vertex -27.3626 -24.6374 48.2796
      vertex -30.0729 -27.0777 44.6186
    endloop
  endfacet
  facet normal 0.594568 0.386124 -0.705264
    outer loop
      vertex -29.788 -21.6423 48.2796
      vertex -32.7385 -23.7859 44.6186
      vertex -35.0455 -20.2335 44.6186
    endloop
  endfacet
  facet normal 0.707071 0.459176 -0.537781
    outer loop
      vertex -35.3304 -25.669 40.6332
      vertex -37.5351 -27.2708 36.3668
      vertex -40.18 -23.198 36.3668
    endloop
  endfacet
  facet normal 0.263394 0.1011 -0.959376
    outer loop
      vertex -12.8174 -4.16464 60.4608
      vertex -12.3119 -5.48161 60.4608
      vertex -17.0474 -7.58999 58.9385
    endloop
  endfacet
  facet normal 0.236617 0.15366 -0.959375
    outer loop
      vertex -11.6715 -6.73853 60.4608
      vertex -10.9032 -7.92162 60.4608
      vertex -16.1606 -9.33035 58.9385
    endloop
  endfacet
  facet normal 0.313463 0.20356 -0.927526
    outer loop
      vertex -16.1606 -9.33035 58.9385
      vertex -15.0968 -10.9685 58.9385
      vertex -19.1251 -13.8952 56.9348
    endloop
  endfacet
  facet normal 0.168338 0.0857682 -0.981991
    outer loop
      vertex -7.44152 -3.31318 61.4851
      vertex -11.6715 -6.73853 60.4608
      vertex -12.3119 -5.48161 60.4608
    endloop
  endfacet
  facet normal 0.0914666 0.0245087 -0.995506
    outer loop
      vertex -2.59182 -0.842134 62
      vertex -7.74707 -2.51718 61.4851
      vertex -7.96775 -1.6936 61.4851
    endloop
  endfacet
  facet normal 0.182492 0.0488991 -0.981991
    outer loop
      vertex -7.96775 -1.6936 61.4851
      vertex -7.74707 -2.51718 61.4851
      vertex -12.8174 -4.16464 60.4608
    endloop
  endfacet
  facet normal 0.278663 0.0441205 -0.959375
    outer loop
      vertex -13.4032 -1.40874 60.4608
      vertex -13.1826 -2.80204 60.4608
      vertex -18.2529 -3.87978 58.9385
    endloop
  endfacet
  facet normal 0.272516 0.073039 -0.959375
    outer loop
      vertex -13.1826 -2.80204 60.4608
      vertex -12.8174 -4.16464 60.4608
      vertex -18.2529 -3.87978 58.9385
    endloop
  endfacet
  facet normal 0.251377 0.128089 -0.959376
    outer loop
      vertex -12.3119 -5.48161 60.4608
      vertex -16.1606 -9.33035 58.9385
      vertex -17.0474 -7.58999 58.9385
    endloop
  endfacet
  facet normal 0.333022 0.169691 -0.927524
    outer loop
      vertex -17.0474 -7.58999 58.9385
      vertex -16.1606 -9.33035 58.9385
      vertex -21.5961 -9.61521 56.9348
    endloop
  endfacet
  facet normal 0.219251 0.177554 -0.959377
    outer loop
      vertex -10.9032 -7.92162 60.4608
      vertex -10.0154 -9.01791 60.4608
      vertex -13.8676 -12.4865 58.9385
    endloop
  endfacet
  facet normal 0.146822 0.1189 -0.981991
    outer loop
      vertex -6.05348 -5.45057 61.4851
      vertex -10.0154 -9.01791 60.4608
      vertex -10.9032 -7.92162 60.4608
    endloop
  endfacet
  facet normal 0.133593 0.133593 -0.981991
    outer loop
      vertex -9.01791 -10.0154 60.4608
      vertex -6.05348 -5.45057 61.4851
      vertex -5.45057 -6.05348 61.4851
    endloop
  endfacet
  facet normal 0.133593 0.133593 -0.981991
    outer loop
      vertex -6.05348 -5.45057 61.4851
      vertex -9.01791 -10.0154 60.4608
      vertex -10.0154 -9.01791 60.4608
    endloop
  endfacet
  facet normal 0.0914666 0.0245089 -0.995506
    outer loop
      vertex -2.66565 -0.566602 62
      vertex -2.59182 -0.842134 62
      vertex -7.96775 -1.6936 61.4851
    endloop
  endfacet
  facet normal 0.0843722 0.0429902 -0.995506
    outer loop
      vertex -2.3601 -1.3626 62
      vertex -7.05443 -4.07288 61.4851
      vertex -7.44152 -3.31318 61.4851
    endloop
  endfacet
  facet normal 0.0429896 0.0843724 -0.995507
    outer loop
      vertex -1.3626 -2.3601 62
      vertex -1.10844 -2.4896 62
      vertex -3.31318 -7.44152 61.4851
    endloop
  endfacet
  facet normal 0.102899 0.158447 -0.981991
    outer loop
      vertex -4.78795 -6.59005 61.4851
      vertex -4.07288 -7.05443 61.4851
      vertex -6.73853 -11.6715 60.4608
    endloop
  endfacet
  facet normal 0.153658 0.236618 -0.959375
    outer loop
      vertex -7.92162 -10.9032 60.4608
      vertex -9.33035 -16.1606 58.9385
      vertex -10.9685 -15.0968 58.9385
    endloop
  endfacet
  facet normal 0.15366 0.236617 -0.959375
    outer loop
      vertex -7.92162 -10.9032 60.4608
      vertex -6.73853 -11.6715 60.4608
      vertex -9.33035 -16.1606 58.9385
    endloop
  endfacet
  facet normal 0.0488991 0.182492 -0.981991
    outer loop
      vertex -2.51718 -7.74707 61.4851
      vertex -1.6936 -7.96775 61.4851
      vertex -4.16464 -12.8174 60.4608
    endloop
  endfacet
  facet normal 0.0148122 0.0935275 -0.995507
    outer loop
      vertex -0.566602 -2.66565 62
      vertex -0.284861 -2.71027 62
      vertex -0.851463 -8.10113 61.4851
    endloop
  endfacet
  facet normal 0.00495621 0.0945634 -0.995507
    outer loop
      vertex -0.284861 -2.71027 62
      vertex 0 -2.7252 62
      vertex -0.851463 -8.10113 61.4851
    endloop
  endfacet
  facet normal 0.0371025 0.707972 -0.705265
    outer loop
      vertex 0 -36.82 48.2796
      vertex 0 -40.467 44.6186
      vertex -3.84874 -36.6183 48.2796
    endloop
  endfacet
  facet normal 0.0330622 0.630877 -0.775178
    outer loop
      vertex -3.42535 -32.5901 51.576
      vertex 0 -36.82 48.2796
      vertex -3.84874 -36.6183 48.2796
    endloop
  endfacet
  facet normal -0.131886 0.832696 -0.537794
    outer loop
      vertex 9.07965 -42.7164 40.6332
      vertex 9.64625 -45.3821 36.3668
      vertex 4.84969 -46.1418 36.3668
    endloop
  endfacet
  facet normal -0.218219 0.814345 -0.537794
    outer loop
      vertex 14.3371 -44.1251 36.3668
      vertex 9.64625 -45.3821 36.3668
      vertex 9.07965 -42.7164 40.6332
    endloop
  endfacet
  facet normal 0.203567 0.313454 -0.927527
    outer loop
      vertex -9.33035 -16.1606 58.9385
      vertex -11.82 -20.4728 56.9348
      vertex -13.8952 -19.1251 56.9348
    endloop
  endfacet
  facet normal 0.210254 0.412661 -0.886287
    outer loop
      vertex -9.61521 -21.5961 56.9348
      vertex -11.5351 -25.9082 54.4716
      vertex -14.18 -24.5606 54.4716
    endloop
  endfacet
  facet normal -0.0195565 0.373251 -0.927524
    outer loop
      vertex 1.95057 -18.5585 58.9385
      vertex 2.47104 -23.5104 56.9348
      vertex 0 -18.6607 58.9385
    endloop
  endfacet
  facet normal -0.0584775 0.36916 -0.927524
    outer loop
      vertex 3.87978 -18.2529 58.9385
      vertex 2.47104 -23.5104 56.9348
      vertex 1.95057 -18.5585 58.9385
    endloop
  endfacet
  facet normal 0.00989717 0.188668 -0.981991
    outer loop
      vertex 0 -8.14575 61.4851
      vertex 0 -13.4771 60.4608
      vertex -1.40874 -13.4032 60.4608
    endloop
  endfacet
  facet normal 0.0584775 0.36916 -0.927524
    outer loop
      vertex -1.95057 -18.5585 58.9385
      vertex -2.47104 -23.5104 56.9348
      vertex -3.87978 -18.2529 58.9385
    endloop
  endfacet
  facet normal 0.073039 0.272516 -0.959375
    outer loop
      vertex -2.80204 -13.1826 60.4608
      vertex -3.87978 -18.2529 58.9385
      vertex -4.16464 -12.8174 60.4608
    endloop
  endfacet
  facet normal 0.00988706 0.18867 -0.981991
    outer loop
      vertex -0.851463 -8.10113 61.4851
      vertex 0 -8.14575 61.4851
      vertex -1.40874 -13.4032 60.4608
    endloop
  endfacet
  facet normal -0.281746 0.0147799 -0.959375
    outer loop
      vertex 13.4771 0 60.4608
      vertex 18.6607 0 58.9385
      vertex 13.4032 -1.40874 60.4608
    endloop
  endfacet
  facet normal -0.281746 -0.0147799 -0.959375
    outer loop
      vertex 18.6607 0 58.9385
      vertex 13.4771 0 60.4608
      vertex 13.4032 1.40874 60.4608
    endloop
  endfacet
  facet normal -0.0147799 0.281746 -0.959375
    outer loop
      vertex 0 -13.4771 60.4608
      vertex 1.40874 -13.4032 60.4608
      vertex 0 -18.6607 58.9385
    endloop
  endfacet
  facet normal -0.0147618 0.281741 -0.959377
    outer loop
      vertex 1.40874 -13.4032 60.4608
      vertex 1.95057 -18.5585 58.9385
      vertex 0 -18.6607 58.9385
    endloop
  endfacet
  facet normal -0.0148131 0.0935275 -0.995506
    outer loop
      vertex 1.6936 -7.96775 61.4851
      vertex 0.851463 -8.10113 61.4851
      vertex 0.566602 -2.66565 62
    endloop
  endfacet
  facet normal -0.073039 0.272516 -0.959375
    outer loop
      vertex 4.16464 -12.8174 60.4608
      vertex 3.87978 -18.2529 58.9385
      vertex 2.80204 -13.1826 60.4608
    endloop
  endfacet
  facet normal -0.073015 0.272516 -0.959377
    outer loop
      vertex 4.16464 -12.8174 60.4608
      vertex 5.76647 -17.7474 58.9385
      vertex 3.87978 -18.2529 58.9385
    endloop
  endfacet
  facet normal -0.0515742 0.0794162 -0.995506
    outer loop
      vertex 1.60183 -2.20474 62
      vertex 4.78795 -6.59005 61.4851
      vertex 1.3626 -2.3601 62
    endloop
  endfacet
  facet normal -0.0794162 0.0515742 -0.995506
    outer loop
      vertex 2.3601 -1.3626 62
      vertex 6.59005 -4.78795 61.4851
      vertex 2.20474 -1.60183 62
    endloop
  endfacet
  facet normal -0.0794161 0.0515743 -0.995506
    outer loop
      vertex 7.05443 -4.07288 61.4851
      vertex 6.59005 -4.78795 61.4851
      vertex 2.3601 -1.3626 62
    endloop
  endfacet
  facet normal -0.0935275 0.0148131 -0.995506
    outer loop
      vertex 8.10113 -0.851463 61.4851
      vertex 7.96775 -1.6936 61.4851
      vertex 2.66565 -0.566602 62
    endloop
  endfacet
  facet normal -0.15366 0.236617 -0.959375
    outer loop
      vertex 7.92162 -10.9032 60.4608
      vertex 9.33035 -16.1606 58.9385
      vertex 6.73853 -11.6715 60.4608
    endloop
  endfacet
  facet normal -0.153658 0.236618 -0.959375
    outer loop
      vertex 10.9685 -15.0968 58.9385
      vertex 9.33035 -16.1606 58.9385
      vertex 7.92162 -10.9032 60.4608
    endloop
  endfacet
  facet normal 0.562883 0.286801 -0.775183
    outer loop
      vertex -29.9365 -13.3286 51.576
      vertex -31.8871 -18.41 48.2796
      vertex -33.6368 -14.976 48.2796
    endloop
  endfacet
  facet normal 0.562883 0.286801 -0.775182
    outer loop
      vertex -29.9365 -13.3286 51.576
      vertex -28.3793 -16.3848 51.576
      vertex -31.8871 -18.41 48.2796
    endloop
  endfacet
  facet normal 0.43237 0.165984 -0.886287
    outer loop
      vertex -22.4829 -7.30513 56.9348
      vertex -25.9082 -11.5351 54.4716
      vertex -26.9721 -8.76375 54.4716
    endloop
  endfacet
  facet normal 0.447354 0.119867 -0.886288
    outer loop
      vertex -22.4829 -7.30513 56.9348
      vertex -26.9721 -8.76375 54.4716
      vertex -27.7404 -5.89639 54.4716
    endloop
  endfacet
  facet normal 0.373249 -0.0195609 -0.927525
    outer loop
      vertex -23.5104 2.47104 56.9348
      vertex -18.6607 0 58.9385
      vertex -23.6399 0 56.9348
    endloop
  endfacet
  facet normal 0.462502 -0.0242384 -0.886287
    outer loop
      vertex -23.5104 2.47104 56.9348
      vertex -23.6399 0 56.9348
      vertex -28.3601 0 54.4716
    endloop
  endfacet
  facet normal 0.397569 0.490947 -0.775184
    outer loop
      vertex -19.2615 -26.5111 51.576
      vertex -21.6423 -29.788 48.2796
      vertex -21.9271 -24.3525 51.576
    endloop
  endfacet
  facet normal 0.34407 0.529816 -0.775184
    outer loop
      vertex -19.2615 -26.5111 51.576
      vertex -18.41 -31.8871 48.2796
      vertex -21.6423 -29.788 48.2796
    endloop
  endfacet
  facet normal 0.226394 0.58978 -0.775181
    outer loop
      vertex -10.1264 -31.1657 51.576
      vertex -11.378 -35.0179 48.2796
      vertex -13.3286 -29.9365 51.576
    endloop
  endfacet
  facet normal 0.196896 0.512936 -0.835541
    outer loop
      vertex -11.5351 -25.9082 54.4716
      vertex -10.1264 -31.1657 51.576
      vertex -13.3286 -29.9365 51.576
    endloop
  endfacet
  facet normal 0.27947 0.728021 -0.626004
    outer loop
      vertex -16.4594 -36.9685 44.6186
      vertex -12.505 -38.4865 44.6186
      vertex -17.7625 -39.8952 40.6332
    endloop
  endfacet
  facet normal 0.201833 0.753246 -0.626006
    outer loop
      vertex -8.41357 -39.5827 44.6186
      vertex -9.07965 -42.7164 40.6332
      vertex -13.495 -41.5333 40.6332
    endloop
  endfacet
  facet normal 0.816466 -0.530199 -0.228631
    outer loop
      vertex -41.608 30.23 22.3625
      vertex -40.6912 29.5639 27.1812
      vertex -44.5399 25.7151 22.3625
    endloop
  endfacet
  facet normal 0.756554 -0.612661 -0.228631
    outer loop
      vertex -38.2201 34.4136 22.3625
      vertex -40.6912 29.5639 27.1812
      vertex -41.608 30.23 22.3625
    endloop
  endfacet
  facet normal 0.490751 -0.606038 -0.626004
    outer loop
      vertex -23.7859 32.7385 44.6186
      vertex -27.0777 30.0729 44.6186
      vertex -29.2214 32.4537 40.6332
    endloop
  endfacet
  facet normal 0.446149 -0.550958 -0.705263
    outer loop
      vertex -23.7859 32.7385 44.6186
      vertex -21.6423 29.788 48.2796
      vertex -27.0777 30.0729 44.6186
    endloop
  endfacet
  facet normal 0.697338 -0.564691 -0.441411
    outer loop
      vertex -36.1264 32.5283 31.8664
      vertex -34.4789 31.0449 36.3668
      vertex -39.3286 28.5739 31.8664
    endloop
  endfacet
  facet normal 0.655199 -0.530569 -0.537784
    outer loop
      vertex -34.4789 31.0449 36.3668
      vertex -32.4537 29.2214 40.6332
      vertex -37.5351 27.2708 36.3668
    endloop
  endfacet
  facet normal 0.789353 -0.512603 -0.337875
    outer loop
      vertex -39.3286 28.5739 31.8664
      vertex -42.0999 24.3064 31.8664
      vertex -43.5585 25.1485 27.1812
    endloop
  endfacet
  facet normal 0.75255 -0.488703 -0.441405
    outer loop
      vertex -39.3286 28.5739 31.8664
      vertex -40.18 23.198 36.3668
      vertex -42.0999 24.3064 31.8664
    endloop
  endfacet
  facet normal 0.327488 -0.327488 -0.886286
    outer loop
      vertex -17.5679 15.8182 56.9348
      vertex -18.9766 21.0757 54.4716
      vertex -15.8182 17.5679 56.9348
    endloop
  endfacet
  facet normal 0.327488 -0.327488 -0.886286
    outer loop
      vertex -18.9766 21.0757 54.4716
      vertex -17.5679 15.8182 56.9348
      vertex -21.0757 18.9766 54.4716
    endloop
  endfacet
  facet normal 0.210254 -0.412661 -0.886287
    outer loop
      vertex -11.5351 25.9082 54.4716
      vertex -9.61521 21.5961 56.9348
      vertex -14.18 24.5606 54.4716
    endloop
  endfacet
  facet normal 0.16967 -0.333024 -0.927527
    outer loop
      vertex -9.61521 21.5961 56.9348
      vertex -9.33035 16.1606 58.9385
      vertex -11.82 20.4728 56.9348
    endloop
  endfacet
  facet normal -0.359931 -0.291455 -0.886286
    outer loop
      vertex 21.0757 18.9766 54.4716
      vertex 22.9438 16.6696 54.4716
      vertex 17.5679 15.8182 56.9348
    endloop
  endfacet
  facet normal -0.35993 -0.291462 -0.886285
    outer loop
      vertex 22.9438 16.6696 54.4716
      vertex 19.1251 13.8952 56.9348
      vertex 17.5679 15.8182 56.9348
    endloop
  endfacet
  facet normal -0.177554 0.219251 -0.959377
    outer loop
      vertex 9.01791 -10.0154 60.4608
      vertex 12.4865 -13.8676 58.9385
      vertex 7.92162 -10.9032 60.4608
    endloop
  endfacet
  facet normal -0.177547 0.219261 -0.959376
    outer loop
      vertex 12.4865 -13.8676 58.9385
      vertex 10.9685 -15.0968 58.9385
      vertex 7.92162 -10.9032 60.4608
    endloop
  endfacet
  facet normal 0.0488991 -0.182492 -0.981991
    outer loop
      vertex -1.6936 7.96775 61.4851
      vertex -2.51718 7.74707 61.4851
      vertex -4.16464 12.8174 60.4608
    endloop
  endfacet
  facet normal 0.0857682 -0.168338 -0.981991
    outer loop
      vertex -5.48161 12.3119 60.4608
      vertex -3.31318 7.44152 61.4851
      vertex -6.73853 11.6715 60.4608
    endloop
  endfacet
  facet normal 0.0677052 -0.176381 -0.981991
    outer loop
      vertex -2.51718 7.74707 61.4851
      vertex -3.31318 7.44152 61.4851
      vertex -4.16464 12.8174 60.4608
    endloop
  endfacet
  facet normal 0.00495621 -0.0945634 -0.995507
    outer loop
      vertex 0 2.7252 62
      vertex -0.284861 2.71027 62
      vertex -0.851463 8.10113 61.4851
    endloop
  endfacet
  facet normal 0.0049555 -0.0945635 -0.995506
    outer loop
      vertex 0 8.14575 61.4851
      vertex 0 2.7252 62
      vertex -0.851463 8.10113 61.4851
    endloop
  endfacet
  facet normal -0.0245087 -0.0914666 -0.995506
    outer loop
      vertex 1.6936 7.96775 61.4851
      vertex 2.51718 7.74707 61.4851
      vertex 0.842134 2.59182 62
    endloop
  endfacet
  facet normal -0.0339345 -0.088404 -0.995507
    outer loop
      vertex 2.51718 7.74707 61.4851
      vertex 3.31318 7.44152 61.4851
      vertex 0.842134 2.59182 62
    endloop
  endfacet
  facet normal -0.0245089 -0.0914666 -0.995506
    outer loop
      vertex 1.6936 7.96775 61.4851
      vertex 0.842134 2.59182 62
      vertex 0.566602 2.66565 62
    endloop
  endfacet
  facet normal -0.0295547 -0.186603 -0.981991
    outer loop
      vertex 1.40874 13.4032 60.4608
      vertex 1.6936 7.96775 61.4851
      vertex 0.851463 8.10113 61.4851
    endloop
  endfacet
  facet normal -0.0429896 -0.0843724 -0.995507
    outer loop
      vertex 3.31318 7.44152 61.4851
      vertex 1.3626 2.3601 62
      vertex 1.10844 2.4896 62
    endloop
  endfacet
  facet normal 0.0147799 -0.281746 -0.959375
    outer loop
      vertex 0 18.6607 58.9385
      vertex 0 13.4771 60.4608
      vertex -1.40874 13.4032 60.4608
    endloop
  endfacet
  facet normal 0.0441406 -0.278654 -0.959377
    outer loop
      vertex -1.95057 18.5585 58.9385
      vertex -1.40874 13.4032 60.4608
      vertex -3.87978 18.2529 58.9385
    endloop
  endfacet
  facet normal -0.0148131 -0.0935275 -0.995506
    outer loop
      vertex 0.851463 8.10113 61.4851
      vertex 1.6936 7.96775 61.4851
      vertex 0.566602 2.66565 62
    endloop
  endfacet
  facet normal -0.0295446 -0.186603 -0.981991
    outer loop
      vertex 2.80204 13.1826 60.4608
      vertex 1.6936 7.96775 61.4851
      vertex 1.40874 13.4032 60.4608
    endloop
  endfacet
  facet normal -0.1011 -0.263394 -0.959376
    outer loop
      vertex 7.58999 17.0474 58.9385
      vertex 5.48161 12.3119 60.4608
      vertex 4.16464 12.8174 60.4608
    endloop
  endfacet
  facet normal -0.133947 -0.348935 -0.927525
    outer loop
      vertex 7.30513 22.4829 56.9348
      vertex 7.58999 17.0474 58.9385
      vertex 5.76647 17.7474 58.9385
    endloop
  endfacet
  facet normal 0.0195609 -0.373249 -0.927525
    outer loop
      vertex 0 23.6399 56.9348
      vertex 0 18.6607 58.9385
      vertex -2.47104 23.5104 56.9348
    endloop
  endfacet
  facet normal -0.0195609 -0.373249 -0.927525
    outer loop
      vertex 0 23.6399 56.9348
      vertex 2.47104 23.5104 56.9348
      vertex 0 18.6607 58.9385
    endloop
  endfacet
  facet normal 0.119867 -0.447354 -0.886288
    outer loop
      vertex -5.89639 27.7404 54.4716
      vertex -7.30513 22.4829 56.9348
      vertex -8.76375 26.9721 54.4716
    endloop
  endfacet
  facet normal 0.142203 -0.530715 -0.835536
    outer loop
      vertex -5.89639 27.7404 54.4716
      vertex -8.76375 26.9721 54.4716
      vertex -10.1264 31.1657 51.576
    endloop
  endfacet
  facet normal 0.0967321 -0.361026 -0.927525
    outer loop
      vertex -4.91501 23.1233 56.9348
      vertex -3.87978 18.2529 58.9385
      vertex -7.30513 22.4829 56.9348
    endloop
  endfacet
  facet normal 0.101107 -0.263388 -0.959377
    outer loop
      vertex -5.76647 17.7474 58.9385
      vertex -4.16464 12.8174 60.4608
      vertex -7.58999 17.0474 58.9385
    endloop
  endfacet
  facet normal 0.0339345 -0.088404 -0.995507
    outer loop
      vertex -2.51718 7.74707 61.4851
      vertex -0.842134 2.59182 62
      vertex -3.31318 7.44152 61.4851
    endloop
  endfacet
  facet normal 0.0489095 -0.182487 -0.981991
    outer loop
      vertex -2.80204 13.1826 60.4608
      vertex -1.6936 7.96775 61.4851
      vertex -4.16464 12.8174 60.4608
    endloop
  endfacet
  facet normal -0.0595922 -0.0735907 -0.995506
    outer loop
      vertex 5.45057 6.05348 61.4851
      vertex 1.82352 2.02522 62
      vertex 1.60183 2.20474 62
    endloop
  endfacet
  facet normal 0.0945634 -0.00495621 -0.995507
    outer loop
      vertex -2.71027 0.284861 62
      vertex -2.7252 0 62
      vertex -8.10113 0.851463 61.4851
    endloop
  endfacet
  facet normal 0 0 -1
    outer loop
      vertex 2.71027 -0.284861 62
      vertex 2.71027 0.284861 62
      vertex 2.7252 0 62
    endloop
  endfacet
  facet normal 0 0 -1
    outer loop
      vertex 2.66565 -0.566602 62
      vertex 2.71027 0.284861 62
      vertex 2.71027 -0.284861 62
    endloop
  endfacet
  facet normal 0 0 -1
    outer loop
      vertex 2.66565 -0.566602 62
      vertex 2.66565 0.566602 62
      vertex 2.71027 0.284861 62
    endloop
  endfacet
  facet normal 0 0 -1
    outer loop
      vertex 2.59182 -0.842134 62
      vertex 2.66565 0.566602 62
      vertex 2.66565 -0.566602 62
    endloop
  endfacet
  facet normal 0 0 -1
    outer loop
      vertex 2.59182 -0.842134 62
      vertex 2.59182 0.842134 62
      vertex 2.66565 0.566602 62
    endloop
  endfacet
  facet normal 0 0 -1
    outer loop
      vertex 2.4896 -1.10844 62
      vertex 2.59182 0.842134 62
      vertex 2.59182 -0.842134 62
    endloop
  endfacet
  facet normal 0 0 -1
    outer loop
      vertex 2.4896 -1.10844 62
      vertex 2.4896 1.10844 62
      vertex 2.59182 0.842134 62
    endloop
  endfacet
  facet normal 0 0 -1
    outer loop
      vertex 2.3601 -1.3626 62
      vertex 2.4896 1.10844 62
      vertex 2.4896 -1.10844 62
    endloop
  endfacet
  facet normal 0 0 -1
    outer loop
      vertex 2.3601 -1.3626 62
      vertex 2.3601 1.3626 62
      vertex 2.4896 1.10844 62
    endloop
  endfacet
  facet normal 0 0 -1
    outer loop
      vertex 2.20474 -1.60183 62
      vertex 2.3601 1.3626 62
      vertex 2.3601 -1.3626 62
    endloop
  endfacet
  facet normal 0 0 -1
    outer loop
      vertex 2.20474 -1.60183 62
      vertex 2.20474 1.60183 62
      vertex 2.3601 1.3626 62
    endloop
  endfacet
  facet normal 0 0 -1
    outer loop
      vertex 2.02522 -1.82352 62
      vertex 2.20474 1.60183 62
      vertex 2.20474 -1.60183 62
    endloop
  endfacet
  facet normal 0 0 -1
    outer loop
      vertex 2.02522 -1.82352 62
      vertex 2.02522 1.82352 62
      vertex 2.20474 1.60183 62
    endloop
  endfacet
  facet normal 0 0 -1
    outer loop
      vertex 1.82352 -2.02522 62
      vertex 2.02522 1.82352 62
      vertex 2.02522 -1.82352 62
    endloop
  endfacet
  facet normal 0 0 -1
    outer loop
      vertex 1.82352 -2.02522 62
      vertex 1.82352 2.02522 62
      vertex 2.02522 1.82352 62
    endloop
  endfacet
  facet normal 0 0 -1
    outer loop
      vertex 1.60183 -2.20474 62
      vertex 1.82352 2.02522 62
      vertex 1.82352 -2.02522 62
    endloop
  endfacet
  facet normal 0 0 -1
    outer loop
      vertex 1.60183 -2.20474 62
      vertex 1.60183 2.20474 62
      vertex 1.82352 2.02522 62
    endloop
  endfacet
  facet normal 0 0 -1
    outer loop
      vertex 1.3626 -2.3601 62
      vertex 1.60183 2.20474 62
      vertex 1.60183 -2.20474 62
    endloop
  endfacet
  facet normal 0 0 -1
    outer loop
      vertex 1.3626 -2.3601 62
      vertex 1.3626 2.3601 62
      vertex 1.60183 2.20474 62
    endloop
  endfacet
  facet normal 0 0 -1
    outer loop
      vertex 1.10844 -2.4896 62
      vertex 1.3626 2.3601 62
      vertex 1.3626 -2.3601 62
    endloop
  endfacet
  facet normal 0 0 -1
    outer loop
      vertex 1.10844 -2.4896 62
      vertex 1.10844 2.4896 62
      vertex 1.3626 2.3601 62
    endloop
  endfacet
  facet normal 0 0 -1
    outer loop
      vertex 0.842134 -2.59182 62
      vertex 1.10844 2.4896 62
      vertex 1.10844 -2.4896 62
    endloop
  endfacet
  facet normal 0 0 -1
    outer loop
      vertex 0.842134 -2.59182 62
      vertex 0.842134 2.59182 62
      vertex 1.10844 2.4896 62
    endloop
  endfacet
  facet normal 0 0 -1
    outer loop
      vertex 0.566602 -2.66565 62
      vertex 0.842134 2.59182 62
      vertex 0.842134 -2.59182 62
    endloop
  endfacet
  facet normal 0 0 -1
    outer loop
      vertex 0.566602 -2.66565 62
      vertex 0.566602 2.66565 62
      vertex 0.842134 2.59182 62
    endloop
  endfacet
  facet normal 0 0 -1
    outer loop
      vertex 0.284861 -2.71027 62
      vertex 0.566602 2.66565 62
      vertex 0.566602 -2.66565 62
    endloop
  endfacet
  facet normal 0 0 -1
    outer loop
      vertex 0.284861 -2.71027 62
      vertex 0.284861 2.71027 62
      vertex 0.566602 2.66565 62
    endloop
  endfacet
  facet normal 0 0 -1
    outer loop
      vertex 0 -2.7252 62
      vertex 0.284861 2.71027 62
      vertex 0.284861 -2.71027 62
    endloop
  endfacet
  facet normal 0 0 -1
    outer loop
      vertex 0 -2.7252 62
      vertex 0 2.7252 62
      vertex 0.284861 2.71027 62
    endloop
  endfacet
  facet normal 0 0 -1
    outer loop
      vertex -0.284861 -2.71027 62
      vertex 0 2.7252 62
      vertex 0 -2.7252 62
    endloop
  endfacet
  facet normal 0 0 -1
    outer loop
      vertex -0.284861 -2.71027 62
      vertex -0.284861 2.71027 62
      vertex 0 2.7252 62
    endloop
  endfacet
  facet normal 0 0 -1
    outer loop
      vertex -0.566602 -2.66565 62
      vertex -0.284861 2.71027 62
      vertex -0.284861 -2.71027 62
    endloop
  endfacet
  facet normal 0 0 -1
    outer loop
      vertex -0.566602 -2.66565 62
      vertex -0.566602 2.66565 62
      vertex -0.284861 2.71027 62
    endloop
  endfacet
  facet normal 0 0 -1
    outer loop
      vertex -0.842134 -2.59182 62
      vertex -0.566602 2.66565 62
      vertex -0.566602 -2.66565 62
    endloop
  endfacet
  facet normal 0 0 -1
    outer loop
      vertex -0.842134 -2.59182 62
      vertex -0.842134 2.59182 62
      vertex -0.566602 2.66565 62
    endloop
  endfacet
  facet normal 0 0 -1
    outer loop
      vertex -1.10844 -2.4896 62
      vertex -0.842134 2.59182 62
      vertex -0.842134 -2.59182 62
    endloop
  endfacet
  facet normal 0 0 -1
    outer loop
      vertex -1.10844 -2.4896 62
      vertex -1.10844 2.4896 62
      vertex -0.842134 2.59182 62
    endloop
  endfacet
  facet normal 0 0 -1
    outer loop
      vertex -1.3626 -2.3601 62
      vertex -1.10844 2.4896 62
      vertex -1.10844 -2.4896 62
    endloop
  endfacet
  facet normal 0 0 -1
    outer loop
      vertex -1.3626 -2.3601 62
      vertex -1.3626 2.3601 62
      vertex -1.10844 2.4896 62
    endloop
  endfacet
  facet normal 0 0 -1
    outer loop
      vertex -1.60183 -2.20474 62
      vertex -1.3626 2.3601 62
      vertex -1.3626 -2.3601 62
    endloop
  endfacet
  facet normal 0 0 -1
    outer loop
      vertex -1.60183 -2.20474 62
      vertex -1.60183 2.20474 62
      vertex -1.3626 2.3601 62
    endloop
  endfacet
  facet normal 0 0 -1
    outer loop
      vertex -1.82352 -2.02522 62
      vertex -1.60183 2.20474 62
      vertex -1.60183 -2.20474 62
    endloop
  endfacet
  facet normal 0 0 -1
    outer loop
      vertex -1.82352 -2.02522 62
      vertex -1.82352 2.02522 62
      vertex -1.60183 2.20474 62
    endloop
  endfacet
  facet normal 0 0 -1
    outer loop
      vertex -2.02522 -1.82352 62
      vertex -1.82352 2.02522 62
      vertex -1.82352 -2.02522 62
    endloop
  endfacet
  facet normal 0 0 -1
    outer loop
      vertex -2.02522 -1.82352 62
      vertex -2.02522 1.82352 62
      vertex -1.82352 2.02522 62
    endloop
  endfacet
  facet normal 0 0 -1
    outer loop
      vertex -2.20474 -1.60183 62
      vertex -2.02522 1.82352 62
      vertex -2.02522 -1.82352 62
    endloop
  endfacet
  facet normal 0 0 -1
    outer loop
      vertex -2.20474 -1.60183 62
      vertex -2.20474 1.60183 62
      vertex -2.02522 1.82352 62
    endloop
  endfacet
  facet normal 0 0 -1
    outer loop
      vertex -2.3601 -1.3626 62
      vertex -2.20474 1.60183 62
      vertex -2.20474 -1.60183 62
    endloop
  endfacet
  facet normal 0 0 -1
    outer loop
      vertex -2.3601 -1.3626 62
      vertex -2.3601 1.3626 62
      vertex -2.20474 1.60183 62
    endloop
  endfacet
  facet normal 0 0 -1
    outer loop
      vertex -2.4896 -1.10844 62
      vertex -2.3601 1.3626 62
      vertex -2.3601 -1.3626 62
    endloop
  endfacet
  facet normal 0 0 -1
    outer loop
      vertex -2.4896 -1.10844 62
      vertex -2.4896 1.10844 62
      vertex -2.3601 1.3626 62
    endloop
  endfacet
  facet normal 0 0 -1
    outer loop
      vertex -2.59182 -0.842134 62
      vertex -2.4896 1.10844 62
      vertex -2.4896 -1.10844 62
    endloop
  endfacet
  facet normal 0 0 -1
    outer loop
      vertex -2.59182 -0.842134 62
      vertex -2.59182 0.842134 62
      vertex -2.4896 1.10844 62
    endloop
  endfacet
  facet normal 0 0 -1
    outer loop
      vertex -2.66565 -0.566602 62
      vertex -2.59182 0.842134 62
      vertex -2.59182 -0.842134 62
    endloop
  endfacet
  facet normal 0 0 -1
    outer loop
      vertex -2.66565 -0.566602 62
      vertex -2.66565 0.566602 62
      vertex -2.59182 0.842134 62
    endloop
  endfacet
  facet normal 0 0 -1
    outer loop
      vertex -2.71027 -0.284861 62
      vertex -2.66565 0.566602 62
      vertex -2.66565 -0.566602 62
    endloop
  endfacet
  facet normal 0 0 -1
    outer loop
      vertex -2.71027 -0.284861 62
      vertex -2.71027 0.284861 62
      vertex -2.66565 0.566602 62
    endloop
  endfacet
  facet normal 0 -0 -1
    outer loop
      vertex -2.71027 0.284861 62
      vertex -2.71027 -0.284861 62
      vertex -2.7252 0 62
    endloop
  endfacet
  facet normal 0.550949 -0.446153 -0.705268
    outer loop
      vertex -27.3626 24.6374 48.2796
      vertex -29.788 21.6423 48.2796
      vertex -30.0729 27.0777 44.6186
    endloop
  endfacet
  facet normal 0.426994 -0.345759 -0.83554
    outer loop
      vertex -21.0757 18.9766 54.4716
      vertex -22.9438 16.6696 54.4716
      vertex -26.5111 19.2615 51.576
    endloop
  endfacet
  facet normal 0.41267 -0.210248 -0.886284
    outer loop
      vertex -20.4728 11.82 56.9348
      vertex -21.5961 9.61521 56.9348
      vertex -24.5606 14.18 54.4716
    endloop
  endfacet
  facet normal 0.299247 -0.460787 -0.83554
    outer loop
      vertex -16.3848 28.3793 51.576
      vertex -14.18 24.5606 54.4716
      vertex -19.2615 26.5111 51.576
    endloop
  endfacet
  facet normal 0.333022 -0.169691 -0.927524
    outer loop
      vertex -16.1606 9.33035 58.9385
      vertex -17.0474 7.58999 58.9385
      vertex -21.5961 9.61521 56.9348
    endloop
  endfacet
  facet normal 0.291462 -0.35993 -0.886285
    outer loop
      vertex -13.8952 19.1251 56.9348
      vertex -15.8182 17.5679 56.9348
      vertex -16.6696 22.9438 54.4716
    endloop
  endfacet
  facet normal 0.20356 -0.313463 -0.927526
    outer loop
      vertex -9.33035 16.1606 58.9385
      vertex -10.9685 15.0968 58.9385
      vertex -13.8952 19.1251 56.9348
    endloop
  endfacet
  facet normal 0.348935 -0.133947 -0.927525
    outer loop
      vertex -17.0474 7.58999 58.9385
      vertex -17.7474 5.76647 58.9385
      vertex -22.4829 7.30513 56.9348
    endloop
  endfacet
  facet normal 0.348935 -0.13395 -0.927524
    outer loop
      vertex -21.5961 9.61521 56.9348
      vertex -17.0474 7.58999 58.9385
      vertex -22.4829 7.30513 56.9348
    endloop
  endfacet
  facet normal -0.0287624 -0.548677 -0.83554
    outer loop
      vertex 0 32.7696 51.576
      vertex 2.96444 28.2047 54.4716
      vertex 0 28.3601 54.4716
    endloop
  endfacet
  facet normal -0.0287523 -0.548672 -0.835543
    outer loop
      vertex 3.42535 32.5901 51.576
      vertex 2.96444 28.2047 54.4716
      vertex 0 32.7696 51.576
    endloop
  endfacet
  facet normal 0.142208 -0.530711 -0.835538
    outer loop
      vertex -6.81318 32.0535 51.576
      vertex -5.89639 27.7404 54.4716
      vertex -10.1264 31.1657 51.576
    endloop
  endfacet
  facet normal 0.110903 -0.700216 -0.705265
    outer loop
      vertex -3.84874 36.6183 48.2796
      vertex -7.65531 36.0154 48.2796
      vertex -8.41357 39.5827 44.6186
    endloop
  endfacet
  facet normal 0.040807 -0.77875 -0.626005
    outer loop
      vertex 0 43.6707 40.6332
      vertex 0 40.467 44.6186
      vertex -4.56483 43.4315 40.6332
    endloop
  endfacet
  facet normal -0.040807 -0.77875 -0.626005
    outer loop
      vertex 0 43.6707 40.6332
      vertex 4.56483 43.4315 40.6332
      vertex 0 40.467 44.6186
    endloop
  endfacet
  facet normal -0.110915 -0.700206 -0.705272
    outer loop
      vertex 4.22996 40.2454 44.6186
      vertex 8.41357 39.5827 44.6186
      vertex 3.84874 36.6183 48.2796
    endloop
  endfacet
  facet normal -0.122006 -0.770221 -0.625999
    outer loop
      vertex 4.56483 43.4315 40.6332
      vertex 8.41357 39.5827 44.6186
      vertex 4.22996 40.2454 44.6186
    endloop
  endfacet
  facet normal 0.182487 -0.0489095 -0.981991
    outer loop
      vertex -12.8174 4.16464 60.4608
      vertex -7.96775 1.6936 61.4851
      vertex -13.1826 2.80204 60.4608
    endloop
  endfacet
  facet normal 0.272516 -0.073039 -0.959375
    outer loop
      vertex -12.8174 4.16464 60.4608
      vertex -13.1826 2.80204 60.4608
      vertex -18.2529 3.87978 58.9385
    endloop
  endfacet
  facet normal 0.490751 0.606038 -0.626004
    outer loop
      vertex -27.0777 -30.0729 44.6186
      vertex -23.7859 -32.7385 44.6186
      vertex -29.2214 -32.4537 40.6332
    endloop
  endfacet
  facet normal 0.530573 0.655198 -0.537781
    outer loop
      vertex -25.669 -35.3304 40.6332
      vertex -27.2708 -37.5351 36.3668
      vertex -29.2214 -32.4537 40.6332
    endloop
  endfacet
  facet normal 0.654003 0.424723 -0.626012
    outer loop
      vertex -35.0455 -20.2335 44.6186
      vertex -32.7385 -23.7859 44.6186
      vertex -35.3304 -25.669 40.6332
    endloop
  endfacet
  facet normal 0.654006 0.424721 -0.62601
    outer loop
      vertex -35.0455 -20.2335 44.6186
      vertex -35.3304 -25.669 40.6332
      vertex -37.82 -21.8354 40.6332
    endloop
  endfacet
  facet normal 0.158448 0.102896 -0.981991
    outer loop
      vertex -6.59005 -4.78795 61.4851
      vertex -10.9032 -7.92162 60.4608
      vertex -11.6715 -6.73853 60.4608
    endloop
  endfacet
  facet normal 0.158447 0.102899 -0.981991
    outer loop
      vertex -7.05443 -4.07288 61.4851
      vertex -6.59005 -4.78795 61.4851
      vertex -11.6715 -6.73853 60.4608
    endloop
  endfacet
  facet normal 0.264289 0.264289 -0.927525
    outer loop
      vertex -15.8182 -17.5679 56.9348
      vertex -13.8676 -12.4865 58.9385
      vertex -12.4865 -13.8676 58.9385
    endloop
  endfacet
  facet normal 0.264289 0.264289 -0.927525
    outer loop
      vertex -13.8676 -12.4865 58.9385
      vertex -15.8182 -17.5679 56.9348
      vertex -17.5679 -15.8182 56.9348
    endloop
  endfacet
  facet normal 0.199495 0.199495 -0.959377
    outer loop
      vertex -12.4865 -13.8676 58.9385
      vertex -10.0154 -9.01791 60.4608
      vertex -9.01791 -10.0154 60.4608
    endloop
  endfacet
  facet normal 0.199495 0.199495 -0.959377
    outer loop
      vertex -10.0154 -9.01791 60.4608
      vertex -12.4865 -13.8676 58.9385
      vertex -13.8676 -12.4865 58.9385
    endloop
  endfacet
  facet normal 0.0884044 0.0339335 -0.995506
    outer loop
      vertex -2.59182 -0.842134 62
      vertex -2.4896 -1.10844 62
      vertex -7.44152 -3.31318 61.4851
    endloop
  endfacet
  facet normal 0.0843724 0.0429896 -0.995507
    outer loop
      vertex -2.4896 -1.10844 62
      vertex -2.3601 -1.3626 62
      vertex -7.44152 -3.31318 61.4851
    endloop
  endfacet
  facet normal 0.0515743 0.0794161 -0.995506
    outer loop
      vertex -1.3626 -2.3601 62
      vertex -4.07288 -7.05443 61.4851
      vertex -4.78795 -6.59005 61.4851
    endloop
  endfacet
  facet normal 0.0339335 0.0884044 -0.995506
    outer loop
      vertex -1.10844 -2.4896 62
      vertex -0.842134 -2.59182 62
      vertex -3.31318 -7.44152 61.4851
    endloop
  endfacet
  facet normal 0.0339345 0.088404 -0.995507
    outer loop
      vertex -0.842134 -2.59182 62
      vertex -2.51718 -7.74707 61.4851
      vertex -3.31318 -7.44152 61.4851
    endloop
  endfacet
  facet normal 0.18349 0.684787 -0.705265
    outer loop
      vertex -7.65531 -36.0154 48.2796
      vertex -8.41357 -39.5827 44.6186
      vertex -11.378 -35.0179 48.2796
    endloop
  endfacet
  facet normal 0.110903 0.700216 -0.705265
    outer loop
      vertex -7.65531 -36.0154 48.2796
      vertex -3.84874 -36.6183 48.2796
      vertex -8.41357 -39.5827 44.6186
    endloop
  endfacet
  facet normal -0.122006 0.770221 -0.625999
    outer loop
      vertex 8.41357 -39.5827 44.6186
      vertex 4.56483 -43.4315 40.6332
      vertex 4.22996 -40.2454 44.6186
    endloop
  endfacet
  facet normal -0.110915 0.700206 -0.705272
    outer loop
      vertex 8.41357 -39.5827 44.6186
      vertex 4.22996 -40.2454 44.6186
      vertex 3.84874 -36.6183 48.2796
    endloop
  endfacet
  facet normal -0.0441128 0.841926 -0.537787
    outer loop
      vertex 0 -43.6707 40.6332
      vertex 4.84969 -46.1418 36.3668
      vertex 0 -46.3959 36.3668
    endloop
  endfacet
  facet normal -0.0469503 0.896082 -0.441399
    outer loop
      vertex 4.84969 -46.1418 36.3668
      vertex 5.08142 -48.3465 31.8664
      vertex 0 -46.3959 36.3668
    endloop
  endfacet
  facet normal -0.121994 0.770217 -0.626006
    outer loop
      vertex 8.41357 -39.5827 44.6186
      vertex 9.07965 -42.7164 40.6332
      vertex 4.56483 -43.4315 40.6332
    endloop
  endfacet
  facet normal -0.131891 0.832698 -0.537791
    outer loop
      vertex 9.07965 -42.7164 40.6332
      vertex 4.84969 -46.1418 36.3668
      vertex 4.56483 -43.4315 40.6332
    endloop
  endfacet
  facet normal 0.128089 0.251377 -0.959376
    outer loop
      vertex -5.48161 -12.3119 60.4608
      vertex -7.58999 -17.0474 58.9385
      vertex -9.33035 -16.1606 58.9385
    endloop
  endfacet
  facet normal 0.169691 0.333022 -0.927524
    outer loop
      vertex -9.33035 -16.1606 58.9385
      vertex -7.58999 -17.0474 58.9385
      vertex -9.61521 -21.5961 56.9348
    endloop
  endfacet
  facet normal 0.252252 0.388419 -0.886284
    outer loop
      vertex -13.8952 -19.1251 56.9348
      vertex -11.82 -20.4728 56.9348
      vertex -14.18 -24.5606 54.4716
    endloop
  endfacet
  facet normal 0.210248 0.41267 -0.886284
    outer loop
      vertex -11.82 -20.4728 56.9348
      vertex -9.61521 -21.5961 56.9348
      vertex -14.18 -24.5606 54.4716
    endloop
  endfacet
  facet normal 0.0441205 0.278663 -0.959375
    outer loop
      vertex -2.80204 -13.1826 60.4608
      vertex -1.40874 -13.4032 60.4608
      vertex -3.87978 -18.2529 58.9385
    endloop
  endfacet
  facet normal 0.0441406 0.278654 -0.959377
    outer loop
      vertex -1.40874 -13.4032 60.4608
      vertex -1.95057 -18.5585 58.9385
      vertex -3.87978 -18.2529 58.9385
    endloop
  endfacet
  facet normal -0.0245089 0.0914666 -0.995506
    outer loop
      vertex 0.842134 -2.59182 62
      vertex 1.6936 -7.96775 61.4851
      vertex 0.566602 -2.66565 62
    endloop
  endfacet
  facet normal -0.0245087 0.0914666 -0.995506
    outer loop
      vertex 2.51718 -7.74707 61.4851
      vertex 1.6936 -7.96775 61.4851
      vertex 0.842134 -2.59182 62
    endloop
  endfacet
  facet normal -0.0488991 0.182492 -0.981991
    outer loop
      vertex 2.51718 -7.74707 61.4851
      vertex 4.16464 -12.8174 60.4608
      vertex 1.6936 -7.96775 61.4851
    endloop
  endfacet
  facet normal -0.0339335 0.0884044 -0.995506
    outer loop
      vertex 1.10844 -2.4896 62
      vertex 3.31318 -7.44152 61.4851
      vertex 0.842134 -2.59182 62
    endloop
  endfacet
  facet normal -0.0429896 0.0843724 -0.995507
    outer loop
      vertex 1.3626 -2.3601 62
      vertex 3.31318 -7.44152 61.4851
      vertex 1.10844 -2.4896 62
    endloop
  endfacet
  facet normal -0.0884044 0.0339335 -0.995506
    outer loop
      vertex 2.59182 -0.842134 62
      vertex 7.44152 -3.31318 61.4851
      vertex 2.4896 -1.10844 62
    endloop
  endfacet
  facet normal -0.0935275 0.0148122 -0.995507
    outer loop
      vertex 2.71027 -0.284861 62
      vertex 8.10113 -0.851463 61.4851
      vertex 2.66565 -0.566602 62
    endloop
  endfacet
  facet normal -0.0945634 0.00495621 -0.995507
    outer loop
      vertex 2.7252 0 62
      vertex 8.10113 -0.851463 61.4851
      vertex 2.71027 -0.284861 62
    endloop
  endfacet
  facet normal -0.1189 0.146822 -0.981991
    outer loop
      vertex 9.01791 -10.0154 60.4608
      vertex 7.92162 -10.9032 60.4608
      vertex 5.45057 -6.05348 61.4851
    endloop
  endfacet
  facet normal -0.290472 0.23521 -0.927525
    outer loop
      vertex 15.0968 -10.9685 58.9385
      vertex 17.5679 -15.8182 56.9348
      vertex 13.8676 -12.4865 58.9385
    endloop
  endfacet
  facet normal 0.226388 0.58978 -0.775183
    outer loop
      vertex -13.3286 -29.9365 51.576
      vertex -11.378 -35.0179 48.2796
      vertex -14.976 -33.6368 48.2796
    endloop
  endfacet
  facet normal 0.286801 0.562883 -0.775183
    outer loop
      vertex -13.3286 -29.9365 51.576
      vertex -14.976 -33.6368 48.2796
      vertex -18.41 -31.8871 48.2796
    endloop
  endfacet
  facet normal 0.183471 0.684782 -0.705274
    outer loop
      vertex -11.378 -35.0179 48.2796
      vertex -8.41357 -39.5827 44.6186
      vertex -12.505 -38.4865 44.6186
    endloop
  endfacet
  facet normal 0.254053 0.66185 -0.705274
    outer loop
      vertex -11.378 -35.0179 48.2796
      vertex -12.505 -38.4865 44.6186
      vertex -14.976 -33.6368 48.2796
    endloop
  endfacet
  facet normal 0.833081 -0.540989 -0.115357
    outer loop
      vertex -41.608 30.23 22.3625
      vertex -44.5399 25.7151 22.3625
      vertex -45.0333 26 17.4632
    endloop
  endfacet
  facet normal 0.771951 -0.62513 -0.11534
    outer loop
      vertex -38.2201 34.4136 22.3625
      vertex -41.608 30.23 22.3625
      vertex -42.0689 30.5648 17.4632
    endloop
  endfacet
  facet normal 0.771957 -0.625121 -0.115352
    outer loop
      vertex -38.6435 34.7948 17.4632
      vertex -38.2201 34.4136 22.3625
      vertex -42.0689 30.5648 17.4632
    endloop
  endfacet
  facet normal 0.460789 -0.299246 -0.835539
    outer loop
      vertex -22.9438 16.6696 54.4716
      vertex -24.5606 14.18 54.4716
      vertex -26.5111 19.2615 51.576
    endloop
  endfacet
  facet normal 0.38842 -0.252248 -0.886285
    outer loop
      vertex -22.9438 16.6696 54.4716
      vertex -19.1251 13.8952 56.9348
      vertex -24.5606 14.18 54.4716
    endloop
  endfacet
  facet normal 0.345759 -0.426994 -0.83554
    outer loop
      vertex -16.6696 22.9438 54.4716
      vertex -18.9766 21.0757 54.4716
      vertex -19.2615 26.5111 51.576
    endloop
  endfacet
  facet normal 0.345776 -0.42699 -0.835535
    outer loop
      vertex -19.2615 26.5111 51.576
      vertex -18.9766 21.0757 54.4716
      vertex -21.9271 24.3525 51.576
    endloop
  endfacet
  facet normal -0.327488 0.327488 -0.886286
    outer loop
      vertex 18.9766 -21.0757 54.4716
      vertex 17.5679 -15.8182 56.9348
      vertex 21.0757 -18.9766 54.4716
    endloop
  endfacet
  facet normal -0.327488 0.327488 -0.886286
    outer loop
      vertex 17.5679 -15.8182 56.9348
      vertex 18.9766 -21.0757 54.4716
      vertex 15.8182 -17.5679 56.9348
    endloop
  endfacet
  facet normal -0.359931 0.291455 -0.886286
    outer loop
      vertex 22.9438 -16.6696 54.4716
      vertex 21.0757 -18.9766 54.4716
      vertex 17.5679 -15.8182 56.9348
    endloop
  endfacet
  facet normal -0.158448 0.102896 -0.981991
    outer loop
      vertex 11.6715 -6.73853 60.4608
      vertex 10.9032 -7.92162 60.4608
      vertex 6.59005 -4.78795 61.4851
    endloop
  endfacet
  facet normal -0.146825 0.118894 -0.981991
    outer loop
      vertex 6.59005 -4.78795 61.4851
      vertex 10.9032 -7.92162 60.4608
      vertex 6.05348 -5.45057 61.4851
    endloop
  endfacet
  facet normal -0.219261 0.177547 -0.959376
    outer loop
      vertex 15.0968 -10.9685 58.9385
      vertex 13.8676 -12.4865 58.9385
      vertex 10.9032 -7.92162 60.4608
    endloop
  endfacet
  facet normal -0.199495 0.199495 -0.959377
    outer loop
      vertex 12.4865 -13.8676 58.9385
      vertex 10.0154 -9.01791 60.4608
      vertex 13.8676 -12.4865 58.9385
    endloop
  endfacet
  facet normal -0.199495 0.199495 -0.959377
    outer loop
      vertex 10.0154 -9.01791 60.4608
      vertex 12.4865 -13.8676 58.9385
      vertex 9.01791 -10.0154 60.4608
    endloop
  endfacet
  facet normal 0.0595918 -0.073591 -0.995506
    outer loop
      vertex -4.78795 6.59005 61.4851
      vertex -1.60183 2.20474 62
      vertex -5.45057 6.05348 61.4851
    endloop
  endfacet
  facet normal 0.0515742 -0.0794162 -0.995506
    outer loop
      vertex -1.3626 2.3601 62
      vertex -1.60183 2.20474 62
      vertex -4.78795 6.59005 61.4851
    endloop
  endfacet
  facet normal 0.00988706 -0.18867 -0.981991
    outer loop
      vertex 0 8.14575 61.4851
      vertex -0.851463 8.10113 61.4851
      vertex -1.40874 13.4032 60.4608
    endloop
  endfacet
  facet normal 0.0339335 -0.0884044 -0.995506
    outer loop
      vertex -0.842134 2.59182 62
      vertex -1.10844 2.4896 62
      vertex -3.31318 7.44152 61.4851
    endloop
  endfacet
  facet normal -0.00988706 -0.18867 -0.981991
    outer loop
      vertex 1.40874 13.4032 60.4608
      vertex 0.851463 8.10113 61.4851
      vertex 0 8.14575 61.4851
    endloop
  endfacet
  facet normal -0.0049555 -0.0945635 -0.995506
    outer loop
      vertex 0 8.14575 61.4851
      vertex 0.851463 8.10113 61.4851
      vertex 0 2.7252 62
    endloop
  endfacet
  facet normal 0.0148131 -0.0935275 -0.995506
    outer loop
      vertex -0.851463 8.10113 61.4851
      vertex -0.566602 2.66565 62
      vertex -1.6936 7.96775 61.4851
    endloop
  endfacet
  facet normal 0.0148122 -0.0935275 -0.995507
    outer loop
      vertex -0.284861 2.71027 62
      vertex -0.566602 2.66565 62
      vertex -0.851463 8.10113 61.4851
    endloop
  endfacet
  facet normal -0.0441406 -0.278654 -0.959377
    outer loop
      vertex 1.95057 18.5585 58.9385
      vertex 3.87978 18.2529 58.9385
      vertex 1.40874 13.4032 60.4608
    endloop
  endfacet
  facet normal -0.0584775 -0.36916 -0.927524
    outer loop
      vertex 2.47104 23.5104 56.9348
      vertex 3.87978 18.2529 58.9385
      vertex 1.95057 18.5585 58.9385
    endloop
  endfacet
  facet normal -0.13395 -0.348935 -0.927524
    outer loop
      vertex 9.61521 21.5961 56.9348
      vertex 7.58999 17.0474 58.9385
      vertex 7.30513 22.4829 56.9348
    endloop
  endfacet
  facet normal -0.073039 -0.272516 -0.959375
    outer loop
      vertex 3.87978 18.2529 58.9385
      vertex 4.16464 12.8174 60.4608
      vertex 2.80204 13.1826 60.4608
    endloop
  endfacet
  facet normal -0.058471 -0.369159 -0.927525
    outer loop
      vertex 4.91501 23.1233 56.9348
      vertex 3.87978 18.2529 58.9385
      vertex 2.47104 23.5104 56.9348
    endloop
  endfacet
  facet normal -0.165981 -0.432373 -0.886287
    outer loop
      vertex 11.5351 25.9082 54.4716
      vertex 9.61521 21.5961 56.9348
      vertex 7.30513 22.4829 56.9348
    endloop
  endfacet
  facet normal 0.058471 -0.369159 -0.927525
    outer loop
      vertex -2.47104 23.5104 56.9348
      vertex -3.87978 18.2529 58.9385
      vertex -4.91501 23.1233 56.9348
    endloop
  endfacet
  facet normal 0.196896 -0.512936 -0.835541
    outer loop
      vertex -10.1264 31.1657 51.576
      vertex -11.5351 25.9082 54.4716
      vertex -13.3286 29.9365 51.576
    endloop
  endfacet
  facet normal 0.0242451 -0.462505 -0.886285
    outer loop
      vertex 0 28.3601 54.4716
      vertex -2.47104 23.5104 56.9348
      vertex -2.96444 28.2047 54.4716
    endloop
  endfacet
  facet normal 0.0287624 -0.548677 -0.83554
    outer loop
      vertex 0 32.7696 51.576
      vertex 0 28.3601 54.4716
      vertex -2.96444 28.2047 54.4716
    endloop
  endfacet
  facet normal 0.249429 -0.489547 -0.835541
    outer loop
      vertex -13.3286 29.9365 51.576
      vertex -11.5351 25.9082 54.4716
      vertex -14.18 24.5606 54.4716
    endloop
  endfacet
  facet normal 0.165981 -0.432373 -0.886287
    outer loop
      vertex -7.30513 22.4829 56.9348
      vertex -9.61521 21.5961 56.9348
      vertex -11.5351 25.9082 54.4716
    endloop
  endfacet
  facet normal 0.0147618 -0.281741 -0.959377
    outer loop
      vertex 0 18.6607 58.9385
      vertex -1.40874 13.4032 60.4608
      vertex -1.95057 18.5585 58.9385
    endloop
  endfacet
  facet normal 0.0195565 -0.373251 -0.927524
    outer loop
      vertex 0 18.6607 58.9385
      vertex -1.95057 18.5585 58.9385
      vertex -2.47104 23.5104 56.9348
    endloop
  endfacet
  facet normal 0.0677017 -0.176382 -0.981991
    outer loop
      vertex -4.16464 12.8174 60.4608
      vertex -3.31318 7.44152 61.4851
      vertex -5.48161 12.3119 60.4608
    endloop
  endfacet
  facet normal 0.1011 -0.263394 -0.959376
    outer loop
      vertex -4.16464 12.8174 60.4608
      vertex -5.48161 12.3119 60.4608
      vertex -7.58999 17.0474 58.9385
    endloop
  endfacet
  facet normal 0.313454 -0.203567 -0.927527
    outer loop
      vertex -19.1251 13.8952 56.9348
      vertex -16.1606 9.33035 58.9385
      vertex -20.4728 11.82 56.9348
    endloop
  endfacet
  facet normal 0.236618 -0.153658 -0.959375
    outer loop
      vertex -15.0968 10.9685 58.9385
      vertex -10.9032 7.92162 60.4608
      vertex -16.1606 9.33035 58.9385
    endloop
  endfacet
  facet normal 0.290466 -0.235213 -0.927526
    outer loop
      vertex -17.5679 15.8182 56.9348
      vertex -15.0968 10.9685 58.9385
      vertex -19.1251 13.8952 56.9348
    endloop
  endfacet
  facet normal 0.290472 -0.23521 -0.927525
    outer loop
      vertex -13.8676 12.4865 58.9385
      vertex -15.0968 10.9685 58.9385
      vertex -17.5679 15.8182 56.9348
    endloop
  endfacet
  facet normal 0.133593 -0.133593 -0.981991
    outer loop
      vertex -6.05348 5.45057 61.4851
      vertex -9.01791 10.0154 60.4608
      vertex -5.45057 6.05348 61.4851
    endloop
  endfacet
  facet normal 0.133593 -0.133593 -0.981991
    outer loop
      vertex -9.01791 10.0154 60.4608
      vertex -6.05348 5.45057 61.4851
      vertex -10.0154 9.01791 60.4608
    endloop
  endfacet
  facet normal 0.118894 -0.146825 -0.981991
    outer loop
      vertex -4.78795 6.59005 61.4851
      vertex -5.45057 6.05348 61.4851
      vertex -7.92162 10.9032 60.4608
    endloop
  endfacet
  facet normal 0.203567 -0.313454 -0.927527
    outer loop
      vertex -11.82 20.4728 56.9348
      vertex -9.33035 16.1606 58.9385
      vertex -13.8952 19.1251 56.9348
    endloop
  endfacet
  facet normal 0.153658 -0.236618 -0.959375
    outer loop
      vertex -9.33035 16.1606 58.9385
      vertex -7.92162 10.9032 60.4608
      vertex -10.9685 15.0968 58.9385
    endloop
  endfacet
  facet normal 0.09883 -0.623964 -0.775178
    outer loop
      vertex -3.84874 36.6183 48.2796
      vertex -3.42535 32.5901 51.576
      vertex -6.81318 32.0535 51.576
    endloop
  endfacet
  facet normal 0.0988258 -0.623963 -0.77518
    outer loop
      vertex -3.84874 36.6183 48.2796
      vertex -6.81318 32.0535 51.576
      vertex -7.65531 36.0154 48.2796
    endloop
  endfacet
  facet normal 0.459176 0.707071 -0.537781
    outer loop
      vertex -25.669 -35.3304 40.6332
      vertex -23.198 -40.18 36.3668
      vertex -27.2708 -37.5351 36.3668
    endloop
  endfacet
  facet normal 0.459183 0.70707 -0.537776
    outer loop
      vertex -21.8354 -37.82 40.6332
      vertex -23.198 -40.18 36.3668
      vertex -25.669 -35.3304 40.6332
    endloop
  endfacet
  facet normal 0.0595918 0.073591 -0.995506
    outer loop
      vertex -1.60183 -2.20474 62
      vertex -4.78795 -6.59005 61.4851
      vertex -5.45057 -6.05348 61.4851
    endloop
  endfacet
  facet normal 0.0515742 0.0794162 -0.995506
    outer loop
      vertex -1.60183 -2.20474 62
      vertex -1.3626 -2.3601 62
      vertex -4.78795 -6.59005 61.4851
    endloop
  endfacet
  facet normal 0.0857719 -0.168335 -0.981991
    outer loop
      vertex -3.31318 7.44152 61.4851
      vertex -4.07288 7.05443 61.4851
      vertex -6.73853 11.6715 60.4608
    endloop
  endfacet
  facet normal 0.102899 -0.158447 -0.981991
    outer loop
      vertex -4.07288 7.05443 61.4851
      vertex -4.78795 6.59005 61.4851
      vertex -6.73853 11.6715 60.4608
    endloop
  endfacet
  facet normal 0.0245089 -0.0914666 -0.995506
    outer loop
      vertex -0.566602 2.66565 62
      vertex -0.842134 2.59182 62
      vertex -1.6936 7.96775 61.4851
    endloop
  endfacet
  facet normal 0.0245087 -0.0914666 -0.995506
    outer loop
      vertex -1.6936 7.96775 61.4851
      vertex -0.842134 2.59182 62
      vertex -2.51718 7.74707 61.4851
    endloop
  endfacet
  facet normal -0.0148122 -0.0935275 -0.995507
    outer loop
      vertex 0.851463 8.10113 61.4851
      vertex 0.566602 2.66565 62
      vertex 0.284861 2.71027 62
    endloop
  endfacet
  facet normal -0.0677017 -0.176382 -0.981991
    outer loop
      vertex 4.16464 12.8174 60.4608
      vertex 5.48161 12.3119 60.4608
      vertex 3.31318 7.44152 61.4851
    endloop
  endfacet
  facet normal -0.128089 -0.251377 -0.959376
    outer loop
      vertex 7.58999 17.0474 58.9385
      vertex 9.33035 16.1606 58.9385
      vertex 5.48161 12.3119 60.4608
    endloop
  endfacet
  facet normal -0.169691 -0.333022 -0.927524
    outer loop
      vertex 9.61521 21.5961 56.9348
      vertex 9.33035 16.1606 58.9385
      vertex 7.58999 17.0474 58.9385
    endloop
  endfacet
  facet normal -0.165984 -0.43237 -0.886287
    outer loop
      vertex 8.76375 26.9721 54.4716
      vertex 11.5351 25.9082 54.4716
      vertex 7.30513 22.4829 56.9348
    endloop
  endfacet
  facet normal -0.0967321 -0.361026 -0.927525
    outer loop
      vertex 4.91501 23.1233 56.9348
      vertex 7.30513 22.4829 56.9348
      vertex 3.87978 18.2529 58.9385
    endloop
  endfacet
  facet normal -0.09673 -0.361028 -0.927525
    outer loop
      vertex 7.30513 22.4829 56.9348
      vertex 5.76647 17.7474 58.9385
      vertex 3.87978 18.2529 58.9385
    endloop
  endfacet
  facet normal 0.073015 -0.272516 -0.959377
    outer loop
      vertex -3.87978 18.2529 58.9385
      vertex -4.16464 12.8174 60.4608
      vertex -5.76647 17.7474 58.9385
    endloop
  endfacet
  facet normal 0.09673 -0.361028 -0.927525
    outer loop
      vertex -3.87978 18.2529 58.9385
      vertex -5.76647 17.7474 58.9385
      vertex -7.30513 22.4829 56.9348
    endloop
  endfacet
  facet normal 0.0724386 -0.457433 -0.886288
    outer loop
      vertex -2.96444 28.2047 54.4716
      vertex -4.91501 23.1233 56.9348
      vertex -5.89639 27.7404 54.4716
    endloop
  endfacet
  facet normal 0.119862 -0.447354 -0.886289
    outer loop
      vertex -5.89639 27.7404 54.4716
      vertex -4.91501 23.1233 56.9348
      vertex -7.30513 22.4829 56.9348
    endloop
  endfacet
  facet normal 0.196913 -0.512938 -0.835536
    outer loop
      vertex -10.1264 31.1657 51.576
      vertex -8.76375 26.9721 54.4716
      vertex -11.5351 25.9082 54.4716
    endloop
  endfacet
  facet normal 0.165984 -0.43237 -0.886287
    outer loop
      vertex -8.76375 26.9721 54.4716
      vertex -7.30513 22.4829 56.9348
      vertex -11.5351 25.9082 54.4716
    endloop
  endfacet
  facet normal 0.299246 -0.460789 -0.835539
    outer loop
      vertex -14.18 24.5606 54.4716
      vertex -16.6696 22.9438 54.4716
      vertex -19.2615 26.5111 51.576
    endloop
  endfacet
  facet normal 0.252248 -0.38842 -0.886285
    outer loop
      vertex -14.18 24.5606 54.4716
      vertex -13.8952 19.1251 56.9348
      vertex -16.6696 22.9438 54.4716
    endloop
  endfacet
  facet normal 0.146825 -0.118894 -0.981991
    outer loop
      vertex -6.05348 5.45057 61.4851
      vertex -6.59005 4.78795 61.4851
      vertex -10.9032 7.92162 60.4608
    endloop
  endfacet
  facet normal 0.313463 -0.20356 -0.927526
    outer loop
      vertex -15.0968 10.9685 58.9385
      vertex -16.1606 9.33035 58.9385
      vertex -19.1251 13.8952 56.9348
    endloop
  endfacet
  facet normal 0.359931 -0.291455 -0.886286
    outer loop
      vertex -21.0757 18.9766 54.4716
      vertex -17.5679 15.8182 56.9348
      vertex -22.9438 16.6696 54.4716
    endloop
  endfacet
  facet normal 0.35993 -0.291462 -0.886285
    outer loop
      vertex -17.5679 15.8182 56.9348
      vertex -19.1251 13.8952 56.9348
      vertex -22.9438 16.6696 54.4716
    endloop
  endfacet
  facet normal 0.158448 -0.102896 -0.981991
    outer loop
      vertex -10.9032 7.92162 60.4608
      vertex -6.59005 4.78795 61.4851
      vertex -11.6715 6.73853 60.4608
    endloop
  endfacet
  facet normal 0.199495 -0.199495 -0.959377
    outer loop
      vertex -10.0154 9.01791 60.4608
      vertex -12.4865 13.8676 58.9385
      vertex -9.01791 10.0154 60.4608
    endloop
  endfacet
  facet normal 0.199495 -0.199495 -0.959377
    outer loop
      vertex -12.4865 13.8676 58.9385
      vertex -10.0154 9.01791 60.4608
      vertex -13.8676 12.4865 58.9385
    endloop
  endfacet
  facet normal 0.219251 -0.177554 -0.959377
    outer loop
      vertex -10.0154 9.01791 60.4608
      vertex -10.9032 7.92162 60.4608
      vertex -13.8676 12.4865 58.9385
    endloop
  endfacet
  facet normal 0.219261 -0.177547 -0.959376
    outer loop
      vertex -13.8676 12.4865 58.9385
      vertex -10.9032 7.92162 60.4608
      vertex -15.0968 10.9685 58.9385
    endloop
  endfacet
  facet normal 0.15366 -0.236617 -0.959375
    outer loop
      vertex -6.73853 11.6715 60.4608
      vertex -7.92162 10.9032 60.4608
      vertex -9.33035 16.1606 58.9385
    endloop
  endfacet
  facet normal 0.177547 -0.219261 -0.959376
    outer loop
      vertex -10.9685 15.0968 58.9385
      vertex -7.92162 10.9032 60.4608
      vertex -12.4865 13.8676 58.9385
    endloop
  endfacet
  facet normal 0.210248 -0.41267 -0.886284
    outer loop
      vertex -9.61521 21.5961 56.9348
      vertex -11.82 20.4728 56.9348
      vertex -14.18 24.5606 54.4716
    endloop
  endfacet
  facet normal 0.252252 -0.388419 -0.886284
    outer loop
      vertex -11.82 20.4728 56.9348
      vertex -13.8952 19.1251 56.9348
      vertex -14.18 24.5606 54.4716
    endloop
  endfacet
  facet normal 0.386124 0.594568 -0.705264
    outer loop
      vertex -21.6423 -29.788 48.2796
      vertex -20.2335 -35.0455 44.6186
      vertex -23.7859 -32.7385 44.6186
    endloop
  endfacet
  facet normal 0.446149 0.550958 -0.705263
    outer loop
      vertex -21.6423 -29.788 48.2796
      vertex -23.7859 -32.7385 44.6186
      vertex -27.0777 -30.0729 44.6186
    endloop
  endfacet
  facet normal 0.1189 -0.146822 -0.981991
    outer loop
      vertex -7.92162 10.9032 60.4608
      vertex -5.45057 6.05348 61.4851
      vertex -9.01791 10.0154 60.4608
    endloop
  endfacet
  facet normal 0.177554 -0.219251 -0.959377
    outer loop
      vertex -7.92162 10.9032 60.4608
      vertex -9.01791 10.0154 60.4608
      vertex -12.4865 13.8676 58.9385
    endloop
  endfacet
  facet normal 0.235213 -0.290466 -0.927526
    outer loop
      vertex -13.8952 19.1251 56.9348
      vertex -10.9685 15.0968 58.9385
      vertex -15.8182 17.5679 56.9348
    endloop
  endfacet
  facet normal 0.23521 -0.290472 -0.927525
    outer loop
      vertex -10.9685 15.0968 58.9385
      vertex -12.4865 13.8676 58.9385
      vertex -15.8182 17.5679 56.9348
    endloop
  endfacet
  facet normal 0 0 1
    outer loop
      vertex 50 0 6
      vertex 52 0 6
      vertex 51.7151 5.43548 6
    endloop
  endfacet
  facet normal 0 0 1
    outer loop
      vertex 49.7261 5.22642 6
      vertex 51.7151 5.43548 6
      vertex 50.8637 10.8114 6
    endloop
  endfacet
  facet normal 0 0 1
    outer loop
      vertex 52 0 6
      vertex 50 0 6
      vertex 51.7151 -5.43548 6
    endloop
  endfacet
  facet normal -0 0 1
    outer loop
      vertex 49.7261 -5.22642 6
      vertex 51.7151 -5.43548 6
      vertex 50 0 6
    endloop
  endfacet
  facet normal 0 0 1
    outer loop
      vertex 51.7151 5.43548 6
      vertex 49.7261 5.22642 6
      vertex 50 0 6
    endloop
  endfacet
  facet normal 0 0 1
    outer loop
      vertex 48.9074 10.3956 6
      vertex 50.8637 10.8114 6
      vertex 49.4549 16.0689 6
    endloop
  endfacet
  facet normal 0 0 1
    outer loop
      vertex 50.8637 10.8114 6
      vertex 48.9074 10.3956 6
      vertex 49.7261 5.22642 6
    endloop
  endfacet
  facet normal 0 0 1
    outer loop
      vertex 49.4549 16.0689 6
      vertex 47.5528 15.4508 6
      vertex 48.9074 10.3956 6
    endloop
  endfacet
  facet normal 0 0 1
    outer loop
      vertex 47.5044 21.1503 6
      vertex 47.5528 15.4508 6
      vertex 49.4549 16.0689 6
    endloop
  endfacet
  facet normal 0 0 1
    outer loop
      vertex 47.5044 21.1503 6
      vertex 45.6773 20.3368 6
      vertex 47.5528 15.4508 6
    endloop
  endfacet
  facet normal 0 0 1
    outer loop
      vertex 45.0333 26 6
      vertex 45.6773 20.3368 6
      vertex 47.5044 21.1503 6
    endloop
  endfacet
  facet normal 0 0 1
    outer loop
      vertex 45.0333 26 6
      vertex 43.3013 25 6
      vertex 45.6773 20.3368 6
    endloop
  endfacet
  facet normal 0 0 1
    outer loop
      vertex 42.0689 30.5648 6
      vertex 43.3013 25 6
      vertex 45.0333 26 6
    endloop
  endfacet
  facet normal 0 0 1
    outer loop
      vertex 42.0689 30.5648 6
      vertex 40.4509 29.3893 6
      vertex 43.3013 25 6
    endloop
  endfacet
  facet normal 0 0 1
    outer loop
      vertex 38.6435 34.7948 6
      vertex 40.4509 29.3893 6
      vertex 42.0689 30.5648 6
    endloop
  endfacet
  facet normal 0 0 1
    outer loop
      vertex 38.6435 34.7948 6
      vertex 37.1572 33.4565 6
      vertex 40.4509 29.3893 6
    endloop
  endfacet
  facet normal 0 0 1
    outer loop
      vertex 34.7948 38.6435 6
      vertex 37.1572 33.4565 6
      vertex 38.6435 34.7948 6
    endloop
  endfacet
  facet normal 0 0 1
    outer loop
      vertex 34.7948 38.6435 6
      vertex 33.4565 37.1572 6
      vertex 37.1572 33.4565 6
    endloop
  endfacet
  facet normal 0 0 1
    outer loop
      vertex 30.5648 42.0689 6
      vertex 33.4565 37.1572 6
      vertex 34.7948 38.6435 6
    endloop
  endfacet
  facet normal 0 0 1
    outer loop
      vertex 30.5648 42.0689 6
      vertex 29.3893 40.4509 6
      vertex 33.4565 37.1572 6
    endloop
  endfacet
  facet normal 0 0 1
    outer loop
      vertex 26 45.0333 6
      vertex 29.3893 40.4509 6
      vertex 30.5648 42.0689 6
    endloop
  endfacet
  facet normal 0 0 1
    outer loop
      vertex 26 45.0333 6
      vertex 25 43.3013 6
      vertex 29.3893 40.4509 6
    endloop
  endfacet
  facet normal 0 0 1
    outer loop
      vertex 21.1503 47.5044 6
      vertex 25 43.3013 6
      vertex 26 45.0333 6
    endloop
  endfacet
  facet normal 0 0 1
    outer loop
      vertex 21.1503 47.5044 6
      vertex 20.3368 45.6773 6
      vertex 25 43.3013 6
    endloop
  endfacet
  facet normal 0 0 1
    outer loop
      vertex 16.0689 49.4549 6
      vertex 20.3368 45.6773 6
      vertex 21.1503 47.5044 6
    endloop
  endfacet
  facet normal 0 0 1
    outer loop
      vertex 16.0689 49.4549 6
      vertex 15.4508 47.5528 6
      vertex 20.3368 45.6773 6
    endloop
  endfacet
  facet normal 0 0 1
    outer loop
      vertex 10.8114 50.8637 6
      vertex 15.4508 47.5528 6
      vertex 16.0689 49.4549 6
    endloop
  endfacet
  facet normal 0 0 1
    outer loop
      vertex 10.8114 50.8637 6
      vertex 10.3956 48.9074 6
      vertex 15.4508 47.5528 6
    endloop
  endfacet
  facet normal 0 0 1
    outer loop
      vertex 5.43548 51.7151 6
      vertex 10.3956 48.9074 6
      vertex 10.8114 50.8637 6
    endloop
  endfacet
  facet normal 0 0 1
    outer loop
      vertex 5.43548 51.7151 6
      vertex 5.22642 49.7261 6
      vertex 10.3956 48.9074 6
    endloop
  endfacet
  facet normal 0 0 1
    outer loop
      vertex 0 52 6
      vertex 5.22642 49.7261 6
      vertex 5.43548 51.7151 6
    endloop
  endfacet
  facet normal 0 0 1
    outer loop
      vertex 0 52 6
      vertex 0 50 6
      vertex 5.22642 49.7261 6
    endloop
  endfacet
  facet normal 0 0 1
    outer loop
      vertex 0 52 6
      vertex -5.22642 49.7261 6
      vertex 0 50 6
    endloop
  endfacet
  facet normal -0 0 1
    outer loop
      vertex -5.43548 51.7151 6
      vertex -5.22642 49.7261 6
      vertex 0 52 6
    endloop
  endfacet
  facet normal 0 0 1
    outer loop
      vertex -5.43548 51.7151 6
      vertex -10.3956 48.9074 6
      vertex -5.22642 49.7261 6
    endloop
  endfacet
  facet normal -0 0 1
    outer loop
      vertex -10.8114 50.8637 6
      vertex -10.3956 48.9074 6
      vertex -5.43548 51.7151 6
    endloop
  endfacet
  facet normal 0 0 1
    outer loop
      vertex -10.8114 50.8637 6
      vertex -15.4508 47.5528 6
      vertex -10.3956 48.9074 6
    endloop
  endfacet
  facet normal -0 0 1
    outer loop
      vertex -16.0689 49.4549 6
      vertex -15.4508 47.5528 6
      vertex -10.8114 50.8637 6
    endloop
  endfacet
  facet normal 0 0 1
    outer loop
      vertex -16.0689 49.4549 6
      vertex -20.3368 45.6773 6
      vertex -15.4508 47.5528 6
    endloop
  endfacet
  facet normal -0 0 1
    outer loop
      vertex -21.1503 47.5044 6
      vertex -20.3368 45.6773 6
      vertex -16.0689 49.4549 6
    endloop
  endfacet
  facet normal 0 0 1
    outer loop
      vertex -21.1503 47.5044 6
      vertex -25 43.3013 6
      vertex -20.3368 45.6773 6
    endloop
  endfacet
  facet normal -0 0 1
    outer loop
      vertex -26 45.0333 6
      vertex -25 43.3013 6
      vertex -21.1503 47.5044 6
    endloop
  endfacet
  facet normal 0 0 1
    outer loop
      vertex -26 45.0333 6
      vertex -29.3893 40.4509 6
      vertex -25 43.3013 6
    endloop
  endfacet
  facet normal -0 0 1
    outer loop
      vertex -30.5648 42.0689 6
      vertex -29.3893 40.4509 6
      vertex -26 45.0333 6
    endloop
  endfacet
  facet normal 0 0 1
    outer loop
      vertex -30.5648 42.0689 6
      vertex -33.4565 37.1572 6
      vertex -29.3893 40.4509 6
    endloop
  endfacet
  facet normal -0 0 1
    outer loop
      vertex -34.7948 38.6435 6
      vertex -33.4565 37.1572 6
      vertex -30.5648 42.0689 6
    endloop
  endfacet
  facet normal 0 0 1
    outer loop
      vertex -34.7948 38.6435 6
      vertex -37.1572 33.4565 6
      vertex -33.4565 37.1572 6
    endloop
  endfacet
  facet normal -0 0 1
    outer loop
      vertex -38.6435 34.7948 6
      vertex -37.1572 33.4565 6
      vertex -34.7948 38.6435 6
    endloop
  endfacet
  facet normal 0 0 1
    outer loop
      vertex -38.6435 34.7948 6
      vertex -40.4509 29.3893 6
      vertex -37.1572 33.4565 6
    endloop
  endfacet
  facet normal -0 0 1
    outer loop
      vertex -42.0689 30.5648 6
      vertex -40.4509 29.3893 6
      vertex -38.6435 34.7948 6
    endloop
  endfacet
  facet normal 0 0 1
    outer loop
      vertex -42.0689 30.5648 6
      vertex -43.3013 25 6
      vertex -40.4509 29.3893 6
    endloop
  endfacet
  facet normal -0 0 1
    outer loop
      vertex -45.0333 26 6
      vertex -43.3013 25 6
      vertex -42.0689 30.5648 6
    endloop
  endfacet
  facet normal 0 0 1
    outer loop
      vertex -45.0333 26 6
      vertex -45.6773 20.3368 6
      vertex -43.3013 25 6
    endloop
  endfacet
  facet normal -0 0 1
    outer loop
      vertex -47.5044 21.1503 6
      vertex -45.6773 20.3368 6
      vertex -45.0333 26 6
    endloop
  endfacet
  facet normal 0 0 1
    outer loop
      vertex -47.5044 21.1503 6
      vertex -47.5528 15.4508 6
      vertex -45.6773 20.3368 6
    endloop
  endfacet
  facet normal -0 0 1
    outer loop
      vertex -49.4549 16.0689 6
      vertex -47.5528 15.4508 6
      vertex -47.5044 21.1503 6
    endloop
  endfacet
  facet normal 0 0 1
    outer loop
      vertex -47.5528 15.4508 6
      vertex -49.4549 16.0689 6
      vertex -48.9074 10.3956 6
    endloop
  endfacet
  facet normal -0 0 1
    outer loop
      vertex -50.8637 10.8114 6
      vertex -48.9074 10.3956 6
      vertex -49.4549 16.0689 6
    endloop
  endfacet
  facet normal 0 0 1
    outer loop
      vertex -48.9074 10.3956 6
      vertex -50.8637 10.8114 6
      vertex -49.7261 5.22642 6
    endloop
  endfacet
  facet normal -0 0 1
    outer loop
      vertex -51.7151 5.43548 6
      vertex -49.7261 5.22642 6
      vertex -50.8637 10.8114 6
    endloop
  endfacet
  facet normal 0 0 1
    outer loop
      vertex 51.7151 -5.43548 6
      vertex 49.7261 -5.22642 6
      vertex 50.8637 -10.8114 6
    endloop
  endfacet
  facet normal -0 0 1
    outer loop
      vertex 48.9074 -10.3956 6
      vertex 50.8637 -10.8114 6
      vertex 49.7261 -5.22642 6
    endloop
  endfacet
  facet normal 0 0 1
    outer loop
      vertex 50.8637 -10.8114 6
      vertex 48.9074 -10.3956 6
      vertex 49.4549 -16.0689 6
    endloop
  endfacet
  facet normal -0 0 1
    outer loop
      vertex 47.5528 -15.4508 6
      vertex 49.4549 -16.0689 6
      vertex 48.9074 -10.3956 6
    endloop
  endfacet
  facet normal 0 0 1
    outer loop
      vertex 47.5528 -15.4508 6
      vertex 47.5044 -21.1503 6
      vertex 49.4549 -16.0689 6
    endloop
  endfacet
  facet normal -0 0 1
    outer loop
      vertex 45.6773 -20.3368 6
      vertex 47.5044 -21.1503 6
      vertex 47.5528 -15.4508 6
    endloop
  endfacet
  facet normal 0 0 1
    outer loop
      vertex 45.6773 -20.3368 6
      vertex 45.0333 -26 6
      vertex 47.5044 -21.1503 6
    endloop
  endfacet
  facet normal -0 0 1
    outer loop
      vertex 43.3013 -25 6
      vertex 45.0333 -26 6
      vertex 45.6773 -20.3368 6
    endloop
  endfacet
  facet normal 0 0 1
    outer loop
      vertex 43.3013 -25 6
      vertex 42.0689 -30.5648 6
      vertex 45.0333 -26 6
    endloop
  endfacet
  facet normal -0 0 1
    outer loop
      vertex 40.4509 -29.3893 6
      vertex 42.0689 -30.5648 6
      vertex 43.3013 -25 6
    endloop
  endfacet
  facet normal 0 0 1
    outer loop
      vertex 40.4509 -29.3893 6
      vertex 38.6435 -34.7948 6
      vertex 42.0689 -30.5648 6
    endloop
  endfacet
  facet normal -0 0 1
    outer loop
      vertex 37.1572 -33.4565 6
      vertex 38.6435 -34.7948 6
      vertex 40.4509 -29.3893 6
    endloop
  endfacet
  facet normal 0 0 1
    outer loop
      vertex 37.1572 -33.4565 6
      vertex 34.7948 -38.6435 6
      vertex 38.6435 -34.7948 6
    endloop
  endfacet
  facet normal -0 0 1
    outer loop
      vertex 33.4565 -37.1572 6
      vertex 34.7948 -38.6435 6
      vertex 37.1572 -33.4565 6
    endloop
  endfacet
  facet normal 0 0 1
    outer loop
      vertex 33.4565 -37.1572 6
      vertex 30.5648 -42.0689 6
      vertex 34.7948 -38.6435 6
    endloop
  endfacet
  facet normal -0 0 1
    outer loop
      vertex 29.3893 -40.4509 6
      vertex 30.5648 -42.0689 6
      vertex 33.4565 -37.1572 6
    endloop
  endfacet
  facet normal 0 0 1
    outer loop
      vertex 29.3893 -40.4509 6
      vertex 26 -45.0333 6
      vertex 30.5648 -42.0689 6
    endloop
  endfacet
  facet normal -0 0 1
    outer loop
      vertex 25 -43.3013 6
      vertex 26 -45.0333 6
      vertex 29.3893 -40.4509 6
    endloop
  endfacet
  facet normal 0 0 1
    outer loop
      vertex 25 -43.3013 6
      vertex 21.1503 -47.5044 6
      vertex 26 -45.0333 6
    endloop
  endfacet
  facet normal -0 0 1
    outer loop
      vertex 20.3368 -45.6773 6
      vertex 21.1503 -47.5044 6
      vertex 25 -43.3013 6
    endloop
  endfacet
  facet normal 0 0 1
    outer loop
      vertex 20.3368 -45.6773 6
      vertex 16.0689 -49.4549 6
      vertex 21.1503 -47.5044 6
    endloop
  endfacet
  facet normal -0 0 1
    outer loop
      vertex 15.4508 -47.5528 6
      vertex 16.0689 -49.4549 6
      vertex 20.3368 -45.6773 6
    endloop
  endfacet
  facet normal 0 0 1
    outer loop
      vertex 15.4508 -47.5528 6
      vertex 10.8114 -50.8637 6
      vertex 16.0689 -49.4549 6
    endloop
  endfacet
  facet normal -0 0 1
    outer loop
      vertex 10.3956 -48.9074 6
      vertex 10.8114 -50.8637 6
      vertex 15.4508 -47.5528 6
    endloop
  endfacet
  facet normal 0 0 1
    outer loop
      vertex 10.3956 -48.9074 6
      vertex 5.43548 -51.7151 6
      vertex 10.8114 -50.8637 6
    endloop
  endfacet
  facet normal -0 0 1
    outer loop
      vertex 5.22642 -49.7261 6
      vertex 5.43548 -51.7151 6
      vertex 10.3956 -48.9074 6
    endloop
  endfacet
  facet normal -0 0 1
    outer loop
      vertex 0 -50 6
      vertex 5.43548 -51.7151 6
      vertex 5.22642 -49.7261 6
    endloop
  endfacet
  facet normal 0 0 1
    outer loop
      vertex 0 -50 6
      vertex 0 -52 6
      vertex 5.43548 -51.7151 6
    endloop
  endfacet
  facet normal 0 0 1
    outer loop
      vertex -5.22642 -49.7261 6
      vertex 0 -52 6
      vertex 0 -50 6
    endloop
  endfacet
  facet normal 0 0 1
    outer loop
      vertex -5.22642 -49.7261 6
      vertex -5.43548 -51.7151 6
      vertex 0 -52 6
    endloop
  endfacet
  facet normal 0 0 1
    outer loop
      vertex -10.3956 -48.9074 6
      vertex -5.43548 -51.7151 6
      vertex -5.22642 -49.7261 6
    endloop
  endfacet
  facet normal 0 0 1
    outer loop
      vertex -10.3956 -48.9074 6
      vertex -10.8114 -50.8637 6
      vertex -5.43548 -51.7151 6
    endloop
  endfacet
  facet normal 0 0 1
    outer loop
      vertex -15.4508 -47.5528 6
      vertex -10.8114 -50.8637 6
      vertex -10.3956 -48.9074 6
    endloop
  endfacet
  facet normal 0 0 1
    outer loop
      vertex -15.4508 -47.5528 6
      vertex -16.0689 -49.4549 6
      vertex -10.8114 -50.8637 6
    endloop
  endfacet
  facet normal 0 0 1
    outer loop
      vertex -20.3368 -45.6773 6
      vertex -16.0689 -49.4549 6
      vertex -15.4508 -47.5528 6
    endloop
  endfacet
  facet normal 0 0 1
    outer loop
      vertex -20.3368 -45.6773 6
      vertex -21.1503 -47.5044 6
      vertex -16.0689 -49.4549 6
    endloop
  endfacet
  facet normal 0 0 1
    outer loop
      vertex -25 -43.3013 6
      vertex -21.1503 -47.5044 6
      vertex -20.3368 -45.6773 6
    endloop
  endfacet
  facet normal 0 0 1
    outer loop
      vertex -25 -43.3013 6
      vertex -26 -45.0333 6
      vertex -21.1503 -47.5044 6
    endloop
  endfacet
  facet normal 0 0 1
    outer loop
      vertex -29.3893 -40.4509 6
      vertex -26 -45.0333 6
      vertex -25 -43.3013 6
    endloop
  endfacet
  facet normal 0 0 1
    outer loop
      vertex -29.3893 -40.4509 6
      vertex -30.5648 -42.0689 6
      vertex -26 -45.0333 6
    endloop
  endfacet
  facet normal 0 0 1
    outer loop
      vertex -33.4565 -37.1572 6
      vertex -30.5648 -42.0689 6
      vertex -29.3893 -40.4509 6
    endloop
  endfacet
  facet normal 0 0 1
    outer loop
      vertex -33.4565 -37.1572 6
      vertex -34.7948 -38.6435 6
      vertex -30.5648 -42.0689 6
    endloop
  endfacet
  facet normal 0 0 1
    outer loop
      vertex -37.1572 -33.4565 6
      vertex -34.7948 -38.6435 6
      vertex -33.4565 -37.1572 6
    endloop
  endfacet
  facet normal 0 0 1
    outer loop
      vertex -37.1572 -33.4565 6
      vertex -38.6435 -34.7948 6
      vertex -34.7948 -38.6435 6
    endloop
  endfacet
  facet normal 0 0 1
    outer loop
      vertex -40.4509 -29.3893 6
      vertex -38.6435 -34.7948 6
      vertex -37.1572 -33.4565 6
    endloop
  endfacet
  facet normal 0 0 1
    outer loop
      vertex -40.4509 -29.3893 6
      vertex -42.0689 -30.5648 6
      vertex -38.6435 -34.7948 6
    endloop
  endfacet
  facet normal 0 0 1
    outer loop
      vertex -43.3013 -25 6
      vertex -42.0689 -30.5648 6
      vertex -40.4509 -29.3893 6
    endloop
  endfacet
  facet normal 0 0 1
    outer loop
      vertex -43.3013 -25 6
      vertex -45.0333 -26 6
      vertex -42.0689 -30.5648 6
    endloop
  endfacet
  facet normal 0 0 1
    outer loop
      vertex -45.6773 -20.3368 6
      vertex -45.0333 -26 6
      vertex -43.3013 -25 6
    endloop
  endfacet
  facet normal 0 0 1
    outer loop
      vertex -45.6773 -20.3368 6
      vertex -47.5044 -21.1503 6
      vertex -45.0333 -26 6
    endloop
  endfacet
  facet normal 0 0 1
    outer loop
      vertex -47.5528 -15.4508 6
      vertex -47.5044 -21.1503 6
      vertex -45.6773 -20.3368 6
    endloop
  endfacet
  facet normal 0 0 1
    outer loop
      vertex -49.4549 -16.0689 6
      vertex -47.5528 -15.4508 6
      vertex -48.9074 -10.3956 6
    endloop
  endfacet
  facet normal 0 0 1
    outer loop
      vertex -47.5528 -15.4508 6
      vertex -49.4549 -16.0689 6
      vertex -47.5044 -21.1503 6
    endloop
  endfacet
  facet normal 0 0 1
    outer loop
      vertex -50.8637 -10.8114 6
      vertex -48.9074 -10.3956 6
      vertex -49.7261 -5.22642 6
    endloop
  endfacet
  facet normal 0 0 1
    outer loop
      vertex -51.7151 -5.43548 6
      vertex -49.7261 -5.22642 6
      vertex -50 0 6
    endloop
  endfacet
  facet normal 0 0 1
    outer loop
      vertex -49.7261 5.22642 6
      vertex -51.7151 5.43548 6
      vertex -50 0 6
    endloop
  endfacet
  facet normal 0 0 1
    outer loop
      vertex -48.9074 -10.3956 6
      vertex -50.8637 -10.8114 6
      vertex -49.4549 -16.0689 6
    endloop
  endfacet
  facet normal 0 0 1
    outer loop
      vertex -52 0 6
      vertex -50 0 6
      vertex -51.7151 5.43548 6
    endloop
  endfacet
  facet normal 0 0 1
    outer loop
      vertex -49.7261 -5.22642 6
      vertex -51.7151 -5.43548 6
      vertex -50.8637 -10.8114 6
    endloop
  endfacet
  facet normal 0 0 1
    outer loop
      vertex -50 0 6
      vertex -52 0 6
      vertex -51.7151 -5.43548 6
    endloop
  endfacet
  facet normal -0.99863 -0.052335 0
    outer loop
      vertex 50 0 0
      vertex 49.7261 5.22642 6
      vertex 49.7261 5.22642 0
    endloop
  endfacet
  facet normal -0.99863 -0.052335 0
    outer loop
      vertex 49.7261 5.22642 6
      vertex 50 0 0
      vertex 50 0 6
    endloop
  endfacet
  facet normal 0.99863 -0.052335 0
    outer loop
      vertex -50 0 6
      vertex -49.7261 5.22642 0
      vertex -49.7261 5.22642 6
    endloop
  endfacet
  facet normal 0.99863 -0.052335 0
    outer loop
      vertex -49.7261 5.22642 0
      vertex -50 0 6
      vertex -50 0 0
    endloop
  endfacet
  facet normal -0.052335 -0.99863 0
    outer loop
      vertex 0 50 0
      vertex 5.22642 49.7261 6
      vertex 0 50 6
    endloop
  endfacet
  facet normal -0.052335 -0.99863 -0
    outer loop
      vertex 5.22642 49.7261 6
      vertex 0 50 0
      vertex 5.22642 49.7261 0
    endloop
  endfacet
  facet normal 0.052335 0.99863 -0
    outer loop
      vertex 0 -50 0
      vertex -5.22642 -49.7261 6
      vertex 0 -50 6
    endloop
  endfacet
  facet normal 0.052335 0.99863 0
    outer loop
      vertex -5.22642 -49.7261 6
      vertex 0 -50 0
      vertex -5.22642 -49.7261 0
    endloop
  endfacet
  facet normal -0.707107 -0.707107 0
    outer loop
      vertex 37.1572 33.4565 0
      vertex 33.4565 37.1572 6
      vertex 33.4565 37.1572 0
    endloop
  endfacet
  facet normal -0.707107 -0.707107 0
    outer loop
      vertex 33.4565 37.1572 6
      vertex 37.1572 33.4565 0
      vertex 37.1572 33.4565 6
    endloop
  endfacet
  facet normal 0.629337 -0.777132 0
    outer loop
      vertex -33.4565 37.1572 0
      vertex -29.3893 40.4509 6
      vertex -33.4565 37.1572 6
    endloop
  endfacet
  facet normal 0.629337 -0.777132 0
    outer loop
      vertex -29.3893 40.4509 6
      vertex -33.4565 37.1572 0
      vertex -29.3893 40.4509 0
    endloop
  endfacet
  facet normal 0.358358 -0.933584 0
    outer loop
      vertex -20.3368 45.6773 0
      vertex -15.4508 47.5528 6
      vertex -20.3368 45.6773 6
    endloop
  endfacet
  facet normal 0.358358 -0.933584 0
    outer loop
      vertex -15.4508 47.5528 6
      vertex -20.3368 45.6773 0
      vertex -15.4508 47.5528 0
    endloop
  endfacet
  facet normal 0.933584 0.358358 0
    outer loop
      vertex -45.6773 -20.3368 6
      vertex -47.5528 -15.4508 0
      vertex -47.5528 -15.4508 6
    endloop
  endfacet
  facet normal 0.933584 0.358358 0
    outer loop
      vertex -47.5528 -15.4508 0
      vertex -45.6773 -20.3368 6
      vertex -45.6773 -20.3368 0
    endloop
  endfacet
  facet normal -0.933584 -0.358358 0
    outer loop
      vertex 47.5528 15.4508 0
      vertex 45.6773 20.3368 6
      vertex 45.6773 20.3368 0
    endloop
  endfacet
  facet normal -0.933584 -0.358358 0
    outer loop
      vertex 45.6773 20.3368 6
      vertex 47.5528 15.4508 0
      vertex 47.5528 15.4508 6
    endloop
  endfacet
  facet normal -0.987689 -0.156431 0
    outer loop
      vertex 49.7261 5.22642 0
      vertex 48.9074 10.3956 6
      vertex 48.9074 10.3956 0
    endloop
  endfacet
  facet normal -0.987689 -0.156431 0
    outer loop
      vertex 48.9074 10.3956 6
      vertex 49.7261 5.22642 0
      vertex 49.7261 5.22642 6
    endloop
  endfacet
  facet normal -0.453988 -0.891008 0
    outer loop
      vertex 20.3368 45.6773 0
      vertex 25 43.3013 6
      vertex 20.3368 45.6773 6
    endloop
  endfacet
  facet normal -0.453988 -0.891008 -0
    outer loop
      vertex 25 43.3013 6
      vertex 20.3368 45.6773 0
      vertex 25 43.3013 0
    endloop
  endfacet
  facet normal -0.629337 -0.777132 0
    outer loop
      vertex 29.3893 40.4509 0
      vertex 33.4565 37.1572 6
      vertex 29.3893 40.4509 6
    endloop
  endfacet
  facet normal -0.629337 -0.777132 -0
    outer loop
      vertex 33.4565 37.1572 6
      vertex 29.3893 40.4509 0
      vertex 33.4565 37.1572 0
    endloop
  endfacet
  facet normal 0.891008 -0.453988 0
    outer loop
      vertex -45.6773 20.3368 6
      vertex -43.3013 25 0
      vertex -43.3013 25 6
    endloop
  endfacet
  facet normal 0.891008 -0.453988 0
    outer loop
      vertex -43.3013 25 0
      vertex -45.6773 20.3368 6
      vertex -45.6773 20.3368 0
    endloop
  endfacet
  facet normal 0.156431 -0.987689 0
    outer loop
      vertex -10.3956 48.9074 0
      vertex -5.22642 49.7261 6
      vertex -10.3956 48.9074 6
    endloop
  endfacet
  facet normal 0.156431 -0.987689 0
    outer loop
      vertex -5.22642 49.7261 6
      vertex -10.3956 48.9074 0
      vertex -5.22642 49.7261 0
    endloop
  endfacet
  facet normal -0.965923 -0.25883 0
    outer loop
      vertex 48.9074 10.3956 0
      vertex 47.5528 15.4508 6
      vertex 47.5528 15.4508 0
    endloop
  endfacet
  facet normal -0.965923 -0.25883 0
    outer loop
      vertex 47.5528 15.4508 6
      vertex 48.9074 10.3956 0
      vertex 48.9074 10.3956 6
    endloop
  endfacet
  facet normal -0.838674 -0.544633 0
    outer loop
      vertex 43.3013 25 0
      vertex 40.4509 29.3893 6
      vertex 40.4509 29.3893 0
    endloop
  endfacet
  facet normal -0.838674 -0.544633 0
    outer loop
      vertex 40.4509 29.3893 6
      vertex 43.3013 25 0
      vertex 43.3013 25 6
    endloop
  endfacet
  facet normal -0.777132 -0.629337 0
    outer loop
      vertex 40.4509 29.3893 0
      vertex 37.1572 33.4565 6
      vertex 37.1572 33.4565 0
    endloop
  endfacet
  facet normal -0.777132 -0.629337 0
    outer loop
      vertex 37.1572 33.4565 6
      vertex 40.4509 29.3893 0
      vertex 40.4509 29.3893 6
    endloop
  endfacet
  facet normal -0.891008 -0.453988 0
    outer loop
      vertex 45.6773 20.3368 0
      vertex 43.3013 25 6
      vertex 43.3013 25 0
    endloop
  endfacet
  facet normal -0.891008 -0.453988 0
    outer loop
      vertex 43.3013 25 6
      vertex 45.6773 20.3368 0
      vertex 45.6773 20.3368 6
    endloop
  endfacet
  facet normal -0.25883 -0.965923 0
    outer loop
      vertex 10.3956 48.9074 0
      vertex 15.4508 47.5528 6
      vertex 10.3956 48.9074 6
    endloop
  endfacet
  facet normal -0.25883 -0.965923 -0
    outer loop
      vertex 15.4508 47.5528 6
      vertex 10.3956 48.9074 0
      vertex 15.4508 47.5528 0
    endloop
  endfacet
  facet normal -0.358358 -0.933584 0
    outer loop
      vertex 15.4508 47.5528 0
      vertex 20.3368 45.6773 6
      vertex 15.4508 47.5528 6
    endloop
  endfacet
  facet normal -0.358358 -0.933584 -0
    outer loop
      vertex 20.3368 45.6773 6
      vertex 15.4508 47.5528 0
      vertex 20.3368 45.6773 0
    endloop
  endfacet
  facet normal -0.156431 -0.987689 0
    outer loop
      vertex 5.22642 49.7261 0
      vertex 10.3956 48.9074 6
      vertex 5.22642 49.7261 6
    endloop
  endfacet
  facet normal -0.156431 -0.987689 -0
    outer loop
      vertex 10.3956 48.9074 6
      vertex 5.22642 49.7261 0
      vertex 10.3956 48.9074 0
    endloop
  endfacet
  facet normal -0.544633 -0.838674 0
    outer loop
      vertex 25 43.3013 0
      vertex 29.3893 40.4509 6
      vertex 25 43.3013 6
    endloop
  endfacet
  facet normal -0.544633 -0.838674 -0
    outer loop
      vertex 29.3893 40.4509 6
      vertex 25 43.3013 0
      vertex 29.3893 40.4509 0
    endloop
  endfacet
  facet normal 0.965923 -0.25883 0
    outer loop
      vertex -48.9074 10.3956 6
      vertex -47.5528 15.4508 0
      vertex -47.5528 15.4508 6
    endloop
  endfacet
  facet normal 0.965923 -0.25883 0
    outer loop
      vertex -47.5528 15.4508 0
      vertex -48.9074 10.3956 6
      vertex -48.9074 10.3956 0
    endloop
  endfacet
  facet normal 0.777132 -0.629337 0
    outer loop
      vertex -40.4509 29.3893 6
      vertex -37.1572 33.4565 0
      vertex -37.1572 33.4565 6
    endloop
  endfacet
  facet normal 0.777132 -0.629337 0
    outer loop
      vertex -37.1572 33.4565 0
      vertex -40.4509 29.3893 6
      vertex -40.4509 29.3893 0
    endloop
  endfacet
  facet normal 0.707107 -0.707107 0
    outer loop
      vertex -37.1572 33.4565 6
      vertex -33.4565 37.1572 0
      vertex -33.4565 37.1572 6
    endloop
  endfacet
  facet normal 0.707107 -0.707107 0
    outer loop
      vertex -33.4565 37.1572 0
      vertex -37.1572 33.4565 6
      vertex -37.1572 33.4565 0
    endloop
  endfacet
  facet normal 0.838674 -0.544633 0
    outer loop
      vertex -43.3013 25 6
      vertex -40.4509 29.3893 0
      vertex -40.4509 29.3893 6
    endloop
  endfacet
  facet normal 0.838674 -0.544633 0
    outer loop
      vertex -40.4509 29.3893 0
      vertex -43.3013 25 6
      vertex -43.3013 25 0
    endloop
  endfacet
  facet normal 0.933584 -0.358358 0
    outer loop
      vertex -47.5528 15.4508 6
      vertex -45.6773 20.3368 0
      vertex -45.6773 20.3368 6
    endloop
  endfacet
  facet normal 0.933584 -0.358358 0
    outer loop
      vertex -45.6773 20.3368 0
      vertex -47.5528 15.4508 6
      vertex -47.5528 15.4508 0
    endloop
  endfacet
  facet normal 0.987689 -0.156431 0
    outer loop
      vertex -49.7261 5.22642 6
      vertex -48.9074 10.3956 0
      vertex -48.9074 10.3956 6
    endloop
  endfacet
  facet normal 0.987689 -0.156431 0
    outer loop
      vertex -48.9074 10.3956 0
      vertex -49.7261 5.22642 6
      vertex -49.7261 5.22642 0
    endloop
  endfacet
  facet normal 0.453988 -0.891008 0
    outer loop
      vertex -25 43.3013 0
      vertex -20.3368 45.6773 6
      vertex -25 43.3013 6
    endloop
  endfacet
  facet normal 0.453988 -0.891008 0
    outer loop
      vertex -20.3368 45.6773 6
      vertex -25 43.3013 0
      vertex -20.3368 45.6773 0
    endloop
  endfacet
  facet normal 0.544633 -0.838674 0
    outer loop
      vertex -29.3893 40.4509 0
      vertex -25 43.3013 6
      vertex -29.3893 40.4509 6
    endloop
  endfacet
  facet normal 0.544633 -0.838674 0
    outer loop
      vertex -25 43.3013 6
      vertex -29.3893 40.4509 0
      vertex -25 43.3013 0
    endloop
  endfacet
  facet normal 0.25883 -0.965923 0
    outer loop
      vertex -15.4508 47.5528 0
      vertex -10.3956 48.9074 6
      vertex -15.4508 47.5528 6
    endloop
  endfacet
  facet normal 0.25883 -0.965923 0
    outer loop
      vertex -10.3956 48.9074 6
      vertex -15.4508 47.5528 0
      vertex -10.3956 48.9074 0
    endloop
  endfacet
  facet normal 0.052335 -0.99863 0
    outer loop
      vertex -5.22642 49.7261 0
      vertex 0 50 6
      vertex -5.22642 49.7261 6
    endloop
  endfacet
  facet normal 0.052335 -0.99863 0
    outer loop
      vertex 0 50 6
      vertex -5.22642 49.7261 0
      vertex 0 50 0
    endloop
  endfacet
  facet normal -0.99863 0.052335 0
    outer loop
      vertex 49.7261 -5.22642 0
      vertex 50 0 6
      vertex 50 0 0
    endloop
  endfacet
  facet normal -0.99863 0.052335 0
    outer loop
      vertex 50 0 6
      vertex 49.7261 -5.22642 0
      vertex 49.7261 -5.22642 6
    endloop
  endfacet
  facet normal -0.052335 0.99863 0
    outer loop
      vertex 5.22642 -49.7261 0
      vertex 0 -50 6
      vertex 5.22642 -49.7261 6
    endloop
  endfacet
  facet normal -0.052335 0.99863 0
    outer loop
      vertex 0 -50 6
      vertex 5.22642 -49.7261 0
      vertex 0 -50 0
    endloop
  endfacet
  facet normal -0.25883 0.965923 0
    outer loop
      vertex 15.4508 -47.5528 0
      vertex 10.3956 -48.9074 6
      vertex 15.4508 -47.5528 6
    endloop
  endfacet
  facet normal -0.25883 0.965923 0
    outer loop
      vertex 10.3956 -48.9074 6
      vertex 15.4508 -47.5528 0
      vertex 10.3956 -48.9074 0
    endloop
  endfacet
  facet normal -0.629337 0.777132 0
    outer loop
      vertex 33.4565 -37.1572 0
      vertex 29.3893 -40.4509 6
      vertex 33.4565 -37.1572 6
    endloop
  endfacet
  facet normal -0.629337 0.777132 0
    outer loop
      vertex 29.3893 -40.4509 6
      vertex 33.4565 -37.1572 0
      vertex 29.3893 -40.4509 0
    endloop
  endfacet
  facet normal -0.453988 0.891008 0
    outer loop
      vertex 25 -43.3013 0
      vertex 20.3368 -45.6773 6
      vertex 25 -43.3013 6
    endloop
  endfacet
  facet normal -0.453988 0.891008 0
    outer loop
      vertex 20.3368 -45.6773 6
      vertex 25 -43.3013 0
      vertex 20.3368 -45.6773 0
    endloop
  endfacet
  facet normal -0.777132 0.629337 0
    outer loop
      vertex 37.1572 -33.4565 0
      vertex 40.4509 -29.3893 6
      vertex 40.4509 -29.3893 0
    endloop
  endfacet
  facet normal -0.777132 0.629337 0
    outer loop
      vertex 40.4509 -29.3893 6
      vertex 37.1572 -33.4565 0
      vertex 37.1572 -33.4565 6
    endloop
  endfacet
  facet normal -0.891008 0.453988 0
    outer loop
      vertex 43.3013 -25 0
      vertex 45.6773 -20.3368 6
      vertex 45.6773 -20.3368 0
    endloop
  endfacet
  facet normal -0.891008 0.453988 0
    outer loop
      vertex 45.6773 -20.3368 6
      vertex 43.3013 -25 0
      vertex 43.3013 -25 6
    endloop
  endfacet
  facet normal 0.707107 0.707107 0
    outer loop
      vertex -33.4565 -37.1572 6
      vertex -37.1572 -33.4565 0
      vertex -37.1572 -33.4565 6
    endloop
  endfacet
  facet normal 0.707107 0.707107 0
    outer loop
      vertex -37.1572 -33.4565 0
      vertex -33.4565 -37.1572 6
      vertex -33.4565 -37.1572 0
    endloop
  endfacet
  facet normal 0.544633 0.838674 -0
    outer loop
      vertex -25 -43.3013 0
      vertex -29.3893 -40.4509 6
      vertex -25 -43.3013 6
    endloop
  endfacet
  facet normal 0.544633 0.838674 0
    outer loop
      vertex -29.3893 -40.4509 6
      vertex -25 -43.3013 0
      vertex -29.3893 -40.4509 0
    endloop
  endfacet
  facet normal 0.358358 0.933584 -0
    outer loop
      vertex -15.4508 -47.5528 0
      vertex -20.3368 -45.6773 6
      vertex -15.4508 -47.5528 6
    endloop
  endfacet
  facet normal 0.358358 0.933584 0
    outer loop
      vertex -20.3368 -45.6773 6
      vertex -15.4508 -47.5528 0
      vertex -20.3368 -45.6773 0
    endloop
  endfacet
  facet normal 0.156431 0.987689 -0
    outer loop
      vertex -5.22642 -49.7261 0
      vertex -10.3956 -48.9074 6
      vertex -5.22642 -49.7261 6
    endloop
  endfacet
  facet normal 0.156431 0.987689 0
    outer loop
      vertex -10.3956 -48.9074 6
      vertex -5.22642 -49.7261 0
      vertex -10.3956 -48.9074 0
    endloop
  endfacet
  facet normal 0.891008 0.453988 0
    outer loop
      vertex -43.3013 -25 6
      vertex -45.6773 -20.3368 0
      vertex -45.6773 -20.3368 6
    endloop
  endfacet
  facet normal 0.891008 0.453988 0
    outer loop
      vertex -45.6773 -20.3368 0
      vertex -43.3013 -25 6
      vertex -43.3013 -25 0
    endloop
  endfacet
  facet normal 0.777132 0.629337 0
    outer loop
      vertex -37.1572 -33.4565 6
      vertex -40.4509 -29.3893 0
      vertex -40.4509 -29.3893 6
    endloop
  endfacet
  facet normal 0.777132 0.629337 0
    outer loop
      vertex -40.4509 -29.3893 0
      vertex -37.1572 -33.4565 6
      vertex -37.1572 -33.4565 0
    endloop
  endfacet
  facet normal 0.965923 0.25883 0
    outer loop
      vertex -47.5528 -15.4508 6
      vertex -48.9074 -10.3956 0
      vertex -48.9074 -10.3956 6
    endloop
  endfacet
  facet normal 0.965923 0.25883 0
    outer loop
      vertex -48.9074 -10.3956 0
      vertex -47.5528 -15.4508 6
      vertex -47.5528 -15.4508 0
    endloop
  endfacet
  facet normal 0.99863 0.052335 0
    outer loop
      vertex -49.7261 -5.22642 6
      vertex -50 0 0
      vertex -50 0 6
    endloop
  endfacet
  facet normal 0.99863 0.052335 0
    outer loop
      vertex -50 0 0
      vertex -49.7261 -5.22642 6
      vertex -49.7261 -5.22642 0
    endloop
  endfacet
  facet normal -0.156431 0.987689 0
    outer loop
      vertex 10.3956 -48.9074 0
      vertex 5.22642 -49.7261 6
      vertex 10.3956 -48.9074 6
    endloop
  endfacet
  facet normal -0.156431 0.987689 0
    outer loop
      vertex 5.22642 -49.7261 6
      vertex 10.3956 -48.9074 0
      vertex 5.22642 -49.7261 0
    endloop
  endfacet
  facet normal -0.358358 0.933584 0
    outer loop
      vertex 20.3368 -45.6773 0
      vertex 15.4508 -47.5528 6
      vertex 20.3368 -45.6773 6
    endloop
  endfacet
  facet normal -0.358358 0.933584 0
    outer loop
      vertex 15.4508 -47.5528 6
      vertex 20.3368 -45.6773 0
      vertex 15.4508 -47.5528 0
    endloop
  endfacet
  facet normal -0.707107 0.707107 0
    outer loop
      vertex 33.4565 -37.1572 0
      vertex 37.1572 -33.4565 6
      vertex 37.1572 -33.4565 0
    endloop
  endfacet
  facet normal -0.707107 0.707107 0
    outer loop
      vertex 37.1572 -33.4565 6
      vertex 33.4565 -37.1572 0
      vertex 33.4565 -37.1572 6
    endloop
  endfacet
  facet normal -0.544633 0.838674 0
    outer loop
      vertex 29.3893 -40.4509 0
      vertex 25 -43.3013 6
      vertex 29.3893 -40.4509 6
    endloop
  endfacet
  facet normal -0.544633 0.838674 0
    outer loop
      vertex 25 -43.3013 6
      vertex 29.3893 -40.4509 0
      vertex 25 -43.3013 0
    endloop
  endfacet
  facet normal -0.838674 0.544633 0
    outer loop
      vertex 40.4509 -29.3893 0
      vertex 43.3013 -25 6
      vertex 43.3013 -25 0
    endloop
  endfacet
  facet normal -0.838674 0.544633 0
    outer loop
      vertex 43.3013 -25 6
      vertex 40.4509 -29.3893 0
      vertex 40.4509 -29.3893 6
    endloop
  endfacet
  facet normal -0.933584 0.358358 0
    outer loop
      vertex 45.6773 -20.3368 0
      vertex 47.5528 -15.4508 6
      vertex 47.5528 -15.4508 0
    endloop
  endfacet
  facet normal -0.933584 0.358358 0
    outer loop
      vertex 47.5528 -15.4508 6
      vertex 45.6773 -20.3368 0
      vertex 45.6773 -20.3368 6
    endloop
  endfacet
  facet normal -0.987689 0.156431 0
    outer loop
      vertex 48.9074 -10.3956 0
      vertex 49.7261 -5.22642 6
      vertex 49.7261 -5.22642 0
    endloop
  endfacet
  facet normal -0.987689 0.156431 0
    outer loop
      vertex 49.7261 -5.22642 6
      vertex 48.9074 -10.3956 0
      vertex 48.9074 -10.3956 6
    endloop
  endfacet
  facet normal -0.965923 0.25883 0
    outer loop
      vertex 47.5528 -15.4508 0
      vertex 48.9074 -10.3956 6
      vertex 48.9074 -10.3956 0
    endloop
  endfacet
  facet normal -0.965923 0.25883 0
    outer loop
      vertex 48.9074 -10.3956 6
      vertex 47.5528 -15.4508 0
      vertex 47.5528 -15.4508 6
    endloop
  endfacet
  facet normal 0.629337 0.777132 -0
    outer loop
      vertex -29.3893 -40.4509 0
      vertex -33.4565 -37.1572 6
      vertex -29.3893 -40.4509 6
    endloop
  endfacet
  facet normal 0.629337 0.777132 0
    outer loop
      vertex -33.4565 -37.1572 6
      vertex -29.3893 -40.4509 0
      vertex -33.4565 -37.1572 0
    endloop
  endfacet
  facet normal 0.453988 0.891008 -0
    outer loop
      vertex -20.3368 -45.6773 0
      vertex -25 -43.3013 6
      vertex -20.3368 -45.6773 6
    endloop
  endfacet
  facet normal 0.453988 0.891008 0
    outer loop
      vertex -25 -43.3013 6
      vertex -20.3368 -45.6773 0
      vertex -25 -43.3013 0
    endloop
  endfacet
  facet normal 0.25883 0.965923 -0
    outer loop
      vertex -10.3956 -48.9074 0
      vertex -15.4508 -47.5528 6
      vertex -10.3956 -48.9074 6
    endloop
  endfacet
  facet normal 0.25883 0.965923 0
    outer loop
      vertex -15.4508 -47.5528 6
      vertex -10.3956 -48.9074 0
      vertex -15.4508 -47.5528 0
    endloop
  endfacet
  facet normal 0.838674 0.544633 0
    outer loop
      vertex -40.4509 -29.3893 6
      vertex -43.3013 -25 0
      vertex -43.3013 -25 6
    endloop
  endfacet
  facet normal 0.838674 0.544633 0
    outer loop
      vertex -43.3013 -25 0
      vertex -40.4509 -29.3893 6
      vertex -40.4509 -29.3893 0
    endloop
  endfacet
  facet normal 0.987689 0.156431 0
    outer loop
      vertex -48.9074 -10.3956 6
      vertex -49.7261 -5.22642 0
      vertex -49.7261 -5.22642 6
    endloop
  endfacet
  facet normal 0.987689 0.156431 0
    outer loop
      vertex -49.7261 -5.22642 0
      vertex -48.9074 -10.3956 6
      vertex -48.9074 -10.3956 0
    endloop
  endfacet
endsolid OpenSCAD_Model
