solid OpenSCAD_Model
  facet normal 0 0 1
    outer loop
      vertex 53.1 0 6
      vertex 55 0 6
      vertex 54.6987 5.74907 6
    endloop
  endfacet
  facet normal 0 0 1
    outer loop
      vertex 52.8091 5.55046 6
      vertex 54.6987 5.74907 6
      vertex 53.7981 11.4351 6
    endloop
  endfacet
  facet normal 0 0 1
    outer loop
      vertex 55 0 6
      vertex 53.1 0 6
      vertex 54.6987 -5.74907 6
    endloop
  endfacet
  facet normal -0 0 1
    outer loop
      vertex 52.8091 -5.55046 6
      vertex 54.6987 -5.74907 6
      vertex 53.1 0 6
    endloop
  endfacet
  facet normal 0 0 1
    outer loop
      vertex 54.6987 5.74907 6
      vertex 52.8091 5.55046 6
      vertex 53.1 0 6
    endloop
  endfacet
  facet normal 0 0 1
    outer loop
      vertex 51.9396 11.0401 6
      vertex 53.7981 11.4351 6
      vertex 52.3081 16.9959 6
    endloop
  endfacet
  facet normal 0 0 1
    outer loop
      vertex 53.7981 11.4351 6
      vertex 51.9396 11.0401 6
      vertex 52.8091 5.55046 6
    endloop
  endfacet
  facet normal 0 0 1
    outer loop
      vertex 52.3081 16.9959 6
      vertex 50.5011 16.4088 6
      vertex 51.9396 11.0401 6
    endloop
  endfacet
  facet normal 0 0 1
    outer loop
      vertex 50.245 22.3705 6
      vertex 50.5011 16.4088 6
      vertex 52.3081 16.9959 6
    endloop
  endfacet
  facet normal 0 0 1
    outer loop
      vertex 50.245 22.3705 6
      vertex 48.5093 21.5977 6
      vertex 50.5011 16.4088 6
    endloop
  endfacet
  facet normal 0 0 1
    outer loop
      vertex 47.6314 27.5 6
      vertex 48.5093 21.5977 6
      vertex 50.245 22.3705 6
    endloop
  endfacet
  facet normal 0 0 1
    outer loop
      vertex 47.6314 27.5 6
      vertex 45.9859 26.55 6
      vertex 48.5093 21.5977 6
    endloop
  endfacet
  facet normal 0 0 1
    outer loop
      vertex 44.4959 32.3282 6
      vertex 45.9859 26.55 6
      vertex 47.6314 27.5 6
    endloop
  endfacet
  facet normal 0 0 1
    outer loop
      vertex 44.4959 32.3282 6
      vertex 42.9588 31.2114 6
      vertex 45.9859 26.55 6
    endloop
  endfacet
  facet normal 0 0 1
    outer loop
      vertex 40.873 36.8022 6
      vertex 42.9588 31.2114 6
      vertex 44.4959 32.3282 6
    endloop
  endfacet
  facet normal 0 0 1
    outer loop
      vertex 40.873 36.8022 6
      vertex 39.461 35.5308 6
      vertex 42.9588 31.2114 6
    endloop
  endfacet
  facet normal 0 0 1
    outer loop
      vertex 36.8022 40.873 6
      vertex 39.461 35.5308 6
      vertex 40.873 36.8022 6
    endloop
  endfacet
  facet normal 0 0 1
    outer loop
      vertex 36.8022 40.873 6
      vertex 35.5308 39.461 6
      vertex 39.461 35.5308 6
    endloop
  endfacet
  facet normal 0 0 1
    outer loop
      vertex 32.3282 44.4959 6
      vertex 35.5308 39.461 6
      vertex 36.8022 40.873 6
    endloop
  endfacet
  facet normal 0 0 1
    outer loop
      vertex 32.3282 44.4959 6
      vertex 31.2114 42.9588 6
      vertex 35.5308 39.461 6
    endloop
  endfacet
  facet normal 0 0 1
    outer loop
      vertex 27.5 47.6314 6
      vertex 31.2114 42.9588 6
      vertex 32.3282 44.4959 6
    endloop
  endfacet
  facet normal 0 0 1
    outer loop
      vertex 27.5 47.6314 6
      vertex 26.55 45.9859 6
      vertex 31.2114 42.9588 6
    endloop
  endfacet
  facet normal 0 0 1
    outer loop
      vertex 22.3705 50.245 6
      vertex 26.55 45.9859 6
      vertex 27.5 47.6314 6
    endloop
  endfacet
  facet normal 0 0 1
    outer loop
      vertex 22.3705 50.245 6
      vertex 21.5977 48.5093 6
      vertex 26.55 45.9859 6
    endloop
  endfacet
  facet normal 0 0 1
    outer loop
      vertex 16.9959 52.3081 6
      vertex 21.5977 48.5093 6
      vertex 22.3705 50.245 6
    endloop
  endfacet
  facet normal 0 0 1
    outer loop
      vertex 16.9959 52.3081 6
      vertex 16.4088 50.5011 6
      vertex 21.5977 48.5093 6
    endloop
  endfacet
  facet normal 0 0 1
    outer loop
      vertex 11.4351 53.7981 6
      vertex 16.4088 50.5011 6
      vertex 16.9959 52.3081 6
    endloop
  endfacet
  facet normal 0 0 1
    outer loop
      vertex 11.4351 53.7981 6
      vertex 11.0401 51.9396 6
      vertex 16.4088 50.5011 6
    endloop
  endfacet
  facet normal 0 0 1
    outer loop
      vertex 5.74907 54.6987 6
      vertex 11.0401 51.9396 6
      vertex 11.4351 53.7981 6
    endloop
  endfacet
  facet normal 0 0 1
    outer loop
      vertex 5.74907 54.6987 6
      vertex 5.55046 52.8091 6
      vertex 11.0401 51.9396 6
    endloop
  endfacet
  facet normal 0 0 1
    outer loop
      vertex 0 55 6
      vertex 5.55046 52.8091 6
      vertex 5.74907 54.6987 6
    endloop
  endfacet
  facet normal 0 0 1
    outer loop
      vertex 0 55 6
      vertex 0 53.1 6
      vertex 5.55046 52.8091 6
    endloop
  endfacet
  facet normal 0 0 1
    outer loop
      vertex 0 55 6
      vertex -5.55046 52.8091 6
      vertex 0 53.1 6
    endloop
  endfacet
  facet normal -0 0 1
    outer loop
      vertex -5.74907 54.6987 6
      vertex -5.55046 52.8091 6
      vertex 0 55 6
    endloop
  endfacet
  facet normal 0 0 1
    outer loop
      vertex -5.74907 54.6987 6
      vertex -11.0401 51.9396 6
      vertex -5.55046 52.8091 6
    endloop
  endfacet
  facet normal -0 0 1
    outer loop
      vertex -11.4351 53.7981 6
      vertex -11.0401 51.9396 6
      vertex -5.74907 54.6987 6
    endloop
  endfacet
  facet normal 0 0 1
    outer loop
      vertex -11.4351 53.7981 6
      vertex -16.4088 50.5011 6
      vertex -11.0401 51.9396 6
    endloop
  endfacet
  facet normal -0 0 1
    outer loop
      vertex -16.9959 52.3081 6
      vertex -16.4088 50.5011 6
      vertex -11.4351 53.7981 6
    endloop
  endfacet
  facet normal 0 0 1
    outer loop
      vertex -16.9959 52.3081 6
      vertex -21.5977 48.5093 6
      vertex -16.4088 50.5011 6
    endloop
  endfacet
  facet normal -0 0 1
    outer loop
      vertex -22.3705 50.245 6
      vertex -21.5977 48.5093 6
      vertex -16.9959 52.3081 6
    endloop
  endfacet
  facet normal 0 0 1
    outer loop
      vertex -22.3705 50.245 6
      vertex -26.55 45.9859 6
      vertex -21.5977 48.5093 6
    endloop
  endfacet
  facet normal -0 0 1
    outer loop
      vertex -27.5 47.6314 6
      vertex -26.55 45.9859 6
      vertex -22.3705 50.245 6
    endloop
  endfacet
  facet normal 0 0 1
    outer loop
      vertex -27.5 47.6314 6
      vertex -31.2114 42.9588 6
      vertex -26.55 45.9859 6
    endloop
  endfacet
  facet normal -0 0 1
    outer loop
      vertex -32.3282 44.4959 6
      vertex -31.2114 42.9588 6
      vertex -27.5 47.6314 6
    endloop
  endfacet
  facet normal 0 0 1
    outer loop
      vertex -32.3282 44.4959 6
      vertex -35.5308 39.461 6
      vertex -31.2114 42.9588 6
    endloop
  endfacet
  facet normal -0 0 1
    outer loop
      vertex -36.8022 40.873 6
      vertex -35.5308 39.461 6
      vertex -32.3282 44.4959 6
    endloop
  endfacet
  facet normal 0 0 1
    outer loop
      vertex -36.8022 40.873 6
      vertex -39.461 35.5308 6
      vertex -35.5308 39.461 6
    endloop
  endfacet
  facet normal -0 0 1
    outer loop
      vertex -40.873 36.8022 6
      vertex -39.461 35.5308 6
      vertex -36.8022 40.873 6
    endloop
  endfacet
  facet normal 0 0 1
    outer loop
      vertex -40.873 36.8022 6
      vertex -42.9588 31.2114 6
      vertex -39.461 35.5308 6
    endloop
  endfacet
  facet normal -0 0 1
    outer loop
      vertex -44.4959 32.3282 6
      vertex -42.9588 31.2114 6
      vertex -40.873 36.8022 6
    endloop
  endfacet
  facet normal 0 0 1
    outer loop
      vertex -44.4959 32.3282 6
      vertex -45.9859 26.55 6
      vertex -42.9588 31.2114 6
    endloop
  endfacet
  facet normal -0 0 1
    outer loop
      vertex -47.6314 27.5 6
      vertex -45.9859 26.55 6
      vertex -44.4959 32.3282 6
    endloop
  endfacet
  facet normal 0 0 1
    outer loop
      vertex -47.6314 27.5 6
      vertex -48.5093 21.5977 6
      vertex -45.9859 26.55 6
    endloop
  endfacet
  facet normal -0 0 1
    outer loop
      vertex -50.245 22.3705 6
      vertex -48.5093 21.5977 6
      vertex -47.6314 27.5 6
    endloop
  endfacet
  facet normal 0 0 1
    outer loop
      vertex -50.245 22.3705 6
      vertex -50.5011 16.4088 6
      vertex -48.5093 21.5977 6
    endloop
  endfacet
  facet normal -0 0 1
    outer loop
      vertex -52.3081 16.9959 6
      vertex -50.5011 16.4088 6
      vertex -50.245 22.3705 6
    endloop
  endfacet
  facet normal 0 0 1
    outer loop
      vertex -50.5011 16.4088 6
      vertex -52.3081 16.9959 6
      vertex -51.9396 11.0401 6
    endloop
  endfacet
  facet normal -0 0 1
    outer loop
      vertex -53.7981 11.4351 6
      vertex -51.9396 11.0401 6
      vertex -52.3081 16.9959 6
    endloop
  endfacet
  facet normal 0 0 1
    outer loop
      vertex -51.9396 11.0401 6
      vertex -53.7981 11.4351 6
      vertex -52.8091 5.55046 6
    endloop
  endfacet
  facet normal -0 0 1
    outer loop
      vertex -54.6987 5.74907 6
      vertex -52.8091 5.55046 6
      vertex -53.7981 11.4351 6
    endloop
  endfacet
  facet normal 0 0 1
    outer loop
      vertex 54.6987 -5.74907 6
      vertex 52.8091 -5.55046 6
      vertex 53.7981 -11.4351 6
    endloop
  endfacet
  facet normal -0 0 1
    outer loop
      vertex 51.9396 -11.0401 6
      vertex 53.7981 -11.4351 6
      vertex 52.8091 -5.55046 6
    endloop
  endfacet
  facet normal 0 0 1
    outer loop
      vertex 53.7981 -11.4351 6
      vertex 51.9396 -11.0401 6
      vertex 52.3081 -16.9959 6
    endloop
  endfacet
  facet normal -0 0 1
    outer loop
      vertex 50.5011 -16.4088 6
      vertex 52.3081 -16.9959 6
      vertex 51.9396 -11.0401 6
    endloop
  endfacet
  facet normal 0 0 1
    outer loop
      vertex 50.5011 -16.4088 6
      vertex 50.245 -22.3705 6
      vertex 52.3081 -16.9959 6
    endloop
  endfacet
  facet normal -0 0 1
    outer loop
      vertex 48.5093 -21.5977 6
      vertex 50.245 -22.3705 6
      vertex 50.5011 -16.4088 6
    endloop
  endfacet
  facet normal 0 0 1
    outer loop
      vertex 48.5093 -21.5977 6
      vertex 47.6314 -27.5 6
      vertex 50.245 -22.3705 6
    endloop
  endfacet
  facet normal -0 0 1
    outer loop
      vertex 45.9859 -26.55 6
      vertex 47.6314 -27.5 6
      vertex 48.5093 -21.5977 6
    endloop
  endfacet
  facet normal 0 0 1
    outer loop
      vertex 45.9859 -26.55 6
      vertex 44.4959 -32.3282 6
      vertex 47.6314 -27.5 6
    endloop
  endfacet
  facet normal -0 0 1
    outer loop
      vertex 42.9588 -31.2114 6
      vertex 44.4959 -32.3282 6
      vertex 45.9859 -26.55 6
    endloop
  endfacet
  facet normal 0 0 1
    outer loop
      vertex 42.9588 -31.2114 6
      vertex 40.873 -36.8022 6
      vertex 44.4959 -32.3282 6
    endloop
  endfacet
  facet normal -0 0 1
    outer loop
      vertex 39.461 -35.5308 6
      vertex 40.873 -36.8022 6
      vertex 42.9588 -31.2114 6
    endloop
  endfacet
  facet normal 0 0 1
    outer loop
      vertex 39.461 -35.5308 6
      vertex 36.8022 -40.873 6
      vertex 40.873 -36.8022 6
    endloop
  endfacet
  facet normal -0 0 1
    outer loop
      vertex 35.5308 -39.461 6
      vertex 36.8022 -40.873 6
      vertex 39.461 -35.5308 6
    endloop
  endfacet
  facet normal 0 0 1
    outer loop
      vertex 35.5308 -39.461 6
      vertex 32.3282 -44.4959 6
      vertex 36.8022 -40.873 6
    endloop
  endfacet
  facet normal -0 0 1
    outer loop
      vertex 31.2114 -42.9588 6
      vertex 32.3282 -44.4959 6
      vertex 35.5308 -39.461 6
    endloop
  endfacet
  facet normal 0 0 1
    outer loop
      vertex 31.2114 -42.9588 6
      vertex 27.5 -47.6314 6
      vertex 32.3282 -44.4959 6
    endloop
  endfacet
  facet normal -0 0 1
    outer loop
      vertex 26.55 -45.9859 6
      vertex 27.5 -47.6314 6
      vertex 31.2114 -42.9588 6
    endloop
  endfacet
  facet normal 0 0 1
    outer loop
      vertex 26.55 -45.9859 6
      vertex 22.3705 -50.245 6
      vertex 27.5 -47.6314 6
    endloop
  endfacet
  facet normal -0 0 1
    outer loop
      vertex 21.5977 -48.5093 6
      vertex 22.3705 -50.245 6
      vertex 26.55 -45.9859 6
    endloop
  endfacet
  facet normal 0 0 1
    outer loop
      vertex 21.5977 -48.5093 6
      vertex 16.9959 -52.3081 6
      vertex 22.3705 -50.245 6
    endloop
  endfacet
  facet normal -0 0 1
    outer loop
      vertex 16.4088 -50.5011 6
      vertex 16.9959 -52.3081 6
      vertex 21.5977 -48.5093 6
    endloop
  endfacet
  facet normal 0 0 1
    outer loop
      vertex 16.4088 -50.5011 6
      vertex 11.4351 -53.7981 6
      vertex 16.9959 -52.3081 6
    endloop
  endfacet
  facet normal -0 0 1
    outer loop
      vertex 11.0401 -51.9396 6
      vertex 11.4351 -53.7981 6
      vertex 16.4088 -50.5011 6
    endloop
  endfacet
  facet normal 0 0 1
    outer loop
      vertex 11.0401 -51.9396 6
      vertex 5.74907 -54.6987 6
      vertex 11.4351 -53.7981 6
    endloop
  endfacet
  facet normal -0 0 1
    outer loop
      vertex 5.55046 -52.8091 6
      vertex 5.74907 -54.6987 6
      vertex 11.0401 -51.9396 6
    endloop
  endfacet
  facet normal -0 0 1
    outer loop
      vertex 0 -53.1 6
      vertex 5.74907 -54.6987 6
      vertex 5.55046 -52.8091 6
    endloop
  endfacet
  facet normal 0 0 1
    outer loop
      vertex 0 -53.1 6
      vertex 0 -55 6
      vertex 5.74907 -54.6987 6
    endloop
  endfacet
  facet normal 0 0 1
    outer loop
      vertex -5.55046 -52.8091 6
      vertex 0 -55 6
      vertex 0 -53.1 6
    endloop
  endfacet
  facet normal 0 0 1
    outer loop
      vertex -5.55046 -52.8091 6
      vertex -5.74907 -54.6987 6
      vertex 0 -55 6
    endloop
  endfacet
  facet normal 0 0 1
    outer loop
      vertex -11.0401 -51.9396 6
      vertex -5.74907 -54.6987 6
      vertex -5.55046 -52.8091 6
    endloop
  endfacet
  facet normal 0 0 1
    outer loop
      vertex -11.0401 -51.9396 6
      vertex -11.4351 -53.7981 6
      vertex -5.74907 -54.6987 6
    endloop
  endfacet
  facet normal 0 0 1
    outer loop
      vertex -16.4088 -50.5011 6
      vertex -11.4351 -53.7981 6
      vertex -11.0401 -51.9396 6
    endloop
  endfacet
  facet normal 0 0 1
    outer loop
      vertex -16.4088 -50.5011 6
      vertex -16.9959 -52.3081 6
      vertex -11.4351 -53.7981 6
    endloop
  endfacet
  facet normal 0 0 1
    outer loop
      vertex -21.5977 -48.5093 6
      vertex -16.9959 -52.3081 6
      vertex -16.4088 -50.5011 6
    endloop
  endfacet
  facet normal 0 0 1
    outer loop
      vertex -21.5977 -48.5093 6
      vertex -22.3705 -50.245 6
      vertex -16.9959 -52.3081 6
    endloop
  endfacet
  facet normal 0 0 1
    outer loop
      vertex -26.55 -45.9859 6
      vertex -22.3705 -50.245 6
      vertex -21.5977 -48.5093 6
    endloop
  endfacet
  facet normal 0 0 1
    outer loop
      vertex -26.55 -45.9859 6
      vertex -27.5 -47.6314 6
      vertex -22.3705 -50.245 6
    endloop
  endfacet
  facet normal 0 0 1
    outer loop
      vertex -31.2114 -42.9588 6
      vertex -27.5 -47.6314 6
      vertex -26.55 -45.9859 6
    endloop
  endfacet
  facet normal 0 0 1
    outer loop
      vertex -31.2114 -42.9588 6
      vertex -32.3282 -44.4959 6
      vertex -27.5 -47.6314 6
    endloop
  endfacet
  facet normal 0 0 1
    outer loop
      vertex -35.5308 -39.461 6
      vertex -32.3282 -44.4959 6
      vertex -31.2114 -42.9588 6
    endloop
  endfacet
  facet normal 0 0 1
    outer loop
      vertex -35.5308 -39.461 6
      vertex -36.8022 -40.873 6
      vertex -32.3282 -44.4959 6
    endloop
  endfacet
  facet normal 0 0 1
    outer loop
      vertex -39.461 -35.5308 6
      vertex -36.8022 -40.873 6
      vertex -35.5308 -39.461 6
    endloop
  endfacet
  facet normal 0 0 1
    outer loop
      vertex -39.461 -35.5308 6
      vertex -40.873 -36.8022 6
      vertex -36.8022 -40.873 6
    endloop
  endfacet
  facet normal 0 0 1
    outer loop
      vertex -42.9588 -31.2114 6
      vertex -40.873 -36.8022 6
      vertex -39.461 -35.5308 6
    endloop
  endfacet
  facet normal 0 0 1
    outer loop
      vertex -42.9588 -31.2114 6
      vertex -44.4959 -32.3282 6
      vertex -40.873 -36.8022 6
    endloop
  endfacet
  facet normal 0 0 1
    outer loop
      vertex -45.9859 -26.55 6
      vertex -44.4959 -32.3282 6
      vertex -42.9588 -31.2114 6
    endloop
  endfacet
  facet normal 0 0 1
    outer loop
      vertex -45.9859 -26.55 6
      vertex -47.6314 -27.5 6
      vertex -44.4959 -32.3282 6
    endloop
  endfacet
  facet normal 0 0 1
    outer loop
      vertex -48.5093 -21.5977 6
      vertex -47.6314 -27.5 6
      vertex -45.9859 -26.55 6
    endloop
  endfacet
  facet normal 0 0 1
    outer loop
      vertex -48.5093 -21.5977 6
      vertex -50.245 -22.3705 6
      vertex -47.6314 -27.5 6
    endloop
  endfacet
  facet normal 0 0 1
    outer loop
      vertex -50.5011 -16.4088 6
      vertex -50.245 -22.3705 6
      vertex -48.5093 -21.5977 6
    endloop
  endfacet
  facet normal 0 0 1
    outer loop
      vertex -52.3081 -16.9959 6
      vertex -50.5011 -16.4088 6
      vertex -51.9396 -11.0401 6
    endloop
  endfacet
  facet normal 0 0 1
    outer loop
      vertex -50.5011 -16.4088 6
      vertex -52.3081 -16.9959 6
      vertex -50.245 -22.3705 6
    endloop
  endfacet
  facet normal 0 0 1
    outer loop
      vertex -53.7981 -11.4351 6
      vertex -51.9396 -11.0401 6
      vertex -52.8091 -5.55046 6
    endloop
  endfacet
  facet normal 0 0 1
    outer loop
      vertex -54.6987 -5.74907 6
      vertex -52.8091 -5.55046 6
      vertex -53.1 0 6
    endloop
  endfacet
  facet normal 0 0 1
    outer loop
      vertex -52.8091 5.55046 6
      vertex -54.6987 5.74907 6
      vertex -53.1 0 6
    endloop
  endfacet
  facet normal 0 0 1
    outer loop
      vertex -51.9396 -11.0401 6
      vertex -53.7981 -11.4351 6
      vertex -52.3081 -16.9959 6
    endloop
  endfacet
  facet normal 0 0 1
    outer loop
      vertex -55 0 6
      vertex -53.1 0 6
      vertex -54.6987 5.74907 6
    endloop
  endfacet
  facet normal 0 0 1
    outer loop
      vertex -52.8091 -5.55046 6
      vertex -54.6987 -5.74907 6
      vertex -53.7981 -11.4351 6
    endloop
  endfacet
  facet normal 0 0 1
    outer loop
      vertex -53.1 0 6
      vertex -55 0 6
      vertex -54.6987 -5.74907 6
    endloop
  endfacet
  facet normal 0 0 -1
    outer loop
      vertex 53.1 0 9.2
      vertex 55 0 9.2
      vertex 54.6987 -5.74907 9.2
    endloop
  endfacet
  facet normal 0 0 -1
    outer loop
      vertex 52.8091 -5.55046 9.2
      vertex 54.6987 -5.74907 9.2
      vertex 53.7981 -11.4351 9.2
    endloop
  endfacet
  facet normal 0 0 -1
    outer loop
      vertex 55 0 9.2
      vertex 53.1 0 9.2
      vertex 54.6987 5.74907 9.2
    endloop
  endfacet
  facet normal 0 0 -1
    outer loop
      vertex 52.8091 5.55046 9.2
      vertex 54.6987 5.74907 9.2
      vertex 53.1 0 9.2
    endloop
  endfacet
  facet normal 0 0 -1
    outer loop
      vertex 54.6987 -5.74907 9.2
      vertex 52.8091 -5.55046 9.2
      vertex 53.1 0 9.2
    endloop
  endfacet
  facet normal 0 0 -1
    outer loop
      vertex 51.9396 -11.0401 9.2
      vertex 53.7981 -11.4351 9.2
      vertex 52.3081 -16.9959 9.2
    endloop
  endfacet
  facet normal 0 0 -1
    outer loop
      vertex 53.7981 -11.4351 9.2
      vertex 51.9396 -11.0401 9.2
      vertex 52.8091 -5.55046 9.2
    endloop
  endfacet
  facet normal 0 0 -1
    outer loop
      vertex 52.3081 -16.9959 9.2
      vertex 50.5011 -16.4088 9.2
      vertex 51.9396 -11.0401 9.2
    endloop
  endfacet
  facet normal 0 0 -1
    outer loop
      vertex 50.245 -22.3705 9.2
      vertex 50.5011 -16.4088 9.2
      vertex 52.3081 -16.9959 9.2
    endloop
  endfacet
  facet normal 0 0 -1
    outer loop
      vertex 50.245 -22.3705 9.2
      vertex 48.5093 -21.5977 9.2
      vertex 50.5011 -16.4088 9.2
    endloop
  endfacet
  facet normal 0 0 -1
    outer loop
      vertex 47.6314 -27.5 9.2
      vertex 48.5093 -21.5977 9.2
      vertex 50.245 -22.3705 9.2
    endloop
  endfacet
  facet normal 0 0 -1
    outer loop
      vertex 47.6314 -27.5 9.2
      vertex 45.9859 -26.55 9.2
      vertex 48.5093 -21.5977 9.2
    endloop
  endfacet
  facet normal 0 0 -1
    outer loop
      vertex 44.4959 -32.3282 9.2
      vertex 45.9859 -26.55 9.2
      vertex 47.6314 -27.5 9.2
    endloop
  endfacet
  facet normal 0 0 -1
    outer loop
      vertex 44.4959 -32.3282 9.2
      vertex 42.9588 -31.2114 9.2
      vertex 45.9859 -26.55 9.2
    endloop
  endfacet
  facet normal 0 0 -1
    outer loop
      vertex 40.873 -36.8022 9.2
      vertex 42.9588 -31.2114 9.2
      vertex 44.4959 -32.3282 9.2
    endloop
  endfacet
  facet normal 0 0 -1
    outer loop
      vertex 40.873 -36.8022 9.2
      vertex 39.461 -35.5308 9.2
      vertex 42.9588 -31.2114 9.2
    endloop
  endfacet
  facet normal 0 0 -1
    outer loop
      vertex 36.8022 -40.873 9.2
      vertex 39.461 -35.5308 9.2
      vertex 40.873 -36.8022 9.2
    endloop
  endfacet
  facet normal 0 0 -1
    outer loop
      vertex 36.8022 -40.873 9.2
      vertex 35.5308 -39.461 9.2
      vertex 39.461 -35.5308 9.2
    endloop
  endfacet
  facet normal 0 0 -1
    outer loop
      vertex 32.3282 -44.4959 9.2
      vertex 35.5308 -39.461 9.2
      vertex 36.8022 -40.873 9.2
    endloop
  endfacet
  facet normal 0 0 -1
    outer loop
      vertex 32.3282 -44.4959 9.2
      vertex 31.2114 -42.9588 9.2
      vertex 35.5308 -39.461 9.2
    endloop
  endfacet
  facet normal 0 0 -1
    outer loop
      vertex 27.5 -47.6314 9.2
      vertex 31.2114 -42.9588 9.2
      vertex 32.3282 -44.4959 9.2
    endloop
  endfacet
  facet normal 0 0 -1
    outer loop
      vertex 27.5 -47.6314 9.2
      vertex 26.55 -45.9859 9.2
      vertex 31.2114 -42.9588 9.2
    endloop
  endfacet
  facet normal 0 0 -1
    outer loop
      vertex 22.3705 -50.245 9.2
      vertex 26.55 -45.9859 9.2
      vertex 27.5 -47.6314 9.2
    endloop
  endfacet
  facet normal 0 0 -1
    outer loop
      vertex 22.3705 -50.245 9.2
      vertex 21.5977 -48.5093 9.2
      vertex 26.55 -45.9859 9.2
    endloop
  endfacet
  facet normal 0 0 -1
    outer loop
      vertex 16.9959 -52.3081 9.2
      vertex 21.5977 -48.5093 9.2
      vertex 22.3705 -50.245 9.2
    endloop
  endfacet
  facet normal 0 0 -1
    outer loop
      vertex 16.9959 -52.3081 9.2
      vertex 16.4088 -50.5011 9.2
      vertex 21.5977 -48.5093 9.2
    endloop
  endfacet
  facet normal 0 0 -1
    outer loop
      vertex 11.4351 -53.7981 9.2
      vertex 16.4088 -50.5011 9.2
      vertex 16.9959 -52.3081 9.2
    endloop
  endfacet
  facet normal 0 0 -1
    outer loop
      vertex 11.4351 -53.7981 9.2
      vertex 11.0401 -51.9396 9.2
      vertex 16.4088 -50.5011 9.2
    endloop
  endfacet
  facet normal 0 0 -1
    outer loop
      vertex 5.74907 -54.6987 9.2
      vertex 11.0401 -51.9396 9.2
      vertex 11.4351 -53.7981 9.2
    endloop
  endfacet
  facet normal 0 0 -1
    outer loop
      vertex 5.74907 -54.6987 9.2
      vertex 5.55046 -52.8091 9.2
      vertex 11.0401 -51.9396 9.2
    endloop
  endfacet
  facet normal 0 0 -1
    outer loop
      vertex 0 -55 9.2
      vertex 5.55046 -52.8091 9.2
      vertex 5.74907 -54.6987 9.2
    endloop
  endfacet
  facet normal 0 0 -1
    outer loop
      vertex 0 -55 9.2
      vertex 0 -53.1 9.2
      vertex 5.55046 -52.8091 9.2
    endloop
  endfacet
  facet normal 0 0 -1
    outer loop
      vertex 0 -55 9.2
      vertex -5.55046 -52.8091 9.2
      vertex 0 -53.1 9.2
    endloop
  endfacet
  facet normal 0 0 -1
    outer loop
      vertex -5.74907 -54.6987 9.2
      vertex -5.55046 -52.8091 9.2
      vertex 0 -55 9.2
    endloop
  endfacet
  facet normal 0 0 -1
    outer loop
      vertex -5.74907 -54.6987 9.2
      vertex -11.0401 -51.9396 9.2
      vertex -5.55046 -52.8091 9.2
    endloop
  endfacet
  facet normal 0 0 -1
    outer loop
      vertex -11.4351 -53.7981 9.2
      vertex -11.0401 -51.9396 9.2
      vertex -5.74907 -54.6987 9.2
    endloop
  endfacet
  facet normal 0 0 -1
    outer loop
      vertex -11.4351 -53.7981 9.2
      vertex -16.4088 -50.5011 9.2
      vertex -11.0401 -51.9396 9.2
    endloop
  endfacet
  facet normal 0 0 -1
    outer loop
      vertex -16.9959 -52.3081 9.2
      vertex -16.4088 -50.5011 9.2
      vertex -11.4351 -53.7981 9.2
    endloop
  endfacet
  facet normal 0 0 -1
    outer loop
      vertex -16.9959 -52.3081 9.2
      vertex -21.5977 -48.5093 9.2
      vertex -16.4088 -50.5011 9.2
    endloop
  endfacet
  facet normal 0 0 -1
    outer loop
      vertex -22.3705 -50.245 9.2
      vertex -21.5977 -48.5093 9.2
      vertex -16.9959 -52.3081 9.2
    endloop
  endfacet
  facet normal 0 0 -1
    outer loop
      vertex -22.3705 -50.245 9.2
      vertex -26.55 -45.9859 9.2
      vertex -21.5977 -48.5093 9.2
    endloop
  endfacet
  facet normal 0 0 -1
    outer loop
      vertex -27.5 -47.6314 9.2
      vertex -26.55 -45.9859 9.2
      vertex -22.3705 -50.245 9.2
    endloop
  endfacet
  facet normal 0 0 -1
    outer loop
      vertex -27.5 -47.6314 9.2
      vertex -31.2114 -42.9588 9.2
      vertex -26.55 -45.9859 9.2
    endloop
  endfacet
  facet normal 0 0 -1
    outer loop
      vertex -32.3282 -44.4959 9.2
      vertex -31.2114 -42.9588 9.2
      vertex -27.5 -47.6314 9.2
    endloop
  endfacet
  facet normal 0 0 -1
    outer loop
      vertex -32.3282 -44.4959 9.2
      vertex -35.5308 -39.461 9.2
      vertex -31.2114 -42.9588 9.2
    endloop
  endfacet
  facet normal 0 0 -1
    outer loop
      vertex -36.8022 -40.873 9.2
      vertex -35.5308 -39.461 9.2
      vertex -32.3282 -44.4959 9.2
    endloop
  endfacet
  facet normal 0 0 -1
    outer loop
      vertex -36.8022 -40.873 9.2
      vertex -39.461 -35.5308 9.2
      vertex -35.5308 -39.461 9.2
    endloop
  endfacet
  facet normal 0 0 -1
    outer loop
      vertex -40.873 -36.8022 9.2
      vertex -39.461 -35.5308 9.2
      vertex -36.8022 -40.873 9.2
    endloop
  endfacet
  facet normal 0 0 -1
    outer loop
      vertex -40.873 -36.8022 9.2
      vertex -42.9588 -31.2114 9.2
      vertex -39.461 -35.5308 9.2
    endloop
  endfacet
  facet normal 0 0 -1
    outer loop
      vertex -44.4959 -32.3282 9.2
      vertex -42.9588 -31.2114 9.2
      vertex -40.873 -36.8022 9.2
    endloop
  endfacet
  facet normal 0 0 -1
    outer loop
      vertex -44.4959 -32.3282 9.2
      vertex -45.9859 -26.55 9.2
      vertex -42.9588 -31.2114 9.2
    endloop
  endfacet
  facet normal 0 0 -1
    outer loop
      vertex -47.6314 -27.5 9.2
      vertex -45.9859 -26.55 9.2
      vertex -44.4959 -32.3282 9.2
    endloop
  endfacet
  facet normal 0 0 -1
    outer loop
      vertex -47.6314 -27.5 9.2
      vertex -48.5093 -21.5977 9.2
      vertex -45.9859 -26.55 9.2
    endloop
  endfacet
  facet normal 0 0 -1
    outer loop
      vertex -50.245 -22.3705 9.2
      vertex -48.5093 -21.5977 9.2
      vertex -47.6314 -27.5 9.2
    endloop
  endfacet
  facet normal 0 0 -1
    outer loop
      vertex -50.245 -22.3705 9.2
      vertex -50.5011 -16.4088 9.2
      vertex -48.5093 -21.5977 9.2
    endloop
  endfacet
  facet normal 0 0 -1
    outer loop
      vertex -52.3081 -16.9959 9.2
      vertex -50.5011 -16.4088 9.2
      vertex -50.245 -22.3705 9.2
    endloop
  endfacet
  facet normal -0 0 -1
    outer loop
      vertex -50.5011 -16.4088 9.2
      vertex -52.3081 -16.9959 9.2
      vertex -51.9396 -11.0401 9.2
    endloop
  endfacet
  facet normal 0 0 -1
    outer loop
      vertex -53.7981 -11.4351 9.2
      vertex -51.9396 -11.0401 9.2
      vertex -52.3081 -16.9959 9.2
    endloop
  endfacet
  facet normal -0 0 -1
    outer loop
      vertex -51.9396 -11.0401 9.2
      vertex -53.7981 -11.4351 9.2
      vertex -52.8091 -5.55046 9.2
    endloop
  endfacet
  facet normal 0 0 -1
    outer loop
      vertex -54.6987 -5.74907 9.2
      vertex -52.8091 -5.55046 9.2
      vertex -53.7981 -11.4351 9.2
    endloop
  endfacet
  facet normal -0 0 -1
    outer loop
      vertex 54.6987 5.74907 9.2
      vertex 52.8091 5.55046 9.2
      vertex 53.7981 11.4351 9.2
    endloop
  endfacet
  facet normal 0 0 -1
    outer loop
      vertex 51.9396 11.0401 9.2
      vertex 53.7981 11.4351 9.2
      vertex 52.8091 5.55046 9.2
    endloop
  endfacet
  facet normal -0 0 -1
    outer loop
      vertex 53.7981 11.4351 9.2
      vertex 51.9396 11.0401 9.2
      vertex 52.3081 16.9959 9.2
    endloop
  endfacet
  facet normal 0 0 -1
    outer loop
      vertex 50.5011 16.4088 9.2
      vertex 52.3081 16.9959 9.2
      vertex 51.9396 11.0401 9.2
    endloop
  endfacet
  facet normal 0 0 -1
    outer loop
      vertex 50.5011 16.4088 9.2
      vertex 50.245 22.3705 9.2
      vertex 52.3081 16.9959 9.2
    endloop
  endfacet
  facet normal 0 0 -1
    outer loop
      vertex 48.5093 21.5977 9.2
      vertex 50.245 22.3705 9.2
      vertex 50.5011 16.4088 9.2
    endloop
  endfacet
  facet normal 0 0 -1
    outer loop
      vertex 48.5093 21.5977 9.2
      vertex 47.6314 27.5 9.2
      vertex 50.245 22.3705 9.2
    endloop
  endfacet
  facet normal 0 0 -1
    outer loop
      vertex 45.9859 26.55 9.2
      vertex 47.6314 27.5 9.2
      vertex 48.5093 21.5977 9.2
    endloop
  endfacet
  facet normal 0 0 -1
    outer loop
      vertex 45.9859 26.55 9.2
      vertex 44.4959 32.3282 9.2
      vertex 47.6314 27.5 9.2
    endloop
  endfacet
  facet normal 0 0 -1
    outer loop
      vertex 42.9588 31.2114 9.2
      vertex 44.4959 32.3282 9.2
      vertex 45.9859 26.55 9.2
    endloop
  endfacet
  facet normal 0 0 -1
    outer loop
      vertex 42.9588 31.2114 9.2
      vertex 40.873 36.8022 9.2
      vertex 44.4959 32.3282 9.2
    endloop
  endfacet
  facet normal 0 0 -1
    outer loop
      vertex 39.461 35.5308 9.2
      vertex 40.873 36.8022 9.2
      vertex 42.9588 31.2114 9.2
    endloop
  endfacet
  facet normal 0 0 -1
    outer loop
      vertex 39.461 35.5308 9.2
      vertex 36.8022 40.873 9.2
      vertex 40.873 36.8022 9.2
    endloop
  endfacet
  facet normal 0 0 -1
    outer loop
      vertex 35.5308 39.461 9.2
      vertex 36.8022 40.873 9.2
      vertex 39.461 35.5308 9.2
    endloop
  endfacet
  facet normal 0 0 -1
    outer loop
      vertex 35.5308 39.461 9.2
      vertex 32.3282 44.4959 9.2
      vertex 36.8022 40.873 9.2
    endloop
  endfacet
  facet normal 0 0 -1
    outer loop
      vertex 31.2114 42.9588 9.2
      vertex 32.3282 44.4959 9.2
      vertex 35.5308 39.461 9.2
    endloop
  endfacet
  facet normal 0 0 -1
    outer loop
      vertex 31.2114 42.9588 9.2
      vertex 27.5 47.6314 9.2
      vertex 32.3282 44.4959 9.2
    endloop
  endfacet
  facet normal 0 0 -1
    outer loop
      vertex 26.55 45.9859 9.2
      vertex 27.5 47.6314 9.2
      vertex 31.2114 42.9588 9.2
    endloop
  endfacet
  facet normal 0 0 -1
    outer loop
      vertex 26.55 45.9859 9.2
      vertex 22.3705 50.245 9.2
      vertex 27.5 47.6314 9.2
    endloop
  endfacet
  facet normal 0 0 -1
    outer loop
      vertex 21.5977 48.5093 9.2
      vertex 22.3705 50.245 9.2
      vertex 26.55 45.9859 9.2
    endloop
  endfacet
  facet normal 0 0 -1
    outer loop
      vertex 21.5977 48.5093 9.2
      vertex 16.9959 52.3081 9.2
      vertex 22.3705 50.245 9.2
    endloop
  endfacet
  facet normal 0 0 -1
    outer loop
      vertex 16.4088 50.5011 9.2
      vertex 16.9959 52.3081 9.2
      vertex 21.5977 48.5093 9.2
    endloop
  endfacet
  facet normal 0 0 -1
    outer loop
      vertex 16.4088 50.5011 9.2
      vertex 11.4351 53.7981 9.2
      vertex 16.9959 52.3081 9.2
    endloop
  endfacet
  facet normal 0 0 -1
    outer loop
      vertex 11.0401 51.9396 9.2
      vertex 11.4351 53.7981 9.2
      vertex 16.4088 50.5011 9.2
    endloop
  endfacet
  facet normal 0 0 -1
    outer loop
      vertex 11.0401 51.9396 9.2
      vertex 5.74907 54.6987 9.2
      vertex 11.4351 53.7981 9.2
    endloop
  endfacet
  facet normal 0 0 -1
    outer loop
      vertex 5.55046 52.8091 9.2
      vertex 5.74907 54.6987 9.2
      vertex 11.0401 51.9396 9.2
    endloop
  endfacet
  facet normal 0 0 -1
    outer loop
      vertex 0 53.1 9.2
      vertex 5.74907 54.6987 9.2
      vertex 5.55046 52.8091 9.2
    endloop
  endfacet
  facet normal 0 0 -1
    outer loop
      vertex 0 53.1 9.2
      vertex 0 55 9.2
      vertex 5.74907 54.6987 9.2
    endloop
  endfacet
  facet normal 0 0 -1
    outer loop
      vertex -5.55046 52.8091 9.2
      vertex 0 55 9.2
      vertex 0 53.1 9.2
    endloop
  endfacet
  facet normal 0 0 -1
    outer loop
      vertex -5.55046 52.8091 9.2
      vertex -5.74907 54.6987 9.2
      vertex 0 55 9.2
    endloop
  endfacet
  facet normal 0 0 -1
    outer loop
      vertex -11.0401 51.9396 9.2
      vertex -5.74907 54.6987 9.2
      vertex -5.55046 52.8091 9.2
    endloop
  endfacet
  facet normal 0 0 -1
    outer loop
      vertex -11.0401 51.9396 9.2
      vertex -11.4351 53.7981 9.2
      vertex -5.74907 54.6987 9.2
    endloop
  endfacet
  facet normal 0 0 -1
    outer loop
      vertex -16.4088 50.5011 9.2
      vertex -11.4351 53.7981 9.2
      vertex -11.0401 51.9396 9.2
    endloop
  endfacet
  facet normal 0 0 -1
    outer loop
      vertex -16.4088 50.5011 9.2
      vertex -16.9959 52.3081 9.2
      vertex -11.4351 53.7981 9.2
    endloop
  endfacet
  facet normal 0 0 -1
    outer loop
      vertex -21.5977 48.5093 9.2
      vertex -16.9959 52.3081 9.2
      vertex -16.4088 50.5011 9.2
    endloop
  endfacet
  facet normal 0 0 -1
    outer loop
      vertex -21.5977 48.5093 9.2
      vertex -22.3705 50.245 9.2
      vertex -16.9959 52.3081 9.2
    endloop
  endfacet
  facet normal 0 0 -1
    outer loop
      vertex -26.55 45.9859 9.2
      vertex -22.3705 50.245 9.2
      vertex -21.5977 48.5093 9.2
    endloop
  endfacet
  facet normal 0 0 -1
    outer loop
      vertex -26.55 45.9859 9.2
      vertex -27.5 47.6314 9.2
      vertex -22.3705 50.245 9.2
    endloop
  endfacet
  facet normal 0 0 -1
    outer loop
      vertex -31.2114 42.9588 9.2
      vertex -27.5 47.6314 9.2
      vertex -26.55 45.9859 9.2
    endloop
  endfacet
  facet normal 0 0 -1
    outer loop
      vertex -31.2114 42.9588 9.2
      vertex -32.3282 44.4959 9.2
      vertex -27.5 47.6314 9.2
    endloop
  endfacet
  facet normal 0 0 -1
    outer loop
      vertex -35.5308 39.461 9.2
      vertex -32.3282 44.4959 9.2
      vertex -31.2114 42.9588 9.2
    endloop
  endfacet
  facet normal 0 0 -1
    outer loop
      vertex -35.5308 39.461 9.2
      vertex -36.8022 40.873 9.2
      vertex -32.3282 44.4959 9.2
    endloop
  endfacet
  facet normal 0 0 -1
    outer loop
      vertex -39.461 35.5308 9.2
      vertex -36.8022 40.873 9.2
      vertex -35.5308 39.461 9.2
    endloop
  endfacet
  facet normal 0 0 -1
    outer loop
      vertex -39.461 35.5308 9.2
      vertex -40.873 36.8022 9.2
      vertex -36.8022 40.873 9.2
    endloop
  endfacet
  facet normal 0 0 -1
    outer loop
      vertex -42.9588 31.2114 9.2
      vertex -40.873 36.8022 9.2
      vertex -39.461 35.5308 9.2
    endloop
  endfacet
  facet normal 0 0 -1
    outer loop
      vertex -42.9588 31.2114 9.2
      vertex -44.4959 32.3282 9.2
      vertex -40.873 36.8022 9.2
    endloop
  endfacet
  facet normal 0 0 -1
    outer loop
      vertex -45.9859 26.55 9.2
      vertex -44.4959 32.3282 9.2
      vertex -42.9588 31.2114 9.2
    endloop
  endfacet
  facet normal 0 0 -1
    outer loop
      vertex -45.9859 26.55 9.2
      vertex -47.6314 27.5 9.2
      vertex -44.4959 32.3282 9.2
    endloop
  endfacet
  facet normal 0 0 -1
    outer loop
      vertex -48.5093 21.5977 9.2
      vertex -47.6314 27.5 9.2
      vertex -45.9859 26.55 9.2
    endloop
  endfacet
  facet normal 0 0 -1
    outer loop
      vertex -48.5093 21.5977 9.2
      vertex -50.245 22.3705 9.2
      vertex -47.6314 27.5 9.2
    endloop
  endfacet
  facet normal 0 0 -1
    outer loop
      vertex -50.5011 16.4088 9.2
      vertex -50.245 22.3705 9.2
      vertex -48.5093 21.5977 9.2
    endloop
  endfacet
  facet normal 0 0 -1
    outer loop
      vertex -52.3081 16.9959 9.2
      vertex -50.5011 16.4088 9.2
      vertex -51.9396 11.0401 9.2
    endloop
  endfacet
  facet normal 0 0 -1
    outer loop
      vertex -50.5011 16.4088 9.2
      vertex -52.3081 16.9959 9.2
      vertex -50.245 22.3705 9.2
    endloop
  endfacet
  facet normal 0 0 -1
    outer loop
      vertex -53.7981 11.4351 9.2
      vertex -51.9396 11.0401 9.2
      vertex -52.8091 5.55046 9.2
    endloop
  endfacet
  facet normal 0 0 -1
    outer loop
      vertex -54.6987 5.74907 9.2
      vertex -52.8091 5.55046 9.2
      vertex -53.1 0 9.2
    endloop
  endfacet
  facet normal -0 0 -1
    outer loop
      vertex -52.8091 -5.55046 9.2
      vertex -54.6987 -5.74907 9.2
      vertex -53.1 0 9.2
    endloop
  endfacet
  facet normal 0 0 -1
    outer loop
      vertex -51.9396 11.0401 9.2
      vertex -53.7981 11.4351 9.2
      vertex -52.3081 16.9959 9.2
    endloop
  endfacet
  facet normal 0 0 -1
    outer loop
      vertex -55 0 9.2
      vertex -53.1 0 9.2
      vertex -54.6987 -5.74907 9.2
    endloop
  endfacet
  facet normal 0 0 -1
    outer loop
      vertex -52.8091 5.55046 9.2
      vertex -54.6987 5.74907 9.2
      vertex -53.7981 11.4351 9.2
    endloop
  endfacet
  facet normal 0 0 -1
    outer loop
      vertex -53.1 0 9.2
      vertex -55 0 9.2
      vertex -54.6987 5.74907 9.2
    endloop
  endfacet
  facet normal 0.998629 0.0523382 0
    outer loop
      vertex 53.1 0 9.2
      vertex 52.8091 5.55046 6
      vertex 52.8091 5.55046 9.2
    endloop
  endfacet
  facet normal 0.998629 0.0523382 0
    outer loop
      vertex 52.8091 5.55046 6
      vertex 53.1 0 9.2
      vertex 53.1 0 6
    endloop
  endfacet
  facet normal -0.998629 0.0523382 0
    outer loop
      vertex -53.1 0 6
      vertex -52.8091 5.55046 9.2
      vertex -52.8091 5.55046 6
    endloop
  endfacet
  facet normal -0.998629 0.0523382 0
    outer loop
      vertex -52.8091 5.55046 9.2
      vertex -53.1 0 6
      vertex -53.1 0 9.2
    endloop
  endfacet
  facet normal -0.0523382 0.998629 0
    outer loop
      vertex 0 53.1 6
      vertex -5.55046 52.8091 9.2
      vertex 0 53.1 9.2
    endloop
  endfacet
  facet normal -0.0523382 0.998629 0
    outer loop
      vertex -5.55046 52.8091 9.2
      vertex 0 53.1 6
      vertex -5.55046 52.8091 6
    endloop
  endfacet
  facet normal 0.0523382 -0.998629 0
    outer loop
      vertex 0 -53.1 6
      vertex 5.55046 -52.8091 9.2
      vertex 0 -53.1 9.2
    endloop
  endfacet
  facet normal 0.0523382 -0.998629 0
    outer loop
      vertex 5.55046 -52.8091 9.2
      vertex 0 -53.1 6
      vertex 5.55046 -52.8091 6
    endloop
  endfacet
  facet normal 0.707107 0.707107 0
    outer loop
      vertex 39.461 35.5308 9.2
      vertex 35.5308 39.461 6
      vertex 35.5308 39.461 9.2
    endloop
  endfacet
  facet normal 0.707107 0.707107 0
    outer loop
      vertex 35.5308 39.461 6
      vertex 39.461 35.5308 9.2
      vertex 39.461 35.5308 6
    endloop
  endfacet
  facet normal -0.707107 0.707107 0
    outer loop
      vertex -39.461 35.5308 6
      vertex -35.5308 39.461 9.2
      vertex -35.5308 39.461 6
    endloop
  endfacet
  facet normal -0.707107 0.707107 0
    outer loop
      vertex -35.5308 39.461 9.2
      vertex -39.461 35.5308 6
      vertex -39.461 35.5308 9.2
    endloop
  endfacet
  facet normal -0.454002 0.891001 0
    outer loop
      vertex -21.5977 48.5093 6
      vertex -26.55 45.9859 9.2
      vertex -21.5977 48.5093 9.2
    endloop
  endfacet
  facet normal -0.454002 0.891001 0
    outer loop
      vertex -26.55 45.9859 9.2
      vertex -21.5977 48.5093 6
      vertex -26.55 45.9859 6
    endloop
  endfacet
  facet normal 0.891001 0.454002 0
    outer loop
      vertex 48.5093 21.5977 9.2
      vertex 45.9859 26.55 6
      vertex 45.9859 26.55 9.2
    endloop
  endfacet
  facet normal 0.891001 0.454002 0
    outer loop
      vertex 45.9859 26.55 6
      vertex 48.5093 21.5977 9.2
      vertex 48.5093 21.5977 6
    endloop
  endfacet
  facet normal 0.358363 0.933582 -0
    outer loop
      vertex 21.5977 48.5093 6
      vertex 16.4088 50.5011 9.2
      vertex 21.5977 48.5093 9.2
    endloop
  endfacet
  facet normal 0.358363 0.933582 0
    outer loop
      vertex 16.4088 50.5011 9.2
      vertex 21.5977 48.5093 6
      vertex 16.4088 50.5011 6
    endloop
  endfacet
  facet normal 0.544633 0.838675 -0
    outer loop
      vertex 31.2114 42.9588 6
      vertex 26.55 45.9859 9.2
      vertex 31.2114 42.9588 9.2
    endloop
  endfacet
  facet normal 0.544633 0.838675 0
    outer loop
      vertex 26.55 45.9859 9.2
      vertex 31.2114 42.9588 6
      vertex 26.55 45.9859 6
    endloop
  endfacet
  facet normal -0.933582 0.358363 0
    outer loop
      vertex -50.5011 16.4088 6
      vertex -48.5093 21.5977 9.2
      vertex -48.5093 21.5977 6
    endloop
  endfacet
  facet normal -0.933582 0.358363 0
    outer loop
      vertex -48.5093 21.5977 9.2
      vertex -50.5011 16.4088 6
      vertex -50.5011 16.4088 9.2
    endloop
  endfacet
  facet normal -0.258813 0.965928 0
    outer loop
      vertex -11.0401 51.9396 6
      vertex -16.4088 50.5011 9.2
      vertex -11.0401 51.9396 9.2
    endloop
  endfacet
  facet normal -0.258813 0.965928 0
    outer loop
      vertex -16.4088 50.5011 9.2
      vertex -11.0401 51.9396 6
      vertex -16.4088 50.5011 6
    endloop
  endfacet
  facet normal 0.965928 -0.258813 0
    outer loop
      vertex 50.5011 -16.4088 9.2
      vertex 51.9396 -11.0401 6
      vertex 51.9396 -11.0401 9.2
    endloop
  endfacet
  facet normal 0.965928 -0.258813 0
    outer loop
      vertex 51.9396 -11.0401 6
      vertex 50.5011 -16.4088 9.2
      vertex 50.5011 -16.4088 6
    endloop
  endfacet
  facet normal 0.156439 -0.987688 0
    outer loop
      vertex 5.55046 -52.8091 6
      vertex 11.0401 -51.9396 9.2
      vertex 5.55046 -52.8091 9.2
    endloop
  endfacet
  facet normal 0.156439 -0.987688 0
    outer loop
      vertex 11.0401 -51.9396 9.2
      vertex 5.55046 -52.8091 6
      vertex 11.0401 -51.9396 6
    endloop
  endfacet
  facet normal 0.965928 0.258813 0
    outer loop
      vertex 51.9396 11.0401 9.2
      vertex 50.5011 16.4088 6
      vertex 50.5011 16.4088 9.2
    endloop
  endfacet
  facet normal 0.965928 0.258813 0
    outer loop
      vertex 50.5011 16.4088 6
      vertex 51.9396 11.0401 9.2
      vertex 51.9396 11.0401 6
    endloop
  endfacet
  facet normal 0.987688 0.156439 0
    outer loop
      vertex 52.8091 5.55046 9.2
      vertex 51.9396 11.0401 6
      vertex 51.9396 11.0401 9.2
    endloop
  endfacet
  facet normal 0.987688 0.156439 0
    outer loop
      vertex 51.9396 11.0401 6
      vertex 52.8091 5.55046 9.2
      vertex 52.8091 5.55046 6
    endloop
  endfacet
  facet normal 0.933582 0.358363 0
    outer loop
      vertex 50.5011 16.4088 9.2
      vertex 48.5093 21.5977 6
      vertex 48.5093 21.5977 9.2
    endloop
  endfacet
  facet normal 0.933582 0.358363 0
    outer loop
      vertex 48.5093 21.5977 6
      vertex 50.5011 16.4088 9.2
      vertex 50.5011 16.4088 6
    endloop
  endfacet
  facet normal 0.777144 0.629322 0
    outer loop
      vertex 42.9588 31.2114 9.2
      vertex 39.461 35.5308 6
      vertex 39.461 35.5308 9.2
    endloop
  endfacet
  facet normal 0.777144 0.629322 0
    outer loop
      vertex 39.461 35.5308 6
      vertex 42.9588 31.2114 9.2
      vertex 42.9588 31.2114 6
    endloop
  endfacet
  facet normal 0.838675 0.544633 0
    outer loop
      vertex 45.9859 26.55 9.2
      vertex 42.9588 31.2114 6
      vertex 42.9588 31.2114 9.2
    endloop
  endfacet
  facet normal 0.838675 0.544633 0
    outer loop
      vertex 42.9588 31.2114 6
      vertex 45.9859 26.55 9.2
      vertex 45.9859 26.55 6
    endloop
  endfacet
  facet normal 0.156439 0.987688 -0
    outer loop
      vertex 11.0401 51.9396 6
      vertex 5.55046 52.8091 9.2
      vertex 11.0401 51.9396 9.2
    endloop
  endfacet
  facet normal 0.156439 0.987688 0
    outer loop
      vertex 5.55046 52.8091 9.2
      vertex 11.0401 51.9396 6
      vertex 5.55046 52.8091 6
    endloop
  endfacet
  facet normal 0.258813 0.965928 -0
    outer loop
      vertex 16.4088 50.5011 6
      vertex 11.0401 51.9396 9.2
      vertex 16.4088 50.5011 9.2
    endloop
  endfacet
  facet normal 0.258813 0.965928 0
    outer loop
      vertex 11.0401 51.9396 9.2
      vertex 16.4088 50.5011 6
      vertex 11.0401 51.9396 6
    endloop
  endfacet
  facet normal 0.0523382 0.998629 -0
    outer loop
      vertex 5.55046 52.8091 6
      vertex 0 53.1 9.2
      vertex 5.55046 52.8091 9.2
    endloop
  endfacet
  facet normal 0.0523382 0.998629 0
    outer loop
      vertex 0 53.1 9.2
      vertex 5.55046 52.8091 6
      vertex 0 53.1 6
    endloop
  endfacet
  facet normal 0.454002 0.891001 -0
    outer loop
      vertex 26.55 45.9859 6
      vertex 21.5977 48.5093 9.2
      vertex 26.55 45.9859 9.2
    endloop
  endfacet
  facet normal 0.454002 0.891001 0
    outer loop
      vertex 21.5977 48.5093 9.2
      vertex 26.55 45.9859 6
      vertex 21.5977 48.5093 6
    endloop
  endfacet
  facet normal 0.629322 0.777144 -0
    outer loop
      vertex 35.5308 39.461 6
      vertex 31.2114 42.9588 9.2
      vertex 35.5308 39.461 9.2
    endloop
  endfacet
  facet normal 0.629322 0.777144 0
    outer loop
      vertex 31.2114 42.9588 9.2
      vertex 35.5308 39.461 6
      vertex 31.2114 42.9588 6
    endloop
  endfacet
  facet normal -0.838675 0.544633 0
    outer loop
      vertex -45.9859 26.55 6
      vertex -42.9588 31.2114 9.2
      vertex -42.9588 31.2114 6
    endloop
  endfacet
  facet normal -0.838675 0.544633 0
    outer loop
      vertex -42.9588 31.2114 9.2
      vertex -45.9859 26.55 6
      vertex -45.9859 26.55 9.2
    endloop
  endfacet
  facet normal -0.777144 0.629322 0
    outer loop
      vertex -42.9588 31.2114 6
      vertex -39.461 35.5308 9.2
      vertex -39.461 35.5308 6
    endloop
  endfacet
  facet normal -0.777144 0.629322 0
    outer loop
      vertex -39.461 35.5308 9.2
      vertex -42.9588 31.2114 6
      vertex -42.9588 31.2114 9.2
    endloop
  endfacet
  facet normal -0.891001 0.454002 0
    outer loop
      vertex -48.5093 21.5977 6
      vertex -45.9859 26.55 9.2
      vertex -45.9859 26.55 6
    endloop
  endfacet
  facet normal -0.891001 0.454002 0
    outer loop
      vertex -45.9859 26.55 9.2
      vertex -48.5093 21.5977 6
      vertex -48.5093 21.5977 9.2
    endloop
  endfacet
  facet normal -0.965928 0.258813 0
    outer loop
      vertex -51.9396 11.0401 6
      vertex -50.5011 16.4088 9.2
      vertex -50.5011 16.4088 6
    endloop
  endfacet
  facet normal -0.965928 0.258813 0
    outer loop
      vertex -50.5011 16.4088 9.2
      vertex -51.9396 11.0401 6
      vertex -51.9396 11.0401 9.2
    endloop
  endfacet
  facet normal -0.987688 0.156439 0
    outer loop
      vertex -52.8091 5.55046 6
      vertex -51.9396 11.0401 9.2
      vertex -51.9396 11.0401 6
    endloop
  endfacet
  facet normal -0.987688 0.156439 0
    outer loop
      vertex -51.9396 11.0401 9.2
      vertex -52.8091 5.55046 6
      vertex -52.8091 5.55046 9.2
    endloop
  endfacet
  facet normal -0.544633 0.838675 0
    outer loop
      vertex -26.55 45.9859 6
      vertex -31.2114 42.9588 9.2
      vertex -26.55 45.9859 9.2
    endloop
  endfacet
  facet normal -0.544633 0.838675 0
    outer loop
      vertex -31.2114 42.9588 9.2
      vertex -26.55 45.9859 6
      vertex -31.2114 42.9588 6
    endloop
  endfacet
  facet normal -0.629322 0.777144 0
    outer loop
      vertex -31.2114 42.9588 6
      vertex -35.5308 39.461 9.2
      vertex -31.2114 42.9588 9.2
    endloop
  endfacet
  facet normal -0.629322 0.777144 0
    outer loop
      vertex -35.5308 39.461 9.2
      vertex -31.2114 42.9588 6
      vertex -35.5308 39.461 6
    endloop
  endfacet
  facet normal -0.358363 0.933582 0
    outer loop
      vertex -16.4088 50.5011 6
      vertex -21.5977 48.5093 9.2
      vertex -16.4088 50.5011 9.2
    endloop
  endfacet
  facet normal -0.358363 0.933582 0
    outer loop
      vertex -21.5977 48.5093 9.2
      vertex -16.4088 50.5011 6
      vertex -21.5977 48.5093 6
    endloop
  endfacet
  facet normal -0.156439 0.987688 0
    outer loop
      vertex -5.55046 52.8091 6
      vertex -11.0401 51.9396 9.2
      vertex -5.55046 52.8091 9.2
    endloop
  endfacet
  facet normal -0.156439 0.987688 0
    outer loop
      vertex -11.0401 51.9396 9.2
      vertex -5.55046 52.8091 6
      vertex -11.0401 51.9396 6
    endloop
  endfacet
  facet normal 0.998629 -0.0523382 0
    outer loop
      vertex 52.8091 -5.55046 9.2
      vertex 53.1 0 6
      vertex 53.1 0 9.2
    endloop
  endfacet
  facet normal 0.998629 -0.0523382 0
    outer loop
      vertex 53.1 0 6
      vertex 52.8091 -5.55046 9.2
      vertex 52.8091 -5.55046 6
    endloop
  endfacet
  facet normal 0.544633 -0.838675 0
    outer loop
      vertex 26.55 -45.9859 6
      vertex 31.2114 -42.9588 9.2
      vertex 26.55 -45.9859 9.2
    endloop
  endfacet
  facet normal 0.544633 -0.838675 0
    outer loop
      vertex 31.2114 -42.9588 9.2
      vertex 26.55 -45.9859 6
      vertex 31.2114 -42.9588 6
    endloop
  endfacet
  facet normal 0.707107 -0.707107 0
    outer loop
      vertex 35.5308 -39.461 9.2
      vertex 39.461 -35.5308 6
      vertex 39.461 -35.5308 9.2
    endloop
  endfacet
  facet normal 0.707107 -0.707107 0
    outer loop
      vertex 39.461 -35.5308 6
      vertex 35.5308 -39.461 9.2
      vertex 35.5308 -39.461 6
    endloop
  endfacet
  facet normal 0.987688 -0.156439 0
    outer loop
      vertex 51.9396 -11.0401 9.2
      vertex 52.8091 -5.55046 6
      vertex 52.8091 -5.55046 9.2
    endloop
  endfacet
  facet normal 0.987688 -0.156439 0
    outer loop
      vertex 52.8091 -5.55046 6
      vertex 51.9396 -11.0401 9.2
      vertex 51.9396 -11.0401 6
    endloop
  endfacet
  facet normal 0.891001 -0.454002 0
    outer loop
      vertex 45.9859 -26.55 9.2
      vertex 48.5093 -21.5977 6
      vertex 48.5093 -21.5977 9.2
    endloop
  endfacet
  facet normal 0.891001 -0.454002 0
    outer loop
      vertex 48.5093 -21.5977 6
      vertex 45.9859 -26.55 9.2
      vertex 45.9859 -26.55 6
    endloop
  endfacet
  facet normal 0.777144 -0.629322 0
    outer loop
      vertex 39.461 -35.5308 9.2
      vertex 42.9588 -31.2114 6
      vertex 42.9588 -31.2114 9.2
    endloop
  endfacet
  facet normal 0.777144 -0.629322 0
    outer loop
      vertex 42.9588 -31.2114 6
      vertex 39.461 -35.5308 9.2
      vertex 39.461 -35.5308 6
    endloop
  endfacet
  facet normal -0.258813 -0.965928 0
    outer loop
      vertex -16.4088 -50.5011 6
      vertex -11.0401 -51.9396 9.2
      vertex -16.4088 -50.5011 9.2
    endloop
  endfacet
  facet normal -0.258813 -0.965928 -0
    outer loop
      vertex -11.0401 -51.9396 9.2
      vertex -16.4088 -50.5011 6
      vertex -11.0401 -51.9396 6
    endloop
  endfacet
  facet normal 0.358363 -0.933582 0
    outer loop
      vertex 16.4088 -50.5011 6
      vertex 21.5977 -48.5093 9.2
      vertex 16.4088 -50.5011 9.2
    endloop
  endfacet
  facet normal 0.358363 -0.933582 0
    outer loop
      vertex 21.5977 -48.5093 9.2
      vertex 16.4088 -50.5011 6
      vertex 21.5977 -48.5093 6
    endloop
  endfacet
  facet normal 0.258813 -0.965928 0
    outer loop
      vertex 11.0401 -51.9396 6
      vertex 16.4088 -50.5011 9.2
      vertex 11.0401 -51.9396 9.2
    endloop
  endfacet
  facet normal 0.258813 -0.965928 0
    outer loop
      vertex 16.4088 -50.5011 9.2
      vertex 11.0401 -51.9396 6
      vertex 16.4088 -50.5011 6
    endloop
  endfacet
  facet normal 0.629322 -0.777144 0
    outer loop
      vertex 31.2114 -42.9588 6
      vertex 35.5308 -39.461 9.2
      vertex 31.2114 -42.9588 9.2
    endloop
  endfacet
  facet normal 0.629322 -0.777144 0
    outer loop
      vertex 35.5308 -39.461 9.2
      vertex 31.2114 -42.9588 6
      vertex 35.5308 -39.461 6
    endloop
  endfacet
  facet normal 0.933582 -0.358363 0
    outer loop
      vertex 48.5093 -21.5977 9.2
      vertex 50.5011 -16.4088 6
      vertex 50.5011 -16.4088 9.2
    endloop
  endfacet
  facet normal 0.933582 -0.358363 0
    outer loop
      vertex 50.5011 -16.4088 6
      vertex 48.5093 -21.5977 9.2
      vertex 48.5093 -21.5977 6
    endloop
  endfacet
  facet normal 0.838675 -0.544633 0
    outer loop
      vertex 42.9588 -31.2114 9.2
      vertex 45.9859 -26.55 6
      vertex 45.9859 -26.55 9.2
    endloop
  endfacet
  facet normal 0.838675 -0.544633 0
    outer loop
      vertex 45.9859 -26.55 6
      vertex 42.9588 -31.2114 9.2
      vertex 42.9588 -31.2114 6
    endloop
  endfacet
  facet normal -0.358363 -0.933582 0
    outer loop
      vertex -21.5977 -48.5093 6
      vertex -16.4088 -50.5011 9.2
      vertex -21.5977 -48.5093 9.2
    endloop
  endfacet
  facet normal -0.358363 -0.933582 -0
    outer loop
      vertex -16.4088 -50.5011 9.2
      vertex -21.5977 -48.5093 6
      vertex -16.4088 -50.5011 6
    endloop
  endfacet
  facet normal -0.707107 -0.707107 0
    outer loop
      vertex -35.5308 -39.461 6
      vertex -39.461 -35.5308 9.2
      vertex -39.461 -35.5308 6
    endloop
  endfacet
  facet normal -0.707107 -0.707107 0
    outer loop
      vertex -39.461 -35.5308 9.2
      vertex -35.5308 -39.461 6
      vertex -35.5308 -39.461 9.2
    endloop
  endfacet
  facet normal -0.933582 -0.358363 0
    outer loop
      vertex -48.5093 -21.5977 6
      vertex -50.5011 -16.4088 9.2
      vertex -50.5011 -16.4088 6
    endloop
  endfacet
  facet normal -0.933582 -0.358363 0
    outer loop
      vertex -50.5011 -16.4088 9.2
      vertex -48.5093 -21.5977 6
      vertex -48.5093 -21.5977 9.2
    endloop
  endfacet
  facet normal -0.965928 -0.258813 0
    outer loop
      vertex -50.5011 -16.4088 6
      vertex -51.9396 -11.0401 9.2
      vertex -51.9396 -11.0401 6
    endloop
  endfacet
  facet normal -0.965928 -0.258813 0
    outer loop
      vertex -51.9396 -11.0401 9.2
      vertex -50.5011 -16.4088 6
      vertex -50.5011 -16.4088 9.2
    endloop
  endfacet
  facet normal -0.987688 -0.156439 0
    outer loop
      vertex -51.9396 -11.0401 6
      vertex -52.8091 -5.55046 9.2
      vertex -52.8091 -5.55046 6
    endloop
  endfacet
  facet normal -0.987688 -0.156439 0
    outer loop
      vertex -52.8091 -5.55046 9.2
      vertex -51.9396 -11.0401 6
      vertex -51.9396 -11.0401 9.2
    endloop
  endfacet
  facet normal -0.998629 -0.0523382 0
    outer loop
      vertex -52.8091 -5.55046 6
      vertex -53.1 0 9.2
      vertex -53.1 0 6
    endloop
  endfacet
  facet normal -0.998629 -0.0523382 0
    outer loop
      vertex -53.1 0 9.2
      vertex -52.8091 -5.55046 6
      vertex -52.8091 -5.55046 9.2
    endloop
  endfacet
  facet normal 0.454002 -0.891001 0
    outer loop
      vertex 21.5977 -48.5093 6
      vertex 26.55 -45.9859 9.2
      vertex 21.5977 -48.5093 9.2
    endloop
  endfacet
  facet normal 0.454002 -0.891001 0
    outer loop
      vertex 26.55 -45.9859 9.2
      vertex 21.5977 -48.5093 6
      vertex 26.55 -45.9859 6
    endloop
  endfacet
  facet normal -0.629322 -0.777144 0
    outer loop
      vertex -35.5308 -39.461 6
      vertex -31.2114 -42.9588 9.2
      vertex -35.5308 -39.461 9.2
    endloop
  endfacet
  facet normal -0.629322 -0.777144 -0
    outer loop
      vertex -31.2114 -42.9588 9.2
      vertex -35.5308 -39.461 6
      vertex -31.2114 -42.9588 6
    endloop
  endfacet
  facet normal -0.156439 -0.987688 0
    outer loop
      vertex -11.0401 -51.9396 6
      vertex -5.55046 -52.8091 9.2
      vertex -11.0401 -51.9396 9.2
    endloop
  endfacet
  facet normal -0.156439 -0.987688 -0
    outer loop
      vertex -5.55046 -52.8091 9.2
      vertex -11.0401 -51.9396 6
      vertex -5.55046 -52.8091 6
    endloop
  endfacet
  facet normal -0.0523382 -0.998629 0
    outer loop
      vertex -5.55046 -52.8091 6
      vertex 0 -53.1 9.2
      vertex -5.55046 -52.8091 9.2
    endloop
  endfacet
  facet normal -0.0523382 -0.998629 -0
    outer loop
      vertex 0 -53.1 9.2
      vertex -5.55046 -52.8091 6
      vertex 0 -53.1 6
    endloop
  endfacet
  facet normal -0.891001 -0.454002 0
    outer loop
      vertex -45.9859 -26.55 6
      vertex -48.5093 -21.5977 9.2
      vertex -48.5093 -21.5977 6
    endloop
  endfacet
  facet normal -0.891001 -0.454002 0
    outer loop
      vertex -48.5093 -21.5977 9.2
      vertex -45.9859 -26.55 6
      vertex -45.9859 -26.55 9.2
    endloop
  endfacet
  facet normal -0.838675 -0.544633 0
    outer loop
      vertex -42.9588 -31.2114 6
      vertex -45.9859 -26.55 9.2
      vertex -45.9859 -26.55 6
    endloop
  endfacet
  facet normal -0.838675 -0.544633 0
    outer loop
      vertex -45.9859 -26.55 9.2
      vertex -42.9588 -31.2114 6
      vertex -42.9588 -31.2114 9.2
    endloop
  endfacet
  facet normal -0.777144 -0.629322 0
    outer loop
      vertex -39.461 -35.5308 6
      vertex -42.9588 -31.2114 9.2
      vertex -42.9588 -31.2114 6
    endloop
  endfacet
  facet normal -0.777144 -0.629322 0
    outer loop
      vertex -42.9588 -31.2114 9.2
      vertex -39.461 -35.5308 6
      vertex -39.461 -35.5308 9.2
    endloop
  endfacet
  facet normal -0.454002 -0.891001 0
    outer loop
      vertex -26.55 -45.9859 6
      vertex -21.5977 -48.5093 9.2
      vertex -26.55 -45.9859 9.2
    endloop
  endfacet
  facet normal -0.454002 -0.891001 -0
    outer loop
      vertex -21.5977 -48.5093 9.2
      vertex -26.55 -45.9859 6
      vertex -21.5977 -48.5093 6
    endloop
  endfacet
  facet normal -0.544633 -0.838675 0
    outer loop
      vertex -31.2114 -42.9588 6
      vertex -26.55 -45.9859 9.2
      vertex -31.2114 -42.9588 9.2
    endloop
  endfacet
  facet normal -0.544633 -0.838675 -0
    outer loop
      vertex -26.55 -45.9859 9.2
      vertex -31.2114 -42.9588 6
      vertex -26.55 -45.9859 6
    endloop
  endfacet
  facet normal 0 0 1
    outer loop
      vertex 53.1 0 13
      vertex 55 0 13
      vertex 54.6987 5.74907 13
    endloop
  endfacet
  facet normal 0 0 1
    outer loop
      vertex 52.8091 5.55046 13
      vertex 54.6987 5.74907 13
      vertex 53.7981 11.4351 13
    endloop
  endfacet
  facet normal 0 0 1
    outer loop
      vertex 55 0 13
      vertex 53.1 0 13
      vertex 54.6987 -5.74907 13
    endloop
  endfacet
  facet normal -0 0 1
    outer loop
      vertex 52.8091 -5.55046 13
      vertex 54.6987 -5.74907 13
      vertex 53.1 0 13
    endloop
  endfacet
  facet normal 0 0 1
    outer loop
      vertex 54.6987 5.74907 13
      vertex 52.8091 5.55046 13
      vertex 53.1 0 13
    endloop
  endfacet
  facet normal 0 0 1
    outer loop
      vertex 51.9396 11.0401 13
      vertex 53.7981 11.4351 13
      vertex 52.3081 16.9959 13
    endloop
  endfacet
  facet normal 0 0 1
    outer loop
      vertex 53.7981 11.4351 13
      vertex 51.9396 11.0401 13
      vertex 52.8091 5.55046 13
    endloop
  endfacet
  facet normal 0 0 1
    outer loop
      vertex 52.3081 16.9959 13
      vertex 50.5011 16.4088 13
      vertex 51.9396 11.0401 13
    endloop
  endfacet
  facet normal 0 0 1
    outer loop
      vertex 50.245 22.3705 13
      vertex 50.5011 16.4088 13
      vertex 52.3081 16.9959 13
    endloop
  endfacet
  facet normal 0 0 1
    outer loop
      vertex 50.245 22.3705 13
      vertex 48.5093 21.5977 13
      vertex 50.5011 16.4088 13
    endloop
  endfacet
  facet normal 0 0 1
    outer loop
      vertex 47.6314 27.5 13
      vertex 48.5093 21.5977 13
      vertex 50.245 22.3705 13
    endloop
  endfacet
  facet normal 0 0 1
    outer loop
      vertex 47.6314 27.5 13
      vertex 45.9859 26.55 13
      vertex 48.5093 21.5977 13
    endloop
  endfacet
  facet normal 0 0 1
    outer loop
      vertex 44.4959 32.3282 13
      vertex 45.9859 26.55 13
      vertex 47.6314 27.5 13
    endloop
  endfacet
  facet normal 0 0 1
    outer loop
      vertex 44.4959 32.3282 13
      vertex 42.9588 31.2114 13
      vertex 45.9859 26.55 13
    endloop
  endfacet
  facet normal 0 0 1
    outer loop
      vertex 40.873 36.8022 13
      vertex 42.9588 31.2114 13
      vertex 44.4959 32.3282 13
    endloop
  endfacet
  facet normal 0 0 1
    outer loop
      vertex 40.873 36.8022 13
      vertex 39.461 35.5308 13
      vertex 42.9588 31.2114 13
    endloop
  endfacet
  facet normal 0 0 1
    outer loop
      vertex 36.8022 40.873 13
      vertex 39.461 35.5308 13
      vertex 40.873 36.8022 13
    endloop
  endfacet
  facet normal 0 0 1
    outer loop
      vertex 36.8022 40.873 13
      vertex 35.5308 39.461 13
      vertex 39.461 35.5308 13
    endloop
  endfacet
  facet normal 0 0 1
    outer loop
      vertex 32.3282 44.4959 13
      vertex 35.5308 39.461 13
      vertex 36.8022 40.873 13
    endloop
  endfacet
  facet normal 0 0 1
    outer loop
      vertex 32.3282 44.4959 13
      vertex 31.2114 42.9588 13
      vertex 35.5308 39.461 13
    endloop
  endfacet
  facet normal 0 0 1
    outer loop
      vertex 27.5 47.6314 13
      vertex 31.2114 42.9588 13
      vertex 32.3282 44.4959 13
    endloop
  endfacet
  facet normal 0 0 1
    outer loop
      vertex 27.5 47.6314 13
      vertex 26.55 45.9859 13
      vertex 31.2114 42.9588 13
    endloop
  endfacet
  facet normal 0 0 1
    outer loop
      vertex 22.3705 50.245 13
      vertex 26.55 45.9859 13
      vertex 27.5 47.6314 13
    endloop
  endfacet
  facet normal 0 0 1
    outer loop
      vertex 22.3705 50.245 13
      vertex 21.5977 48.5093 13
      vertex 26.55 45.9859 13
    endloop
  endfacet
  facet normal 0 0 1
    outer loop
      vertex 16.9959 52.3081 13
      vertex 21.5977 48.5093 13
      vertex 22.3705 50.245 13
    endloop
  endfacet
  facet normal 0 0 1
    outer loop
      vertex 16.9959 52.3081 13
      vertex 16.4088 50.5011 13
      vertex 21.5977 48.5093 13
    endloop
  endfacet
  facet normal 0 0 1
    outer loop
      vertex 11.4351 53.7981 13
      vertex 16.4088 50.5011 13
      vertex 16.9959 52.3081 13
    endloop
  endfacet
  facet normal 0 0 1
    outer loop
      vertex 11.4351 53.7981 13
      vertex 11.0401 51.9396 13
      vertex 16.4088 50.5011 13
    endloop
  endfacet
  facet normal 0 0 1
    outer loop
      vertex 5.74907 54.6987 13
      vertex 11.0401 51.9396 13
      vertex 11.4351 53.7981 13
    endloop
  endfacet
  facet normal 0 0 1
    outer loop
      vertex 5.74907 54.6987 13
      vertex 5.55046 52.8091 13
      vertex 11.0401 51.9396 13
    endloop
  endfacet
  facet normal 0 0 1
    outer loop
      vertex 0 55 13
      vertex 5.55046 52.8091 13
      vertex 5.74907 54.6987 13
    endloop
  endfacet
  facet normal 0 0 1
    outer loop
      vertex 0 55 13
      vertex 0 53.1 13
      vertex 5.55046 52.8091 13
    endloop
  endfacet
  facet normal 0 0 1
    outer loop
      vertex 0 55 13
      vertex -5.55046 52.8091 13
      vertex 0 53.1 13
    endloop
  endfacet
  facet normal -0 0 1
    outer loop
      vertex -5.74907 54.6987 13
      vertex -5.55046 52.8091 13
      vertex 0 55 13
    endloop
  endfacet
  facet normal 0 0 1
    outer loop
      vertex -5.74907 54.6987 13
      vertex -11.0401 51.9396 13
      vertex -5.55046 52.8091 13
    endloop
  endfacet
  facet normal -0 0 1
    outer loop
      vertex -11.4351 53.7981 13
      vertex -11.0401 51.9396 13
      vertex -5.74907 54.6987 13
    endloop
  endfacet
  facet normal 0 0 1
    outer loop
      vertex -11.4351 53.7981 13
      vertex -16.4088 50.5011 13
      vertex -11.0401 51.9396 13
    endloop
  endfacet
  facet normal -0 0 1
    outer loop
      vertex -16.9959 52.3081 13
      vertex -16.4088 50.5011 13
      vertex -11.4351 53.7981 13
    endloop
  endfacet
  facet normal 0 0 1
    outer loop
      vertex -16.9959 52.3081 13
      vertex -21.5977 48.5093 13
      vertex -16.4088 50.5011 13
    endloop
  endfacet
  facet normal -0 0 1
    outer loop
      vertex -22.3705 50.245 13
      vertex -21.5977 48.5093 13
      vertex -16.9959 52.3081 13
    endloop
  endfacet
  facet normal 0 0 1
    outer loop
      vertex -22.3705 50.245 13
      vertex -26.55 45.9859 13
      vertex -21.5977 48.5093 13
    endloop
  endfacet
  facet normal -0 0 1
    outer loop
      vertex -27.5 47.6314 13
      vertex -26.55 45.9859 13
      vertex -22.3705 50.245 13
    endloop
  endfacet
  facet normal 0 0 1
    outer loop
      vertex -27.5 47.6314 13
      vertex -31.2114 42.9588 13
      vertex -26.55 45.9859 13
    endloop
  endfacet
  facet normal -0 0 1
    outer loop
      vertex -32.3282 44.4959 13
      vertex -31.2114 42.9588 13
      vertex -27.5 47.6314 13
    endloop
  endfacet
  facet normal 0 0 1
    outer loop
      vertex -32.3282 44.4959 13
      vertex -35.5308 39.461 13
      vertex -31.2114 42.9588 13
    endloop
  endfacet
  facet normal -0 0 1
    outer loop
      vertex -36.8022 40.873 13
      vertex -35.5308 39.461 13
      vertex -32.3282 44.4959 13
    endloop
  endfacet
  facet normal 0 0 1
    outer loop
      vertex -36.8022 40.873 13
      vertex -39.461 35.5308 13
      vertex -35.5308 39.461 13
    endloop
  endfacet
  facet normal -0 0 1
    outer loop
      vertex -40.873 36.8022 13
      vertex -39.461 35.5308 13
      vertex -36.8022 40.873 13
    endloop
  endfacet
  facet normal 0 0 1
    outer loop
      vertex -40.873 36.8022 13
      vertex -42.9588 31.2114 13
      vertex -39.461 35.5308 13
    endloop
  endfacet
  facet normal -0 0 1
    outer loop
      vertex -44.4959 32.3282 13
      vertex -42.9588 31.2114 13
      vertex -40.873 36.8022 13
    endloop
  endfacet
  facet normal 0 0 1
    outer loop
      vertex -44.4959 32.3282 13
      vertex -45.9859 26.55 13
      vertex -42.9588 31.2114 13
    endloop
  endfacet
  facet normal -0 0 1
    outer loop
      vertex -47.6314 27.5 13
      vertex -45.9859 26.55 13
      vertex -44.4959 32.3282 13
    endloop
  endfacet
  facet normal 0 0 1
    outer loop
      vertex -47.6314 27.5 13
      vertex -48.5093 21.5977 13
      vertex -45.9859 26.55 13
    endloop
  endfacet
  facet normal -0 0 1
    outer loop
      vertex -50.245 22.3705 13
      vertex -48.5093 21.5977 13
      vertex -47.6314 27.5 13
    endloop
  endfacet
  facet normal 0 0 1
    outer loop
      vertex -50.245 22.3705 13
      vertex -50.5011 16.4088 13
      vertex -48.5093 21.5977 13
    endloop
  endfacet
  facet normal -0 0 1
    outer loop
      vertex -52.3081 16.9959 13
      vertex -50.5011 16.4088 13
      vertex -50.245 22.3705 13
    endloop
  endfacet
  facet normal 0 0 1
    outer loop
      vertex -50.5011 16.4088 13
      vertex -52.3081 16.9959 13
      vertex -51.9396 11.0401 13
    endloop
  endfacet
  facet normal -0 0 1
    outer loop
      vertex -53.7981 11.4351 13
      vertex -51.9396 11.0401 13
      vertex -52.3081 16.9959 13
    endloop
  endfacet
  facet normal 0 0 1
    outer loop
      vertex -51.9396 11.0401 13
      vertex -53.7981 11.4351 13
      vertex -52.8091 5.55046 13
    endloop
  endfacet
  facet normal -0 0 1
    outer loop
      vertex -54.6987 5.74907 13
      vertex -52.8091 5.55046 13
      vertex -53.7981 11.4351 13
    endloop
  endfacet
  facet normal 0 0 1
    outer loop
      vertex 54.6987 -5.74907 13
      vertex 52.8091 -5.55046 13
      vertex 53.7981 -11.4351 13
    endloop
  endfacet
  facet normal -0 0 1
    outer loop
      vertex 51.9396 -11.0401 13
      vertex 53.7981 -11.4351 13
      vertex 52.8091 -5.55046 13
    endloop
  endfacet
  facet normal 0 0 1
    outer loop
      vertex 53.7981 -11.4351 13
      vertex 51.9396 -11.0401 13
      vertex 52.3081 -16.9959 13
    endloop
  endfacet
  facet normal -0 0 1
    outer loop
      vertex 50.5011 -16.4088 13
      vertex 52.3081 -16.9959 13
      vertex 51.9396 -11.0401 13
    endloop
  endfacet
  facet normal 0 0 1
    outer loop
      vertex 50.5011 -16.4088 13
      vertex 50.245 -22.3705 13
      vertex 52.3081 -16.9959 13
    endloop
  endfacet
  facet normal -0 0 1
    outer loop
      vertex 48.5093 -21.5977 13
      vertex 50.245 -22.3705 13
      vertex 50.5011 -16.4088 13
    endloop
  endfacet
  facet normal 0 0 1
    outer loop
      vertex 48.5093 -21.5977 13
      vertex 47.6314 -27.5 13
      vertex 50.245 -22.3705 13
    endloop
  endfacet
  facet normal -0 0 1
    outer loop
      vertex 45.9859 -26.55 13
      vertex 47.6314 -27.5 13
      vertex 48.5093 -21.5977 13
    endloop
  endfacet
  facet normal 0 0 1
    outer loop
      vertex 45.9859 -26.55 13
      vertex 44.4959 -32.3282 13
      vertex 47.6314 -27.5 13
    endloop
  endfacet
  facet normal -0 0 1
    outer loop
      vertex 42.9588 -31.2114 13
      vertex 44.4959 -32.3282 13
      vertex 45.9859 -26.55 13
    endloop
  endfacet
  facet normal 0 0 1
    outer loop
      vertex 42.9588 -31.2114 13
      vertex 40.873 -36.8022 13
      vertex 44.4959 -32.3282 13
    endloop
  endfacet
  facet normal -0 0 1
    outer loop
      vertex 39.461 -35.5308 13
      vertex 40.873 -36.8022 13
      vertex 42.9588 -31.2114 13
    endloop
  endfacet
  facet normal 0 0 1
    outer loop
      vertex 39.461 -35.5308 13
      vertex 36.8022 -40.873 13
      vertex 40.873 -36.8022 13
    endloop
  endfacet
  facet normal -0 0 1
    outer loop
      vertex 35.5308 -39.461 13
      vertex 36.8022 -40.873 13
      vertex 39.461 -35.5308 13
    endloop
  endfacet
  facet normal 0 0 1
    outer loop
      vertex 35.5308 -39.461 13
      vertex 32.3282 -44.4959 13
      vertex 36.8022 -40.873 13
    endloop
  endfacet
  facet normal -0 0 1
    outer loop
      vertex 31.2114 -42.9588 13
      vertex 32.3282 -44.4959 13
      vertex 35.5308 -39.461 13
    endloop
  endfacet
  facet normal 0 0 1
    outer loop
      vertex 31.2114 -42.9588 13
      vertex 27.5 -47.6314 13
      vertex 32.3282 -44.4959 13
    endloop
  endfacet
  facet normal -0 0 1
    outer loop
      vertex 26.55 -45.9859 13
      vertex 27.5 -47.6314 13
      vertex 31.2114 -42.9588 13
    endloop
  endfacet
  facet normal 0 0 1
    outer loop
      vertex 26.55 -45.9859 13
      vertex 22.3705 -50.245 13
      vertex 27.5 -47.6314 13
    endloop
  endfacet
  facet normal -0 0 1
    outer loop
      vertex 21.5977 -48.5093 13
      vertex 22.3705 -50.245 13
      vertex 26.55 -45.9859 13
    endloop
  endfacet
  facet normal 0 0 1
    outer loop
      vertex 21.5977 -48.5093 13
      vertex 16.9959 -52.3081 13
      vertex 22.3705 -50.245 13
    endloop
  endfacet
  facet normal -0 0 1
    outer loop
      vertex 16.4088 -50.5011 13
      vertex 16.9959 -52.3081 13
      vertex 21.5977 -48.5093 13
    endloop
  endfacet
  facet normal 0 0 1
    outer loop
      vertex 16.4088 -50.5011 13
      vertex 11.4351 -53.7981 13
      vertex 16.9959 -52.3081 13
    endloop
  endfacet
  facet normal -0 0 1
    outer loop
      vertex 11.0401 -51.9396 13
      vertex 11.4351 -53.7981 13
      vertex 16.4088 -50.5011 13
    endloop
  endfacet
  facet normal 0 0 1
    outer loop
      vertex 11.0401 -51.9396 13
      vertex 5.74907 -54.6987 13
      vertex 11.4351 -53.7981 13
    endloop
  endfacet
  facet normal -0 0 1
    outer loop
      vertex 5.55046 -52.8091 13
      vertex 5.74907 -54.6987 13
      vertex 11.0401 -51.9396 13
    endloop
  endfacet
  facet normal -0 0 1
    outer loop
      vertex 0 -53.1 13
      vertex 5.74907 -54.6987 13
      vertex 5.55046 -52.8091 13
    endloop
  endfacet
  facet normal 0 0 1
    outer loop
      vertex 0 -53.1 13
      vertex 0 -55 13
      vertex 5.74907 -54.6987 13
    endloop
  endfacet
  facet normal 0 0 1
    outer loop
      vertex -5.55046 -52.8091 13
      vertex 0 -55 13
      vertex 0 -53.1 13
    endloop
  endfacet
  facet normal 0 0 1
    outer loop
      vertex -5.55046 -52.8091 13
      vertex -5.74907 -54.6987 13
      vertex 0 -55 13
    endloop
  endfacet
  facet normal 0 0 1
    outer loop
      vertex -11.0401 -51.9396 13
      vertex -5.74907 -54.6987 13
      vertex -5.55046 -52.8091 13
    endloop
  endfacet
  facet normal 0 0 1
    outer loop
      vertex -11.0401 -51.9396 13
      vertex -11.4351 -53.7981 13
      vertex -5.74907 -54.6987 13
    endloop
  endfacet
  facet normal 0 0 1
    outer loop
      vertex -16.4088 -50.5011 13
      vertex -11.4351 -53.7981 13
      vertex -11.0401 -51.9396 13
    endloop
  endfacet
  facet normal 0 0 1
    outer loop
      vertex -16.4088 -50.5011 13
      vertex -16.9959 -52.3081 13
      vertex -11.4351 -53.7981 13
    endloop
  endfacet
  facet normal 0 0 1
    outer loop
      vertex -21.5977 -48.5093 13
      vertex -16.9959 -52.3081 13
      vertex -16.4088 -50.5011 13
    endloop
  endfacet
  facet normal 0 0 1
    outer loop
      vertex -21.5977 -48.5093 13
      vertex -22.3705 -50.245 13
      vertex -16.9959 -52.3081 13
    endloop
  endfacet
  facet normal 0 0 1
    outer loop
      vertex -26.55 -45.9859 13
      vertex -22.3705 -50.245 13
      vertex -21.5977 -48.5093 13
    endloop
  endfacet
  facet normal 0 0 1
    outer loop
      vertex -26.55 -45.9859 13
      vertex -27.5 -47.6314 13
      vertex -22.3705 -50.245 13
    endloop
  endfacet
  facet normal 0 0 1
    outer loop
      vertex -31.2114 -42.9588 13
      vertex -27.5 -47.6314 13
      vertex -26.55 -45.9859 13
    endloop
  endfacet
  facet normal 0 0 1
    outer loop
      vertex -31.2114 -42.9588 13
      vertex -32.3282 -44.4959 13
      vertex -27.5 -47.6314 13
    endloop
  endfacet
  facet normal 0 0 1
    outer loop
      vertex -35.5308 -39.461 13
      vertex -32.3282 -44.4959 13
      vertex -31.2114 -42.9588 13
    endloop
  endfacet
  facet normal 0 0 1
    outer loop
      vertex -35.5308 -39.461 13
      vertex -36.8022 -40.873 13
      vertex -32.3282 -44.4959 13
    endloop
  endfacet
  facet normal 0 0 1
    outer loop
      vertex -39.461 -35.5308 13
      vertex -36.8022 -40.873 13
      vertex -35.5308 -39.461 13
    endloop
  endfacet
  facet normal 0 0 1
    outer loop
      vertex -39.461 -35.5308 13
      vertex -40.873 -36.8022 13
      vertex -36.8022 -40.873 13
    endloop
  endfacet
  facet normal 0 0 1
    outer loop
      vertex -42.9588 -31.2114 13
      vertex -40.873 -36.8022 13
      vertex -39.461 -35.5308 13
    endloop
  endfacet
  facet normal 0 0 1
    outer loop
      vertex -42.9588 -31.2114 13
      vertex -44.4959 -32.3282 13
      vertex -40.873 -36.8022 13
    endloop
  endfacet
  facet normal 0 0 1
    outer loop
      vertex -45.9859 -26.55 13
      vertex -44.4959 -32.3282 13
      vertex -42.9588 -31.2114 13
    endloop
  endfacet
  facet normal 0 0 1
    outer loop
      vertex -45.9859 -26.55 13
      vertex -47.6314 -27.5 13
      vertex -44.4959 -32.3282 13
    endloop
  endfacet
  facet normal 0 0 1
    outer loop
      vertex -48.5093 -21.5977 13
      vertex -47.6314 -27.5 13
      vertex -45.9859 -26.55 13
    endloop
  endfacet
  facet normal 0 0 1
    outer loop
      vertex -48.5093 -21.5977 13
      vertex -50.245 -22.3705 13
      vertex -47.6314 -27.5 13
    endloop
  endfacet
  facet normal 0 0 1
    outer loop
      vertex -50.5011 -16.4088 13
      vertex -50.245 -22.3705 13
      vertex -48.5093 -21.5977 13
    endloop
  endfacet
  facet normal 0 0 1
    outer loop
      vertex -52.3081 -16.9959 13
      vertex -50.5011 -16.4088 13
      vertex -51.9396 -11.0401 13
    endloop
  endfacet
  facet normal 0 0 1
    outer loop
      vertex -50.5011 -16.4088 13
      vertex -52.3081 -16.9959 13
      vertex -50.245 -22.3705 13
    endloop
  endfacet
  facet normal 0 0 1
    outer loop
      vertex -53.7981 -11.4351 13
      vertex -51.9396 -11.0401 13
      vertex -52.8091 -5.55046 13
    endloop
  endfacet
  facet normal 0 0 1
    outer loop
      vertex -54.6987 -5.74907 13
      vertex -52.8091 -5.55046 13
      vertex -53.1 0 13
    endloop
  endfacet
  facet normal 0 0 1
    outer loop
      vertex -52.8091 5.55046 13
      vertex -54.6987 5.74907 13
      vertex -53.1 0 13
    endloop
  endfacet
  facet normal 0 0 1
    outer loop
      vertex -51.9396 -11.0401 13
      vertex -53.7981 -11.4351 13
      vertex -52.3081 -16.9959 13
    endloop
  endfacet
  facet normal 0 0 1
    outer loop
      vertex -55 0 13
      vertex -53.1 0 13
      vertex -54.6987 5.74907 13
    endloop
  endfacet
  facet normal 0 0 1
    outer loop
      vertex -52.8091 -5.55046 13
      vertex -54.6987 -5.74907 13
      vertex -53.7981 -11.4351 13
    endloop
  endfacet
  facet normal 0 0 1
    outer loop
      vertex -53.1 0 13
      vertex -55 0 13
      vertex -54.6987 -5.74907 13
    endloop
  endfacet
  facet normal 0 0 -1
    outer loop
      vertex 53.1 0 16.2
      vertex 55 0 16.2
      vertex 54.6987 -5.74907 16.2
    endloop
  endfacet
  facet normal 0 0 -1
    outer loop
      vertex 52.8091 -5.55046 16.2
      vertex 54.6987 -5.74907 16.2
      vertex 53.7981 -11.4351 16.2
    endloop
  endfacet
  facet normal 0 0 -1
    outer loop
      vertex 55 0 16.2
      vertex 53.1 0 16.2
      vertex 54.6987 5.74907 16.2
    endloop
  endfacet
  facet normal 0 0 -1
    outer loop
      vertex 52.8091 5.55046 16.2
      vertex 54.6987 5.74907 16.2
      vertex 53.1 0 16.2
    endloop
  endfacet
  facet normal 0 0 -1
    outer loop
      vertex 54.6987 -5.74907 16.2
      vertex 52.8091 -5.55046 16.2
      vertex 53.1 0 16.2
    endloop
  endfacet
  facet normal 0 0 -1
    outer loop
      vertex 51.9396 -11.0401 16.2
      vertex 53.7981 -11.4351 16.2
      vertex 52.3081 -16.9959 16.2
    endloop
  endfacet
  facet normal 0 0 -1
    outer loop
      vertex 53.7981 -11.4351 16.2
      vertex 51.9396 -11.0401 16.2
      vertex 52.8091 -5.55046 16.2
    endloop
  endfacet
  facet normal 0 0 -1
    outer loop
      vertex 52.3081 -16.9959 16.2
      vertex 50.5011 -16.4088 16.2
      vertex 51.9396 -11.0401 16.2
    endloop
  endfacet
  facet normal 0 0 -1
    outer loop
      vertex 50.245 -22.3705 16.2
      vertex 50.5011 -16.4088 16.2
      vertex 52.3081 -16.9959 16.2
    endloop
  endfacet
  facet normal 0 0 -1
    outer loop
      vertex 50.245 -22.3705 16.2
      vertex 48.5093 -21.5977 16.2
      vertex 50.5011 -16.4088 16.2
    endloop
  endfacet
  facet normal 0 0 -1
    outer loop
      vertex 47.6314 -27.5 16.2
      vertex 48.5093 -21.5977 16.2
      vertex 50.245 -22.3705 16.2
    endloop
  endfacet
  facet normal 0 0 -1
    outer loop
      vertex 47.6314 -27.5 16.2
      vertex 45.9859 -26.55 16.2
      vertex 48.5093 -21.5977 16.2
    endloop
  endfacet
  facet normal 0 0 -1
    outer loop
      vertex 44.4959 -32.3282 16.2
      vertex 45.9859 -26.55 16.2
      vertex 47.6314 -27.5 16.2
    endloop
  endfacet
  facet normal 0 0 -1
    outer loop
      vertex 44.4959 -32.3282 16.2
      vertex 42.9588 -31.2114 16.2
      vertex 45.9859 -26.55 16.2
    endloop
  endfacet
  facet normal 0 0 -1
    outer loop
      vertex 40.873 -36.8022 16.2
      vertex 42.9588 -31.2114 16.2
      vertex 44.4959 -32.3282 16.2
    endloop
  endfacet
  facet normal 0 0 -1
    outer loop
      vertex 40.873 -36.8022 16.2
      vertex 39.461 -35.5308 16.2
      vertex 42.9588 -31.2114 16.2
    endloop
  endfacet
  facet normal 0 0 -1
    outer loop
      vertex 36.8022 -40.873 16.2
      vertex 39.461 -35.5308 16.2
      vertex 40.873 -36.8022 16.2
    endloop
  endfacet
  facet normal 0 0 -1
    outer loop
      vertex 36.8022 -40.873 16.2
      vertex 35.5308 -39.461 16.2
      vertex 39.461 -35.5308 16.2
    endloop
  endfacet
  facet normal 0 0 -1
    outer loop
      vertex 32.3282 -44.4959 16.2
      vertex 35.5308 -39.461 16.2
      vertex 36.8022 -40.873 16.2
    endloop
  endfacet
  facet normal 0 0 -1
    outer loop
      vertex 32.3282 -44.4959 16.2
      vertex 31.2114 -42.9588 16.2
      vertex 35.5308 -39.461 16.2
    endloop
  endfacet
  facet normal 0 0 -1
    outer loop
      vertex 27.5 -47.6314 16.2
      vertex 31.2114 -42.9588 16.2
      vertex 32.3282 -44.4959 16.2
    endloop
  endfacet
  facet normal 0 0 -1
    outer loop
      vertex 27.5 -47.6314 16.2
      vertex 26.55 -45.9859 16.2
      vertex 31.2114 -42.9588 16.2
    endloop
  endfacet
  facet normal 0 0 -1
    outer loop
      vertex 22.3705 -50.245 16.2
      vertex 26.55 -45.9859 16.2
      vertex 27.5 -47.6314 16.2
    endloop
  endfacet
  facet normal 0 0 -1
    outer loop
      vertex 22.3705 -50.245 16.2
      vertex 21.5977 -48.5093 16.2
      vertex 26.55 -45.9859 16.2
    endloop
  endfacet
  facet normal 0 0 -1
    outer loop
      vertex 16.9959 -52.3081 16.2
      vertex 21.5977 -48.5093 16.2
      vertex 22.3705 -50.245 16.2
    endloop
  endfacet
  facet normal 0 0 -1
    outer loop
      vertex 16.9959 -52.3081 16.2
      vertex 16.4088 -50.5011 16.2
      vertex 21.5977 -48.5093 16.2
    endloop
  endfacet
  facet normal 0 0 -1
    outer loop
      vertex 11.4351 -53.7981 16.2
      vertex 16.4088 -50.5011 16.2
      vertex 16.9959 -52.3081 16.2
    endloop
  endfacet
  facet normal 0 0 -1
    outer loop
      vertex 11.4351 -53.7981 16.2
      vertex 11.0401 -51.9396 16.2
      vertex 16.4088 -50.5011 16.2
    endloop
  endfacet
  facet normal 0 0 -1
    outer loop
      vertex 5.74907 -54.6987 16.2
      vertex 11.0401 -51.9396 16.2
      vertex 11.4351 -53.7981 16.2
    endloop
  endfacet
  facet normal 0 0 -1
    outer loop
      vertex 5.74907 -54.6987 16.2
      vertex 5.55046 -52.8091 16.2
      vertex 11.0401 -51.9396 16.2
    endloop
  endfacet
  facet normal 0 0 -1
    outer loop
      vertex 0 -55 16.2
      vertex 5.55046 -52.8091 16.2
      vertex 5.74907 -54.6987 16.2
    endloop
  endfacet
  facet normal 0 0 -1
    outer loop
      vertex 0 -55 16.2
      vertex 0 -53.1 16.2
      vertex 5.55046 -52.8091 16.2
    endloop
  endfacet
  facet normal 0 0 -1
    outer loop
      vertex 0 -55 16.2
      vertex -5.55046 -52.8091 16.2
      vertex 0 -53.1 16.2
    endloop
  endfacet
  facet normal 0 0 -1
    outer loop
      vertex -5.74907 -54.6987 16.2
      vertex -5.55046 -52.8091 16.2
      vertex 0 -55 16.2
    endloop
  endfacet
  facet normal 0 0 -1
    outer loop
      vertex -5.74907 -54.6987 16.2
      vertex -11.0401 -51.9396 16.2
      vertex -5.55046 -52.8091 16.2
    endloop
  endfacet
  facet normal 0 0 -1
    outer loop
      vertex -11.4351 -53.7981 16.2
      vertex -11.0401 -51.9396 16.2
      vertex -5.74907 -54.6987 16.2
    endloop
  endfacet
  facet normal 0 0 -1
    outer loop
      vertex -11.4351 -53.7981 16.2
      vertex -16.4088 -50.5011 16.2
      vertex -11.0401 -51.9396 16.2
    endloop
  endfacet
  facet normal 0 0 -1
    outer loop
      vertex -16.9959 -52.3081 16.2
      vertex -16.4088 -50.5011 16.2
      vertex -11.4351 -53.7981 16.2
    endloop
  endfacet
  facet normal 0 0 -1
    outer loop
      vertex -16.9959 -52.3081 16.2
      vertex -21.5977 -48.5093 16.2
      vertex -16.4088 -50.5011 16.2
    endloop
  endfacet
  facet normal 0 0 -1
    outer loop
      vertex -22.3705 -50.245 16.2
      vertex -21.5977 -48.5093 16.2
      vertex -16.9959 -52.3081 16.2
    endloop
  endfacet
  facet normal 0 0 -1
    outer loop
      vertex -22.3705 -50.245 16.2
      vertex -26.55 -45.9859 16.2
      vertex -21.5977 -48.5093 16.2
    endloop
  endfacet
  facet normal 0 0 -1
    outer loop
      vertex -27.5 -47.6314 16.2
      vertex -26.55 -45.9859 16.2
      vertex -22.3705 -50.245 16.2
    endloop
  endfacet
  facet normal 0 0 -1
    outer loop
      vertex -27.5 -47.6314 16.2
      vertex -31.2114 -42.9588 16.2
      vertex -26.55 -45.9859 16.2
    endloop
  endfacet
  facet normal 0 0 -1
    outer loop
      vertex -32.3282 -44.4959 16.2
      vertex -31.2114 -42.9588 16.2
      vertex -27.5 -47.6314 16.2
    endloop
  endfacet
  facet normal 0 0 -1
    outer loop
      vertex -32.3282 -44.4959 16.2
      vertex -35.5308 -39.461 16.2
      vertex -31.2114 -42.9588 16.2
    endloop
  endfacet
  facet normal 0 0 -1
    outer loop
      vertex -36.8022 -40.873 16.2
      vertex -35.5308 -39.461 16.2
      vertex -32.3282 -44.4959 16.2
    endloop
  endfacet
  facet normal 0 0 -1
    outer loop
      vertex -36.8022 -40.873 16.2
      vertex -39.461 -35.5308 16.2
      vertex -35.5308 -39.461 16.2
    endloop
  endfacet
  facet normal 0 0 -1
    outer loop
      vertex -40.873 -36.8022 16.2
      vertex -39.461 -35.5308 16.2
      vertex -36.8022 -40.873 16.2
    endloop
  endfacet
  facet normal 0 0 -1
    outer loop
      vertex -40.873 -36.8022 16.2
      vertex -42.9588 -31.2114 16.2
      vertex -39.461 -35.5308 16.2
    endloop
  endfacet
  facet normal 0 0 -1
    outer loop
      vertex -44.4959 -32.3282 16.2
      vertex -42.9588 -31.2114 16.2
      vertex -40.873 -36.8022 16.2
    endloop
  endfacet
  facet normal 0 0 -1
    outer loop
      vertex -44.4959 -32.3282 16.2
      vertex -45.9859 -26.55 16.2
      vertex -42.9588 -31.2114 16.2
    endloop
  endfacet
  facet normal 0 0 -1
    outer loop
      vertex -47.6314 -27.5 16.2
      vertex -45.9859 -26.55 16.2
      vertex -44.4959 -32.3282 16.2
    endloop
  endfacet
  facet normal 0 0 -1
    outer loop
      vertex -47.6314 -27.5 16.2
      vertex -48.5093 -21.5977 16.2
      vertex -45.9859 -26.55 16.2
    endloop
  endfacet
  facet normal 0 0 -1
    outer loop
      vertex -50.245 -22.3705 16.2
      vertex -48.5093 -21.5977 16.2
      vertex -47.6314 -27.5 16.2
    endloop
  endfacet
  facet normal 0 0 -1
    outer loop
      vertex -50.245 -22.3705 16.2
      vertex -50.5011 -16.4088 16.2
      vertex -48.5093 -21.5977 16.2
    endloop
  endfacet
  facet normal 0 0 -1
    outer loop
      vertex -52.3081 -16.9959 16.2
      vertex -50.5011 -16.4088 16.2
      vertex -50.245 -22.3705 16.2
    endloop
  endfacet
  facet normal -0 0 -1
    outer loop
      vertex -50.5011 -16.4088 16.2
      vertex -52.3081 -16.9959 16.2
      vertex -51.9396 -11.0401 16.2
    endloop
  endfacet
  facet normal 0 0 -1
    outer loop
      vertex -53.7981 -11.4351 16.2
      vertex -51.9396 -11.0401 16.2
      vertex -52.3081 -16.9959 16.2
    endloop
  endfacet
  facet normal -0 0 -1
    outer loop
      vertex -51.9396 -11.0401 16.2
      vertex -53.7981 -11.4351 16.2
      vertex -52.8091 -5.55046 16.2
    endloop
  endfacet
  facet normal 0 0 -1
    outer loop
      vertex -54.6987 -5.74907 16.2
      vertex -52.8091 -5.55046 16.2
      vertex -53.7981 -11.4351 16.2
    endloop
  endfacet
  facet normal -0 0 -1
    outer loop
      vertex 54.6987 5.74907 16.2
      vertex 52.8091 5.55046 16.2
      vertex 53.7981 11.4351 16.2
    endloop
  endfacet
  facet normal 0 0 -1
    outer loop
      vertex 51.9396 11.0401 16.2
      vertex 53.7981 11.4351 16.2
      vertex 52.8091 5.55046 16.2
    endloop
  endfacet
  facet normal -0 0 -1
    outer loop
      vertex 53.7981 11.4351 16.2
      vertex 51.9396 11.0401 16.2
      vertex 52.3081 16.9959 16.2
    endloop
  endfacet
  facet normal 0 0 -1
    outer loop
      vertex 50.5011 16.4088 16.2
      vertex 52.3081 16.9959 16.2
      vertex 51.9396 11.0401 16.2
    endloop
  endfacet
  facet normal 0 0 -1
    outer loop
      vertex 50.5011 16.4088 16.2
      vertex 50.245 22.3705 16.2
      vertex 52.3081 16.9959 16.2
    endloop
  endfacet
  facet normal 0 0 -1
    outer loop
      vertex 48.5093 21.5977 16.2
      vertex 50.245 22.3705 16.2
      vertex 50.5011 16.4088 16.2
    endloop
  endfacet
  facet normal 0 0 -1
    outer loop
      vertex 48.5093 21.5977 16.2
      vertex 47.6314 27.5 16.2
      vertex 50.245 22.3705 16.2
    endloop
  endfacet
  facet normal 0 0 -1
    outer loop
      vertex 45.9859 26.55 16.2
      vertex 47.6314 27.5 16.2
      vertex 48.5093 21.5977 16.2
    endloop
  endfacet
  facet normal 0 0 -1
    outer loop
      vertex 45.9859 26.55 16.2
      vertex 44.4959 32.3282 16.2
      vertex 47.6314 27.5 16.2
    endloop
  endfacet
  facet normal 0 0 -1
    outer loop
      vertex 42.9588 31.2114 16.2
      vertex 44.4959 32.3282 16.2
      vertex 45.9859 26.55 16.2
    endloop
  endfacet
  facet normal 0 0 -1
    outer loop
      vertex 42.9588 31.2114 16.2
      vertex 40.873 36.8022 16.2
      vertex 44.4959 32.3282 16.2
    endloop
  endfacet
  facet normal 0 0 -1
    outer loop
      vertex 39.461 35.5308 16.2
      vertex 40.873 36.8022 16.2
      vertex 42.9588 31.2114 16.2
    endloop
  endfacet
  facet normal 0 0 -1
    outer loop
      vertex 39.461 35.5308 16.2
      vertex 36.8022 40.873 16.2
      vertex 40.873 36.8022 16.2
    endloop
  endfacet
  facet normal 0 0 -1
    outer loop
      vertex 35.5308 39.461 16.2
      vertex 36.8022 40.873 16.2
      vertex 39.461 35.5308 16.2
    endloop
  endfacet
  facet normal 0 0 -1
    outer loop
      vertex 35.5308 39.461 16.2
      vertex 32.3282 44.4959 16.2
      vertex 36.8022 40.873 16.2
    endloop
  endfacet
  facet normal 0 0 -1
    outer loop
      vertex 31.2114 42.9588 16.2
      vertex 32.3282 44.4959 16.2
      vertex 35.5308 39.461 16.2
    endloop
  endfacet
  facet normal 0 0 -1
    outer loop
      vertex 31.2114 42.9588 16.2
      vertex 27.5 47.6314 16.2
      vertex 32.3282 44.4959 16.2
    endloop
  endfacet
  facet normal 0 0 -1
    outer loop
      vertex 26.55 45.9859 16.2
      vertex 27.5 47.6314 16.2
      vertex 31.2114 42.9588 16.2
    endloop
  endfacet
  facet normal 0 0 -1
    outer loop
      vertex 26.55 45.9859 16.2
      vertex 22.3705 50.245 16.2
      vertex 27.5 47.6314 16.2
    endloop
  endfacet
  facet normal 0 0 -1
    outer loop
      vertex 21.5977 48.5093 16.2
      vertex 22.3705 50.245 16.2
      vertex 26.55 45.9859 16.2
    endloop
  endfacet
  facet normal 0 0 -1
    outer loop
      vertex 21.5977 48.5093 16.2
      vertex 16.9959 52.3081 16.2
      vertex 22.3705 50.245 16.2
    endloop
  endfacet
  facet normal 0 0 -1
    outer loop
      vertex 16.4088 50.5011 16.2
      vertex 16.9959 52.3081 16.2
      vertex 21.5977 48.5093 16.2
    endloop
  endfacet
  facet normal 0 0 -1
    outer loop
      vertex 16.4088 50.5011 16.2
      vertex 11.4351 53.7981 16.2
      vertex 16.9959 52.3081 16.2
    endloop
  endfacet
  facet normal 0 0 -1
    outer loop
      vertex 11.0401 51.9396 16.2
      vertex 11.4351 53.7981 16.2
      vertex 16.4088 50.5011 16.2
    endloop
  endfacet
  facet normal 0 0 -1
    outer loop
      vertex 11.0401 51.9396 16.2
      vertex 5.74907 54.6987 16.2
      vertex 11.4351 53.7981 16.2
    endloop
  endfacet
  facet normal 0 0 -1
    outer loop
      vertex 5.55046 52.8091 16.2
      vertex 5.74907 54.6987 16.2
      vertex 11.0401 51.9396 16.2
    endloop
  endfacet
  facet normal 0 0 -1
    outer loop
      vertex 0 53.1 16.2
      vertex 5.74907 54.6987 16.2
      vertex 5.55046 52.8091 16.2
    endloop
  endfacet
  facet normal 0 0 -1
    outer loop
      vertex 0 53.1 16.2
      vertex 0 55 16.2
      vertex 5.74907 54.6987 16.2
    endloop
  endfacet
  facet normal 0 0 -1
    outer loop
      vertex -5.55046 52.8091 16.2
      vertex 0 55 16.2
      vertex 0 53.1 16.2
    endloop
  endfacet
  facet normal 0 0 -1
    outer loop
      vertex -5.55046 52.8091 16.2
      vertex -5.74907 54.6987 16.2
      vertex 0 55 16.2
    endloop
  endfacet
  facet normal 0 0 -1
    outer loop
      vertex -11.0401 51.9396 16.2
      vertex -5.74907 54.6987 16.2
      vertex -5.55046 52.8091 16.2
    endloop
  endfacet
  facet normal 0 0 -1
    outer loop
      vertex -11.0401 51.9396 16.2
      vertex -11.4351 53.7981 16.2
      vertex -5.74907 54.6987 16.2
    endloop
  endfacet
  facet normal 0 0 -1
    outer loop
      vertex -16.4088 50.5011 16.2
      vertex -11.4351 53.7981 16.2
      vertex -11.0401 51.9396 16.2
    endloop
  endfacet
  facet normal 0 0 -1
    outer loop
      vertex -16.4088 50.5011 16.2
      vertex -16.9959 52.3081 16.2
      vertex -11.4351 53.7981 16.2
    endloop
  endfacet
  facet normal 0 0 -1
    outer loop
      vertex -21.5977 48.5093 16.2
      vertex -16.9959 52.3081 16.2
      vertex -16.4088 50.5011 16.2
    endloop
  endfacet
  facet normal 0 0 -1
    outer loop
      vertex -21.5977 48.5093 16.2
      vertex -22.3705 50.245 16.2
      vertex -16.9959 52.3081 16.2
    endloop
  endfacet
  facet normal 0 0 -1
    outer loop
      vertex -26.55 45.9859 16.2
      vertex -22.3705 50.245 16.2
      vertex -21.5977 48.5093 16.2
    endloop
  endfacet
  facet normal 0 0 -1
    outer loop
      vertex -26.55 45.9859 16.2
      vertex -27.5 47.6314 16.2
      vertex -22.3705 50.245 16.2
    endloop
  endfacet
  facet normal 0 0 -1
    outer loop
      vertex -31.2114 42.9588 16.2
      vertex -27.5 47.6314 16.2
      vertex -26.55 45.9859 16.2
    endloop
  endfacet
  facet normal 0 0 -1
    outer loop
      vertex -31.2114 42.9588 16.2
      vertex -32.3282 44.4959 16.2
      vertex -27.5 47.6314 16.2
    endloop
  endfacet
  facet normal 0 0 -1
    outer loop
      vertex -35.5308 39.461 16.2
      vertex -32.3282 44.4959 16.2
      vertex -31.2114 42.9588 16.2
    endloop
  endfacet
  facet normal 0 0 -1
    outer loop
      vertex -35.5308 39.461 16.2
      vertex -36.8022 40.873 16.2
      vertex -32.3282 44.4959 16.2
    endloop
  endfacet
  facet normal 0 0 -1
    outer loop
      vertex -39.461 35.5308 16.2
      vertex -36.8022 40.873 16.2
      vertex -35.5308 39.461 16.2
    endloop
  endfacet
  facet normal 0 0 -1
    outer loop
      vertex -39.461 35.5308 16.2
      vertex -40.873 36.8022 16.2
      vertex -36.8022 40.873 16.2
    endloop
  endfacet
  facet normal 0 0 -1
    outer loop
      vertex -42.9588 31.2114 16.2
      vertex -40.873 36.8022 16.2
      vertex -39.461 35.5308 16.2
    endloop
  endfacet
  facet normal 0 0 -1
    outer loop
      vertex -42.9588 31.2114 16.2
      vertex -44.4959 32.3282 16.2
      vertex -40.873 36.8022 16.2
    endloop
  endfacet
  facet normal 0 0 -1
    outer loop
      vertex -45.9859 26.55 16.2
      vertex -44.4959 32.3282 16.2
      vertex -42.9588 31.2114 16.2
    endloop
  endfacet
  facet normal 0 0 -1
    outer loop
      vertex -45.9859 26.55 16.2
      vertex -47.6314 27.5 16.2
      vertex -44.4959 32.3282 16.2
    endloop
  endfacet
  facet normal 0 0 -1
    outer loop
      vertex -48.5093 21.5977 16.2
      vertex -47.6314 27.5 16.2
      vertex -45.9859 26.55 16.2
    endloop
  endfacet
  facet normal 0 0 -1
    outer loop
      vertex -48.5093 21.5977 16.2
      vertex -50.245 22.3705 16.2
      vertex -47.6314 27.5 16.2
    endloop
  endfacet
  facet normal 0 0 -1
    outer loop
      vertex -50.5011 16.4088 16.2
      vertex -50.245 22.3705 16.2
      vertex -48.5093 21.5977 16.2
    endloop
  endfacet
  facet normal 0 0 -1
    outer loop
      vertex -52.3081 16.9959 16.2
      vertex -50.5011 16.4088 16.2
      vertex -51.9396 11.0401 16.2
    endloop
  endfacet
  facet normal 0 0 -1
    outer loop
      vertex -50.5011 16.4088 16.2
      vertex -52.3081 16.9959 16.2
      vertex -50.245 22.3705 16.2
    endloop
  endfacet
  facet normal 0 0 -1
    outer loop
      vertex -53.7981 11.4351 16.2
      vertex -51.9396 11.0401 16.2
      vertex -52.8091 5.55046 16.2
    endloop
  endfacet
  facet normal 0 0 -1
    outer loop
      vertex -54.6987 5.74907 16.2
      vertex -52.8091 5.55046 16.2
      vertex -53.1 0 16.2
    endloop
  endfacet
  facet normal -0 0 -1
    outer loop
      vertex -52.8091 -5.55046 16.2
      vertex -54.6987 -5.74907 16.2
      vertex -53.1 0 16.2
    endloop
  endfacet
  facet normal 0 0 -1
    outer loop
      vertex -51.9396 11.0401 16.2
      vertex -53.7981 11.4351 16.2
      vertex -52.3081 16.9959 16.2
    endloop
  endfacet
  facet normal 0 0 -1
    outer loop
      vertex -55 0 16.2
      vertex -53.1 0 16.2
      vertex -54.6987 -5.74907 16.2
    endloop
  endfacet
  facet normal 0 0 -1
    outer loop
      vertex -52.8091 5.55046 16.2
      vertex -54.6987 5.74907 16.2
      vertex -53.7981 11.4351 16.2
    endloop
  endfacet
  facet normal 0 0 -1
    outer loop
      vertex -53.1 0 16.2
      vertex -55 0 16.2
      vertex -54.6987 5.74907 16.2
    endloop
  endfacet
  facet normal 0.998629 0.0523382 0
    outer loop
      vertex 53.1 0 16.2
      vertex 52.8091 5.55046 13
      vertex 52.8091 5.55046 16.2
    endloop
  endfacet
  facet normal 0.998629 0.0523382 0
    outer loop
      vertex 52.8091 5.55046 13
      vertex 53.1 0 16.2
      vertex 53.1 0 13
    endloop
  endfacet
  facet normal -0.998629 0.0523382 0
    outer loop
      vertex -53.1 0 13
      vertex -52.8091 5.55046 16.2
      vertex -52.8091 5.55046 13
    endloop
  endfacet
  facet normal -0.998629 0.0523382 0
    outer loop
      vertex -52.8091 5.55046 16.2
      vertex -53.1 0 13
      vertex -53.1 0 16.2
    endloop
  endfacet
  facet normal -0.0523382 0.998629 0
    outer loop
      vertex 0 53.1 13
      vertex -5.55046 52.8091 16.2
      vertex 0 53.1 16.2
    endloop
  endfacet
  facet normal -0.0523382 0.998629 0
    outer loop
      vertex -5.55046 52.8091 16.2
      vertex 0 53.1 13
      vertex -5.55046 52.8091 13
    endloop
  endfacet
  facet normal 0.0523382 -0.998629 0
    outer loop
      vertex 0 -53.1 13
      vertex 5.55046 -52.8091 16.2
      vertex 0 -53.1 16.2
    endloop
  endfacet
  facet normal 0.0523382 -0.998629 0
    outer loop
      vertex 5.55046 -52.8091 16.2
      vertex 0 -53.1 13
      vertex 5.55046 -52.8091 13
    endloop
  endfacet
  facet normal 0.707107 0.707107 0
    outer loop
      vertex 39.461 35.5308 16.2
      vertex 35.5308 39.461 13
      vertex 35.5308 39.461 16.2
    endloop
  endfacet
  facet normal 0.707107 0.707107 0
    outer loop
      vertex 35.5308 39.461 13
      vertex 39.461 35.5308 16.2
      vertex 39.461 35.5308 13
    endloop
  endfacet
  facet normal -0.707107 0.707107 0
    outer loop
      vertex -39.461 35.5308 13
      vertex -35.5308 39.461 16.2
      vertex -35.5308 39.461 13
    endloop
  endfacet
  facet normal -0.707107 0.707107 0
    outer loop
      vertex -35.5308 39.461 16.2
      vertex -39.461 35.5308 13
      vertex -39.461 35.5308 16.2
    endloop
  endfacet
  facet normal -0.454002 0.891001 0
    outer loop
      vertex -21.5977 48.5093 13
      vertex -26.55 45.9859 16.2
      vertex -21.5977 48.5093 16.2
    endloop
  endfacet
  facet normal -0.454002 0.891001 0
    outer loop
      vertex -26.55 45.9859 16.2
      vertex -21.5977 48.5093 13
      vertex -26.55 45.9859 13
    endloop
  endfacet
  facet normal 0.891001 0.454002 0
    outer loop
      vertex 48.5093 21.5977 16.2
      vertex 45.9859 26.55 13
      vertex 45.9859 26.55 16.2
    endloop
  endfacet
  facet normal 0.891001 0.454002 0
    outer loop
      vertex 45.9859 26.55 13
      vertex 48.5093 21.5977 16.2
      vertex 48.5093 21.5977 13
    endloop
  endfacet
  facet normal 0.358363 0.933582 -0
    outer loop
      vertex 21.5977 48.5093 13
      vertex 16.4088 50.5011 16.2
      vertex 21.5977 48.5093 16.2
    endloop
  endfacet
  facet normal 0.358363 0.933582 0
    outer loop
      vertex 16.4088 50.5011 16.2
      vertex 21.5977 48.5093 13
      vertex 16.4088 50.5011 13
    endloop
  endfacet
  facet normal 0.544633 0.838675 -0
    outer loop
      vertex 31.2114 42.9588 13
      vertex 26.55 45.9859 16.2
      vertex 31.2114 42.9588 16.2
    endloop
  endfacet
  facet normal 0.544633 0.838675 0
    outer loop
      vertex 26.55 45.9859 16.2
      vertex 31.2114 42.9588 13
      vertex 26.55 45.9859 13
    endloop
  endfacet
  facet normal -0.933582 0.358363 0
    outer loop
      vertex -50.5011 16.4088 13
      vertex -48.5093 21.5977 16.2
      vertex -48.5093 21.5977 13
    endloop
  endfacet
  facet normal -0.933582 0.358363 0
    outer loop
      vertex -48.5093 21.5977 16.2
      vertex -50.5011 16.4088 13
      vertex -50.5011 16.4088 16.2
    endloop
  endfacet
  facet normal -0.258813 0.965928 0
    outer loop
      vertex -11.0401 51.9396 13
      vertex -16.4088 50.5011 16.2
      vertex -11.0401 51.9396 16.2
    endloop
  endfacet
  facet normal -0.258813 0.965928 0
    outer loop
      vertex -16.4088 50.5011 16.2
      vertex -11.0401 51.9396 13
      vertex -16.4088 50.5011 13
    endloop
  endfacet
  facet normal 0.965928 -0.258813 0
    outer loop
      vertex 50.5011 -16.4088 16.2
      vertex 51.9396 -11.0401 13
      vertex 51.9396 -11.0401 16.2
    endloop
  endfacet
  facet normal 0.965928 -0.258813 0
    outer loop
      vertex 51.9396 -11.0401 13
      vertex 50.5011 -16.4088 16.2
      vertex 50.5011 -16.4088 13
    endloop
  endfacet
  facet normal 0.156439 -0.987688 0
    outer loop
      vertex 5.55046 -52.8091 13
      vertex 11.0401 -51.9396 16.2
      vertex 5.55046 -52.8091 16.2
    endloop
  endfacet
  facet normal 0.156439 -0.987688 0
    outer loop
      vertex 11.0401 -51.9396 16.2
      vertex 5.55046 -52.8091 13
      vertex 11.0401 -51.9396 13
    endloop
  endfacet
  facet normal 0.965928 0.258813 0
    outer loop
      vertex 51.9396 11.0401 16.2
      vertex 50.5011 16.4088 13
      vertex 50.5011 16.4088 16.2
    endloop
  endfacet
  facet normal 0.965928 0.258813 0
    outer loop
      vertex 50.5011 16.4088 13
      vertex 51.9396 11.0401 16.2
      vertex 51.9396 11.0401 13
    endloop
  endfacet
  facet normal 0.987688 0.156439 0
    outer loop
      vertex 52.8091 5.55046 16.2
      vertex 51.9396 11.0401 13
      vertex 51.9396 11.0401 16.2
    endloop
  endfacet
  facet normal 0.987688 0.156439 0
    outer loop
      vertex 51.9396 11.0401 13
      vertex 52.8091 5.55046 16.2
      vertex 52.8091 5.55046 13
    endloop
  endfacet
  facet normal 0.933582 0.358363 0
    outer loop
      vertex 50.5011 16.4088 16.2
      vertex 48.5093 21.5977 13
      vertex 48.5093 21.5977 16.2
    endloop
  endfacet
  facet normal 0.933582 0.358363 0
    outer loop
      vertex 48.5093 21.5977 13
      vertex 50.5011 16.4088 16.2
      vertex 50.5011 16.4088 13
    endloop
  endfacet
  facet normal 0.777144 0.629322 0
    outer loop
      vertex 42.9588 31.2114 16.2
      vertex 39.461 35.5308 13
      vertex 39.461 35.5308 16.2
    endloop
  endfacet
  facet normal 0.777144 0.629322 0
    outer loop
      vertex 39.461 35.5308 13
      vertex 42.9588 31.2114 16.2
      vertex 42.9588 31.2114 13
    endloop
  endfacet
  facet normal 0.838675 0.544633 0
    outer loop
      vertex 45.9859 26.55 16.2
      vertex 42.9588 31.2114 13
      vertex 42.9588 31.2114 16.2
    endloop
  endfacet
  facet normal 0.838675 0.544633 0
    outer loop
      vertex 42.9588 31.2114 13
      vertex 45.9859 26.55 16.2
      vertex 45.9859 26.55 13
    endloop
  endfacet
  facet normal 0.156439 0.987688 -0
    outer loop
      vertex 11.0401 51.9396 13
      vertex 5.55046 52.8091 16.2
      vertex 11.0401 51.9396 16.2
    endloop
  endfacet
  facet normal 0.156439 0.987688 0
    outer loop
      vertex 5.55046 52.8091 16.2
      vertex 11.0401 51.9396 13
      vertex 5.55046 52.8091 13
    endloop
  endfacet
  facet normal 0.258813 0.965928 -0
    outer loop
      vertex 16.4088 50.5011 13
      vertex 11.0401 51.9396 16.2
      vertex 16.4088 50.5011 16.2
    endloop
  endfacet
  facet normal 0.258813 0.965928 0
    outer loop
      vertex 11.0401 51.9396 16.2
      vertex 16.4088 50.5011 13
      vertex 11.0401 51.9396 13
    endloop
  endfacet
  facet normal 0.0523382 0.998629 -0
    outer loop
      vertex 5.55046 52.8091 13
      vertex 0 53.1 16.2
      vertex 5.55046 52.8091 16.2
    endloop
  endfacet
  facet normal 0.0523382 0.998629 0
    outer loop
      vertex 0 53.1 16.2
      vertex 5.55046 52.8091 13
      vertex 0 53.1 13
    endloop
  endfacet
  facet normal 0.454002 0.891001 -0
    outer loop
      vertex 26.55 45.9859 13
      vertex 21.5977 48.5093 16.2
      vertex 26.55 45.9859 16.2
    endloop
  endfacet
  facet normal 0.454002 0.891001 0
    outer loop
      vertex 21.5977 48.5093 16.2
      vertex 26.55 45.9859 13
      vertex 21.5977 48.5093 13
    endloop
  endfacet
  facet normal 0.629322 0.777144 -0
    outer loop
      vertex 35.5308 39.461 13
      vertex 31.2114 42.9588 16.2
      vertex 35.5308 39.461 16.2
    endloop
  endfacet
  facet normal 0.629322 0.777144 0
    outer loop
      vertex 31.2114 42.9588 16.2
      vertex 35.5308 39.461 13
      vertex 31.2114 42.9588 13
    endloop
  endfacet
  facet normal -0.838675 0.544633 0
    outer loop
      vertex -45.9859 26.55 13
      vertex -42.9588 31.2114 16.2
      vertex -42.9588 31.2114 13
    endloop
  endfacet
  facet normal -0.838675 0.544633 0
    outer loop
      vertex -42.9588 31.2114 16.2
      vertex -45.9859 26.55 13
      vertex -45.9859 26.55 16.2
    endloop
  endfacet
  facet normal -0.777144 0.629322 0
    outer loop
      vertex -42.9588 31.2114 13
      vertex -39.461 35.5308 16.2
      vertex -39.461 35.5308 13
    endloop
  endfacet
  facet normal -0.777144 0.629322 0
    outer loop
      vertex -39.461 35.5308 16.2
      vertex -42.9588 31.2114 13
      vertex -42.9588 31.2114 16.2
    endloop
  endfacet
  facet normal -0.891001 0.454002 0
    outer loop
      vertex -48.5093 21.5977 13
      vertex -45.9859 26.55 16.2
      vertex -45.9859 26.55 13
    endloop
  endfacet
  facet normal -0.891001 0.454002 0
    outer loop
      vertex -45.9859 26.55 16.2
      vertex -48.5093 21.5977 13
      vertex -48.5093 21.5977 16.2
    endloop
  endfacet
  facet normal -0.965928 0.258813 0
    outer loop
      vertex -51.9396 11.0401 13
      vertex -50.5011 16.4088 16.2
      vertex -50.5011 16.4088 13
    endloop
  endfacet
  facet normal -0.965928 0.258813 0
    outer loop
      vertex -50.5011 16.4088 16.2
      vertex -51.9396 11.0401 13
      vertex -51.9396 11.0401 16.2
    endloop
  endfacet
  facet normal -0.987688 0.156439 0
    outer loop
      vertex -52.8091 5.55046 13
      vertex -51.9396 11.0401 16.2
      vertex -51.9396 11.0401 13
    endloop
  endfacet
  facet normal -0.987688 0.156439 0
    outer loop
      vertex -51.9396 11.0401 16.2
      vertex -52.8091 5.55046 13
      vertex -52.8091 5.55046 16.2
    endloop
  endfacet
  facet normal -0.544633 0.838675 0
    outer loop
      vertex -26.55 45.9859 13
      vertex -31.2114 42.9588 16.2
      vertex -26.55 45.9859 16.2
    endloop
  endfacet
  facet normal -0.544633 0.838675 0
    outer loop
      vertex -31.2114 42.9588 16.2
      vertex -26.55 45.9859 13
      vertex -31.2114 42.9588 13
    endloop
  endfacet
  facet normal -0.629322 0.777144 0
    outer loop
      vertex -31.2114 42.9588 13
      vertex -35.5308 39.461 16.2
      vertex -31.2114 42.9588 16.2
    endloop
  endfacet
  facet normal -0.629322 0.777144 0
    outer loop
      vertex -35.5308 39.461 16.2
      vertex -31.2114 42.9588 13
      vertex -35.5308 39.461 13
    endloop
  endfacet
  facet normal -0.358363 0.933582 0
    outer loop
      vertex -16.4088 50.5011 13
      vertex -21.5977 48.5093 16.2
      vertex -16.4088 50.5011 16.2
    endloop
  endfacet
  facet normal -0.358363 0.933582 0
    outer loop
      vertex -21.5977 48.5093 16.2
      vertex -16.4088 50.5011 13
      vertex -21.5977 48.5093 13
    endloop
  endfacet
  facet normal -0.156439 0.987688 0
    outer loop
      vertex -5.55046 52.8091 13
      vertex -11.0401 51.9396 16.2
      vertex -5.55046 52.8091 16.2
    endloop
  endfacet
  facet normal -0.156439 0.987688 0
    outer loop
      vertex -11.0401 51.9396 16.2
      vertex -5.55046 52.8091 13
      vertex -11.0401 51.9396 13
    endloop
  endfacet
  facet normal 0.998629 -0.0523382 0
    outer loop
      vertex 52.8091 -5.55046 16.2
      vertex 53.1 0 13
      vertex 53.1 0 16.2
    endloop
  endfacet
  facet normal 0.998629 -0.0523382 0
    outer loop
      vertex 53.1 0 13
      vertex 52.8091 -5.55046 16.2
      vertex 52.8091 -5.55046 13
    endloop
  endfacet
  facet normal 0.544633 -0.838675 0
    outer loop
      vertex 26.55 -45.9859 13
      vertex 31.2114 -42.9588 16.2
      vertex 26.55 -45.9859 16.2
    endloop
  endfacet
  facet normal 0.544633 -0.838675 0
    outer loop
      vertex 31.2114 -42.9588 16.2
      vertex 26.55 -45.9859 13
      vertex 31.2114 -42.9588 13
    endloop
  endfacet
  facet normal 0.707107 -0.707107 0
    outer loop
      vertex 35.5308 -39.461 16.2
      vertex 39.461 -35.5308 13
      vertex 39.461 -35.5308 16.2
    endloop
  endfacet
  facet normal 0.707107 -0.707107 0
    outer loop
      vertex 39.461 -35.5308 13
      vertex 35.5308 -39.461 16.2
      vertex 35.5308 -39.461 13
    endloop
  endfacet
  facet normal 0.987688 -0.156439 0
    outer loop
      vertex 51.9396 -11.0401 16.2
      vertex 52.8091 -5.55046 13
      vertex 52.8091 -5.55046 16.2
    endloop
  endfacet
  facet normal 0.987688 -0.156439 0
    outer loop
      vertex 52.8091 -5.55046 13
      vertex 51.9396 -11.0401 16.2
      vertex 51.9396 -11.0401 13
    endloop
  endfacet
  facet normal 0.891001 -0.454002 0
    outer loop
      vertex 45.9859 -26.55 16.2
      vertex 48.5093 -21.5977 13
      vertex 48.5093 -21.5977 16.2
    endloop
  endfacet
  facet normal 0.891001 -0.454002 0
    outer loop
      vertex 48.5093 -21.5977 13
      vertex 45.9859 -26.55 16.2
      vertex 45.9859 -26.55 13
    endloop
  endfacet
  facet normal 0.777144 -0.629322 0
    outer loop
      vertex 39.461 -35.5308 16.2
      vertex 42.9588 -31.2114 13
      vertex 42.9588 -31.2114 16.2
    endloop
  endfacet
  facet normal 0.777144 -0.629322 0
    outer loop
      vertex 42.9588 -31.2114 13
      vertex 39.461 -35.5308 16.2
      vertex 39.461 -35.5308 13
    endloop
  endfacet
  facet normal -0.258813 -0.965928 0
    outer loop
      vertex -16.4088 -50.5011 13
      vertex -11.0401 -51.9396 16.2
      vertex -16.4088 -50.5011 16.2
    endloop
  endfacet
  facet normal -0.258813 -0.965928 -0
    outer loop
      vertex -11.0401 -51.9396 16.2
      vertex -16.4088 -50.5011 13
      vertex -11.0401 -51.9396 13
    endloop
  endfacet
  facet normal 0.358363 -0.933582 0
    outer loop
      vertex 16.4088 -50.5011 13
      vertex 21.5977 -48.5093 16.2
      vertex 16.4088 -50.5011 16.2
    endloop
  endfacet
  facet normal 0.358363 -0.933582 0
    outer loop
      vertex 21.5977 -48.5093 16.2
      vertex 16.4088 -50.5011 13
      vertex 21.5977 -48.5093 13
    endloop
  endfacet
  facet normal 0.258813 -0.965928 0
    outer loop
      vertex 11.0401 -51.9396 13
      vertex 16.4088 -50.5011 16.2
      vertex 11.0401 -51.9396 16.2
    endloop
  endfacet
  facet normal 0.258813 -0.965928 0
    outer loop
      vertex 16.4088 -50.5011 16.2
      vertex 11.0401 -51.9396 13
      vertex 16.4088 -50.5011 13
    endloop
  endfacet
  facet normal 0.629322 -0.777144 0
    outer loop
      vertex 31.2114 -42.9588 13
      vertex 35.5308 -39.461 16.2
      vertex 31.2114 -42.9588 16.2
    endloop
  endfacet
  facet normal 0.629322 -0.777144 0
    outer loop
      vertex 35.5308 -39.461 16.2
      vertex 31.2114 -42.9588 13
      vertex 35.5308 -39.461 13
    endloop
  endfacet
  facet normal 0.933582 -0.358363 0
    outer loop
      vertex 48.5093 -21.5977 16.2
      vertex 50.5011 -16.4088 13
      vertex 50.5011 -16.4088 16.2
    endloop
  endfacet
  facet normal 0.933582 -0.358363 0
    outer loop
      vertex 50.5011 -16.4088 13
      vertex 48.5093 -21.5977 16.2
      vertex 48.5093 -21.5977 13
    endloop
  endfacet
  facet normal 0.838675 -0.544633 0
    outer loop
      vertex 42.9588 -31.2114 16.2
      vertex 45.9859 -26.55 13
      vertex 45.9859 -26.55 16.2
    endloop
  endfacet
  facet normal 0.838675 -0.544633 0
    outer loop
      vertex 45.9859 -26.55 13
      vertex 42.9588 -31.2114 16.2
      vertex 42.9588 -31.2114 13
    endloop
  endfacet
  facet normal -0.358363 -0.933582 0
    outer loop
      vertex -21.5977 -48.5093 13
      vertex -16.4088 -50.5011 16.2
      vertex -21.5977 -48.5093 16.2
    endloop
  endfacet
  facet normal -0.358363 -0.933582 -0
    outer loop
      vertex -16.4088 -50.5011 16.2
      vertex -21.5977 -48.5093 13
      vertex -16.4088 -50.5011 13
    endloop
  endfacet
  facet normal -0.707107 -0.707107 0
    outer loop
      vertex -35.5308 -39.461 13
      vertex -39.461 -35.5308 16.2
      vertex -39.461 -35.5308 13
    endloop
  endfacet
  facet normal -0.707107 -0.707107 0
    outer loop
      vertex -39.461 -35.5308 16.2
      vertex -35.5308 -39.461 13
      vertex -35.5308 -39.461 16.2
    endloop
  endfacet
  facet normal -0.933582 -0.358363 0
    outer loop
      vertex -48.5093 -21.5977 13
      vertex -50.5011 -16.4088 16.2
      vertex -50.5011 -16.4088 13
    endloop
  endfacet
  facet normal -0.933582 -0.358363 0
    outer loop
      vertex -50.5011 -16.4088 16.2
      vertex -48.5093 -21.5977 13
      vertex -48.5093 -21.5977 16.2
    endloop
  endfacet
  facet normal -0.965928 -0.258813 0
    outer loop
      vertex -50.5011 -16.4088 13
      vertex -51.9396 -11.0401 16.2
      vertex -51.9396 -11.0401 13
    endloop
  endfacet
  facet normal -0.965928 -0.258813 0
    outer loop
      vertex -51.9396 -11.0401 16.2
      vertex -50.5011 -16.4088 13
      vertex -50.5011 -16.4088 16.2
    endloop
  endfacet
  facet normal -0.987688 -0.156439 0
    outer loop
      vertex -51.9396 -11.0401 13
      vertex -52.8091 -5.55046 16.2
      vertex -52.8091 -5.55046 13
    endloop
  endfacet
  facet normal -0.987688 -0.156439 0
    outer loop
      vertex -52.8091 -5.55046 16.2
      vertex -51.9396 -11.0401 13
      vertex -51.9396 -11.0401 16.2
    endloop
  endfacet
  facet normal -0.998629 -0.0523382 0
    outer loop
      vertex -52.8091 -5.55046 13
      vertex -53.1 0 16.2
      vertex -53.1 0 13
    endloop
  endfacet
  facet normal -0.998629 -0.0523382 0
    outer loop
      vertex -53.1 0 16.2
      vertex -52.8091 -5.55046 13
      vertex -52.8091 -5.55046 16.2
    endloop
  endfacet
  facet normal 0.454002 -0.891001 0
    outer loop
      vertex 21.5977 -48.5093 13
      vertex 26.55 -45.9859 16.2
      vertex 21.5977 -48.5093 16.2
    endloop
  endfacet
  facet normal 0.454002 -0.891001 0
    outer loop
      vertex 26.55 -45.9859 16.2
      vertex 21.5977 -48.5093 13
      vertex 26.55 -45.9859 13
    endloop
  endfacet
  facet normal -0.629322 -0.777144 0
    outer loop
      vertex -35.5308 -39.461 13
      vertex -31.2114 -42.9588 16.2
      vertex -35.5308 -39.461 16.2
    endloop
  endfacet
  facet normal -0.629322 -0.777144 -0
    outer loop
      vertex -31.2114 -42.9588 16.2
      vertex -35.5308 -39.461 13
      vertex -31.2114 -42.9588 13
    endloop
  endfacet
  facet normal -0.156439 -0.987688 0
    outer loop
      vertex -11.0401 -51.9396 13
      vertex -5.55046 -52.8091 16.2
      vertex -11.0401 -51.9396 16.2
    endloop
  endfacet
  facet normal -0.156439 -0.987688 -0
    outer loop
      vertex -5.55046 -52.8091 16.2
      vertex -11.0401 -51.9396 13
      vertex -5.55046 -52.8091 13
    endloop
  endfacet
  facet normal -0.0523382 -0.998629 0
    outer loop
      vertex -5.55046 -52.8091 13
      vertex 0 -53.1 16.2
      vertex -5.55046 -52.8091 16.2
    endloop
  endfacet
  facet normal -0.0523382 -0.998629 -0
    outer loop
      vertex 0 -53.1 16.2
      vertex -5.55046 -52.8091 13
      vertex 0 -53.1 13
    endloop
  endfacet
  facet normal -0.891001 -0.454002 0
    outer loop
      vertex -45.9859 -26.55 13
      vertex -48.5093 -21.5977 16.2
      vertex -48.5093 -21.5977 13
    endloop
  endfacet
  facet normal -0.891001 -0.454002 0
    outer loop
      vertex -48.5093 -21.5977 16.2
      vertex -45.9859 -26.55 13
      vertex -45.9859 -26.55 16.2
    endloop
  endfacet
  facet normal -0.838675 -0.544633 0
    outer loop
      vertex -42.9588 -31.2114 13
      vertex -45.9859 -26.55 16.2
      vertex -45.9859 -26.55 13
    endloop
  endfacet
  facet normal -0.838675 -0.544633 0
    outer loop
      vertex -45.9859 -26.55 16.2
      vertex -42.9588 -31.2114 13
      vertex -42.9588 -31.2114 16.2
    endloop
  endfacet
  facet normal -0.777144 -0.629322 0
    outer loop
      vertex -39.461 -35.5308 13
      vertex -42.9588 -31.2114 16.2
      vertex -42.9588 -31.2114 13
    endloop
  endfacet
  facet normal -0.777144 -0.629322 0
    outer loop
      vertex -42.9588 -31.2114 16.2
      vertex -39.461 -35.5308 13
      vertex -39.461 -35.5308 16.2
    endloop
  endfacet
  facet normal -0.454002 -0.891001 0
    outer loop
      vertex -26.55 -45.9859 13
      vertex -21.5977 -48.5093 16.2
      vertex -26.55 -45.9859 16.2
    endloop
  endfacet
  facet normal -0.454002 -0.891001 -0
    outer loop
      vertex -21.5977 -48.5093 16.2
      vertex -26.55 -45.9859 13
      vertex -21.5977 -48.5093 13
    endloop
  endfacet
  facet normal -0.544633 -0.838675 0
    outer loop
      vertex -31.2114 -42.9588 13
      vertex -26.55 -45.9859 16.2
      vertex -31.2114 -42.9588 16.2
    endloop
  endfacet
  facet normal -0.544633 -0.838675 -0
    outer loop
      vertex -26.55 -45.9859 16.2
      vertex -31.2114 -42.9588 13
      vertex -26.55 -45.9859 13
    endloop
  endfacet
  facet normal 0.998629 0.0523367 0
    outer loop
      vertex 55 0 6
      vertex 54.6987 5.74907 0
      vertex 54.6987 5.74907 6
    endloop
  endfacet
  facet normal 0.998629 0.0523367 0
    outer loop
      vertex 54.6987 5.74907 0
      vertex 55 0 6
      vertex 55 0 0
    endloop
  endfacet
  facet normal 0.998629 0.0523367 0
    outer loop
      vertex 55 0 24
      vertex 54.6987 5.74907 16.2
      vertex 54.6987 5.74907 24
    endloop
  endfacet
  facet normal 0.998629 0.0523367 0
    outer loop
      vertex 54.6987 5.74907 16.2
      vertex 55 0 24
      vertex 55 0 16.2
    endloop
  endfacet
  facet normal 0.998629 0.0523367 0
    outer loop
      vertex 55 0 13
      vertex 54.6987 5.74907 9.2
      vertex 54.6987 5.74907 13
    endloop
  endfacet
  facet normal 0.998629 0.0523367 0
    outer loop
      vertex 54.6987 5.74907 9.2
      vertex 55 0 13
      vertex 55 0 9.2
    endloop
  endfacet
  facet normal -0.998629 0.0523367 0
    outer loop
      vertex -55 0 0
      vertex -54.6987 5.74907 6
      vertex -54.6987 5.74907 0
    endloop
  endfacet
  facet normal -0.998629 0.0523367 0
    outer loop
      vertex -54.6987 5.74907 6
      vertex -55 0 0
      vertex -55 0 6
    endloop
  endfacet
  facet normal -0.998629 0.0523367 0
    outer loop
      vertex -55 0 16.2
      vertex -54.6987 5.74907 24
      vertex -54.6987 5.74907 16.2
    endloop
  endfacet
  facet normal -0.998629 0.0523367 0
    outer loop
      vertex -54.6987 5.74907 24
      vertex -55 0 16.2
      vertex -55 0 24
    endloop
  endfacet
  facet normal -0.998629 0.0523367 0
    outer loop
      vertex -55 0 9.2
      vertex -54.6987 5.74907 13
      vertex -54.6987 5.74907 9.2
    endloop
  endfacet
  facet normal -0.998629 0.0523367 0
    outer loop
      vertex -54.6987 5.74907 13
      vertex -55 0 9.2
      vertex -55 0 13
    endloop
  endfacet
  facet normal 0.0523367 0.998629 -0
    outer loop
      vertex 5.74907 54.6987 0
      vertex 0 55 6
      vertex 5.74907 54.6987 6
    endloop
  endfacet
  facet normal 0.0523367 0.998629 0
    outer loop
      vertex 0 55 6
      vertex 5.74907 54.6987 0
      vertex 0 55 0
    endloop
  endfacet
  facet normal 0.0523367 0.998629 -0
    outer loop
      vertex 5.74907 54.6987 16.2
      vertex 0 55 24
      vertex 5.74907 54.6987 24
    endloop
  endfacet
  facet normal 0.0523367 0.998629 0
    outer loop
      vertex 0 55 24
      vertex 5.74907 54.6987 16.2
      vertex 0 55 16.2
    endloop
  endfacet
  facet normal 0.0523367 0.998629 -0
    outer loop
      vertex 5.74907 54.6987 9.2
      vertex 0 55 13
      vertex 5.74907 54.6987 13
    endloop
  endfacet
  facet normal 0.0523367 0.998629 0
    outer loop
      vertex 0 55 13
      vertex 5.74907 54.6987 9.2
      vertex 0 55 9.2
    endloop
  endfacet
  facet normal -0.0523367 -0.998629 0
    outer loop
      vertex -5.74907 -54.6987 16.2
      vertex 0 -55 24
      vertex -5.74907 -54.6987 24
    endloop
  endfacet
  facet normal -0.0523367 -0.998629 -0
    outer loop
      vertex 0 -55 24
      vertex -5.74907 -54.6987 16.2
      vertex 0 -55 16.2
    endloop
  endfacet
  facet normal -0.0523367 -0.998629 0
    outer loop
      vertex -5.74907 -54.6987 0
      vertex 0 -55 6
      vertex -5.74907 -54.6987 6
    endloop
  endfacet
  facet normal -0.0523367 -0.998629 -0
    outer loop
      vertex 0 -55 6
      vertex -5.74907 -54.6987 0
      vertex 0 -55 0
    endloop
  endfacet
  facet normal -0.0523367 -0.998629 0
    outer loop
      vertex -5.74907 -54.6987 9.2
      vertex 0 -55 13
      vertex -5.74907 -54.6987 13
    endloop
  endfacet
  facet normal -0.0523367 -0.998629 -0
    outer loop
      vertex 0 -55 13
      vertex -5.74907 -54.6987 9.2
      vertex 0 -55 9.2
    endloop
  endfacet
  facet normal 0.707107 0.707107 0
    outer loop
      vertex 40.873 36.8022 6
      vertex 36.8022 40.873 0
      vertex 36.8022 40.873 6
    endloop
  endfacet
  facet normal 0.707107 0.707107 0
    outer loop
      vertex 36.8022 40.873 0
      vertex 40.873 36.8022 6
      vertex 40.873 36.8022 0
    endloop
  endfacet
  facet normal 0.707107 0.707107 0
    outer loop
      vertex 40.873 36.8022 24
      vertex 36.8022 40.873 16.2
      vertex 36.8022 40.873 24
    endloop
  endfacet
  facet normal 0.707107 0.707107 0
    outer loop
      vertex 36.8022 40.873 16.2
      vertex 40.873 36.8022 24
      vertex 40.873 36.8022 16.2
    endloop
  endfacet
  facet normal 0.707107 0.707107 0
    outer loop
      vertex 40.873 36.8022 13
      vertex 36.8022 40.873 9.2
      vertex 36.8022 40.873 13
    endloop
  endfacet
  facet normal 0.707107 0.707107 0
    outer loop
      vertex 36.8022 40.873 9.2
      vertex 40.873 36.8022 13
      vertex 40.873 36.8022 9.2
    endloop
  endfacet
  facet normal -0.629318 0.777148 0
    outer loop
      vertex -32.3282 44.4959 16.2
      vertex -34.0993 43.0617 24
      vertex -32.3282 44.4959 24
    endloop
  endfacet
  facet normal -0.629313 0.777152 2.0624e-06
    outer loop
      vertex -36.8022 40.873 16.2
      vertex -34.0993 43.0617 24
      vertex -32.3282 44.4959 16.2
    endloop
  endfacet
  facet normal -0.629309 0.777155 0
    outer loop
      vertex -34.0993 43.0617 24
      vertex -36.8022 40.873 16.2
      vertex -36.8022 40.873 24
    endloop
  endfacet
  facet normal -0.629313 0.777152 0
    outer loop
      vertex -32.3282 44.4959 0
      vertex -36.8022 40.873 6
      vertex -32.3282 44.4959 6
    endloop
  endfacet
  facet normal -0.629313 0.777152 0
    outer loop
      vertex -36.8022 40.873 6
      vertex -32.3282 44.4959 0
      vertex -36.8022 40.873 0
    endloop
  endfacet
  facet normal -0.629313 0.777152 0
    outer loop
      vertex -32.3282 44.4959 9.2
      vertex -36.8022 40.873 13
      vertex -32.3282 44.4959 13
    endloop
  endfacet
  facet normal -0.629313 0.777152 0
    outer loop
      vertex -36.8022 40.873 13
      vertex -32.3282 44.4959 9.2
      vertex -36.8022 40.873 9.2
    endloop
  endfacet
  facet normal -0.258817 0.965926 0
    outer loop
      vertex -11.4351 53.7981 0
      vertex -16.9959 52.3081 6
      vertex -11.4351 53.7981 6
    endloop
  endfacet
  facet normal -0.258817 0.965926 0
    outer loop
      vertex -16.9959 52.3081 6
      vertex -11.4351 53.7981 0
      vertex -16.9959 52.3081 0
    endloop
  endfacet
  facet normal -0.258817 0.965926 0
    outer loop
      vertex -11.4351 53.7981 16.2
      vertex -16.9959 52.3081 24
      vertex -11.4351 53.7981 24
    endloop
  endfacet
  facet normal -0.258817 0.965926 0
    outer loop
      vertex -16.9959 52.3081 24
      vertex -11.4351 53.7981 16.2
      vertex -16.9959 52.3081 16.2
    endloop
  endfacet
  facet normal -0.258817 0.965926 0
    outer loop
      vertex -11.4351 53.7981 9.2
      vertex -16.9959 52.3081 13
      vertex -11.4351 53.7981 13
    endloop
  endfacet
  facet normal -0.258817 0.965926 0
    outer loop
      vertex -16.9959 52.3081 13
      vertex -11.4351 53.7981 9.2
      vertex -16.9959 52.3081 9.2
    endloop
  endfacet
  facet normal 0.933581 0.358366 0
    outer loop
      vertex 52.3081 16.9959 6
      vertex 50.245 22.3705 0
      vertex 50.245 22.3705 6
    endloop
  endfacet
  facet normal 0.933581 0.358366 0
    outer loop
      vertex 50.245 22.3705 0
      vertex 52.3081 16.9959 6
      vertex 52.3081 16.9959 0
    endloop
  endfacet
  facet normal 0.933581 0.358366 0
    outer loop
      vertex 52.3081 16.9959 24
      vertex 50.245 22.3705 16.2
      vertex 50.245 22.3705 24
    endloop
  endfacet
  facet normal 0.933581 0.358366 0
    outer loop
      vertex 50.245 22.3705 16.2
      vertex 52.3081 16.9959 24
      vertex 52.3081 16.9959 16.2
    endloop
  endfacet
  facet normal 0.933581 0.358366 0
    outer loop
      vertex 52.3081 16.9959 13
      vertex 50.245 22.3705 9.2
      vertex 50.245 22.3705 13
    endloop
  endfacet
  facet normal 0.933581 0.358366 0
    outer loop
      vertex 50.245 22.3705 9.2
      vertex 52.3081 16.9959 13
      vertex 52.3081 16.9959 9.2
    endloop
  endfacet
  facet normal 0.358366 0.933581 -0
    outer loop
      vertex 22.3705 50.245 0
      vertex 16.9959 52.3081 6
      vertex 22.3705 50.245 6
    endloop
  endfacet
  facet normal 0.358366 0.933581 0
    outer loop
      vertex 16.9959 52.3081 6
      vertex 22.3705 50.245 0
      vertex 16.9959 52.3081 0
    endloop
  endfacet
  facet normal 0.358366 0.933581 -0
    outer loop
      vertex 22.3705 50.245 16.2
      vertex 16.9959 52.3081 24
      vertex 22.3705 50.245 24
    endloop
  endfacet
  facet normal 0.358366 0.933581 0
    outer loop
      vertex 16.9959 52.3081 24
      vertex 22.3705 50.245 16.2
      vertex 16.9959 52.3081 16.2
    endloop
  endfacet
  facet normal 0.358366 0.933581 -0
    outer loop
      vertex 22.3705 50.245 9.2
      vertex 16.9959 52.3081 13
      vertex 22.3705 50.245 13
    endloop
  endfacet
  facet normal 0.358366 0.933581 0
    outer loop
      vertex 16.9959 52.3081 13
      vertex 22.3705 50.245 9.2
      vertex 16.9959 52.3081 9.2
    endloop
  endfacet
  facet normal 0.258817 0.965926 -0
    outer loop
      vertex 16.9959 52.3081 0
      vertex 11.4351 53.7981 6
      vertex 16.9959 52.3081 6
    endloop
  endfacet
  facet normal 0.258817 0.965926 0
    outer loop
      vertex 11.4351 53.7981 6
      vertex 16.9959 52.3081 0
      vertex 11.4351 53.7981 0
    endloop
  endfacet
  facet normal 0.258817 0.965926 -0
    outer loop
      vertex 16.9959 52.3081 16.2
      vertex 11.4351 53.7981 24
      vertex 16.9959 52.3081 24
    endloop
  endfacet
  facet normal 0.258817 0.965926 0
    outer loop
      vertex 11.4351 53.7981 24
      vertex 16.9959 52.3081 16.2
      vertex 11.4351 53.7981 16.2
    endloop
  endfacet
  facet normal 0.258817 0.965926 -0
    outer loop
      vertex 16.9959 52.3081 9.2
      vertex 11.4351 53.7981 13
      vertex 16.9959 52.3081 13
    endloop
  endfacet
  facet normal 0.258817 0.965926 0
    outer loop
      vertex 11.4351 53.7981 13
      vertex 16.9959 52.3081 9.2
      vertex 11.4351 53.7981 9.2
    endloop
  endfacet
  facet normal 0.544643 0.838668 -0
    outer loop
      vertex 32.3282 44.4959 0
      vertex 27.5 47.6314 6
      vertex 32.3282 44.4959 6
    endloop
  endfacet
  facet normal 0.544643 0.838668 0
    outer loop
      vertex 27.5 47.6314 6
      vertex 32.3282 44.4959 0
      vertex 27.5 47.6314 0
    endloop
  endfacet
  facet normal 0.544643 0.838668 -0
    outer loop
      vertex 32.3282 44.4959 16.2
      vertex 27.5 47.6314 24
      vertex 32.3282 44.4959 24
    endloop
  endfacet
  facet normal 0.544643 0.838668 0
    outer loop
      vertex 27.5 47.6314 24
      vertex 32.3282 44.4959 16.2
      vertex 27.5 47.6314 16.2
    endloop
  endfacet
  facet normal 0.544643 0.838668 -0
    outer loop
      vertex 32.3282 44.4959 9.2
      vertex 27.5 47.6314 13
      vertex 32.3282 44.4959 13
    endloop
  endfacet
  facet normal 0.544643 0.838668 0
    outer loop
      vertex 27.5 47.6314 13
      vertex 32.3282 44.4959 9.2
      vertex 27.5 47.6314 9.2
    endloop
  endfacet
  facet normal -0.891007 0.453989 0
    outer loop
      vertex -50.245 22.3705 0
      vertex -47.6314 27.5 6
      vertex -47.6314 27.5 0
    endloop
  endfacet
  facet normal -0.891007 0.453989 0
    outer loop
      vertex -47.6314 27.5 6
      vertex -50.245 22.3705 0
      vertex -50.245 22.3705 6
    endloop
  endfacet
  facet normal -0.891007 0.453989 0
    outer loop
      vertex -50.245 22.3705 16.2
      vertex -47.6314 27.5 24
      vertex -47.6314 27.5 16.2
    endloop
  endfacet
  facet normal -0.891007 0.453989 0
    outer loop
      vertex -47.6314 27.5 24
      vertex -50.245 22.3705 16.2
      vertex -50.245 22.3705 24
    endloop
  endfacet
  facet normal -0.891007 0.453989 0
    outer loop
      vertex -50.245 22.3705 9.2
      vertex -47.6314 27.5 13
      vertex -47.6314 27.5 9.2
    endloop
  endfacet
  facet normal -0.891007 0.453989 0
    outer loop
      vertex -47.6314 27.5 13
      vertex -50.245 22.3705 9.2
      vertex -50.245 22.3705 13
    endloop
  endfacet
  facet normal -0.156438 0.987688 0
    outer loop
      vertex -5.74907 54.6987 0
      vertex -11.4351 53.7981 6
      vertex -5.74907 54.6987 6
    endloop
  endfacet
  facet normal -0.156438 0.987688 0
    outer loop
      vertex -11.4351 53.7981 6
      vertex -5.74907 54.6987 0
      vertex -11.4351 53.7981 0
    endloop
  endfacet
  facet normal -0.156438 0.987688 0
    outer loop
      vertex -5.74907 54.6987 16.2
      vertex -11.4351 53.7981 24
      vertex -5.74907 54.6987 24
    endloop
  endfacet
  facet normal -0.156438 0.987688 0
    outer loop
      vertex -11.4351 53.7981 24
      vertex -5.74907 54.6987 16.2
      vertex -11.4351 53.7981 16.2
    endloop
  endfacet
  facet normal -0.156438 0.987688 0
    outer loop
      vertex -5.74907 54.6987 9.2
      vertex -11.4351 53.7981 13
      vertex -5.74907 54.6987 13
    endloop
  endfacet
  facet normal -0.156438 0.987688 0
    outer loop
      vertex -11.4351 53.7981 13
      vertex -5.74907 54.6987 9.2
      vertex -11.4351 53.7981 9.2
    endloop
  endfacet
  facet normal 0 0 -1
    outer loop
      vertex 49 0 0
      vertex 55 0 0
      vertex 54.6987 -5.74907 0
    endloop
  endfacet
  facet normal 0 0 -1
    outer loop
      vertex 48.7316 -5.12189 0
      vertex 54.6987 -5.74907 0
      vertex 53.7981 -11.4351 0
    endloop
  endfacet
  facet normal 0 0 -1
    outer loop
      vertex 55 0 0
      vertex 49 0 0
      vertex 54.6987 5.74907 0
    endloop
  endfacet
  facet normal 0 0 -1
    outer loop
      vertex 47.9292 -10.1877 0
      vertex 53.7981 -11.4351 0
      vertex 52.3081 -16.9959 0
    endloop
  endfacet
  facet normal 0 0 -1
    outer loop
      vertex 48.7316 5.12189 0
      vertex 54.6987 5.74907 0
      vertex 49 0 0
    endloop
  endfacet
  facet normal 0 0 -1
    outer loop
      vertex 46.6018 -15.1418 0
      vertex 52.3081 -16.9959 0
      vertex 50.245 -22.3705 0
    endloop
  endfacet
  facet normal -0 0 -1
    outer loop
      vertex 54.6987 5.74907 0
      vertex 48.7316 5.12189 0
      vertex 53.7981 11.4351 0
    endloop
  endfacet
  facet normal 0 0 -1
    outer loop
      vertex 47.9292 10.1877 0
      vertex 53.7981 11.4351 0
      vertex 48.7316 5.12189 0
    endloop
  endfacet
  facet normal 0 0 -1
    outer loop
      vertex 54.6987 -5.74907 0
      vertex 48.7316 -5.12189 0
      vertex 49 0 0
    endloop
  endfacet
  facet normal 0 0 -1
    outer loop
      vertex 53.7981 -11.4351 0
      vertex 47.9292 -10.1877 0
      vertex 48.7316 -5.12189 0
    endloop
  endfacet
  facet normal 0 0 -1
    outer loop
      vertex 44.7637 -19.9301 0
      vertex 50.245 -22.3705 0
      vertex 47.6314 -27.5 0
    endloop
  endfacet
  facet normal 0 0 -1
    outer loop
      vertex 52.3081 -16.9959 0
      vertex 46.6018 -15.1418 0
      vertex 47.9292 -10.1877 0
    endloop
  endfacet
  facet normal 0 0 -1
    outer loop
      vertex 50.245 -22.3705 0
      vertex 44.7637 -19.9301 0
      vertex 46.6018 -15.1418 0
    endloop
  endfacet
  facet normal 0 0 -1
    outer loop
      vertex 42.4352 -24.5 0
      vertex 47.6314 -27.5 0
      vertex 44.4959 -32.3282 0
    endloop
  endfacet
  facet normal 0 0 -1
    outer loop
      vertex 47.6314 -27.5 0
      vertex 42.4352 -24.5 0
      vertex 44.7637 -19.9301 0
    endloop
  endfacet
  facet normal 0 0 -1
    outer loop
      vertex 39.6418 -28.8015 0
      vertex 44.4959 -32.3282 0
      vertex 40.873 -36.8022 0
    endloop
  endfacet
  facet normal 0 0 -1
    outer loop
      vertex 44.4959 -32.3282 0
      vertex 39.6418 -28.8015 0
      vertex 42.4352 -24.5 0
    endloop
  endfacet
  facet normal 0 0 -1
    outer loop
      vertex 36.4141 -32.7874 0
      vertex 40.873 -36.8022 0
      vertex 36.8022 -40.873 0
    endloop
  endfacet
  facet normal 0 0 -1
    outer loop
      vertex 40.873 -36.8022 0
      vertex 36.4141 -32.7874 0
      vertex 39.6418 -28.8015 0
    endloop
  endfacet
  facet normal 0 0 -1
    outer loop
      vertex 36.8022 -40.873 0
      vertex 32.7874 -36.4141 0
      vertex 36.4141 -32.7874 0
    endloop
  endfacet
  facet normal 0 0 -1
    outer loop
      vertex 32.3282 -44.4959 0
      vertex 32.7874 -36.4141 0
      vertex 36.8022 -40.873 0
    endloop
  endfacet
  facet normal 0 0 -1
    outer loop
      vertex 32.3282 -44.4959 0
      vertex 28.8015 -39.6418 0
      vertex 32.7874 -36.4141 0
    endloop
  endfacet
  facet normal 0 0 -1
    outer loop
      vertex 27.5 -47.6314 0
      vertex 28.8015 -39.6418 0
      vertex 32.3282 -44.4959 0
    endloop
  endfacet
  facet normal 0 0 -1
    outer loop
      vertex 27.5 -47.6314 0
      vertex 24.5 -42.4352 0
      vertex 28.8015 -39.6418 0
    endloop
  endfacet
  facet normal 0 0 -1
    outer loop
      vertex 22.3705 -50.245 0
      vertex 24.5 -42.4352 0
      vertex 27.5 -47.6314 0
    endloop
  endfacet
  facet normal 0 0 -1
    outer loop
      vertex 22.3705 -50.245 0
      vertex 19.9301 -44.7637 0
      vertex 24.5 -42.4352 0
    endloop
  endfacet
  facet normal 0 0 -1
    outer loop
      vertex 16.9959 -52.3081 0
      vertex 19.9301 -44.7637 0
      vertex 22.3705 -50.245 0
    endloop
  endfacet
  facet normal 0 0 -1
    outer loop
      vertex 16.9959 -52.3081 0
      vertex 15.1418 -46.6018 0
      vertex 19.9301 -44.7637 0
    endloop
  endfacet
  facet normal 0 0 -1
    outer loop
      vertex 11.4351 -53.7981 0
      vertex 15.1418 -46.6018 0
      vertex 16.9959 -52.3081 0
    endloop
  endfacet
  facet normal 0 0 -1
    outer loop
      vertex 11.4351 -53.7981 0
      vertex 10.1877 -47.9292 0
      vertex 15.1418 -46.6018 0
    endloop
  endfacet
  facet normal 0 0 -1
    outer loop
      vertex 5.74907 -54.6987 0
      vertex 10.1877 -47.9292 0
      vertex 11.4351 -53.7981 0
    endloop
  endfacet
  facet normal 0 0 -1
    outer loop
      vertex 5.74907 -54.6987 0
      vertex 5.12189 -48.7316 0
      vertex 10.1877 -47.9292 0
    endloop
  endfacet
  facet normal 0 0 -1
    outer loop
      vertex 0 -55 0
      vertex 5.12189 -48.7316 0
      vertex 5.74907 -54.6987 0
    endloop
  endfacet
  facet normal 0 0 -1
    outer loop
      vertex 0 -55 0
      vertex 0 -49 0
      vertex 5.12189 -48.7316 0
    endloop
  endfacet
  facet normal 0 0 -1
    outer loop
      vertex 0 -55 0
      vertex -5.12189 -48.7316 0
      vertex 0 -49 0
    endloop
  endfacet
  facet normal 0 0 -1
    outer loop
      vertex -5.74907 -54.6987 0
      vertex -5.12189 -48.7316 0
      vertex 0 -55 0
    endloop
  endfacet
  facet normal 0 0 -1
    outer loop
      vertex -5.74907 -54.6987 0
      vertex -10.1877 -47.9292 0
      vertex -5.12189 -48.7316 0
    endloop
  endfacet
  facet normal 0 0 -1
    outer loop
      vertex -11.4351 -53.7981 0
      vertex -10.1877 -47.9292 0
      vertex -5.74907 -54.6987 0
    endloop
  endfacet
  facet normal 0 0 -1
    outer loop
      vertex -11.4351 -53.7981 0
      vertex -15.1418 -46.6018 0
      vertex -10.1877 -47.9292 0
    endloop
  endfacet
  facet normal 0 0 -1
    outer loop
      vertex -16.9959 -52.3081 0
      vertex -15.1418 -46.6018 0
      vertex -11.4351 -53.7981 0
    endloop
  endfacet
  facet normal 0 0 -1
    outer loop
      vertex -16.9959 -52.3081 0
      vertex -19.9301 -44.7637 0
      vertex -15.1418 -46.6018 0
    endloop
  endfacet
  facet normal 0 0 -1
    outer loop
      vertex -22.3705 -50.245 0
      vertex -19.9301 -44.7637 0
      vertex -16.9959 -52.3081 0
    endloop
  endfacet
  facet normal 0 0 -1
    outer loop
      vertex -22.3705 -50.245 0
      vertex -24.5 -42.4352 0
      vertex -19.9301 -44.7637 0
    endloop
  endfacet
  facet normal 0 0 -1
    outer loop
      vertex -27.5 -47.6314 0
      vertex -24.5 -42.4352 0
      vertex -22.3705 -50.245 0
    endloop
  endfacet
  facet normal 0 0 -1
    outer loop
      vertex -27.5 -47.6314 0
      vertex -28.8015 -39.6418 0
      vertex -24.5 -42.4352 0
    endloop
  endfacet
  facet normal 0 0 -1
    outer loop
      vertex -32.3282 -44.4959 0
      vertex -28.8015 -39.6418 0
      vertex -27.5 -47.6314 0
    endloop
  endfacet
  facet normal 0 0 -1
    outer loop
      vertex -32.3282 -44.4959 0
      vertex -32.7874 -36.4141 0
      vertex -28.8015 -39.6418 0
    endloop
  endfacet
  facet normal 0 0 -1
    outer loop
      vertex -36.8022 -40.873 0
      vertex -32.7874 -36.4141 0
      vertex -32.3282 -44.4959 0
    endloop
  endfacet
  facet normal -0 0 -1
    outer loop
      vertex -32.7874 -36.4141 0
      vertex -36.8022 -40.873 0
      vertex -36.4141 -32.7874 0
    endloop
  endfacet
  facet normal 0 0 -1
    outer loop
      vertex -40.873 -36.8022 0
      vertex -36.4141 -32.7874 0
      vertex -36.8022 -40.873 0
    endloop
  endfacet
  facet normal -0 0 -1
    outer loop
      vertex -36.4141 -32.7874 0
      vertex -40.873 -36.8022 0
      vertex -39.6418 -28.8015 0
    endloop
  endfacet
  facet normal 0 0 -1
    outer loop
      vertex -44.4959 -32.3282 0
      vertex -39.6418 -28.8015 0
      vertex -40.873 -36.8022 0
    endloop
  endfacet
  facet normal -0 0 -1
    outer loop
      vertex -39.6418 -28.8015 0
      vertex -44.4959 -32.3282 0
      vertex -42.4352 -24.5 0
    endloop
  endfacet
  facet normal 0 0 -1
    outer loop
      vertex -47.6314 -27.5 0
      vertex -42.4352 -24.5 0
      vertex -44.4959 -32.3282 0
    endloop
  endfacet
  facet normal -0 0 -1
    outer loop
      vertex -42.4352 -24.5 0
      vertex -47.6314 -27.5 0
      vertex -44.7637 -19.9301 0
    endloop
  endfacet
  facet normal 0 0 -1
    outer loop
      vertex -50.245 -22.3705 0
      vertex -44.7637 -19.9301 0
      vertex -47.6314 -27.5 0
    endloop
  endfacet
  facet normal -0 0 -1
    outer loop
      vertex -44.7637 -19.9301 0
      vertex -50.245 -22.3705 0
      vertex -46.6018 -15.1418 0
    endloop
  endfacet
  facet normal 0 0 -1
    outer loop
      vertex -52.3081 -16.9959 0
      vertex -46.6018 -15.1418 0
      vertex -50.245 -22.3705 0
    endloop
  endfacet
  facet normal -0 0 -1
    outer loop
      vertex -46.6018 -15.1418 0
      vertex -52.3081 -16.9959 0
      vertex -47.9292 -10.1877 0
    endloop
  endfacet
  facet normal 0 0 -1
    outer loop
      vertex -53.7981 -11.4351 0
      vertex -47.9292 -10.1877 0
      vertex -52.3081 -16.9959 0
    endloop
  endfacet
  facet normal -0 0 -1
    outer loop
      vertex 53.7981 11.4351 0
      vertex 47.9292 10.1877 0
      vertex 52.3081 16.9959 0
    endloop
  endfacet
  facet normal 0 0 -1
    outer loop
      vertex 46.6018 15.1418 0
      vertex 52.3081 16.9959 0
      vertex 47.9292 10.1877 0
    endloop
  endfacet
  facet normal -0 0 -1
    outer loop
      vertex 52.3081 16.9959 0
      vertex 46.6018 15.1418 0
      vertex 50.245 22.3705 0
    endloop
  endfacet
  facet normal 0 0 -1
    outer loop
      vertex 44.7637 19.9301 0
      vertex 50.245 22.3705 0
      vertex 46.6018 15.1418 0
    endloop
  endfacet
  facet normal -0 0 -1
    outer loop
      vertex 50.245 22.3705 0
      vertex 44.7637 19.9301 0
      vertex 47.6314 27.5 0
    endloop
  endfacet
  facet normal 0 0 -1
    outer loop
      vertex 42.4352 24.5 0
      vertex 47.6314 27.5 0
      vertex 44.7637 19.9301 0
    endloop
  endfacet
  facet normal -0 0 -1
    outer loop
      vertex 47.6314 27.5 0
      vertex 42.4352 24.5 0
      vertex 44.4959 32.3282 0
    endloop
  endfacet
  facet normal 0 0 -1
    outer loop
      vertex 39.6418 28.8015 0
      vertex 44.4959 32.3282 0
      vertex 42.4352 24.5 0
    endloop
  endfacet
  facet normal -0 0 -1
    outer loop
      vertex 44.4959 32.3282 0
      vertex 39.6418 28.8015 0
      vertex 40.873 36.8022 0
    endloop
  endfacet
  facet normal 0 0 -1
    outer loop
      vertex 36.4141 32.7874 0
      vertex 40.873 36.8022 0
      vertex 39.6418 28.8015 0
    endloop
  endfacet
  facet normal -0 0 -1
    outer loop
      vertex 40.873 36.8022 0
      vertex 36.4141 32.7874 0
      vertex 36.8022 40.873 0
    endloop
  endfacet
  facet normal 0 0 -1
    outer loop
      vertex 32.7874 36.4141 0
      vertex 36.8022 40.873 0
      vertex 36.4141 32.7874 0
    endloop
  endfacet
  facet normal 0 0 -1
    outer loop
      vertex 32.7874 36.4141 0
      vertex 32.3282 44.4959 0
      vertex 36.8022 40.873 0
    endloop
  endfacet
  facet normal 0 0 -1
    outer loop
      vertex 28.8015 39.6418 0
      vertex 32.3282 44.4959 0
      vertex 32.7874 36.4141 0
    endloop
  endfacet
  facet normal 0 0 -1
    outer loop
      vertex 28.8015 39.6418 0
      vertex 27.5 47.6314 0
      vertex 32.3282 44.4959 0
    endloop
  endfacet
  facet normal 0 0 -1
    outer loop
      vertex 24.5 42.4352 0
      vertex 27.5 47.6314 0
      vertex 28.8015 39.6418 0
    endloop
  endfacet
  facet normal 0 0 -1
    outer loop
      vertex 24.5 42.4352 0
      vertex 22.3705 50.245 0
      vertex 27.5 47.6314 0
    endloop
  endfacet
  facet normal 0 0 -1
    outer loop
      vertex 19.9301 44.7637 0
      vertex 22.3705 50.245 0
      vertex 24.5 42.4352 0
    endloop
  endfacet
  facet normal 0 0 -1
    outer loop
      vertex 19.9301 44.7637 0
      vertex 16.9959 52.3081 0
      vertex 22.3705 50.245 0
    endloop
  endfacet
  facet normal 0 0 -1
    outer loop
      vertex 15.1418 46.6018 0
      vertex 16.9959 52.3081 0
      vertex 19.9301 44.7637 0
    endloop
  endfacet
  facet normal 0 0 -1
    outer loop
      vertex 15.1418 46.6018 0
      vertex 11.4351 53.7981 0
      vertex 16.9959 52.3081 0
    endloop
  endfacet
  facet normal 0 0 -1
    outer loop
      vertex 10.1877 47.9292 0
      vertex 11.4351 53.7981 0
      vertex 15.1418 46.6018 0
    endloop
  endfacet
  facet normal 0 0 -1
    outer loop
      vertex 10.1877 47.9292 0
      vertex 5.74907 54.6987 0
      vertex 11.4351 53.7981 0
    endloop
  endfacet
  facet normal 0 0 -1
    outer loop
      vertex 5.12189 48.7316 0
      vertex 5.74907 54.6987 0
      vertex 10.1877 47.9292 0
    endloop
  endfacet
  facet normal 0 0 -1
    outer loop
      vertex 0 49 0
      vertex 5.74907 54.6987 0
      vertex 5.12189 48.7316 0
    endloop
  endfacet
  facet normal 0 0 -1
    outer loop
      vertex 0 49 0
      vertex 0 55 0
      vertex 5.74907 54.6987 0
    endloop
  endfacet
  facet normal 0 0 -1
    outer loop
      vertex -5.12189 48.7316 0
      vertex 0 55 0
      vertex 0 49 0
    endloop
  endfacet
  facet normal 0 0 -1
    outer loop
      vertex -5.12189 48.7316 0
      vertex -5.74907 54.6987 0
      vertex 0 55 0
    endloop
  endfacet
  facet normal 0 0 -1
    outer loop
      vertex -10.1877 47.9292 0
      vertex -5.74907 54.6987 0
      vertex -5.12189 48.7316 0
    endloop
  endfacet
  facet normal 0 0 -1
    outer loop
      vertex -10.1877 47.9292 0
      vertex -11.4351 53.7981 0
      vertex -5.74907 54.6987 0
    endloop
  endfacet
  facet normal 0 0 -1
    outer loop
      vertex -15.1418 46.6018 0
      vertex -11.4351 53.7981 0
      vertex -10.1877 47.9292 0
    endloop
  endfacet
  facet normal 0 0 -1
    outer loop
      vertex -15.1418 46.6018 0
      vertex -16.9959 52.3081 0
      vertex -11.4351 53.7981 0
    endloop
  endfacet
  facet normal 0 0 -1
    outer loop
      vertex -19.9301 44.7637 0
      vertex -16.9959 52.3081 0
      vertex -15.1418 46.6018 0
    endloop
  endfacet
  facet normal 0 0 -1
    outer loop
      vertex -19.9301 44.7637 0
      vertex -22.3705 50.245 0
      vertex -16.9959 52.3081 0
    endloop
  endfacet
  facet normal 0 0 -1
    outer loop
      vertex -24.5 42.4352 0
      vertex -22.3705 50.245 0
      vertex -19.9301 44.7637 0
    endloop
  endfacet
  facet normal 0 0 -1
    outer loop
      vertex -24.5 42.4352 0
      vertex -27.5 47.6314 0
      vertex -22.3705 50.245 0
    endloop
  endfacet
  facet normal 0 0 -1
    outer loop
      vertex -28.8015 39.6418 0
      vertex -27.5 47.6314 0
      vertex -24.5 42.4352 0
    endloop
  endfacet
  facet normal 0 0 -1
    outer loop
      vertex -28.8015 39.6418 0
      vertex -32.3282 44.4959 0
      vertex -27.5 47.6314 0
    endloop
  endfacet
  facet normal 0 0 -1
    outer loop
      vertex -32.7874 36.4141 0
      vertex -32.3282 44.4959 0
      vertex -28.8015 39.6418 0
    endloop
  endfacet
  facet normal 0 0 -1
    outer loop
      vertex -36.8022 40.873 0
      vertex -32.7874 36.4141 0
      vertex -36.4141 32.7874 0
    endloop
  endfacet
  facet normal 0 0 -1
    outer loop
      vertex -32.7874 36.4141 0
      vertex -36.8022 40.873 0
      vertex -32.3282 44.4959 0
    endloop
  endfacet
  facet normal 0 0 -1
    outer loop
      vertex -40.873 36.8022 0
      vertex -36.4141 32.7874 0
      vertex -39.6418 28.8015 0
    endloop
  endfacet
  facet normal 0 0 -1
    outer loop
      vertex -36.4141 32.7874 0
      vertex -40.873 36.8022 0
      vertex -36.8022 40.873 0
    endloop
  endfacet
  facet normal 0 0 -1
    outer loop
      vertex -44.4959 32.3282 0
      vertex -39.6418 28.8015 0
      vertex -42.4352 24.5 0
    endloop
  endfacet
  facet normal 0 0 -1
    outer loop
      vertex -39.6418 28.8015 0
      vertex -44.4959 32.3282 0
      vertex -40.873 36.8022 0
    endloop
  endfacet
  facet normal 0 0 -1
    outer loop
      vertex -47.6314 27.5 0
      vertex -42.4352 24.5 0
      vertex -44.7637 19.9301 0
    endloop
  endfacet
  facet normal 0 0 -1
    outer loop
      vertex -50.245 22.3705 0
      vertex -44.7637 19.9301 0
      vertex -46.6018 15.1418 0
    endloop
  endfacet
  facet normal 0 0 -1
    outer loop
      vertex -42.4352 24.5 0
      vertex -47.6314 27.5 0
      vertex -44.4959 32.3282 0
    endloop
  endfacet
  facet normal 0 0 -1
    outer loop
      vertex -52.3081 16.9959 0
      vertex -46.6018 15.1418 0
      vertex -47.9292 10.1877 0
    endloop
  endfacet
  facet normal 0 0 -1
    outer loop
      vertex -53.7981 11.4351 0
      vertex -47.9292 10.1877 0
      vertex -48.7316 5.12189 0
    endloop
  endfacet
  facet normal 0 0 -1
    outer loop
      vertex -54.6987 5.74907 0
      vertex -48.7316 5.12189 0
      vertex -49 0 0
    endloop
  endfacet
  facet normal -0 0 -1
    outer loop
      vertex -47.9292 -10.1877 0
      vertex -53.7981 -11.4351 0
      vertex -48.7316 -5.12189 0
    endloop
  endfacet
  facet normal 0 0 -1
    outer loop
      vertex -44.7637 19.9301 0
      vertex -50.245 22.3705 0
      vertex -47.6314 27.5 0
    endloop
  endfacet
  facet normal 0 0 -1
    outer loop
      vertex -54.6987 -5.74907 0
      vertex -48.7316 -5.12189 0
      vertex -53.7981 -11.4351 0
    endloop
  endfacet
  facet normal 0 0 -1
    outer loop
      vertex -46.6018 15.1418 0
      vertex -52.3081 16.9959 0
      vertex -50.245 22.3705 0
    endloop
  endfacet
  facet normal -0 0 -1
    outer loop
      vertex -48.7316 -5.12189 0
      vertex -54.6987 -5.74907 0
      vertex -49 0 0
    endloop
  endfacet
  facet normal 0 0 -1
    outer loop
      vertex -47.9292 10.1877 0
      vertex -53.7981 11.4351 0
      vertex -52.3081 16.9959 0
    endloop
  endfacet
  facet normal 0 0 -1
    outer loop
      vertex -55 0 0
      vertex -49 0 0
      vertex -54.6987 -5.74907 0
    endloop
  endfacet
  facet normal 0 0 -1
    outer loop
      vertex -48.7316 5.12189 0
      vertex -54.6987 5.74907 0
      vertex -53.7981 11.4351 0
    endloop
  endfacet
  facet normal 0 0 -1
    outer loop
      vertex -49 0 0
      vertex -55 0 0
      vertex -54.6987 5.74907 0
    endloop
  endfacet
  facet normal 0.965926 0.258817 0
    outer loop
      vertex 53.7981 11.4351 6
      vertex 52.3081 16.9959 0
      vertex 52.3081 16.9959 6
    endloop
  endfacet
  facet normal 0.965926 0.258817 0
    outer loop
      vertex 52.3081 16.9959 0
      vertex 53.7981 11.4351 6
      vertex 53.7981 11.4351 0
    endloop
  endfacet
  facet normal 0.965926 0.258817 0
    outer loop
      vertex 53.7981 11.4351 24
      vertex 52.3081 16.9959 16.2
      vertex 52.3081 16.9959 24
    endloop
  endfacet
  facet normal 0.965926 0.258817 0
    outer loop
      vertex 52.3081 16.9959 16.2
      vertex 53.7981 11.4351 24
      vertex 53.7981 11.4351 16.2
    endloop
  endfacet
  facet normal 0.965926 0.258817 0
    outer loop
      vertex 53.7981 11.4351 13
      vertex 52.3081 16.9959 9.2
      vertex 52.3081 16.9959 13
    endloop
  endfacet
  facet normal 0.965926 0.258817 0
    outer loop
      vertex 52.3081 16.9959 9.2
      vertex 53.7981 11.4351 13
      vertex 53.7981 11.4351 9.2
    endloop
  endfacet
  facet normal 0.987688 0.156438 0
    outer loop
      vertex 54.6987 5.74907 6
      vertex 53.7981 11.4351 0
      vertex 53.7981 11.4351 6
    endloop
  endfacet
  facet normal 0.987688 0.156438 0
    outer loop
      vertex 53.7981 11.4351 0
      vertex 54.6987 5.74907 6
      vertex 54.6987 5.74907 0
    endloop
  endfacet
  facet normal 0.987687 0.156444 0
    outer loop
      vertex 54.3422 8 24
      vertex 53.7981 11.4351 16.2
      vertex 53.7981 11.4351 24
    endloop
  endfacet
  facet normal 0.987689 0.156429 -0
    outer loop
      vertex 54.6987 5.74907 16.2
      vertex 54.3422 8 24
      vertex 54.6987 5.74907 24
    endloop
  endfacet
  facet normal 0.987688 0.156438 -2.62478e-06
    outer loop
      vertex 54.3422 8 24
      vertex 54.6987 5.74907 16.2
      vertex 53.7981 11.4351 16.2
    endloop
  endfacet
  facet normal 0.987688 0.156438 0
    outer loop
      vertex 54.6987 5.74907 13
      vertex 53.7981 11.4351 9.2
      vertex 53.7981 11.4351 13
    endloop
  endfacet
  facet normal 0.987688 0.156438 0
    outer loop
      vertex 53.7981 11.4351 9.2
      vertex 54.6987 5.74907 13
      vertex 54.6987 5.74907 9.2
    endloop
  endfacet
  facet normal 0.838668 0.544643 0
    outer loop
      vertex 47.6314 27.5 24
      vertex 44.4959 32.3282 16.2
      vertex 44.4959 32.3282 24
    endloop
  endfacet
  facet normal 0.838668 0.544643 0
    outer loop
      vertex 44.4959 32.3282 16.2
      vertex 47.6314 27.5 24
      vertex 47.6314 27.5 16.2
    endloop
  endfacet
  facet normal 0.838668 0.544643 0
    outer loop
      vertex 47.6314 27.5 6
      vertex 44.4959 32.3282 0
      vertex 44.4959 32.3282 6
    endloop
  endfacet
  facet normal 0.838668 0.544643 0
    outer loop
      vertex 44.4959 32.3282 0
      vertex 47.6314 27.5 6
      vertex 47.6314 27.5 0
    endloop
  endfacet
  facet normal 0.838668 0.544643 0
    outer loop
      vertex 47.6314 27.5 13
      vertex 44.4959 32.3282 9.2
      vertex 44.4959 32.3282 13
    endloop
  endfacet
  facet normal 0.838668 0.544643 0
    outer loop
      vertex 44.4959 32.3282 9.2
      vertex 47.6314 27.5 13
      vertex 47.6314 27.5 9.2
    endloop
  endfacet
  facet normal 0.777152 0.629313 0
    outer loop
      vertex 44.4959 32.3282 24
      vertex 40.873 36.8022 16.2
      vertex 40.873 36.8022 24
    endloop
  endfacet
  facet normal 0.777152 0.629313 0
    outer loop
      vertex 40.873 36.8022 16.2
      vertex 44.4959 32.3282 24
      vertex 44.4959 32.3282 16.2
    endloop
  endfacet
  facet normal 0.777152 0.629313 0
    outer loop
      vertex 44.4959 32.3282 6
      vertex 40.873 36.8022 0
      vertex 40.873 36.8022 6
    endloop
  endfacet
  facet normal 0.777152 0.629313 0
    outer loop
      vertex 40.873 36.8022 0
      vertex 44.4959 32.3282 6
      vertex 44.4959 32.3282 0
    endloop
  endfacet
  facet normal 0.777152 0.629313 0
    outer loop
      vertex 44.4959 32.3282 13
      vertex 40.873 36.8022 9.2
      vertex 40.873 36.8022 13
    endloop
  endfacet
  facet normal 0.777152 0.629313 0
    outer loop
      vertex 40.873 36.8022 9.2
      vertex 44.4959 32.3282 13
      vertex 44.4959 32.3282 9.2
    endloop
  endfacet
  facet normal 0.891007 0.453989 0
    outer loop
      vertex 50.245 22.3705 6
      vertex 47.6314 27.5 0
      vertex 47.6314 27.5 6
    endloop
  endfacet
  facet normal 0.891007 0.453989 0
    outer loop
      vertex 47.6314 27.5 0
      vertex 50.245 22.3705 6
      vertex 50.245 22.3705 0
    endloop
  endfacet
  facet normal 0.891007 0.453989 0
    outer loop
      vertex 50.245 22.3705 24
      vertex 47.6314 27.5 16.2
      vertex 47.6314 27.5 24
    endloop
  endfacet
  facet normal 0.891007 0.453989 0
    outer loop
      vertex 47.6314 27.5 16.2
      vertex 50.245 22.3705 24
      vertex 50.245 22.3705 16.2
    endloop
  endfacet
  facet normal 0.891007 0.453989 0
    outer loop
      vertex 50.245 22.3705 13
      vertex 47.6314 27.5 9.2
      vertex 47.6314 27.5 13
    endloop
  endfacet
  facet normal 0.891007 0.453989 0
    outer loop
      vertex 47.6314 27.5 9.2
      vertex 50.245 22.3705 13
      vertex 50.245 22.3705 9.2
    endloop
  endfacet
  facet normal 0.156438 0.987688 -0
    outer loop
      vertex 11.4351 53.7981 0
      vertex 5.74907 54.6987 6
      vertex 11.4351 53.7981 6
    endloop
  endfacet
  facet normal 0.156438 0.987688 0
    outer loop
      vertex 5.74907 54.6987 6
      vertex 11.4351 53.7981 0
      vertex 5.74907 54.6987 0
    endloop
  endfacet
  facet normal 0.156438 0.987688 -0
    outer loop
      vertex 11.4351 53.7981 16.2
      vertex 5.74907 54.6987 24
      vertex 11.4351 53.7981 24
    endloop
  endfacet
  facet normal 0.156438 0.987688 0
    outer loop
      vertex 5.74907 54.6987 24
      vertex 11.4351 53.7981 16.2
      vertex 5.74907 54.6987 16.2
    endloop
  endfacet
  facet normal 0.156438 0.987688 -0
    outer loop
      vertex 11.4351 53.7981 9.2
      vertex 5.74907 54.6987 13
      vertex 11.4351 53.7981 13
    endloop
  endfacet
  facet normal 0.156438 0.987688 0
    outer loop
      vertex 5.74907 54.6987 13
      vertex 11.4351 53.7981 9.2
      vertex 5.74907 54.6987 9.2
    endloop
  endfacet
  facet normal 0.453989 0.891007 -0
    outer loop
      vertex 27.5 47.6314 0
      vertex 22.3705 50.245 6
      vertex 27.5 47.6314 6
    endloop
  endfacet
  facet normal 0.453989 0.891007 0
    outer loop
      vertex 22.3705 50.245 6
      vertex 27.5 47.6314 0
      vertex 22.3705 50.245 0
    endloop
  endfacet
  facet normal 0.453989 0.891007 -0
    outer loop
      vertex 27.5 47.6314 16.2
      vertex 22.3705 50.245 24
      vertex 27.5 47.6314 24
    endloop
  endfacet
  facet normal 0.453989 0.891007 0
    outer loop
      vertex 22.3705 50.245 24
      vertex 27.5 47.6314 16.2
      vertex 22.3705 50.245 16.2
    endloop
  endfacet
  facet normal 0.453989 0.891007 -0
    outer loop
      vertex 27.5 47.6314 9.2
      vertex 22.3705 50.245 13
      vertex 27.5 47.6314 13
    endloop
  endfacet
  facet normal 0.453989 0.891007 0
    outer loop
      vertex 22.3705 50.245 13
      vertex 27.5 47.6314 9.2
      vertex 22.3705 50.245 9.2
    endloop
  endfacet
  facet normal 0.629313 0.777152 -0
    outer loop
      vertex 36.8022 40.873 0
      vertex 32.3282 44.4959 6
      vertex 36.8022 40.873 6
    endloop
  endfacet
  facet normal 0.629313 0.777152 0
    outer loop
      vertex 32.3282 44.4959 6
      vertex 36.8022 40.873 0
      vertex 32.3282 44.4959 0
    endloop
  endfacet
  facet normal 0.629313 0.777152 -0
    outer loop
      vertex 36.8022 40.873 16.2
      vertex 32.3282 44.4959 24
      vertex 36.8022 40.873 24
    endloop
  endfacet
  facet normal 0.629313 0.777152 0
    outer loop
      vertex 32.3282 44.4959 24
      vertex 36.8022 40.873 16.2
      vertex 32.3282 44.4959 16.2
    endloop
  endfacet
  facet normal 0.629313 0.777152 -0
    outer loop
      vertex 36.8022 40.873 9.2
      vertex 32.3282 44.4959 13
      vertex 36.8022 40.873 13
    endloop
  endfacet
  facet normal 0.629313 0.777152 0
    outer loop
      vertex 32.3282 44.4959 13
      vertex 36.8022 40.873 9.2
      vertex 32.3282 44.4959 9.2
    endloop
  endfacet
  facet normal -0.965926 0.258817 0
    outer loop
      vertex -53.7981 11.4351 0
      vertex -52.3081 16.9959 6
      vertex -52.3081 16.9959 0
    endloop
  endfacet
  facet normal -0.965926 0.258817 0
    outer loop
      vertex -52.3081 16.9959 6
      vertex -53.7981 11.4351 0
      vertex -53.7981 11.4351 6
    endloop
  endfacet
  facet normal -0.965926 0.258817 0
    outer loop
      vertex -53.7981 11.4351 16.2
      vertex -52.3081 16.9959 24
      vertex -52.3081 16.9959 16.2
    endloop
  endfacet
  facet normal -0.965926 0.258817 0
    outer loop
      vertex -52.3081 16.9959 24
      vertex -53.7981 11.4351 16.2
      vertex -53.7981 11.4351 24
    endloop
  endfacet
  facet normal -0.965926 0.258817 0
    outer loop
      vertex -53.7981 11.4351 9.2
      vertex -52.3081 16.9959 13
      vertex -52.3081 16.9959 9.2
    endloop
  endfacet
  facet normal -0.965926 0.258817 0
    outer loop
      vertex -52.3081 16.9959 13
      vertex -53.7981 11.4351 9.2
      vertex -53.7981 11.4351 13
    endloop
  endfacet
  facet normal -0.777152 0.629313 0
    outer loop
      vertex -44.4959 32.3282 16.2
      vertex -40.873 36.8022 24
      vertex -40.873 36.8022 16.2
    endloop
  endfacet
  facet normal -0.777152 0.629313 0
    outer loop
      vertex -40.873 36.8022 24
      vertex -44.4959 32.3282 16.2
      vertex -44.4959 32.3282 24
    endloop
  endfacet
  facet normal -0.777152 0.629313 0
    outer loop
      vertex -44.4959 32.3282 0
      vertex -40.873 36.8022 6
      vertex -40.873 36.8022 0
    endloop
  endfacet
  facet normal -0.777152 0.629313 0
    outer loop
      vertex -40.873 36.8022 6
      vertex -44.4959 32.3282 0
      vertex -44.4959 32.3282 6
    endloop
  endfacet
  facet normal -0.777152 0.629313 0
    outer loop
      vertex -44.4959 32.3282 9.2
      vertex -40.873 36.8022 13
      vertex -40.873 36.8022 9.2
    endloop
  endfacet
  facet normal -0.777152 0.629313 0
    outer loop
      vertex -40.873 36.8022 13
      vertex -44.4959 32.3282 9.2
      vertex -44.4959 32.3282 13
    endloop
  endfacet
  facet normal -0.707107 0.707107 0
    outer loop
      vertex -40.873 36.8022 16.2
      vertex -36.8022 40.873 24
      vertex -36.8022 40.873 16.2
    endloop
  endfacet
  facet normal -0.707107 0.707107 0
    outer loop
      vertex -36.8022 40.873 24
      vertex -40.873 36.8022 16.2
      vertex -40.873 36.8022 24
    endloop
  endfacet
  facet normal -0.707107 0.707107 0
    outer loop
      vertex -40.873 36.8022 0
      vertex -36.8022 40.873 6
      vertex -36.8022 40.873 0
    endloop
  endfacet
  facet normal -0.707107 0.707107 0
    outer loop
      vertex -36.8022 40.873 6
      vertex -40.873 36.8022 0
      vertex -40.873 36.8022 6
    endloop
  endfacet
  facet normal -0.707107 0.707107 0
    outer loop
      vertex -40.873 36.8022 9.2
      vertex -36.8022 40.873 13
      vertex -36.8022 40.873 9.2
    endloop
  endfacet
  facet normal -0.707107 0.707107 0
    outer loop
      vertex -36.8022 40.873 13
      vertex -40.873 36.8022 9.2
      vertex -40.873 36.8022 13
    endloop
  endfacet
  facet normal -0.838668 0.544643 0
    outer loop
      vertex -47.6314 27.5 0
      vertex -44.4959 32.3282 6
      vertex -44.4959 32.3282 0
    endloop
  endfacet
  facet normal -0.838668 0.544643 0
    outer loop
      vertex -44.4959 32.3282 6
      vertex -47.6314 27.5 0
      vertex -47.6314 27.5 6
    endloop
  endfacet
  facet normal -0.838668 0.544643 0
    outer loop
      vertex -47.6314 27.5 16.2
      vertex -44.4959 32.3282 24
      vertex -44.4959 32.3282 16.2
    endloop
  endfacet
  facet normal -0.838668 0.544643 0
    outer loop
      vertex -44.4959 32.3282 24
      vertex -47.6314 27.5 16.2
      vertex -47.6314 27.5 24
    endloop
  endfacet
  facet normal -0.838668 0.544643 0
    outer loop
      vertex -47.6314 27.5 9.2
      vertex -44.4959 32.3282 13
      vertex -44.4959 32.3282 9.2
    endloop
  endfacet
  facet normal -0.838668 0.544643 0
    outer loop
      vertex -44.4959 32.3282 13
      vertex -47.6314 27.5 9.2
      vertex -47.6314 27.5 13
    endloop
  endfacet
  facet normal -0.933581 0.358366 0
    outer loop
      vertex -52.3081 16.9959 0
      vertex -50.245 22.3705 6
      vertex -50.245 22.3705 0
    endloop
  endfacet
  facet normal -0.933581 0.358366 0
    outer loop
      vertex -50.245 22.3705 6
      vertex -52.3081 16.9959 0
      vertex -52.3081 16.9959 6
    endloop
  endfacet
  facet normal -0.933581 0.358366 0
    outer loop
      vertex -52.3081 16.9959 16.2
      vertex -50.245 22.3705 24
      vertex -50.245 22.3705 16.2
    endloop
  endfacet
  facet normal -0.933581 0.358366 0
    outer loop
      vertex -50.245 22.3705 24
      vertex -52.3081 16.9959 16.2
      vertex -52.3081 16.9959 24
    endloop
  endfacet
  facet normal -0.933581 0.358366 0
    outer loop
      vertex -52.3081 16.9959 9.2
      vertex -50.245 22.3705 13
      vertex -50.245 22.3705 9.2
    endloop
  endfacet
  facet normal -0.933581 0.358366 0
    outer loop
      vertex -50.245 22.3705 13
      vertex -52.3081 16.9959 9.2
      vertex -52.3081 16.9959 13
    endloop
  endfacet
  facet normal -0.987688 0.156438 0
    outer loop
      vertex -54.6987 5.74907 0
      vertex -53.7981 11.4351 6
      vertex -53.7981 11.4351 0
    endloop
  endfacet
  facet normal -0.987688 0.156438 0
    outer loop
      vertex -53.7981 11.4351 6
      vertex -54.6987 5.74907 0
      vertex -54.6987 5.74907 6
    endloop
  endfacet
  facet normal -0.987688 0.156438 0
    outer loop
      vertex -54.6987 5.74907 16.2
      vertex -53.7981 11.4351 24
      vertex -53.7981 11.4351 16.2
    endloop
  endfacet
  facet normal -0.987688 0.156438 0
    outer loop
      vertex -53.7981 11.4351 24
      vertex -54.6987 5.74907 16.2
      vertex -54.6987 5.74907 24
    endloop
  endfacet
  facet normal -0.987688 0.156438 0
    outer loop
      vertex -54.6987 5.74907 9.2
      vertex -53.7981 11.4351 13
      vertex -53.7981 11.4351 9.2
    endloop
  endfacet
  facet normal -0.987688 0.156438 0
    outer loop
      vertex -53.7981 11.4351 13
      vertex -54.6987 5.74907 9.2
      vertex -54.6987 5.74907 13
    endloop
  endfacet
  facet normal 0 0 1
    outer loop
      vertex -16.9959 52.3081 24
      vertex -20.2429 51.0617 24
      vertex -18.0718 47.3013 24
    endloop
  endfacet
  facet normal 0 0 1
    outer loop
      vertex 47.9292 10.1877 24
      vertex 53.7981 11.4351 24
      vertex 52.3081 16.9959 24
    endloop
  endfacet
  facet normal 0 0 1
    outer loop
      vertex 46.6018 15.1418 24
      vertex 52.3081 16.9959 24
      vertex 50.245 22.3705 24
    endloop
  endfacet
  facet normal 0 -0 1
    outer loop
      vertex 47.9292 10.1877 24
      vertex 52.3081 16.9959 24
      vertex 46.6018 15.1418 24
    endloop
  endfacet
  facet normal 0 0 1
    outer loop
      vertex 50 8 24
      vertex 49 0 24
      vertex 50 -8 24
    endloop
  endfacet
  facet normal 0 -0 1
    outer loop
      vertex 50 8 24
      vertex 53.7981 11.4351 24
      vertex 47.9292 10.1877 24
    endloop
  endfacet
  facet normal 0 0 1
    outer loop
      vertex 50 8 24
      vertex 48.7316 5.12189 24
      vertex 49 0 24
    endloop
  endfacet
  facet normal 0 0 1
    outer loop
      vertex 50 8 24
      vertex 47.9292 10.1877 24
      vertex 48.7316 5.12189 24
    endloop
  endfacet
  facet normal 0 0 1
    outer loop
      vertex 44.7637 19.9301 24
      vertex 50.245 22.3705 24
      vertex 47.6314 27.5 24
    endloop
  endfacet
  facet normal 0 0 1
    outer loop
      vertex 53.7981 11.4351 24
      vertex 50 8 24
      vertex 54.3422 8 24
    endloop
  endfacet
  facet normal 0 0 1
    outer loop
      vertex 50.245 22.3705 24
      vertex 44.7637 19.9301 24
      vertex 46.6018 15.1418 24
    endloop
  endfacet
  facet normal 0 0 1
    outer loop
      vertex 42.4352 24.5 24
      vertex 47.6314 27.5 24
      vertex 44.4959 32.3282 24
    endloop
  endfacet
  facet normal 0 0 1
    outer loop
      vertex 47.6314 27.5 24
      vertex 42.4352 24.5 24
      vertex 44.7637 19.9301 24
    endloop
  endfacet
  facet normal 0 0 1
    outer loop
      vertex 39.6418 28.8015 24
      vertex 44.4959 32.3282 24
      vertex 40.873 36.8022 24
    endloop
  endfacet
  facet normal 0 0 1
    outer loop
      vertex 44.4959 32.3282 24
      vertex 39.6418 28.8015 24
      vertex 42.4352 24.5 24
    endloop
  endfacet
  facet normal 0 0 1
    outer loop
      vertex 36.4141 32.7874 24
      vertex 40.873 36.8022 24
      vertex 36.8022 40.873 24
    endloop
  endfacet
  facet normal 0 0 1
    outer loop
      vertex 40.873 36.8022 24
      vertex 36.4141 32.7874 24
      vertex 39.6418 28.8015 24
    endloop
  endfacet
  facet normal 0 0 1
    outer loop
      vertex 36.8022 40.873 24
      vertex 32.7874 36.4141 24
      vertex 36.4141 32.7874 24
    endloop
  endfacet
  facet normal 0 0 1
    outer loop
      vertex 32.3282 44.4959 24
      vertex 32.7874 36.4141 24
      vertex 36.8022 40.873 24
    endloop
  endfacet
  facet normal 0 0 1
    outer loop
      vertex 32.3282 44.4959 24
      vertex 28.8015 39.6418 24
      vertex 32.7874 36.4141 24
    endloop
  endfacet
  facet normal 0 0 1
    outer loop
      vertex 27.5 47.6314 24
      vertex 28.8015 39.6418 24
      vertex 32.3282 44.4959 24
    endloop
  endfacet
  facet normal 0 0 1
    outer loop
      vertex 27.5 47.6314 24
      vertex 24.5 42.4352 24
      vertex 28.8015 39.6418 24
    endloop
  endfacet
  facet normal 0 0 1
    outer loop
      vertex 22.3705 50.245 24
      vertex 24.5 42.4352 24
      vertex 27.5 47.6314 24
    endloop
  endfacet
  facet normal 0 0 1
    outer loop
      vertex 22.3705 50.245 24
      vertex 19.9301 44.7637 24
      vertex 24.5 42.4352 24
    endloop
  endfacet
  facet normal 0 0 1
    outer loop
      vertex 16.9959 52.3081 24
      vertex 19.9301 44.7637 24
      vertex 22.3705 50.245 24
    endloop
  endfacet
  facet normal 0 0 1
    outer loop
      vertex 16.9959 52.3081 24
      vertex 15.1418 46.6018 24
      vertex 19.9301 44.7637 24
    endloop
  endfacet
  facet normal 0 0 1
    outer loop
      vertex 11.4351 53.7981 24
      vertex 15.1418 46.6018 24
      vertex 16.9959 52.3081 24
    endloop
  endfacet
  facet normal 0 0 1
    outer loop
      vertex 11.4351 53.7981 24
      vertex 10.1877 47.9292 24
      vertex 15.1418 46.6018 24
    endloop
  endfacet
  facet normal 0 0 1
    outer loop
      vertex 5.74907 54.6987 24
      vertex 10.1877 47.9292 24
      vertex 11.4351 53.7981 24
    endloop
  endfacet
  facet normal 0 0 1
    outer loop
      vertex 5.74907 54.6987 24
      vertex 5.12189 48.7316 24
      vertex 10.1877 47.9292 24
    endloop
  endfacet
  facet normal 0 0 1
    outer loop
      vertex 0 55 24
      vertex 5.12189 48.7316 24
      vertex 5.74907 54.6987 24
    endloop
  endfacet
  facet normal 0 0 1
    outer loop
      vertex 0 55 24
      vertex 0 49 24
      vertex 5.12189 48.7316 24
    endloop
  endfacet
  facet normal 0 0 1
    outer loop
      vertex 0 55 24
      vertex -5.12189 48.7316 24
      vertex 0 49 24
    endloop
  endfacet
  facet normal -0 0 1
    outer loop
      vertex -5.74907 54.6987 24
      vertex -5.12189 48.7316 24
      vertex 0 55 24
    endloop
  endfacet
  facet normal 0 0 1
    outer loop
      vertex -5.74907 54.6987 24
      vertex -10.1877 47.9292 24
      vertex -5.12189 48.7316 24
    endloop
  endfacet
  facet normal -0 0 1
    outer loop
      vertex -11.4351 53.7981 24
      vertex -10.1877 47.9292 24
      vertex -5.74907 54.6987 24
    endloop
  endfacet
  facet normal 0 0 1
    outer loop
      vertex -11.4351 53.7981 24
      vertex -15.1418 46.6018 24
      vertex -10.1877 47.9292 24
    endloop
  endfacet
  facet normal -0 0 1
    outer loop
      vertex -16.9959 52.3081 24
      vertex -15.1418 46.6018 24
      vertex -11.4351 53.7981 24
    endloop
  endfacet
  facet normal -0 0 1
    outer loop
      vertex -18.0718 47.3013 24
      vertex -15.1418 46.6018 24
      vertex -16.9959 52.3081 24
    endloop
  endfacet
  facet normal 0 0 1
    outer loop
      vertex -18.0718 47.3013 24
      vertex -19.9301 44.7637 24
      vertex -15.1418 46.6018 24
    endloop
  endfacet
  facet normal 0 0 1
    outer loop
      vertex -18.0718 47.3013 24
      vertex -24.5 42.4352 24
      vertex -19.9301 44.7637 24
    endloop
  endfacet
  facet normal 0 0 1
    outer loop
      vertex -31.9282 39.3013 24
      vertex -24.5 42.4352 24
      vertex -18.0718 47.3013 24
    endloop
  endfacet
  facet normal 0 0 1
    outer loop
      vertex -24.5 42.4352 24
      vertex -31.9282 39.3013 24
      vertex -28.8015 39.6418 24
    endloop
  endfacet
  facet normal -0 0 1
    outer loop
      vertex -31.9282 39.3013 24
      vertex -32.7874 36.4141 24
      vertex -28.8015 39.6418 24
    endloop
  endfacet
  facet normal -0 0 1
    outer loop
      vertex -36.8022 40.873 24
      vertex -31.9282 39.3013 24
      vertex -34.0993 43.0617 24
    endloop
  endfacet
  facet normal 0 0 1
    outer loop
      vertex -31.9282 39.3013 24
      vertex -36.8022 40.873 24
      vertex -32.7874 36.4141 24
    endloop
  endfacet
  facet normal 0 0 1
    outer loop
      vertex -32.7874 36.4141 24
      vertex -36.8022 40.873 24
      vertex -36.4141 32.7874 24
    endloop
  endfacet
  facet normal -0 0 1
    outer loop
      vertex -40.873 36.8022 24
      vertex -36.4141 32.7874 24
      vertex -36.8022 40.873 24
    endloop
  endfacet
  facet normal 0 0 1
    outer loop
      vertex -36.4141 32.7874 24
      vertex -40.873 36.8022 24
      vertex -39.6418 28.8015 24
    endloop
  endfacet
  facet normal -0 0 1
    outer loop
      vertex -44.4959 32.3282 24
      vertex -39.6418 28.8015 24
      vertex -40.873 36.8022 24
    endloop
  endfacet
  facet normal 0 0 1
    outer loop
      vertex -39.6418 28.8015 24
      vertex -44.4959 32.3282 24
      vertex -42.4352 24.5 24
    endloop
  endfacet
  facet normal -0 0 1
    outer loop
      vertex -47.6314 27.5 24
      vertex -42.4352 24.5 24
      vertex -44.4959 32.3282 24
    endloop
  endfacet
  facet normal 0 0 1
    outer loop
      vertex -42.4352 24.5 24
      vertex -47.6314 27.5 24
      vertex -44.7637 19.9301 24
    endloop
  endfacet
  facet normal -0 0 1
    outer loop
      vertex -50.245 22.3705 24
      vertex -44.7637 19.9301 24
      vertex -47.6314 27.5 24
    endloop
  endfacet
  facet normal 0 0 1
    outer loop
      vertex -44.7637 19.9301 24
      vertex -50.245 22.3705 24
      vertex -46.6018 15.1418 24
    endloop
  endfacet
  facet normal -0 0 1
    outer loop
      vertex -52.3081 16.9959 24
      vertex -46.6018 15.1418 24
      vertex -50.245 22.3705 24
    endloop
  endfacet
  facet normal 0 0 1
    outer loop
      vertex -46.6018 15.1418 24
      vertex -52.3081 16.9959 24
      vertex -47.9292 10.1877 24
    endloop
  endfacet
  facet normal -0 0 1
    outer loop
      vertex -53.7981 11.4351 24
      vertex -47.9292 10.1877 24
      vertex -52.3081 16.9959 24
    endloop
  endfacet
  facet normal -0 0 1
    outer loop
      vertex 50 -8 24
      vertex 53.7981 -11.4351 24
      vertex 54.3422 -8 24
    endloop
  endfacet
  facet normal 0 0 1
    outer loop
      vertex 53.7981 -11.4351 24
      vertex 47.9292 -10.1877 24
      vertex 52.3081 -16.9959 24
    endloop
  endfacet
  facet normal 0 0 1
    outer loop
      vertex 53.7981 -11.4351 24
      vertex 50 -8 24
      vertex 47.9292 -10.1877 24
    endloop
  endfacet
  facet normal -0 0 1
    outer loop
      vertex 48.7316 -5.12189 24
      vertex 50 -8 24
      vertex 49 0 24
    endloop
  endfacet
  facet normal 0 0 1
    outer loop
      vertex 47.9292 -10.1877 24
      vertex 50 -8 24
      vertex 48.7316 -5.12189 24
    endloop
  endfacet
  facet normal 0 0 1
    outer loop
      vertex 52.3081 -16.9959 24
      vertex 47.9292 -10.1877 24
      vertex 46.6018 -15.1418 24
    endloop
  endfacet
  facet normal 0 0 1
    outer loop
      vertex 52.3081 -16.9959 24
      vertex 46.6018 -15.1418 24
      vertex 50.245 -22.3705 24
    endloop
  endfacet
  facet normal -0 0 1
    outer loop
      vertex 44.7637 -19.9301 24
      vertex 50.245 -22.3705 24
      vertex 46.6018 -15.1418 24
    endloop
  endfacet
  facet normal 0 0 1
    outer loop
      vertex 50.245 -22.3705 24
      vertex 44.7637 -19.9301 24
      vertex 47.6314 -27.5 24
    endloop
  endfacet
  facet normal -0 0 1
    outer loop
      vertex 42.4352 -24.5 24
      vertex 47.6314 -27.5 24
      vertex 44.7637 -19.9301 24
    endloop
  endfacet
  facet normal 0 0 1
    outer loop
      vertex 47.6314 -27.5 24
      vertex 42.4352 -24.5 24
      vertex 44.4959 -32.3282 24
    endloop
  endfacet
  facet normal -0 0 1
    outer loop
      vertex 39.6418 -28.8015 24
      vertex 44.4959 -32.3282 24
      vertex 42.4352 -24.5 24
    endloop
  endfacet
  facet normal 0 0 1
    outer loop
      vertex 44.4959 -32.3282 24
      vertex 39.6418 -28.8015 24
      vertex 40.873 -36.8022 24
    endloop
  endfacet
  facet normal -0 0 1
    outer loop
      vertex 36.4141 -32.7874 24
      vertex 40.873 -36.8022 24
      vertex 39.6418 -28.8015 24
    endloop
  endfacet
  facet normal 0 0 1
    outer loop
      vertex 40.873 -36.8022 24
      vertex 36.4141 -32.7874 24
      vertex 36.8022 -40.873 24
    endloop
  endfacet
  facet normal -0 0 1
    outer loop
      vertex 32.7874 -36.4141 24
      vertex 36.8022 -40.873 24
      vertex 36.4141 -32.7874 24
    endloop
  endfacet
  facet normal 0 0 1
    outer loop
      vertex 32.7874 -36.4141 24
      vertex 32.3282 -44.4959 24
      vertex 36.8022 -40.873 24
    endloop
  endfacet
  facet normal -0 0 1
    outer loop
      vertex 28.8015 -39.6418 24
      vertex 32.3282 -44.4959 24
      vertex 32.7874 -36.4141 24
    endloop
  endfacet
  facet normal 0 0 1
    outer loop
      vertex 28.8015 -39.6418 24
      vertex 27.5 -47.6314 24
      vertex 32.3282 -44.4959 24
    endloop
  endfacet
  facet normal -0 0 1
    outer loop
      vertex 24.5 -42.4352 24
      vertex 27.5 -47.6314 24
      vertex 28.8015 -39.6418 24
    endloop
  endfacet
  facet normal 0 0 1
    outer loop
      vertex 24.5 -42.4352 24
      vertex 22.3705 -50.245 24
      vertex 27.5 -47.6314 24
    endloop
  endfacet
  facet normal -0 0 1
    outer loop
      vertex 19.9301 -44.7637 24
      vertex 22.3705 -50.245 24
      vertex 24.5 -42.4352 24
    endloop
  endfacet
  facet normal 0 0 1
    outer loop
      vertex 19.9301 -44.7637 24
      vertex 16.9959 -52.3081 24
      vertex 22.3705 -50.245 24
    endloop
  endfacet
  facet normal -0 0 1
    outer loop
      vertex 15.1418 -46.6018 24
      vertex 16.9959 -52.3081 24
      vertex 19.9301 -44.7637 24
    endloop
  endfacet
  facet normal 0 0 1
    outer loop
      vertex 15.1418 -46.6018 24
      vertex 11.4351 -53.7981 24
      vertex 16.9959 -52.3081 24
    endloop
  endfacet
  facet normal -0 0 1
    outer loop
      vertex 10.1877 -47.9292 24
      vertex 11.4351 -53.7981 24
      vertex 15.1418 -46.6018 24
    endloop
  endfacet
  facet normal 0 0 1
    outer loop
      vertex 10.1877 -47.9292 24
      vertex 5.74907 -54.6987 24
      vertex 11.4351 -53.7981 24
    endloop
  endfacet
  facet normal -0 0 1
    outer loop
      vertex 5.12189 -48.7316 24
      vertex 5.74907 -54.6987 24
      vertex 10.1877 -47.9292 24
    endloop
  endfacet
  facet normal -0 0 1
    outer loop
      vertex 0 -49 24
      vertex 5.74907 -54.6987 24
      vertex 5.12189 -48.7316 24
    endloop
  endfacet
  facet normal 0 0 1
    outer loop
      vertex 0 -49 24
      vertex 0 -55 24
      vertex 5.74907 -54.6987 24
    endloop
  endfacet
  facet normal 0 0 1
    outer loop
      vertex -5.12189 -48.7316 24
      vertex 0 -55 24
      vertex 0 -49 24
    endloop
  endfacet
  facet normal 0 0 1
    outer loop
      vertex -5.12189 -48.7316 24
      vertex -5.74907 -54.6987 24
      vertex 0 -55 24
    endloop
  endfacet
  facet normal 0 0 1
    outer loop
      vertex -10.1877 -47.9292 24
      vertex -5.74907 -54.6987 24
      vertex -5.12189 -48.7316 24
    endloop
  endfacet
  facet normal 0 0 1
    outer loop
      vertex -10.1877 -47.9292 24
      vertex -11.4351 -53.7981 24
      vertex -5.74907 -54.6987 24
    endloop
  endfacet
  facet normal 0 0 1
    outer loop
      vertex -15.1418 -46.6018 24
      vertex -11.4351 -53.7981 24
      vertex -10.1877 -47.9292 24
    endloop
  endfacet
  facet normal 0 0 1
    outer loop
      vertex -15.1418 -46.6018 24
      vertex -16.9959 -52.3081 24
      vertex -11.4351 -53.7981 24
    endloop
  endfacet
  facet normal 0 0 1
    outer loop
      vertex -15.1418 -46.6018 24
      vertex -18.0718 -47.3013 24
      vertex -16.9959 -52.3081 24
    endloop
  endfacet
  facet normal 0 0 1
    outer loop
      vertex -19.9301 -44.7637 24
      vertex -18.0718 -47.3013 24
      vertex -15.1418 -46.6018 24
    endloop
  endfacet
  facet normal 0 0 1
    outer loop
      vertex -24.5 -42.4352 24
      vertex -18.0718 -47.3013 24
      vertex -19.9301 -44.7637 24
    endloop
  endfacet
  facet normal 0 0 1
    outer loop
      vertex -31.9282 -39.3013 24
      vertex -24.5 -42.4352 24
      vertex -28.8015 -39.6418 24
    endloop
  endfacet
  facet normal 0 0 1
    outer loop
      vertex -24.5 -42.4352 24
      vertex -31.9282 -39.3013 24
      vertex -18.0718 -47.3013 24
    endloop
  endfacet
  facet normal 0 0 1
    outer loop
      vertex -32.7874 -36.4141 24
      vertex -31.9282 -39.3013 24
      vertex -28.8015 -39.6418 24
    endloop
  endfacet
  facet normal 0 0 1
    outer loop
      vertex -36.8022 -40.873 24
      vertex -31.9282 -39.3013 24
      vertex -32.7874 -36.4141 24
    endloop
  endfacet
  facet normal 0 0 1
    outer loop
      vertex -36.8022 -40.873 24
      vertex -32.7874 -36.4141 24
      vertex -36.4141 -32.7874 24
    endloop
  endfacet
  facet normal 0 0 1
    outer loop
      vertex -31.9282 -39.3013 24
      vertex -36.8022 -40.873 24
      vertex -34.0993 -43.0617 24
    endloop
  endfacet
  facet normal 0 0 1
    outer loop
      vertex -40.873 -36.8022 24
      vertex -36.4141 -32.7874 24
      vertex -39.6418 -28.8015 24
    endloop
  endfacet
  facet normal 0 0 1
    outer loop
      vertex -36.4141 -32.7874 24
      vertex -40.873 -36.8022 24
      vertex -36.8022 -40.873 24
    endloop
  endfacet
  facet normal 0 0 1
    outer loop
      vertex -44.4959 -32.3282 24
      vertex -39.6418 -28.8015 24
      vertex -42.4352 -24.5 24
    endloop
  endfacet
  facet normal 0 0 1
    outer loop
      vertex -39.6418 -28.8015 24
      vertex -44.4959 -32.3282 24
      vertex -40.873 -36.8022 24
    endloop
  endfacet
  facet normal 0 0 1
    outer loop
      vertex -47.6314 -27.5 24
      vertex -42.4352 -24.5 24
      vertex -44.7637 -19.9301 24
    endloop
  endfacet
  facet normal 0 0 1
    outer loop
      vertex -50.245 -22.3705 24
      vertex -44.7637 -19.9301 24
      vertex -46.6018 -15.1418 24
    endloop
  endfacet
  facet normal 0 0 1
    outer loop
      vertex -42.4352 -24.5 24
      vertex -47.6314 -27.5 24
      vertex -44.4959 -32.3282 24
    endloop
  endfacet
  facet normal 0 0 1
    outer loop
      vertex -52.3081 -16.9959 24
      vertex -46.6018 -15.1418 24
      vertex -47.9292 -10.1877 24
    endloop
  endfacet
  facet normal 0 0 1
    outer loop
      vertex -53.7981 -11.4351 24
      vertex -47.9292 -10.1877 24
      vertex -48.7316 -5.12189 24
    endloop
  endfacet
  facet normal 0 0 1
    outer loop
      vertex -54.6987 -5.74907 24
      vertex -48.7316 -5.12189 24
      vertex -49 0 24
    endloop
  endfacet
  facet normal 0 0 1
    outer loop
      vertex -47.9292 10.1877 24
      vertex -53.7981 11.4351 24
      vertex -48.7316 5.12189 24
    endloop
  endfacet
  facet normal 0 0 1
    outer loop
      vertex -44.7637 -19.9301 24
      vertex -50.245 -22.3705 24
      vertex -47.6314 -27.5 24
    endloop
  endfacet
  facet normal -0 0 1
    outer loop
      vertex -54.6987 5.74907 24
      vertex -48.7316 5.12189 24
      vertex -53.7981 11.4351 24
    endloop
  endfacet
  facet normal 0 0 1
    outer loop
      vertex -46.6018 -15.1418 24
      vertex -52.3081 -16.9959 24
      vertex -50.245 -22.3705 24
    endloop
  endfacet
  facet normal 0 0 1
    outer loop
      vertex -48.7316 5.12189 24
      vertex -54.6987 5.74907 24
      vertex -49 0 24
    endloop
  endfacet
  facet normal 0 0 1
    outer loop
      vertex -47.9292 -10.1877 24
      vertex -53.7981 -11.4351 24
      vertex -52.3081 -16.9959 24
    endloop
  endfacet
  facet normal 0 0 1
    outer loop
      vertex -55 0 24
      vertex -49 0 24
      vertex -54.6987 5.74907 24
    endloop
  endfacet
  facet normal 0 0 1
    outer loop
      vertex -48.7316 -5.12189 24
      vertex -54.6987 -5.74907 24
      vertex -53.7981 -11.4351 24
    endloop
  endfacet
  facet normal 0 0 1
    outer loop
      vertex -49 0 24
      vertex -55 0 24
      vertex -54.6987 -5.74907 24
    endloop
  endfacet
  facet normal 0 0 1
    outer loop
      vertex -16.9959 -52.3081 24
      vertex -18.0718 -47.3013 24
      vertex -20.2429 -51.0617 24
    endloop
  endfacet
  facet normal 0 0 -1
    outer loop
      vertex -21.0718 -52.4974 24
      vertex -22.3705 -50.245 24
      vertex -20.2429 -51.0617 24
    endloop
  endfacet
  facet normal 0 0 -1
    outer loop
      vertex -21.0718 -52.4974 24
      vertex -27.5 -47.6314 24
      vertex -22.3705 -50.245 24
    endloop
  endfacet
  facet normal 0 0 -1
    outer loop
      vertex -34.9282 -44.4974 24
      vertex -27.5 -47.6314 24
      vertex -21.0718 -52.4974 24
    endloop
  endfacet
  facet normal -0 0 -1
    outer loop
      vertex -32.3282 -44.4959 24
      vertex -34.9282 -44.4974 24
      vertex -34.0993 -43.0617 24
    endloop
  endfacet
  facet normal 0 0 -1
    outer loop
      vertex -27.5 -47.6314 24
      vertex -34.9282 -44.4974 24
      vertex -32.3282 -44.4959 24
    endloop
  endfacet
  facet normal 0 0 -1
    outer loop
      vertex 56 -8 24
      vertex 55 0 24
      vertex 56 8 24
    endloop
  endfacet
  facet normal 0 0 -1
    outer loop
      vertex 56 -8 24
      vertex 54.6987 -5.74907 24
      vertex 55 0 24
    endloop
  endfacet
  facet normal 0 -0 -1
    outer loop
      vertex 54.6987 -5.74907 24
      vertex 56 -8 24
      vertex 54.3422 -8 24
    endloop
  endfacet
  facet normal 0 0 -1
    outer loop
      vertex 54.6987 5.74907 24
      vertex 56 8 24
      vertex 55 0 24
    endloop
  endfacet
  facet normal -0 0 -1
    outer loop
      vertex 56 8 24
      vertex 54.6987 5.74907 24
      vertex 54.3422 8 24
    endloop
  endfacet
  facet normal 0 0 -1
    outer loop
      vertex -22.3705 50.245 24
      vertex -21.0718 52.4974 24
      vertex -20.2429 51.0617 24
    endloop
  endfacet
  facet normal 0 0 -1
    outer loop
      vertex -27.5 47.6314 24
      vertex -21.0718 52.4974 24
      vertex -22.3705 50.245 24
    endloop
  endfacet
  facet normal 0 0 -1
    outer loop
      vertex -34.9282 44.4974 24
      vertex -27.5 47.6314 24
      vertex -32.3282 44.4959 24
    endloop
  endfacet
  facet normal -0 0 -1
    outer loop
      vertex -27.5 47.6314 24
      vertex -34.9282 44.4974 24
      vertex -21.0718 52.4974 24
    endloop
  endfacet
  facet normal 0 0 -1
    outer loop
      vertex -34.9282 44.4974 24
      vertex -32.3282 44.4959 24
      vertex -34.0993 43.0617 24
    endloop
  endfacet
  facet normal -0.453989 0.891007 0
    outer loop
      vertex -22.3705 50.245 0
      vertex -27.5 47.6314 6
      vertex -22.3705 50.245 6
    endloop
  endfacet
  facet normal -0.453989 0.891007 0
    outer loop
      vertex -27.5 47.6314 6
      vertex -22.3705 50.245 0
      vertex -27.5 47.6314 0
    endloop
  endfacet
  facet normal -0.453989 0.891007 0
    outer loop
      vertex -22.3705 50.245 16.2
      vertex -27.5 47.6314 24
      vertex -22.3705 50.245 24
    endloop
  endfacet
  facet normal -0.453989 0.891007 0
    outer loop
      vertex -27.5 47.6314 24
      vertex -22.3705 50.245 16.2
      vertex -27.5 47.6314 16.2
    endloop
  endfacet
  facet normal -0.453989 0.891007 0
    outer loop
      vertex -22.3705 50.245 9.2
      vertex -27.5 47.6314 13
      vertex -22.3705 50.245 13
    endloop
  endfacet
  facet normal -0.453989 0.891007 0
    outer loop
      vertex -27.5 47.6314 13
      vertex -22.3705 50.245 9.2
      vertex -27.5 47.6314 9.2
    endloop
  endfacet
  facet normal -0.358366 0.933581 0
    outer loop
      vertex -16.9959 52.3081 0
      vertex -22.3705 50.245 6
      vertex -16.9959 52.3081 6
    endloop
  endfacet
  facet normal -0.358366 0.933581 0
    outer loop
      vertex -22.3705 50.245 6
      vertex -16.9959 52.3081 0
      vertex -22.3705 50.245 0
    endloop
  endfacet
  facet normal -0.358366 0.933581 0
    outer loop
      vertex -16.9959 52.3081 16.2
      vertex -20.2429 51.0617 24
      vertex -16.9959 52.3081 24
    endloop
  endfacet
  facet normal -0.358366 0.933581 3.50523e-07
    outer loop
      vertex -22.3705 50.245 16.2
      vertex -20.2429 51.0617 24
      vertex -16.9959 52.3081 16.2
    endloop
  endfacet
  facet normal -0.358364 0.933582 0
    outer loop
      vertex -20.2429 51.0617 24
      vertex -22.3705 50.245 16.2
      vertex -22.3705 50.245 24
    endloop
  endfacet
  facet normal -0.358366 0.933581 0
    outer loop
      vertex -16.9959 52.3081 9.2
      vertex -22.3705 50.245 13
      vertex -16.9959 52.3081 13
    endloop
  endfacet
  facet normal -0.358366 0.933581 0
    outer loop
      vertex -22.3705 50.245 13
      vertex -16.9959 52.3081 9.2
      vertex -22.3705 50.245 9.2
    endloop
  endfacet
  facet normal -0.544643 0.838668 0
    outer loop
      vertex -27.5 47.6314 0
      vertex -32.3282 44.4959 6
      vertex -27.5 47.6314 6
    endloop
  endfacet
  facet normal -0.544643 0.838668 0
    outer loop
      vertex -32.3282 44.4959 6
      vertex -27.5 47.6314 0
      vertex -32.3282 44.4959 0
    endloop
  endfacet
  facet normal -0.544643 0.838668 0
    outer loop
      vertex -27.5 47.6314 16.2
      vertex -32.3282 44.4959 24
      vertex -27.5 47.6314 24
    endloop
  endfacet
  facet normal -0.544643 0.838668 0
    outer loop
      vertex -32.3282 44.4959 24
      vertex -27.5 47.6314 16.2
      vertex -32.3282 44.4959 16.2
    endloop
  endfacet
  facet normal -0.544643 0.838668 0
    outer loop
      vertex -27.5 47.6314 9.2
      vertex -32.3282 44.4959 13
      vertex -27.5 47.6314 13
    endloop
  endfacet
  facet normal -0.544643 0.838668 0
    outer loop
      vertex -32.3282 44.4959 13
      vertex -27.5 47.6314 9.2
      vertex -32.3282 44.4959 9.2
    endloop
  endfacet
  facet normal -0.0523367 0.998629 0
    outer loop
      vertex 0 55 0
      vertex -5.74907 54.6987 6
      vertex 0 55 6
    endloop
  endfacet
  facet normal -0.0523367 0.998629 0
    outer loop
      vertex -5.74907 54.6987 6
      vertex 0 55 0
      vertex -5.74907 54.6987 0
    endloop
  endfacet
  facet normal -0.0523367 0.998629 0
    outer loop
      vertex 0 55 16.2
      vertex -5.74907 54.6987 24
      vertex 0 55 24
    endloop
  endfacet
  facet normal -0.0523367 0.998629 0
    outer loop
      vertex -5.74907 54.6987 24
      vertex 0 55 16.2
      vertex -5.74907 54.6987 16.2
    endloop
  endfacet
  facet normal -0.0523367 0.998629 0
    outer loop
      vertex 0 55 9.2
      vertex -5.74907 54.6987 13
      vertex 0 55 13
    endloop
  endfacet
  facet normal -0.0523367 0.998629 0
    outer loop
      vertex -5.74907 54.6987 13
      vertex 0 55 9.2
      vertex -5.74907 54.6987 9.2
    endloop
  endfacet
  facet normal 0.998629 -0.0523367 0
    outer loop
      vertex 54.6987 -5.74907 6
      vertex 55 0 0
      vertex 55 0 6
    endloop
  endfacet
  facet normal 0.998629 -0.0523367 0
    outer loop
      vertex 55 0 0
      vertex 54.6987 -5.74907 6
      vertex 54.6987 -5.74907 0
    endloop
  endfacet
  facet normal 0.998629 -0.0523367 0
    outer loop
      vertex 54.6987 -5.74907 24
      vertex 55 0 16.2
      vertex 55 0 24
    endloop
  endfacet
  facet normal 0.998629 -0.0523367 0
    outer loop
      vertex 55 0 16.2
      vertex 54.6987 -5.74907 24
      vertex 54.6987 -5.74907 16.2
    endloop
  endfacet
  facet normal 0.998629 -0.0523367 0
    outer loop
      vertex 54.6987 -5.74907 13
      vertex 55 0 9.2
      vertex 55 0 13
    endloop
  endfacet
  facet normal 0.998629 -0.0523367 0
    outer loop
      vertex 55 0 9.2
      vertex 54.6987 -5.74907 13
      vertex 54.6987 -5.74907 9.2
    endloop
  endfacet
  facet normal 0.0523367 -0.998629 0
    outer loop
      vertex 0 -55 16.2
      vertex 5.74907 -54.6987 24
      vertex 0 -55 24
    endloop
  endfacet
  facet normal 0.0523367 -0.998629 0
    outer loop
      vertex 5.74907 -54.6987 24
      vertex 0 -55 16.2
      vertex 5.74907 -54.6987 16.2
    endloop
  endfacet
  facet normal 0.0523367 -0.998629 0
    outer loop
      vertex 0 -55 0
      vertex 5.74907 -54.6987 6
      vertex 0 -55 6
    endloop
  endfacet
  facet normal 0.0523367 -0.998629 0
    outer loop
      vertex 5.74907 -54.6987 6
      vertex 0 -55 0
      vertex 5.74907 -54.6987 0
    endloop
  endfacet
  facet normal 0.0523367 -0.998629 0
    outer loop
      vertex 0 -55 9.2
      vertex 5.74907 -54.6987 13
      vertex 0 -55 13
    endloop
  endfacet
  facet normal 0.0523367 -0.998629 0
    outer loop
      vertex 5.74907 -54.6987 13
      vertex 0 -55 9.2
      vertex 5.74907 -54.6987 9.2
    endloop
  endfacet
  facet normal 0.258817 -0.965926 0
    outer loop
      vertex 11.4351 -53.7981 0
      vertex 16.9959 -52.3081 6
      vertex 11.4351 -53.7981 6
    endloop
  endfacet
  facet normal 0.258817 -0.965926 0
    outer loop
      vertex 16.9959 -52.3081 6
      vertex 11.4351 -53.7981 0
      vertex 16.9959 -52.3081 0
    endloop
  endfacet
  facet normal 0.258817 -0.965926 0
    outer loop
      vertex 11.4351 -53.7981 16.2
      vertex 16.9959 -52.3081 24
      vertex 11.4351 -53.7981 24
    endloop
  endfacet
  facet normal 0.258817 -0.965926 0
    outer loop
      vertex 16.9959 -52.3081 24
      vertex 11.4351 -53.7981 16.2
      vertex 16.9959 -52.3081 16.2
    endloop
  endfacet
  facet normal 0.258817 -0.965926 0
    outer loop
      vertex 11.4351 -53.7981 9.2
      vertex 16.9959 -52.3081 13
      vertex 11.4351 -53.7981 13
    endloop
  endfacet
  facet normal 0.258817 -0.965926 0
    outer loop
      vertex 16.9959 -52.3081 13
      vertex 11.4351 -53.7981 9.2
      vertex 16.9959 -52.3081 9.2
    endloop
  endfacet
  facet normal 0.629313 -0.777152 0
    outer loop
      vertex 32.3282 -44.4959 16.2
      vertex 36.8022 -40.873 24
      vertex 32.3282 -44.4959 24
    endloop
  endfacet
  facet normal 0.629313 -0.777152 0
    outer loop
      vertex 36.8022 -40.873 24
      vertex 32.3282 -44.4959 16.2
      vertex 36.8022 -40.873 16.2
    endloop
  endfacet
  facet normal 0.629313 -0.777152 0
    outer loop
      vertex 32.3282 -44.4959 0
      vertex 36.8022 -40.873 6
      vertex 32.3282 -44.4959 6
    endloop
  endfacet
  facet normal 0.629313 -0.777152 0
    outer loop
      vertex 36.8022 -40.873 6
      vertex 32.3282 -44.4959 0
      vertex 36.8022 -40.873 0
    endloop
  endfacet
  facet normal 0.629313 -0.777152 0
    outer loop
      vertex 32.3282 -44.4959 9.2
      vertex 36.8022 -40.873 13
      vertex 32.3282 -44.4959 13
    endloop
  endfacet
  facet normal 0.629313 -0.777152 0
    outer loop
      vertex 36.8022 -40.873 13
      vertex 32.3282 -44.4959 9.2
      vertex 36.8022 -40.873 9.2
    endloop
  endfacet
  facet normal 0.453989 -0.891007 0
    outer loop
      vertex 22.3705 -50.245 0
      vertex 27.5 -47.6314 6
      vertex 22.3705 -50.245 6
    endloop
  endfacet
  facet normal 0.453989 -0.891007 0
    outer loop
      vertex 27.5 -47.6314 6
      vertex 22.3705 -50.245 0
      vertex 27.5 -47.6314 0
    endloop
  endfacet
  facet normal 0.453989 -0.891007 0
    outer loop
      vertex 22.3705 -50.245 16.2
      vertex 27.5 -47.6314 24
      vertex 22.3705 -50.245 24
    endloop
  endfacet
  facet normal 0.453989 -0.891007 0
    outer loop
      vertex 27.5 -47.6314 24
      vertex 22.3705 -50.245 16.2
      vertex 27.5 -47.6314 16.2
    endloop
  endfacet
  facet normal 0.453989 -0.891007 0
    outer loop
      vertex 22.3705 -50.245 9.2
      vertex 27.5 -47.6314 13
      vertex 22.3705 -50.245 13
    endloop
  endfacet
  facet normal 0.453989 -0.891007 0
    outer loop
      vertex 27.5 -47.6314 13
      vertex 22.3705 -50.245 9.2
      vertex 27.5 -47.6314 9.2
    endloop
  endfacet
  facet normal 0.777152 -0.629313 0
    outer loop
      vertex 40.873 -36.8022 24
      vertex 44.4959 -32.3282 16.2
      vertex 44.4959 -32.3282 24
    endloop
  endfacet
  facet normal 0.777152 -0.629313 0
    outer loop
      vertex 44.4959 -32.3282 16.2
      vertex 40.873 -36.8022 24
      vertex 40.873 -36.8022 16.2
    endloop
  endfacet
  facet normal 0.777152 -0.629313 0
    outer loop
      vertex 40.873 -36.8022 6
      vertex 44.4959 -32.3282 0
      vertex 44.4959 -32.3282 6
    endloop
  endfacet
  facet normal 0.777152 -0.629313 0
    outer loop
      vertex 44.4959 -32.3282 0
      vertex 40.873 -36.8022 6
      vertex 40.873 -36.8022 0
    endloop
  endfacet
  facet normal 0.777152 -0.629313 0
    outer loop
      vertex 40.873 -36.8022 13
      vertex 44.4959 -32.3282 9.2
      vertex 44.4959 -32.3282 13
    endloop
  endfacet
  facet normal 0.777152 -0.629313 0
    outer loop
      vertex 44.4959 -32.3282 9.2
      vertex 40.873 -36.8022 13
      vertex 40.873 -36.8022 9.2
    endloop
  endfacet
  facet normal 0.891007 -0.453989 0
    outer loop
      vertex 47.6314 -27.5 6
      vertex 50.245 -22.3705 0
      vertex 50.245 -22.3705 6
    endloop
  endfacet
  facet normal 0.891007 -0.453989 0
    outer loop
      vertex 50.245 -22.3705 0
      vertex 47.6314 -27.5 6
      vertex 47.6314 -27.5 0
    endloop
  endfacet
  facet normal 0.891007 -0.453989 0
    outer loop
      vertex 47.6314 -27.5 24
      vertex 50.245 -22.3705 16.2
      vertex 50.245 -22.3705 24
    endloop
  endfacet
  facet normal 0.891007 -0.453989 0
    outer loop
      vertex 50.245 -22.3705 16.2
      vertex 47.6314 -27.5 24
      vertex 47.6314 -27.5 16.2
    endloop
  endfacet
  facet normal 0.891007 -0.453989 0
    outer loop
      vertex 47.6314 -27.5 13
      vertex 50.245 -22.3705 9.2
      vertex 50.245 -22.3705 13
    endloop
  endfacet
  facet normal 0.891007 -0.453989 0
    outer loop
      vertex 50.245 -22.3705 9.2
      vertex 47.6314 -27.5 13
      vertex 47.6314 -27.5 9.2
    endloop
  endfacet
  facet normal -0.707107 -0.707107 0
    outer loop
      vertex -36.8022 -40.873 16.2
      vertex -40.873 -36.8022 24
      vertex -40.873 -36.8022 16.2
    endloop
  endfacet
  facet normal -0.707107 -0.707107 0
    outer loop
      vertex -40.873 -36.8022 24
      vertex -36.8022 -40.873 16.2
      vertex -36.8022 -40.873 24
    endloop
  endfacet
  facet normal -0.707107 -0.707107 0
    outer loop
      vertex -36.8022 -40.873 0
      vertex -40.873 -36.8022 6
      vertex -40.873 -36.8022 0
    endloop
  endfacet
  facet normal -0.707107 -0.707107 0
    outer loop
      vertex -40.873 -36.8022 6
      vertex -36.8022 -40.873 0
      vertex -36.8022 -40.873 6
    endloop
  endfacet
  facet normal -0.707107 -0.707107 0
    outer loop
      vertex -36.8022 -40.873 9.2
      vertex -40.873 -36.8022 13
      vertex -40.873 -36.8022 9.2
    endloop
  endfacet
  facet normal -0.707107 -0.707107 0
    outer loop
      vertex -40.873 -36.8022 13
      vertex -36.8022 -40.873 9.2
      vertex -36.8022 -40.873 13
    endloop
  endfacet
  facet normal -0.544643 -0.838668 0
    outer loop
      vertex -32.3282 -44.4959 0
      vertex -27.5 -47.6314 6
      vertex -32.3282 -44.4959 6
    endloop
  endfacet
  facet normal -0.544643 -0.838668 -0
    outer loop
      vertex -27.5 -47.6314 6
      vertex -32.3282 -44.4959 0
      vertex -27.5 -47.6314 0
    endloop
  endfacet
  facet normal -0.544643 -0.838668 0
    outer loop
      vertex -32.3282 -44.4959 16.2
      vertex -27.5 -47.6314 24
      vertex -32.3282 -44.4959 24
    endloop
  endfacet
  facet normal -0.544643 -0.838668 -0
    outer loop
      vertex -27.5 -47.6314 24
      vertex -32.3282 -44.4959 16.2
      vertex -27.5 -47.6314 16.2
    endloop
  endfacet
  facet normal -0.544643 -0.838668 0
    outer loop
      vertex -32.3282 -44.4959 9.2
      vertex -27.5 -47.6314 13
      vertex -32.3282 -44.4959 13
    endloop
  endfacet
  facet normal -0.544643 -0.838668 -0
    outer loop
      vertex -27.5 -47.6314 13
      vertex -32.3282 -44.4959 9.2
      vertex -27.5 -47.6314 9.2
    endloop
  endfacet
  facet normal -0.358366 -0.933581 0
    outer loop
      vertex -22.3705 -50.245 0
      vertex -16.9959 -52.3081 6
      vertex -22.3705 -50.245 6
    endloop
  endfacet
  facet normal -0.358366 -0.933581 -0
    outer loop
      vertex -16.9959 -52.3081 6
      vertex -22.3705 -50.245 0
      vertex -16.9959 -52.3081 0
    endloop
  endfacet
  facet normal -0.358364 -0.933582 0
    outer loop
      vertex -22.3705 -50.245 16.2
      vertex -20.2429 -51.0617 24
      vertex -22.3705 -50.245 24
    endloop
  endfacet
  facet normal -0.358366 -0.933581 3.50523e-07
    outer loop
      vertex -16.9959 -52.3081 16.2
      vertex -20.2429 -51.0617 24
      vertex -22.3705 -50.245 16.2
    endloop
  endfacet
  facet normal -0.358366 -0.933581 0
    outer loop
      vertex -20.2429 -51.0617 24
      vertex -16.9959 -52.3081 16.2
      vertex -16.9959 -52.3081 24
    endloop
  endfacet
  facet normal -0.358366 -0.933581 0
    outer loop
      vertex -22.3705 -50.245 9.2
      vertex -16.9959 -52.3081 13
      vertex -22.3705 -50.245 13
    endloop
  endfacet
  facet normal -0.358366 -0.933581 -0
    outer loop
      vertex -16.9959 -52.3081 13
      vertex -22.3705 -50.245 9.2
      vertex -16.9959 -52.3081 9.2
    endloop
  endfacet
  facet normal -0.156438 -0.987688 0
    outer loop
      vertex -11.4351 -53.7981 0
      vertex -5.74907 -54.6987 6
      vertex -11.4351 -53.7981 6
    endloop
  endfacet
  facet normal -0.156438 -0.987688 -0
    outer loop
      vertex -5.74907 -54.6987 6
      vertex -11.4351 -53.7981 0
      vertex -5.74907 -54.6987 0
    endloop
  endfacet
  facet normal -0.156438 -0.987688 0
    outer loop
      vertex -11.4351 -53.7981 16.2
      vertex -5.74907 -54.6987 24
      vertex -11.4351 -53.7981 24
    endloop
  endfacet
  facet normal -0.156438 -0.987688 -0
    outer loop
      vertex -5.74907 -54.6987 24
      vertex -11.4351 -53.7981 16.2
      vertex -5.74907 -54.6987 16.2
    endloop
  endfacet
  facet normal -0.156438 -0.987688 0
    outer loop
      vertex -11.4351 -53.7981 9.2
      vertex -5.74907 -54.6987 13
      vertex -11.4351 -53.7981 13
    endloop
  endfacet
  facet normal -0.156438 -0.987688 -0
    outer loop
      vertex -5.74907 -54.6987 13
      vertex -11.4351 -53.7981 9.2
      vertex -5.74907 -54.6987 9.2
    endloop
  endfacet
  facet normal -0.933581 -0.358366 0
    outer loop
      vertex -50.245 -22.3705 0
      vertex -52.3081 -16.9959 6
      vertex -52.3081 -16.9959 0
    endloop
  endfacet
  facet normal -0.933581 -0.358366 0
    outer loop
      vertex -52.3081 -16.9959 6
      vertex -50.245 -22.3705 0
      vertex -50.245 -22.3705 6
    endloop
  endfacet
  facet normal -0.933581 -0.358366 0
    outer loop
      vertex -50.245 -22.3705 16.2
      vertex -52.3081 -16.9959 24
      vertex -52.3081 -16.9959 16.2
    endloop
  endfacet
  facet normal -0.933581 -0.358366 0
    outer loop
      vertex -52.3081 -16.9959 24
      vertex -50.245 -22.3705 16.2
      vertex -50.245 -22.3705 24
    endloop
  endfacet
  facet normal -0.933581 -0.358366 0
    outer loop
      vertex -50.245 -22.3705 9.2
      vertex -52.3081 -16.9959 13
      vertex -52.3081 -16.9959 9.2
    endloop
  endfacet
  facet normal -0.933581 -0.358366 0
    outer loop
      vertex -52.3081 -16.9959 13
      vertex -50.245 -22.3705 9.2
      vertex -50.245 -22.3705 13
    endloop
  endfacet
  facet normal -0.838668 -0.544643 0
    outer loop
      vertex -44.4959 -32.3282 0
      vertex -47.6314 -27.5 6
      vertex -47.6314 -27.5 0
    endloop
  endfacet
  facet normal -0.838668 -0.544643 0
    outer loop
      vertex -47.6314 -27.5 6
      vertex -44.4959 -32.3282 0
      vertex -44.4959 -32.3282 6
    endloop
  endfacet
  facet normal -0.838668 -0.544643 0
    outer loop
      vertex -44.4959 -32.3282 16.2
      vertex -47.6314 -27.5 24
      vertex -47.6314 -27.5 16.2
    endloop
  endfacet
  facet normal -0.838668 -0.544643 0
    outer loop
      vertex -47.6314 -27.5 24
      vertex -44.4959 -32.3282 16.2
      vertex -44.4959 -32.3282 24
    endloop
  endfacet
  facet normal -0.838668 -0.544643 0
    outer loop
      vertex -44.4959 -32.3282 9.2
      vertex -47.6314 -27.5 13
      vertex -47.6314 -27.5 9.2
    endloop
  endfacet
  facet normal -0.838668 -0.544643 0
    outer loop
      vertex -47.6314 -27.5 13
      vertex -44.4959 -32.3282 9.2
      vertex -44.4959 -32.3282 13
    endloop
  endfacet
  facet normal -0.965926 -0.258817 0
    outer loop
      vertex -52.3081 -16.9959 0
      vertex -53.7981 -11.4351 6
      vertex -53.7981 -11.4351 0
    endloop
  endfacet
  facet normal -0.965926 -0.258817 0
    outer loop
      vertex -53.7981 -11.4351 6
      vertex -52.3081 -16.9959 0
      vertex -52.3081 -16.9959 6
    endloop
  endfacet
  facet normal -0.965926 -0.258817 0
    outer loop
      vertex -52.3081 -16.9959 16.2
      vertex -53.7981 -11.4351 24
      vertex -53.7981 -11.4351 16.2
    endloop
  endfacet
  facet normal -0.965926 -0.258817 0
    outer loop
      vertex -53.7981 -11.4351 24
      vertex -52.3081 -16.9959 16.2
      vertex -52.3081 -16.9959 24
    endloop
  endfacet
  facet normal -0.965926 -0.258817 0
    outer loop
      vertex -52.3081 -16.9959 9.2
      vertex -53.7981 -11.4351 13
      vertex -53.7981 -11.4351 9.2
    endloop
  endfacet
  facet normal -0.965926 -0.258817 0
    outer loop
      vertex -53.7981 -11.4351 13
      vertex -52.3081 -16.9959 9.2
      vertex -52.3081 -16.9959 13
    endloop
  endfacet
  facet normal -0.998629 -0.0523367 0
    outer loop
      vertex -54.6987 -5.74907 0
      vertex -55 0 6
      vertex -55 0 0
    endloop
  endfacet
  facet normal -0.998629 -0.0523367 0
    outer loop
      vertex -55 0 6
      vertex -54.6987 -5.74907 0
      vertex -54.6987 -5.74907 6
    endloop
  endfacet
  facet normal -0.998629 -0.0523367 0
    outer loop
      vertex -54.6987 -5.74907 16.2
      vertex -55 0 24
      vertex -55 0 16.2
    endloop
  endfacet
  facet normal -0.998629 -0.0523367 0
    outer loop
      vertex -55 0 24
      vertex -54.6987 -5.74907 16.2
      vertex -54.6987 -5.74907 24
    endloop
  endfacet
  facet normal -0.998629 -0.0523367 0
    outer loop
      vertex -54.6987 -5.74907 9.2
      vertex -55 0 13
      vertex -55 0 9.2
    endloop
  endfacet
  facet normal -0.998629 -0.0523367 0
    outer loop
      vertex -55 0 13
      vertex -54.6987 -5.74907 9.2
      vertex -54.6987 -5.74907 13
    endloop
  endfacet
  facet normal 0.156438 -0.987688 0
    outer loop
      vertex 5.74907 -54.6987 0
      vertex 11.4351 -53.7981 6
      vertex 5.74907 -54.6987 6
    endloop
  endfacet
  facet normal 0.156438 -0.987688 0
    outer loop
      vertex 11.4351 -53.7981 6
      vertex 5.74907 -54.6987 0
      vertex 11.4351 -53.7981 0
    endloop
  endfacet
  facet normal 0.156438 -0.987688 0
    outer loop
      vertex 5.74907 -54.6987 16.2
      vertex 11.4351 -53.7981 24
      vertex 5.74907 -54.6987 24
    endloop
  endfacet
  facet normal 0.156438 -0.987688 0
    outer loop
      vertex 11.4351 -53.7981 24
      vertex 5.74907 -54.6987 16.2
      vertex 11.4351 -53.7981 16.2
    endloop
  endfacet
  facet normal 0.156438 -0.987688 0
    outer loop
      vertex 5.74907 -54.6987 9.2
      vertex 11.4351 -53.7981 13
      vertex 5.74907 -54.6987 13
    endloop
  endfacet
  facet normal 0.156438 -0.987688 0
    outer loop
      vertex 11.4351 -53.7981 13
      vertex 5.74907 -54.6987 9.2
      vertex 11.4351 -53.7981 9.2
    endloop
  endfacet
  facet normal 0.358366 -0.933581 0
    outer loop
      vertex 16.9959 -52.3081 0
      vertex 22.3705 -50.245 6
      vertex 16.9959 -52.3081 6
    endloop
  endfacet
  facet normal 0.358366 -0.933581 0
    outer loop
      vertex 22.3705 -50.245 6
      vertex 16.9959 -52.3081 0
      vertex 22.3705 -50.245 0
    endloop
  endfacet
  facet normal 0.358366 -0.933581 0
    outer loop
      vertex 16.9959 -52.3081 16.2
      vertex 22.3705 -50.245 24
      vertex 16.9959 -52.3081 24
    endloop
  endfacet
  facet normal 0.358366 -0.933581 0
    outer loop
      vertex 22.3705 -50.245 24
      vertex 16.9959 -52.3081 16.2
      vertex 22.3705 -50.245 16.2
    endloop
  endfacet
  facet normal 0.358366 -0.933581 0
    outer loop
      vertex 16.9959 -52.3081 9.2
      vertex 22.3705 -50.245 13
      vertex 16.9959 -52.3081 13
    endloop
  endfacet
  facet normal 0.358366 -0.933581 0
    outer loop
      vertex 22.3705 -50.245 13
      vertex 16.9959 -52.3081 9.2
      vertex 22.3705 -50.245 9.2
    endloop
  endfacet
  facet normal 0.707107 -0.707107 0
    outer loop
      vertex 36.8022 -40.873 24
      vertex 40.873 -36.8022 16.2
      vertex 40.873 -36.8022 24
    endloop
  endfacet
  facet normal 0.707107 -0.707107 0
    outer loop
      vertex 40.873 -36.8022 16.2
      vertex 36.8022 -40.873 24
      vertex 36.8022 -40.873 16.2
    endloop
  endfacet
  facet normal 0.707107 -0.707107 0
    outer loop
      vertex 36.8022 -40.873 6
      vertex 40.873 -36.8022 0
      vertex 40.873 -36.8022 6
    endloop
  endfacet
  facet normal 0.707107 -0.707107 0
    outer loop
      vertex 40.873 -36.8022 0
      vertex 36.8022 -40.873 6
      vertex 36.8022 -40.873 0
    endloop
  endfacet
  facet normal 0.707107 -0.707107 0
    outer loop
      vertex 36.8022 -40.873 13
      vertex 40.873 -36.8022 9.2
      vertex 40.873 -36.8022 13
    endloop
  endfacet
  facet normal 0.707107 -0.707107 0
    outer loop
      vertex 40.873 -36.8022 9.2
      vertex 36.8022 -40.873 13
      vertex 36.8022 -40.873 9.2
    endloop
  endfacet
  facet normal 0.544643 -0.838668 0
    outer loop
      vertex 27.5 -47.6314 16.2
      vertex 32.3282 -44.4959 24
      vertex 27.5 -47.6314 24
    endloop
  endfacet
  facet normal 0.544643 -0.838668 0
    outer loop
      vertex 32.3282 -44.4959 24
      vertex 27.5 -47.6314 16.2
      vertex 32.3282 -44.4959 16.2
    endloop
  endfacet
  facet normal 0.544643 -0.838668 0
    outer loop
      vertex 27.5 -47.6314 0
      vertex 32.3282 -44.4959 6
      vertex 27.5 -47.6314 6
    endloop
  endfacet
  facet normal 0.544643 -0.838668 0
    outer loop
      vertex 32.3282 -44.4959 6
      vertex 27.5 -47.6314 0
      vertex 32.3282 -44.4959 0
    endloop
  endfacet
  facet normal 0.544643 -0.838668 0
    outer loop
      vertex 27.5 -47.6314 9.2
      vertex 32.3282 -44.4959 13
      vertex 27.5 -47.6314 13
    endloop
  endfacet
  facet normal 0.544643 -0.838668 0
    outer loop
      vertex 32.3282 -44.4959 13
      vertex 27.5 -47.6314 9.2
      vertex 32.3282 -44.4959 9.2
    endloop
  endfacet
  facet normal 0.838668 -0.544643 0
    outer loop
      vertex 44.4959 -32.3282 24
      vertex 47.6314 -27.5 16.2
      vertex 47.6314 -27.5 24
    endloop
  endfacet
  facet normal 0.838668 -0.544643 0
    outer loop
      vertex 47.6314 -27.5 16.2
      vertex 44.4959 -32.3282 24
      vertex 44.4959 -32.3282 16.2
    endloop
  endfacet
  facet normal 0.838668 -0.544643 0
    outer loop
      vertex 44.4959 -32.3282 6
      vertex 47.6314 -27.5 0
      vertex 47.6314 -27.5 6
    endloop
  endfacet
  facet normal 0.838668 -0.544643 0
    outer loop
      vertex 47.6314 -27.5 0
      vertex 44.4959 -32.3282 6
      vertex 44.4959 -32.3282 0
    endloop
  endfacet
  facet normal 0.838668 -0.544643 0
    outer loop
      vertex 44.4959 -32.3282 13
      vertex 47.6314 -27.5 9.2
      vertex 47.6314 -27.5 13
    endloop
  endfacet
  facet normal 0.838668 -0.544643 0
    outer loop
      vertex 47.6314 -27.5 9.2
      vertex 44.4959 -32.3282 13
      vertex 44.4959 -32.3282 9.2
    endloop
  endfacet
  facet normal 0.933581 -0.358366 0
    outer loop
      vertex 50.245 -22.3705 6
      vertex 52.3081 -16.9959 0
      vertex 52.3081 -16.9959 6
    endloop
  endfacet
  facet normal 0.933581 -0.358366 0
    outer loop
      vertex 52.3081 -16.9959 0
      vertex 50.245 -22.3705 6
      vertex 50.245 -22.3705 0
    endloop
  endfacet
  facet normal 0.933581 -0.358366 0
    outer loop
      vertex 50.245 -22.3705 24
      vertex 52.3081 -16.9959 16.2
      vertex 52.3081 -16.9959 24
    endloop
  endfacet
  facet normal 0.933581 -0.358366 0
    outer loop
      vertex 52.3081 -16.9959 16.2
      vertex 50.245 -22.3705 24
      vertex 50.245 -22.3705 16.2
    endloop
  endfacet
  facet normal 0.933581 -0.358366 0
    outer loop
      vertex 50.245 -22.3705 13
      vertex 52.3081 -16.9959 9.2
      vertex 52.3081 -16.9959 13
    endloop
  endfacet
  facet normal 0.933581 -0.358366 0
    outer loop
      vertex 52.3081 -16.9959 9.2
      vertex 50.245 -22.3705 13
      vertex 50.245 -22.3705 9.2
    endloop
  endfacet
  facet normal 0.987688 -0.156438 0
    outer loop
      vertex 53.7981 -11.4351 6
      vertex 54.6987 -5.74907 0
      vertex 54.6987 -5.74907 6
    endloop
  endfacet
  facet normal 0.987688 -0.156438 0
    outer loop
      vertex 54.6987 -5.74907 0
      vertex 53.7981 -11.4351 6
      vertex 53.7981 -11.4351 0
    endloop
  endfacet
  facet normal 0.987689 -0.156429 0
    outer loop
      vertex 54.3422 -8 24
      vertex 54.6987 -5.74907 16.2
      vertex 54.6987 -5.74907 24
    endloop
  endfacet
  facet normal 0.987687 -0.156444 0
    outer loop
      vertex 53.7981 -11.4351 16.2
      vertex 54.3422 -8 24
      vertex 53.7981 -11.4351 24
    endloop
  endfacet
  facet normal 0.987688 -0.156438 -2.62478e-06
    outer loop
      vertex 54.3422 -8 24
      vertex 53.7981 -11.4351 16.2
      vertex 54.6987 -5.74907 16.2
    endloop
  endfacet
  facet normal 0.987688 -0.156438 0
    outer loop
      vertex 53.7981 -11.4351 13
      vertex 54.6987 -5.74907 9.2
      vertex 54.6987 -5.74907 13
    endloop
  endfacet
  facet normal 0.987688 -0.156438 0
    outer loop
      vertex 54.6987 -5.74907 9.2
      vertex 53.7981 -11.4351 13
      vertex 53.7981 -11.4351 9.2
    endloop
  endfacet
  facet normal 0.965926 -0.258817 0
    outer loop
      vertex 52.3081 -16.9959 6
      vertex 53.7981 -11.4351 0
      vertex 53.7981 -11.4351 6
    endloop
  endfacet
  facet normal 0.965926 -0.258817 0
    outer loop
      vertex 53.7981 -11.4351 0
      vertex 52.3081 -16.9959 6
      vertex 52.3081 -16.9959 0
    endloop
  endfacet
  facet normal 0.965926 -0.258817 0
    outer loop
      vertex 52.3081 -16.9959 24
      vertex 53.7981 -11.4351 16.2
      vertex 53.7981 -11.4351 24
    endloop
  endfacet
  facet normal 0.965926 -0.258817 0
    outer loop
      vertex 53.7981 -11.4351 16.2
      vertex 52.3081 -16.9959 24
      vertex 52.3081 -16.9959 16.2
    endloop
  endfacet
  facet normal 0.965926 -0.258817 0
    outer loop
      vertex 52.3081 -16.9959 13
      vertex 53.7981 -11.4351 9.2
      vertex 53.7981 -11.4351 13
    endloop
  endfacet
  facet normal 0.965926 -0.258817 0
    outer loop
      vertex 53.7981 -11.4351 9.2
      vertex 52.3081 -16.9959 13
      vertex 52.3081 -16.9959 9.2
    endloop
  endfacet
  facet normal -0.629309 -0.777155 0
    outer loop
      vertex -36.8022 -40.873 16.2
      vertex -34.0993 -43.0617 24
      vertex -36.8022 -40.873 24
    endloop
  endfacet
  facet normal -0.629313 -0.777152 2.0624e-06
    outer loop
      vertex -32.3282 -44.4959 16.2
      vertex -34.0993 -43.0617 24
      vertex -36.8022 -40.873 16.2
    endloop
  endfacet
  facet normal -0.629318 -0.777148 0
    outer loop
      vertex -34.0993 -43.0617 24
      vertex -32.3282 -44.4959 16.2
      vertex -32.3282 -44.4959 24
    endloop
  endfacet
  facet normal -0.629313 -0.777152 0
    outer loop
      vertex -36.8022 -40.873 0
      vertex -32.3282 -44.4959 6
      vertex -36.8022 -40.873 6
    endloop
  endfacet
  facet normal -0.629313 -0.777152 -0
    outer loop
      vertex -32.3282 -44.4959 6
      vertex -36.8022 -40.873 0
      vertex -32.3282 -44.4959 0
    endloop
  endfacet
  facet normal -0.629313 -0.777152 0
    outer loop
      vertex -36.8022 -40.873 9.2
      vertex -32.3282 -44.4959 13
      vertex -36.8022 -40.873 13
    endloop
  endfacet
  facet normal -0.629313 -0.777152 -0
    outer loop
      vertex -32.3282 -44.4959 13
      vertex -36.8022 -40.873 9.2
      vertex -32.3282 -44.4959 9.2
    endloop
  endfacet
  facet normal -0.453989 -0.891007 0
    outer loop
      vertex -27.5 -47.6314 0
      vertex -22.3705 -50.245 6
      vertex -27.5 -47.6314 6
    endloop
  endfacet
  facet normal -0.453989 -0.891007 -0
    outer loop
      vertex -22.3705 -50.245 6
      vertex -27.5 -47.6314 0
      vertex -22.3705 -50.245 0
    endloop
  endfacet
  facet normal -0.453989 -0.891007 0
    outer loop
      vertex -27.5 -47.6314 16.2
      vertex -22.3705 -50.245 24
      vertex -27.5 -47.6314 24
    endloop
  endfacet
  facet normal -0.453989 -0.891007 -0
    outer loop
      vertex -22.3705 -50.245 24
      vertex -27.5 -47.6314 16.2
      vertex -22.3705 -50.245 16.2
    endloop
  endfacet
  facet normal -0.453989 -0.891007 0
    outer loop
      vertex -27.5 -47.6314 9.2
      vertex -22.3705 -50.245 13
      vertex -27.5 -47.6314 13
    endloop
  endfacet
  facet normal -0.453989 -0.891007 -0
    outer loop
      vertex -22.3705 -50.245 13
      vertex -27.5 -47.6314 9.2
      vertex -22.3705 -50.245 9.2
    endloop
  endfacet
  facet normal -0.258817 -0.965926 0
    outer loop
      vertex -16.9959 -52.3081 0
      vertex -11.4351 -53.7981 6
      vertex -16.9959 -52.3081 6
    endloop
  endfacet
  facet normal -0.258817 -0.965926 -0
    outer loop
      vertex -11.4351 -53.7981 6
      vertex -16.9959 -52.3081 0
      vertex -11.4351 -53.7981 0
    endloop
  endfacet
  facet normal -0.258817 -0.965926 0
    outer loop
      vertex -16.9959 -52.3081 16.2
      vertex -11.4351 -53.7981 24
      vertex -16.9959 -52.3081 24
    endloop
  endfacet
  facet normal -0.258817 -0.965926 -0
    outer loop
      vertex -11.4351 -53.7981 24
      vertex -16.9959 -52.3081 16.2
      vertex -11.4351 -53.7981 16.2
    endloop
  endfacet
  facet normal -0.258817 -0.965926 0
    outer loop
      vertex -16.9959 -52.3081 9.2
      vertex -11.4351 -53.7981 13
      vertex -16.9959 -52.3081 13
    endloop
  endfacet
  facet normal -0.258817 -0.965926 -0
    outer loop
      vertex -11.4351 -53.7981 13
      vertex -16.9959 -52.3081 9.2
      vertex -11.4351 -53.7981 9.2
    endloop
  endfacet
  facet normal -0.891007 -0.453989 0
    outer loop
      vertex -47.6314 -27.5 0
      vertex -50.245 -22.3705 6
      vertex -50.245 -22.3705 0
    endloop
  endfacet
  facet normal -0.891007 -0.453989 0
    outer loop
      vertex -50.245 -22.3705 6
      vertex -47.6314 -27.5 0
      vertex -47.6314 -27.5 6
    endloop
  endfacet
  facet normal -0.891007 -0.453989 0
    outer loop
      vertex -47.6314 -27.5 16.2
      vertex -50.245 -22.3705 24
      vertex -50.245 -22.3705 16.2
    endloop
  endfacet
  facet normal -0.891007 -0.453989 0
    outer loop
      vertex -50.245 -22.3705 24
      vertex -47.6314 -27.5 16.2
      vertex -47.6314 -27.5 24
    endloop
  endfacet
  facet normal -0.891007 -0.453989 0
    outer loop
      vertex -47.6314 -27.5 9.2
      vertex -50.245 -22.3705 13
      vertex -50.245 -22.3705 9.2
    endloop
  endfacet
  facet normal -0.891007 -0.453989 0
    outer loop
      vertex -50.245 -22.3705 13
      vertex -47.6314 -27.5 9.2
      vertex -47.6314 -27.5 13
    endloop
  endfacet
  facet normal -0.777152 -0.629313 0
    outer loop
      vertex -40.873 -36.8022 0
      vertex -44.4959 -32.3282 6
      vertex -44.4959 -32.3282 0
    endloop
  endfacet
  facet normal -0.777152 -0.629313 0
    outer loop
      vertex -44.4959 -32.3282 6
      vertex -40.873 -36.8022 0
      vertex -40.873 -36.8022 6
    endloop
  endfacet
  facet normal -0.777152 -0.629313 0
    outer loop
      vertex -40.873 -36.8022 16.2
      vertex -44.4959 -32.3282 24
      vertex -44.4959 -32.3282 16.2
    endloop
  endfacet
  facet normal -0.777152 -0.629313 0
    outer loop
      vertex -44.4959 -32.3282 24
      vertex -40.873 -36.8022 16.2
      vertex -40.873 -36.8022 24
    endloop
  endfacet
  facet normal -0.777152 -0.629313 0
    outer loop
      vertex -40.873 -36.8022 9.2
      vertex -44.4959 -32.3282 13
      vertex -44.4959 -32.3282 9.2
    endloop
  endfacet
  facet normal -0.777152 -0.629313 0
    outer loop
      vertex -44.4959 -32.3282 13
      vertex -40.873 -36.8022 9.2
      vertex -40.873 -36.8022 13
    endloop
  endfacet
  facet normal -0.987688 -0.156438 0
    outer loop
      vertex -53.7981 -11.4351 0
      vertex -54.6987 -5.74907 6
      vertex -54.6987 -5.74907 0
    endloop
  endfacet
  facet normal -0.987688 -0.156438 0
    outer loop
      vertex -54.6987 -5.74907 6
      vertex -53.7981 -11.4351 0
      vertex -53.7981 -11.4351 6
    endloop
  endfacet
  facet normal -0.987688 -0.156438 0
    outer loop
      vertex -53.7981 -11.4351 16.2
      vertex -54.6987 -5.74907 24
      vertex -54.6987 -5.74907 16.2
    endloop
  endfacet
  facet normal -0.987688 -0.156438 0
    outer loop
      vertex -54.6987 -5.74907 24
      vertex -53.7981 -11.4351 16.2
      vertex -53.7981 -11.4351 24
    endloop
  endfacet
  facet normal -0.987688 -0.156438 0
    outer loop
      vertex -53.7981 -11.4351 9.2
      vertex -54.6987 -5.74907 13
      vertex -54.6987 -5.74907 9.2
    endloop
  endfacet
  facet normal -0.987688 -0.156438 0
    outer loop
      vertex -54.6987 -5.74907 13
      vertex -53.7981 -11.4351 9.2
      vertex -53.7981 -11.4351 13
    endloop
  endfacet
  facet normal -0.965928 -0.25881 0
    outer loop
      vertex 47.9292 10.1877 0
      vertex 46.6018 15.1418 24
      vertex 46.6018 15.1418 0
    endloop
  endfacet
  facet normal -0.965928 -0.25881 0
    outer loop
      vertex 46.6018 15.1418 24
      vertex 47.9292 10.1877 0
      vertex 47.9292 10.1877 24
    endloop
  endfacet
  facet normal -0.99863 -0.0523307 0
    outer loop
      vertex 49 0 0
      vertex 48.7316 5.12189 24
      vertex 48.7316 5.12189 0
    endloop
  endfacet
  facet normal -0.99863 -0.0523307 0
    outer loop
      vertex 48.7316 5.12189 24
      vertex 49 0 0
      vertex 49 0 24
    endloop
  endfacet
  facet normal 0.99863 -0.0523307 0
    outer loop
      vertex -49 0 24
      vertex -48.7316 5.12189 0
      vertex -48.7316 5.12189 24
    endloop
  endfacet
  facet normal 0.99863 -0.0523307 0
    outer loop
      vertex -48.7316 5.12189 0
      vertex -49 0 24
      vertex -49 0 0
    endloop
  endfacet
  facet normal -0.0523307 -0.99863 0
    outer loop
      vertex 0 49 0
      vertex 5.12189 48.7316 24
      vertex 0 49 24
    endloop
  endfacet
  facet normal -0.0523307 -0.99863 -0
    outer loop
      vertex 5.12189 48.7316 24
      vertex 0 49 0
      vertex 5.12189 48.7316 0
    endloop
  endfacet
  facet normal -0.707107 -0.707107 0
    outer loop
      vertex 36.4141 32.7874 0
      vertex 32.7874 36.4141 24
      vertex 32.7874 36.4141 0
    endloop
  endfacet
  facet normal -0.707107 -0.707107 0
    outer loop
      vertex 32.7874 36.4141 24
      vertex 36.4141 32.7874 0
      vertex 36.4141 32.7874 24
    endloop
  endfacet
  facet normal 0.629318 -0.777148 0
    outer loop
      vertex -32.7874 36.4141 0
      vertex -28.8015 39.6418 24
      vertex -32.7874 36.4141 24
    endloop
  endfacet
  facet normal 0.629318 -0.777148 0
    outer loop
      vertex -28.8015 39.6418 24
      vertex -32.7874 36.4141 0
      vertex -28.8015 39.6418 0
    endloop
  endfacet
  facet normal 0.358375 -0.933578 0
    outer loop
      vertex -19.9301 44.7637 0
      vertex -15.1418 46.6018 24
      vertex -19.9301 44.7637 24
    endloop
  endfacet
  facet normal 0.358375 -0.933578 0
    outer loop
      vertex -15.1418 46.6018 24
      vertex -19.9301 44.7637 0
      vertex -15.1418 46.6018 0
    endloop
  endfacet
  facet normal 0.838673 0.544635 0
    outer loop
      vertex -39.6418 -28.8015 24
      vertex -42.4352 -24.5 0
      vertex -42.4352 -24.5 24
    endloop
  endfacet
  facet normal 0.838673 0.544635 0
    outer loop
      vertex -42.4352 -24.5 0
      vertex -39.6418 -28.8015 24
      vertex -39.6418 -28.8015 0
    endloop
  endfacet
  facet normal -0.933578 -0.358375 0
    outer loop
      vertex 46.6018 15.1418 0
      vertex 44.7637 19.9301 24
      vertex 44.7637 19.9301 0
    endloop
  endfacet
  facet normal -0.933578 -0.358375 0
    outer loop
      vertex 44.7637 19.9301 24
      vertex 46.6018 15.1418 0
      vertex 46.6018 15.1418 24
    endloop
  endfacet
  facet normal -0.453994 -0.891005 0
    outer loop
      vertex 19.9301 44.7637 0
      vertex 24.5 42.4352 24
      vertex 19.9301 44.7637 24
    endloop
  endfacet
  facet normal -0.453994 -0.891005 -0
    outer loop
      vertex 24.5 42.4352 24
      vertex 19.9301 44.7637 0
      vertex 24.5 42.4352 0
    endloop
  endfacet
  facet normal -0.629318 -0.777148 0
    outer loop
      vertex 28.8015 39.6418 0
      vertex 32.7874 36.4141 24
      vertex 28.8015 39.6418 24
    endloop
  endfacet
  facet normal -0.629318 -0.777148 -0
    outer loop
      vertex 32.7874 36.4141 24
      vertex 28.8015 39.6418 0
      vertex 32.7874 36.4141 0
    endloop
  endfacet
  facet normal 0.838673 -0.544635 0
    outer loop
      vertex -42.4352 24.5 24
      vertex -39.6418 28.8015 0
      vertex -39.6418 28.8015 24
    endloop
  endfacet
  facet normal 0.838673 -0.544635 0
    outer loop
      vertex -39.6418 28.8015 0
      vertex -42.4352 24.5 24
      vertex -42.4352 24.5 0
    endloop
  endfacet
  facet normal 0.777148 -0.629318 0
    outer loop
      vertex -39.6418 28.8015 24
      vertex -36.4141 32.7874 0
      vertex -36.4141 32.7874 24
    endloop
  endfacet
  facet normal 0.777148 -0.629318 0
    outer loop
      vertex -36.4141 32.7874 0
      vertex -39.6418 28.8015 24
      vertex -39.6418 28.8015 0
    endloop
  endfacet
  facet normal 0.453994 -0.891005 0
    outer loop
      vertex -24.5 42.4352 0
      vertex -19.9301 44.7637 24
      vertex -24.5 42.4352 24
    endloop
  endfacet
  facet normal 0.453994 -0.891005 0
    outer loop
      vertex -19.9301 44.7637 24
      vertex -24.5 42.4352 0
      vertex -19.9301 44.7637 0
    endloop
  endfacet
  facet normal -0.891005 0.453994 0
    outer loop
      vertex 42.4352 -24.5 0
      vertex 44.7637 -19.9301 24
      vertex 44.7637 -19.9301 0
    endloop
  endfacet
  facet normal -0.891005 0.453994 0
    outer loop
      vertex 44.7637 -19.9301 24
      vertex 42.4352 -24.5 0
      vertex 42.4352 -24.5 24
    endloop
  endfacet
  facet normal -0.25881 0.965928 0
    outer loop
      vertex 15.1418 -46.6018 0
      vertex 10.1877 -47.9292 24
      vertex 15.1418 -46.6018 24
    endloop
  endfacet
  facet normal -0.25881 0.965928 0
    outer loop
      vertex 10.1877 -47.9292 24
      vertex 15.1418 -46.6018 0
      vertex 10.1877 -47.9292 0
    endloop
  endfacet
  facet normal -0.707107 0.707107 0
    outer loop
      vertex 32.7874 -36.4141 0
      vertex 36.4141 -32.7874 24
      vertex 36.4141 -32.7874 0
    endloop
  endfacet
  facet normal -0.707107 0.707107 0
    outer loop
      vertex 36.4141 -32.7874 24
      vertex 32.7874 -36.4141 0
      vertex 32.7874 -36.4141 24
    endloop
  endfacet
  facet normal -0.965928 0.25881 0
    outer loop
      vertex 46.6018 -15.1418 0
      vertex 47.9292 -10.1877 24
      vertex 47.9292 -10.1877 0
    endloop
  endfacet
  facet normal -0.965928 0.25881 0
    outer loop
      vertex 47.9292 -10.1877 24
      vertex 46.6018 -15.1418 0
      vertex 46.6018 -15.1418 24
    endloop
  endfacet
  facet normal 0.358375 0.933578 -0
    outer loop
      vertex -15.1418 -46.6018 0
      vertex -19.9301 -44.7637 24
      vertex -15.1418 -46.6018 24
    endloop
  endfacet
  facet normal 0.358375 0.933578 0
    outer loop
      vertex -19.9301 -44.7637 24
      vertex -15.1418 -46.6018 0
      vertex -19.9301 -44.7637 0
    endloop
  endfacet
  facet normal 0.544635 0.838673 -0
    outer loop
      vertex -24.5 -42.4352 0
      vertex -28.8015 -39.6418 24
      vertex -24.5 -42.4352 24
    endloop
  endfacet
  facet normal 0.544635 0.838673 0
    outer loop
      vertex -28.8015 -39.6418 24
      vertex -24.5 -42.4352 0
      vertex -28.8015 -39.6418 0
    endloop
  endfacet
  facet normal 0.891005 0.453994 0
    outer loop
      vertex -42.4352 -24.5 24
      vertex -44.7637 -19.9301 0
      vertex -44.7637 -19.9301 24
    endloop
  endfacet
  facet normal 0.891005 0.453994 0
    outer loop
      vertex -44.7637 -19.9301 0
      vertex -42.4352 -24.5 24
      vertex -42.4352 -24.5 0
    endloop
  endfacet
  facet normal -0.987687 -0.156445 0
    outer loop
      vertex 48.7316 5.12189 0
      vertex 47.9292 10.1877 24
      vertex 47.9292 10.1877 0
    endloop
  endfacet
  facet normal -0.987687 -0.156445 0
    outer loop
      vertex 47.9292 10.1877 24
      vertex 48.7316 5.12189 0
      vertex 48.7316 5.12189 24
    endloop
  endfacet
  facet normal -0.891005 -0.453994 0
    outer loop
      vertex 44.7637 19.9301 0
      vertex 42.4352 24.5 24
      vertex 42.4352 24.5 0
    endloop
  endfacet
  facet normal -0.891005 -0.453994 0
    outer loop
      vertex 42.4352 24.5 24
      vertex 44.7637 19.9301 0
      vertex 44.7637 19.9301 24
    endloop
  endfacet
  facet normal -0.838673 -0.544635 0
    outer loop
      vertex 42.4352 24.5 0
      vertex 39.6418 28.8015 24
      vertex 39.6418 28.8015 0
    endloop
  endfacet
  facet normal -0.838673 -0.544635 0
    outer loop
      vertex 39.6418 28.8015 24
      vertex 42.4352 24.5 0
      vertex 42.4352 24.5 24
    endloop
  endfacet
  facet normal -0.777148 -0.629318 0
    outer loop
      vertex 39.6418 28.8015 0
      vertex 36.4141 32.7874 24
      vertex 36.4141 32.7874 0
    endloop
  endfacet
  facet normal -0.777148 -0.629318 0
    outer loop
      vertex 36.4141 32.7874 24
      vertex 39.6418 28.8015 0
      vertex 39.6418 28.8015 24
    endloop
  endfacet
  facet normal -0.358375 -0.933578 0
    outer loop
      vertex 15.1418 46.6018 0
      vertex 19.9301 44.7637 24
      vertex 15.1418 46.6018 24
    endloop
  endfacet
  facet normal -0.358375 -0.933578 -0
    outer loop
      vertex 19.9301 44.7637 24
      vertex 15.1418 46.6018 0
      vertex 19.9301 44.7637 0
    endloop
  endfacet
  facet normal -0.25881 -0.965928 0
    outer loop
      vertex 10.1877 47.9292 0
      vertex 15.1418 46.6018 24
      vertex 10.1877 47.9292 24
    endloop
  endfacet
  facet normal -0.25881 -0.965928 -0
    outer loop
      vertex 15.1418 46.6018 24
      vertex 10.1877 47.9292 0
      vertex 15.1418 46.6018 0
    endloop
  endfacet
  facet normal -0.156445 -0.987687 0
    outer loop
      vertex 5.12189 48.7316 0
      vertex 10.1877 47.9292 24
      vertex 5.12189 48.7316 24
    endloop
  endfacet
  facet normal -0.156445 -0.987687 -0
    outer loop
      vertex 10.1877 47.9292 24
      vertex 5.12189 48.7316 0
      vertex 10.1877 47.9292 0
    endloop
  endfacet
  facet normal -0.544635 -0.838673 0
    outer loop
      vertex 24.5 42.4352 0
      vertex 28.8015 39.6418 24
      vertex 24.5 42.4352 24
    endloop
  endfacet
  facet normal -0.544635 -0.838673 -0
    outer loop
      vertex 28.8015 39.6418 24
      vertex 24.5 42.4352 0
      vertex 28.8015 39.6418 0
    endloop
  endfacet
  facet normal 0.707107 -0.707107 0
    outer loop
      vertex -36.4141 32.7874 24
      vertex -32.7874 36.4141 0
      vertex -32.7874 36.4141 24
    endloop
  endfacet
  facet normal 0.707107 -0.707107 0
    outer loop
      vertex -32.7874 36.4141 0
      vertex -36.4141 32.7874 24
      vertex -36.4141 32.7874 0
    endloop
  endfacet
  facet normal 0.891005 -0.453994 0
    outer loop
      vertex -44.7637 19.9301 24
      vertex -42.4352 24.5 0
      vertex -42.4352 24.5 24
    endloop
  endfacet
  facet normal 0.891005 -0.453994 0
    outer loop
      vertex -42.4352 24.5 0
      vertex -44.7637 19.9301 24
      vertex -44.7637 19.9301 0
    endloop
  endfacet
  facet normal 0.933578 -0.358375 0
    outer loop
      vertex -46.6018 15.1418 24
      vertex -44.7637 19.9301 0
      vertex -44.7637 19.9301 24
    endloop
  endfacet
  facet normal 0.933578 -0.358375 0
    outer loop
      vertex -44.7637 19.9301 0
      vertex -46.6018 15.1418 24
      vertex -46.6018 15.1418 0
    endloop
  endfacet
  facet normal 0.965928 -0.25881 0
    outer loop
      vertex -47.9292 10.1877 24
      vertex -46.6018 15.1418 0
      vertex -46.6018 15.1418 24
    endloop
  endfacet
  facet normal 0.965928 -0.25881 0
    outer loop
      vertex -46.6018 15.1418 0
      vertex -47.9292 10.1877 24
      vertex -47.9292 10.1877 0
    endloop
  endfacet
  facet normal 0.987687 -0.156445 0
    outer loop
      vertex -48.7316 5.12189 24
      vertex -47.9292 10.1877 0
      vertex -47.9292 10.1877 24
    endloop
  endfacet
  facet normal 0.987687 -0.156445 0
    outer loop
      vertex -47.9292 10.1877 0
      vertex -48.7316 5.12189 24
      vertex -48.7316 5.12189 0
    endloop
  endfacet
  facet normal 0.544635 -0.838673 0
    outer loop
      vertex -28.8015 39.6418 0
      vertex -24.5 42.4352 24
      vertex -28.8015 39.6418 24
    endloop
  endfacet
  facet normal 0.544635 -0.838673 0
    outer loop
      vertex -24.5 42.4352 24
      vertex -28.8015 39.6418 0
      vertex -24.5 42.4352 0
    endloop
  endfacet
  facet normal 0.0523307 -0.99863 0
    outer loop
      vertex -5.12189 48.7316 0
      vertex 0 49 24
      vertex -5.12189 48.7316 24
    endloop
  endfacet
  facet normal 0.0523307 -0.99863 0
    outer loop
      vertex 0 49 24
      vertex -5.12189 48.7316 0
      vertex 0 49 0
    endloop
  endfacet
  facet normal 0.156445 -0.987687 0
    outer loop
      vertex -10.1877 47.9292 0
      vertex -5.12189 48.7316 24
      vertex -10.1877 47.9292 24
    endloop
  endfacet
  facet normal 0.156445 -0.987687 0
    outer loop
      vertex -5.12189 48.7316 24
      vertex -10.1877 47.9292 0
      vertex -5.12189 48.7316 0
    endloop
  endfacet
  facet normal -0.0523307 0.99863 0
    outer loop
      vertex 5.12189 -48.7316 0
      vertex 0 -49 24
      vertex 5.12189 -48.7316 24
    endloop
  endfacet
  facet normal -0.0523307 0.99863 0
    outer loop
      vertex 0 -49 24
      vertex 5.12189 -48.7316 0
      vertex 0 -49 0
    endloop
  endfacet
  facet normal -0.156445 0.987687 0
    outer loop
      vertex 10.1877 -47.9292 0
      vertex 5.12189 -48.7316 24
      vertex 10.1877 -47.9292 24
    endloop
  endfacet
  facet normal -0.156445 0.987687 0
    outer loop
      vertex 5.12189 -48.7316 24
      vertex 10.1877 -47.9292 0
      vertex 5.12189 -48.7316 0
    endloop
  endfacet
  facet normal -0.453994 0.891005 0
    outer loop
      vertex 24.5 -42.4352 0
      vertex 19.9301 -44.7637 24
      vertex 24.5 -42.4352 24
    endloop
  endfacet
  facet normal -0.453994 0.891005 0
    outer loop
      vertex 19.9301 -44.7637 24
      vertex 24.5 -42.4352 0
      vertex 19.9301 -44.7637 0
    endloop
  endfacet
  facet normal -0.629318 0.777148 0
    outer loop
      vertex 32.7874 -36.4141 0
      vertex 28.8015 -39.6418 24
      vertex 32.7874 -36.4141 24
    endloop
  endfacet
  facet normal -0.629318 0.777148 0
    outer loop
      vertex 28.8015 -39.6418 24
      vertex 32.7874 -36.4141 0
      vertex 28.8015 -39.6418 0
    endloop
  endfacet
  facet normal -0.777148 0.629318 0
    outer loop
      vertex 36.4141 -32.7874 0
      vertex 39.6418 -28.8015 24
      vertex 39.6418 -28.8015 0
    endloop
  endfacet
  facet normal -0.777148 0.629318 0
    outer loop
      vertex 39.6418 -28.8015 24
      vertex 36.4141 -32.7874 0
      vertex 36.4141 -32.7874 24
    endloop
  endfacet
  facet normal -0.838673 0.544635 0
    outer loop
      vertex 39.6418 -28.8015 0
      vertex 42.4352 -24.5 24
      vertex 42.4352 -24.5 0
    endloop
  endfacet
  facet normal -0.838673 0.544635 0
    outer loop
      vertex 42.4352 -24.5 24
      vertex 39.6418 -28.8015 0
      vertex 39.6418 -28.8015 24
    endloop
  endfacet
  facet normal 0.156445 0.987687 -0
    outer loop
      vertex -5.12189 -48.7316 0
      vertex -10.1877 -47.9292 24
      vertex -5.12189 -48.7316 24
    endloop
  endfacet
  facet normal 0.156445 0.987687 0
    outer loop
      vertex -10.1877 -47.9292 24
      vertex -5.12189 -48.7316 0
      vertex -10.1877 -47.9292 0
    endloop
  endfacet
  facet normal 0.707107 0.707107 0
    outer loop
      vertex -32.7874 -36.4141 24
      vertex -36.4141 -32.7874 0
      vertex -36.4141 -32.7874 24
    endloop
  endfacet
  facet normal 0.707107 0.707107 0
    outer loop
      vertex -36.4141 -32.7874 0
      vertex -32.7874 -36.4141 24
      vertex -32.7874 -36.4141 0
    endloop
  endfacet
  facet normal 0.0523307 0.99863 -0
    outer loop
      vertex 0 -49 0
      vertex -5.12189 -48.7316 24
      vertex 0 -49 24
    endloop
  endfacet
  facet normal 0.0523307 0.99863 0
    outer loop
      vertex -5.12189 -48.7316 24
      vertex 0 -49 0
      vertex -5.12189 -48.7316 0
    endloop
  endfacet
  facet normal 0.629318 0.777148 -0
    outer loop
      vertex -28.8015 -39.6418 0
      vertex -32.7874 -36.4141 24
      vertex -28.8015 -39.6418 24
    endloop
  endfacet
  facet normal 0.629318 0.777148 0
    outer loop
      vertex -32.7874 -36.4141 24
      vertex -28.8015 -39.6418 0
      vertex -32.7874 -36.4141 0
    endloop
  endfacet
  facet normal 0.777148 0.629318 0
    outer loop
      vertex -36.4141 -32.7874 24
      vertex -39.6418 -28.8015 0
      vertex -39.6418 -28.8015 24
    endloop
  endfacet
  facet normal 0.777148 0.629318 0
    outer loop
      vertex -39.6418 -28.8015 0
      vertex -36.4141 -32.7874 24
      vertex -36.4141 -32.7874 0
    endloop
  endfacet
  facet normal 0.965928 0.25881 0
    outer loop
      vertex -46.6018 -15.1418 24
      vertex -47.9292 -10.1877 0
      vertex -47.9292 -10.1877 24
    endloop
  endfacet
  facet normal 0.965928 0.25881 0
    outer loop
      vertex -47.9292 -10.1877 0
      vertex -46.6018 -15.1418 24
      vertex -46.6018 -15.1418 0
    endloop
  endfacet
  facet normal 0.99863 0.0523307 0
    outer loop
      vertex -48.7316 -5.12189 24
      vertex -49 0 0
      vertex -49 0 24
    endloop
  endfacet
  facet normal 0.99863 0.0523307 0
    outer loop
      vertex -49 0 0
      vertex -48.7316 -5.12189 24
      vertex -48.7316 -5.12189 0
    endloop
  endfacet
  facet normal 0.25881 -0.965928 0
    outer loop
      vertex -15.1418 46.6018 0
      vertex -10.1877 47.9292 24
      vertex -15.1418 46.6018 24
    endloop
  endfacet
  facet normal 0.25881 -0.965928 0
    outer loop
      vertex -10.1877 47.9292 24
      vertex -15.1418 46.6018 0
      vertex -10.1877 47.9292 0
    endloop
  endfacet
  facet normal -0.358375 0.933578 0
    outer loop
      vertex 19.9301 -44.7637 0
      vertex 15.1418 -46.6018 24
      vertex 19.9301 -44.7637 24
    endloop
  endfacet
  facet normal -0.358375 0.933578 0
    outer loop
      vertex 15.1418 -46.6018 24
      vertex 19.9301 -44.7637 0
      vertex 15.1418 -46.6018 0
    endloop
  endfacet
  facet normal -0.544635 0.838673 0
    outer loop
      vertex 28.8015 -39.6418 0
      vertex 24.5 -42.4352 24
      vertex 28.8015 -39.6418 24
    endloop
  endfacet
  facet normal -0.544635 0.838673 0
    outer loop
      vertex 24.5 -42.4352 24
      vertex 28.8015 -39.6418 0
      vertex 24.5 -42.4352 0
    endloop
  endfacet
  facet normal -0.933578 0.358375 0
    outer loop
      vertex 44.7637 -19.9301 0
      vertex 46.6018 -15.1418 24
      vertex 46.6018 -15.1418 0
    endloop
  endfacet
  facet normal -0.933578 0.358375 0
    outer loop
      vertex 46.6018 -15.1418 24
      vertex 44.7637 -19.9301 0
      vertex 44.7637 -19.9301 24
    endloop
  endfacet
  facet normal -0.987687 0.156445 0
    outer loop
      vertex 47.9292 -10.1877 0
      vertex 48.7316 -5.12189 24
      vertex 48.7316 -5.12189 0
    endloop
  endfacet
  facet normal -0.987687 0.156445 0
    outer loop
      vertex 48.7316 -5.12189 24
      vertex 47.9292 -10.1877 0
      vertex 47.9292 -10.1877 24
    endloop
  endfacet
  facet normal -0.99863 0.0523307 0
    outer loop
      vertex 48.7316 -5.12189 0
      vertex 49 0 24
      vertex 49 0 0
    endloop
  endfacet
  facet normal -0.99863 0.0523307 0
    outer loop
      vertex 49 0 24
      vertex 48.7316 -5.12189 0
      vertex 48.7316 -5.12189 24
    endloop
  endfacet
  facet normal 0.25881 0.965928 -0
    outer loop
      vertex -10.1877 -47.9292 0
      vertex -15.1418 -46.6018 24
      vertex -10.1877 -47.9292 24
    endloop
  endfacet
  facet normal 0.25881 0.965928 0
    outer loop
      vertex -15.1418 -46.6018 24
      vertex -10.1877 -47.9292 0
      vertex -15.1418 -46.6018 0
    endloop
  endfacet
  facet normal 0.453994 0.891005 -0
    outer loop
      vertex -19.9301 -44.7637 0
      vertex -24.5 -42.4352 24
      vertex -19.9301 -44.7637 24
    endloop
  endfacet
  facet normal 0.453994 0.891005 0
    outer loop
      vertex -24.5 -42.4352 24
      vertex -19.9301 -44.7637 0
      vertex -24.5 -42.4352 0
    endloop
  endfacet
  facet normal 0.987687 0.156445 0
    outer loop
      vertex -47.9292 -10.1877 24
      vertex -48.7316 -5.12189 0
      vertex -48.7316 -5.12189 24
    endloop
  endfacet
  facet normal 0.987687 0.156445 0
    outer loop
      vertex -48.7316 -5.12189 0
      vertex -47.9292 -10.1877 24
      vertex -47.9292 -10.1877 0
    endloop
  endfacet
  facet normal 0.933578 0.358375 0
    outer loop
      vertex -44.7637 -19.9301 24
      vertex -46.6018 -15.1418 0
      vertex -46.6018 -15.1418 24
    endloop
  endfacet
  facet normal 0.933578 0.358375 0
    outer loop
      vertex -46.6018 -15.1418 0
      vertex -44.7637 -19.9301 24
      vertex -44.7637 -19.9301 0
    endloop
  endfacet
  facet normal -1 0 0
    outer loop
      vertex 50 -8 24
      vertex 50 8 29
      vertex 50 8 24
    endloop
  endfacet
  facet normal -1 -0 0
    outer loop
      vertex 50 8 29
      vertex 50 -8 24
      vertex 50 -8 29
    endloop
  endfacet
  facet normal -0 0 1
    outer loop
      vertex 50 8 29
      vertex 56 -8 29
      vertex 56 8 29
    endloop
  endfacet
  facet normal 0 0 1
    outer loop
      vertex 56 -8 29
      vertex 50 8 29
      vertex 50 -8 29
    endloop
  endfacet
  facet normal 1 -0 0
    outer loop
      vertex 56 -8 29
      vertex 56 8 24
      vertex 56 8 29
    endloop
  endfacet
  facet normal 1 0 0
    outer loop
      vertex 56 8 24
      vertex 56 -8 29
      vertex 56 -8 24
    endloop
  endfacet
  facet normal 0 1 0
    outer loop
      vertex 54.3422 8 24
      vertex 56 8 29
      vertex 56 8 24
    endloop
  endfacet
  facet normal 0 1 0
    outer loop
      vertex 56 8 29
      vertex 54.3422 8 24
      vertex 50 8 29
    endloop
  endfacet
  facet normal 0 1 0
    outer loop
      vertex 50 8 29
      vertex 54.3422 8 24
      vertex 50 8 24
    endloop
  endfacet
  facet normal 0 -1 0
    outer loop
      vertex 54.3422 -8 24
      vertex 50 -8 29
      vertex 50 -8 24
    endloop
  endfacet
  facet normal 0 -1 0
    outer loop
      vertex 50 -8 29
      vertex 54.3422 -8 24
      vertex 56 -8 29
    endloop
  endfacet
  facet normal 0 -1 -0
    outer loop
      vertex 56 -8 29
      vertex 54.3422 -8 24
      vertex 56 -8 24
    endloop
  endfacet
  facet normal 0 0 1
    outer loop
      vertex -21.0718 52.4974 29
      vertex -31.9282 39.3013 29
      vertex -18.0718 47.3013 29
    endloop
  endfacet
  facet normal 0 -0 1
    outer loop
      vertex -31.9282 39.3013 29
      vertex -21.0718 52.4974 29
      vertex -34.9282 44.4974 29
    endloop
  endfacet
  facet normal -0.5 0.866025 0
    outer loop
      vertex -21.0718 52.4974 24
      vertex -34.9282 44.4974 29
      vertex -21.0718 52.4974 29
    endloop
  endfacet
  facet normal -0.5 0.866025 0
    outer loop
      vertex -34.9282 44.4974 29
      vertex -21.0718 52.4974 24
      vertex -34.9282 44.4974 24
    endloop
  endfacet
  facet normal 0.866026 0.499999 0
    outer loop
      vertex -21.0718 52.4974 29
      vertex -20.2429 51.0617 24
      vertex -21.0718 52.4974 24
    endloop
  endfacet
  facet normal 0.866023 0.500004 -1.75701e-06
    outer loop
      vertex -18.0718 47.3013 29
      vertex -20.2429 51.0617 24
      vertex -21.0718 52.4974 29
    endloop
  endfacet
  facet normal 0.866022 0.500006 0
    outer loop
      vertex -20.2429 51.0617 24
      vertex -18.0718 47.3013 29
      vertex -18.0718 47.3013 24
    endloop
  endfacet
  facet normal 0.5 -0.866025 0
    outer loop
      vertex -31.9282 39.3013 24
      vertex -18.0718 47.3013 29
      vertex -31.9282 39.3013 29
    endloop
  endfacet
  facet normal 0.5 -0.866025 0
    outer loop
      vertex -18.0718 47.3013 29
      vertex -31.9282 39.3013 24
      vertex -18.0718 47.3013 24
    endloop
  endfacet
  facet normal -0.866026 -0.499999 0
    outer loop
      vertex -34.0993 43.0617 24
      vertex -34.9282 44.4974 29
      vertex -34.9282 44.4974 24
    endloop
  endfacet
  facet normal -0.866022 -0.500006 -0
    outer loop
      vertex -31.9282 39.3013 29
      vertex -34.0993 43.0617 24
      vertex -31.9282 39.3013 24
    endloop
  endfacet
  facet normal -0.866023 -0.500004 1.75701e-06
    outer loop
      vertex -34.0993 43.0617 24
      vertex -31.9282 39.3013 29
      vertex -34.9282 44.4974 29
    endloop
  endfacet
  facet normal 0 0 1
    outer loop
      vertex -31.9282 -39.3013 29
      vertex -21.0718 -52.4974 29
      vertex -18.0718 -47.3013 29
    endloop
  endfacet
  facet normal 0 0 1
    outer loop
      vertex -21.0718 -52.4974 29
      vertex -31.9282 -39.3013 29
      vertex -34.9282 -44.4974 29
    endloop
  endfacet
  facet normal 0.5 0.866025 -0
    outer loop
      vertex -18.0718 -47.3013 24
      vertex -31.9282 -39.3013 29
      vertex -18.0718 -47.3013 29
    endloop
  endfacet
  facet normal 0.5 0.866025 0
    outer loop
      vertex -31.9282 -39.3013 29
      vertex -18.0718 -47.3013 24
      vertex -31.9282 -39.3013 24
    endloop
  endfacet
  facet normal -0.5 -0.866025 0
    outer loop
      vertex -34.9282 -44.4974 24
      vertex -21.0718 -52.4974 29
      vertex -34.9282 -44.4974 29
    endloop
  endfacet
  facet normal -0.5 -0.866025 -0
    outer loop
      vertex -21.0718 -52.4974 29
      vertex -34.9282 -44.4974 24
      vertex -21.0718 -52.4974 24
    endloop
  endfacet
  facet normal -0.866022 0.500006 0
    outer loop
      vertex -34.0993 -43.0617 24
      vertex -31.9282 -39.3013 29
      vertex -31.9282 -39.3013 24
    endloop
  endfacet
  facet normal -0.866026 0.499999 0
    outer loop
      vertex -34.9282 -44.4974 29
      vertex -34.0993 -43.0617 24
      vertex -34.9282 -44.4974 24
    endloop
  endfacet
  facet normal -0.866023 0.500004 1.75701e-06
    outer loop
      vertex -34.0993 -43.0617 24
      vertex -34.9282 -44.4974 29
      vertex -31.9282 -39.3013 29
    endloop
  endfacet
  facet normal 0.866022 -0.500006 0
    outer loop
      vertex -18.0718 -47.3013 29
      vertex -20.2429 -51.0617 24
      vertex -18.0718 -47.3013 24
    endloop
  endfacet
  facet normal 0.866023 -0.500004 -1.75701e-06
    outer loop
      vertex -21.0718 -52.4974 29
      vertex -20.2429 -51.0617 24
      vertex -18.0718 -47.3013 29
    endloop
  endfacet
  facet normal 0.866026 -0.499999 0
    outer loop
      vertex -20.2429 -51.0617 24
      vertex -21.0718 -52.4974 29
      vertex -21.0718 -52.4974 24
    endloop
  endfacet
endsolid OpenSCAD_Model
