solid OpenSCAD_Model
  facet normal 0.998629 0.0523375 0
    outer loop
      vertex 55.2 0 19.6716
      vertex 54.8976 5.76997 0
      vertex 54.8976 5.76997 19.974
    endloop
  endfacet
  facet normal 0.998629 0.0523375 0
    outer loop
      vertex 54.8976 5.76997 0
      vertex 55.2 0 19.6716
      vertex 55.2 0 0
    endloop
  endfacet
  facet normal -0.998629 0.0523375 0
    outer loop
      vertex -55.2 0 5
      vertex -54.8976 5.76997 0
      vertex -55.2 0 0
    endloop
  endfacet
  facet normal -0.998629 0.0523375 0
    outer loop
      vertex -54.8976 5.76997 0
      vertex -55.2 0 5
      vertex -54.8976 5.76997 55
    endloop
  endfacet
  facet normal -0.998629 0.0523375 0
    outer loop
      vertex -55.2 0 50
      vertex -54.8976 5.76997 55
      vertex -55.2 0 5
    endloop
  endfacet
  facet normal -0.998629 0.0523375 0
    outer loop
      vertex -54.8976 5.76997 55
      vertex -55.2 0 50
      vertex -55.2 0 55
    endloop
  endfacet
  facet normal 0.0523375 0.998629 -0
    outer loop
      vertex 5.76997 54.8976 0
      vertex 0 55.2 55
      vertex 5.76997 54.8976 55
    endloop
  endfacet
  facet normal 0.0523375 0.998629 0
    outer loop
      vertex 0 55.2 55
      vertex 5.76997 54.8976 0
      vertex 0 55.2 0
    endloop
  endfacet
  facet normal 0.707107 0.707107 0
    outer loop
      vertex 41.0216 36.936 55
      vertex 36.936 41.0216 0
      vertex 36.936 41.0216 55
    endloop
  endfacet
  facet normal 0.707107 0.707107 0
    outer loop
      vertex 36.936 41.0216 0
      vertex 41.0216 36.936 55
      vertex 41.0216 36.936 0
    endloop
  endfacet
  facet normal -0.629313 0.777152 0
    outer loop
      vertex -32.4457 44.6577 0
      vertex -36.936 41.0216 55
      vertex -32.4457 44.6577 55
    endloop
  endfacet
  facet normal -0.629313 0.777152 0
    outer loop
      vertex -36.936 41.0216 55
      vertex -32.4457 44.6577 0
      vertex -36.936 41.0216 0
    endloop
  endfacet
  facet normal -0.258815 0.965927 0
    outer loop
      vertex -11.4767 53.9937 0
      vertex -17.0577 52.4983 55
      vertex -11.4767 53.9937 55
    endloop
  endfacet
  facet normal -0.258815 0.965927 0
    outer loop
      vertex -17.0577 52.4983 55
      vertex -11.4767 53.9937 0
      vertex -17.0577 52.4983 0
    endloop
  endfacet
  facet normal 0 0 -1
    outer loop
      vertex 6.96165 -0.731699 0
      vertex 6.96165 0.731699 0
      vertex 7 0 0
    endloop
  endfacet
  facet normal 0 0 -1
    outer loop
      vertex 6.84703 -1.45538 0
      vertex 6.96165 0.731699 0
      vertex 6.96165 -0.731699 0
    endloop
  endfacet
  facet normal 0 0 -1
    outer loop
      vertex 6.84703 -1.45538 0
      vertex 6.84703 1.45538 0
      vertex 6.96165 0.731699 0
    endloop
  endfacet
  facet normal 0 0 -1
    outer loop
      vertex 6.6574 -2.16312 0
      vertex 6.84703 1.45538 0
      vertex 6.84703 -1.45538 0
    endloop
  endfacet
  facet normal 0 0 -1
    outer loop
      vertex 6.6574 -2.16312 0
      vertex 6.6574 2.16312 0
      vertex 6.84703 1.45538 0
    endloop
  endfacet
  facet normal 0 0 -1
    outer loop
      vertex 6.39482 -2.84716 0
      vertex 6.6574 2.16312 0
      vertex 6.6574 -2.16312 0
    endloop
  endfacet
  facet normal 0 0 -1
    outer loop
      vertex 6.39482 -2.84716 0
      vertex 6.39482 2.84716 0
      vertex 6.6574 2.16312 0
    endloop
  endfacet
  facet normal 0 0 -1
    outer loop
      vertex 6.06218 -3.5 0
      vertex 6.39482 2.84716 0
      vertex 6.39482 -2.84716 0
    endloop
  endfacet
  facet normal 0 0 -1
    outer loop
      vertex 6.06218 -3.5 0
      vertex 6.06218 3.5 0
      vertex 6.39482 2.84716 0
    endloop
  endfacet
  facet normal 0 0 -1
    outer loop
      vertex 5.66312 -4.1145 0
      vertex 6.06218 3.5 0
      vertex 6.06218 -3.5 0
    endloop
  endfacet
  facet normal 0 0 -1
    outer loop
      vertex 5.66312 -4.1145 0
      vertex 5.66312 4.1145 0
      vertex 6.06218 3.5 0
    endloop
  endfacet
  facet normal 0 0 -1
    outer loop
      vertex 5.20201 -4.68391 0
      vertex 5.66312 4.1145 0
      vertex 5.66312 -4.1145 0
    endloop
  endfacet
  facet normal 0 0 -1
    outer loop
      vertex 5.20201 -4.68391 0
      vertex 5.20201 4.68391 0
      vertex 5.66312 4.1145 0
    endloop
  endfacet
  facet normal 0 0 -1
    outer loop
      vertex 4.68391 -5.20201 0
      vertex 5.20201 4.68391 0
      vertex 5.20201 -4.68391 0
    endloop
  endfacet
  facet normal 0 0 -1
    outer loop
      vertex 4.68391 -5.20201 0
      vertex 4.68391 5.20201 0
      vertex 5.20201 4.68391 0
    endloop
  endfacet
  facet normal 0 0 -1
    outer loop
      vertex 4.1145 -5.66312 0
      vertex 4.68391 5.20201 0
      vertex 4.68391 -5.20201 0
    endloop
  endfacet
  facet normal 0 0 -1
    outer loop
      vertex 4.1145 -5.66312 0
      vertex 4.1145 5.66312 0
      vertex 4.68391 5.20201 0
    endloop
  endfacet
  facet normal 0 0 -1
    outer loop
      vertex 3.5 -6.06218 0
      vertex 4.1145 5.66312 0
      vertex 4.1145 -5.66312 0
    endloop
  endfacet
  facet normal 0 0 -1
    outer loop
      vertex 3.5 -6.06218 0
      vertex 3.5 6.06218 0
      vertex 4.1145 5.66312 0
    endloop
  endfacet
  facet normal 0 0 -1
    outer loop
      vertex 2.84716 -6.39482 0
      vertex 3.5 6.06218 0
      vertex 3.5 -6.06218 0
    endloop
  endfacet
  facet normal 0 0 -1
    outer loop
      vertex 2.84716 -6.39482 0
      vertex 2.84716 6.39482 0
      vertex 3.5 6.06218 0
    endloop
  endfacet
  facet normal 0 0 -1
    outer loop
      vertex 2.16312 -6.6574 0
      vertex 2.84716 6.39482 0
      vertex 2.84716 -6.39482 0
    endloop
  endfacet
  facet normal 0 0 -1
    outer loop
      vertex 2.16312 -6.6574 0
      vertex 2.16312 6.6574 0
      vertex 2.84716 6.39482 0
    endloop
  endfacet
  facet normal 0 0 -1
    outer loop
      vertex 1.45538 -6.84703 0
      vertex 2.16312 6.6574 0
      vertex 2.16312 -6.6574 0
    endloop
  endfacet
  facet normal 0 0 -1
    outer loop
      vertex 1.45538 -6.84703 0
      vertex 1.45538 6.84703 0
      vertex 2.16312 6.6574 0
    endloop
  endfacet
  facet normal 0 0 -1
    outer loop
      vertex 0.731699 -6.96165 0
      vertex 1.45538 6.84703 0
      vertex 1.45538 -6.84703 0
    endloop
  endfacet
  facet normal 0 0 -1
    outer loop
      vertex 0.731699 -6.96165 0
      vertex 0.731699 6.96165 0
      vertex 1.45538 6.84703 0
    endloop
  endfacet
  facet normal 0 0 -1
    outer loop
      vertex 0 -7 0
      vertex 0.731699 6.96165 0
      vertex 0.731699 -6.96165 0
    endloop
  endfacet
  facet normal 0 0 -1
    outer loop
      vertex 0 -7 0
      vertex 0 7 0
      vertex 0.731699 6.96165 0
    endloop
  endfacet
  facet normal 0 0 -1
    outer loop
      vertex -0.731699 -6.96165 0
      vertex 0 7 0
      vertex 0 -7 0
    endloop
  endfacet
  facet normal 0 0 -1
    outer loop
      vertex -0.731699 -6.96165 0
      vertex -0.731699 6.96165 0
      vertex 0 7 0
    endloop
  endfacet
  facet normal 0 0 -1
    outer loop
      vertex -1.45538 -6.84703 0
      vertex -0.731699 6.96165 0
      vertex -0.731699 -6.96165 0
    endloop
  endfacet
  facet normal 0 0 -1
    outer loop
      vertex -1.45538 -6.84703 0
      vertex -1.45538 6.84703 0
      vertex -0.731699 6.96165 0
    endloop
  endfacet
  facet normal 0 0 -1
    outer loop
      vertex -2.16312 -6.6574 0
      vertex -1.45538 6.84703 0
      vertex -1.45538 -6.84703 0
    endloop
  endfacet
  facet normal 0 0 -1
    outer loop
      vertex -2.16312 -6.6574 0
      vertex -2.16312 6.6574 0
      vertex -1.45538 6.84703 0
    endloop
  endfacet
  facet normal 0 0 -1
    outer loop
      vertex -2.84716 -6.39482 0
      vertex -2.16312 6.6574 0
      vertex -2.16312 -6.6574 0
    endloop
  endfacet
  facet normal 0 0 -1
    outer loop
      vertex -2.84716 -6.39482 0
      vertex -2.84716 6.39482 0
      vertex -2.16312 6.6574 0
    endloop
  endfacet
  facet normal 0 0 -1
    outer loop
      vertex -3.5 -6.06218 0
      vertex -2.84716 6.39482 0
      vertex -2.84716 -6.39482 0
    endloop
  endfacet
  facet normal 0 0 -1
    outer loop
      vertex -3.5 -6.06218 0
      vertex -3.5 6.06218 0
      vertex -2.84716 6.39482 0
    endloop
  endfacet
  facet normal 0 0 -1
    outer loop
      vertex -4.1145 -5.66312 0
      vertex -3.5 6.06218 0
      vertex -3.5 -6.06218 0
    endloop
  endfacet
  facet normal 0 0 -1
    outer loop
      vertex -4.1145 -5.66312 0
      vertex -4.1145 5.66312 0
      vertex -3.5 6.06218 0
    endloop
  endfacet
  facet normal 0 0 -1
    outer loop
      vertex -4.68391 -5.20201 0
      vertex -4.1145 5.66312 0
      vertex -4.1145 -5.66312 0
    endloop
  endfacet
  facet normal 0 0 -1
    outer loop
      vertex -4.68391 -5.20201 0
      vertex -4.68391 5.20201 0
      vertex -4.1145 5.66312 0
    endloop
  endfacet
  facet normal 0 0 -1
    outer loop
      vertex -5.20201 -4.68391 0
      vertex -4.68391 5.20201 0
      vertex -4.68391 -5.20201 0
    endloop
  endfacet
  facet normal 0 0 -1
    outer loop
      vertex -5.20201 -4.68391 0
      vertex -5.20201 4.68391 0
      vertex -4.68391 5.20201 0
    endloop
  endfacet
  facet normal 0 0 -1
    outer loop
      vertex -5.66312 -4.1145 0
      vertex -5.20201 4.68391 0
      vertex -5.20201 -4.68391 0
    endloop
  endfacet
  facet normal 0 0 -1
    outer loop
      vertex -5.66312 -4.1145 0
      vertex -5.66312 4.1145 0
      vertex -5.20201 4.68391 0
    endloop
  endfacet
  facet normal 0 0 -1
    outer loop
      vertex -6.06218 -3.5 0
      vertex -5.66312 4.1145 0
      vertex -5.66312 -4.1145 0
    endloop
  endfacet
  facet normal 0 0 -1
    outer loop
      vertex -6.06218 -3.5 0
      vertex -6.06218 3.5 0
      vertex -5.66312 4.1145 0
    endloop
  endfacet
  facet normal 0 0 -1
    outer loop
      vertex -6.39482 -2.84716 0
      vertex -6.06218 3.5 0
      vertex -6.06218 -3.5 0
    endloop
  endfacet
  facet normal 0 0 -1
    outer loop
      vertex -6.39482 -2.84716 0
      vertex -6.39482 2.84716 0
      vertex -6.06218 3.5 0
    endloop
  endfacet
  facet normal 0 0 -1
    outer loop
      vertex -6.6574 -2.16312 0
      vertex -6.39482 2.84716 0
      vertex -6.39482 -2.84716 0
    endloop
  endfacet
  facet normal 0 0 -1
    outer loop
      vertex -6.6574 -2.16312 0
      vertex -6.6574 2.16312 0
      vertex -6.39482 2.84716 0
    endloop
  endfacet
  facet normal 0 0 -1
    outer loop
      vertex -6.84703 -1.45538 0
      vertex -6.6574 2.16312 0
      vertex -6.6574 -2.16312 0
    endloop
  endfacet
  facet normal 0 0 -1
    outer loop
      vertex -6.84703 -1.45538 0
      vertex -6.84703 1.45538 0
      vertex -6.6574 2.16312 0
    endloop
  endfacet
  facet normal 0 0 -1
    outer loop
      vertex -6.96165 -0.731699 0
      vertex -6.84703 1.45538 0
      vertex -6.84703 -1.45538 0
    endloop
  endfacet
  facet normal 0 0 -1
    outer loop
      vertex -6.96165 -0.731699 0
      vertex -6.96165 0.731699 0
      vertex -6.84703 1.45538 0
    endloop
  endfacet
  facet normal 0 -0 -1
    outer loop
      vertex -6.96165 0.731699 0
      vertex -6.96165 -0.731699 0
      vertex -7 0 0
    endloop
  endfacet
  facet normal 0 0 -1
    outer loop
      vertex 13 0 0
      vertex 55.2 0 0
      vertex 54.8976 -5.76997 0
    endloop
  endfacet
  facet normal 0 0 -1
    outer loop
      vertex 12.9288 -1.35887 0
      vertex 54.8976 -5.76997 0
      vertex 53.9937 -11.4767 0
    endloop
  endfacet
  facet normal 0 0 -1
    outer loop
      vertex 55.2 0 0
      vertex 13 0 0
      vertex 54.8976 5.76997 0
    endloop
  endfacet
  facet normal 0 0 -1
    outer loop
      vertex 12.7159 -2.70285 0
      vertex 53.9937 -11.4767 0
      vertex 52.4983 -17.0577 0
    endloop
  endfacet
  facet normal 0 0 -1
    outer loop
      vertex 12.9288 1.35887 0
      vertex 54.8976 5.76997 0
      vertex 13 0 0
    endloop
  endfacet
  facet normal 0 0 -1
    outer loop
      vertex 12.3637 -4.01722 0
      vertex 52.4983 -17.0577 0
      vertex 50.4277 -22.4519 0
    endloop
  endfacet
  facet normal -0 0 -1
    outer loop
      vertex 54.8976 5.76997 0
      vertex 12.9288 1.35887 0
      vertex 53.9937 11.4767 0
    endloop
  endfacet
  facet normal 0 0 -1
    outer loop
      vertex 11.8761 -5.28758 0
      vertex 50.4277 -22.4519 0
      vertex 47.8046 -27.6 0
    endloop
  endfacet
  facet normal 0 0 -1
    outer loop
      vertex 12.7159 2.70285 0
      vertex 53.9937 11.4767 0
      vertex 12.9288 1.35887 0
    endloop
  endfacet
  facet normal 0 0 -1
    outer loop
      vertex 11.2583 -6.5 0
      vertex 47.8046 -27.6 0
      vertex 44.6577 -32.4457 0
    endloop
  endfacet
  facet normal -0 0 -1
    outer loop
      vertex 53.9937 11.4767 0
      vertex 12.7159 2.70285 0
      vertex 52.4983 17.0577 0
    endloop
  endfacet
  facet normal 0 0 -1
    outer loop
      vertex 10.5172 -7.64121 0
      vertex 44.6577 -32.4457 0
      vertex 41.0216 -36.936 0
    endloop
  endfacet
  facet normal 0 0 -1
    outer loop
      vertex 12.3637 4.01722 0
      vertex 52.4983 17.0577 0
      vertex 12.7159 2.70285 0
    endloop
  endfacet
  facet normal 0 0 -1
    outer loop
      vertex 9.66088 -8.6987 0
      vertex 41.0216 -36.936 0
      vertex 36.936 -41.0216 0
    endloop
  endfacet
  facet normal -0 0 -1
    outer loop
      vertex 52.4983 17.0577 0
      vertex 12.3637 4.01722 0
      vertex 50.4277 22.4519 0
    endloop
  endfacet
  facet normal 0 0 -1
    outer loop
      vertex 8.6987 -9.66088 0
      vertex 36.936 -41.0216 0
      vertex 32.4457 -44.6577 0
    endloop
  endfacet
  facet normal 0 0 -1
    outer loop
      vertex 11.8761 5.28758 0
      vertex 50.4277 22.4519 0
      vertex 12.3637 4.01722 0
    endloop
  endfacet
  facet normal 0 0 -1
    outer loop
      vertex 7.64121 -10.5172 0
      vertex 32.4457 -44.6577 0
      vertex 27.6 -47.8046 0
    endloop
  endfacet
  facet normal -0 0 -1
    outer loop
      vertex 50.4277 22.4519 0
      vertex 11.8761 5.28758 0
      vertex 47.8046 27.6 0
    endloop
  endfacet
  facet normal 0 0 -1
    outer loop
      vertex 6.5 -11.2583 0
      vertex 27.6 -47.8046 0
      vertex 22.4519 -50.4277 0
    endloop
  endfacet
  facet normal 0 0 -1
    outer loop
      vertex 11.2583 6.5 0
      vertex 47.8046 27.6 0
      vertex 11.8761 5.28758 0
    endloop
  endfacet
  facet normal 0 0 -1
    outer loop
      vertex 5.28758 -11.8761 0
      vertex 22.4519 -50.4277 0
      vertex 17.0577 -52.4983 0
    endloop
  endfacet
  facet normal -0 0 -1
    outer loop
      vertex 47.8046 27.6 0
      vertex 11.2583 6.5 0
      vertex 44.6577 32.4457 0
    endloop
  endfacet
  facet normal 0 0 -1
    outer loop
      vertex 10.5172 7.64121 0
      vertex 44.6577 32.4457 0
      vertex 11.2583 6.5 0
    endloop
  endfacet
  facet normal 0 0 -1
    outer loop
      vertex 54.8976 -5.76997 0
      vertex 12.9288 -1.35887 0
      vertex 13 0 0
    endloop
  endfacet
  facet normal 0 0 -1
    outer loop
      vertex 53.9937 -11.4767 0
      vertex 12.7159 -2.70285 0
      vertex 12.9288 -1.35887 0
    endloop
  endfacet
  facet normal 0 0 -1
    outer loop
      vertex 52.4983 -17.0577 0
      vertex 12.3637 -4.01722 0
      vertex 12.7159 -2.70285 0
    endloop
  endfacet
  facet normal 0 0 -1
    outer loop
      vertex 50.4277 -22.4519 0
      vertex 11.8761 -5.28758 0
      vertex 12.3637 -4.01722 0
    endloop
  endfacet
  facet normal 0 0 -1
    outer loop
      vertex 4.01722 -12.3637 0
      vertex 17.0577 -52.4983 0
      vertex 11.4767 -53.9937 0
    endloop
  endfacet
  facet normal 0 0 -1
    outer loop
      vertex 47.8046 -27.6 0
      vertex 11.2583 -6.5 0
      vertex 11.8761 -5.28758 0
    endloop
  endfacet
  facet normal 0 0 -1
    outer loop
      vertex 44.6577 -32.4457 0
      vertex 10.5172 -7.64121 0
      vertex 11.2583 -6.5 0
    endloop
  endfacet
  facet normal 0 0 -1
    outer loop
      vertex 41.0216 -36.936 0
      vertex 9.66088 -8.6987 0
      vertex 10.5172 -7.64121 0
    endloop
  endfacet
  facet normal 0 0 -1
    outer loop
      vertex 36.936 -41.0216 0
      vertex 8.6987 -9.66088 0
      vertex 9.66088 -8.6987 0
    endloop
  endfacet
  facet normal 0 0 -1
    outer loop
      vertex 32.4457 -44.6577 0
      vertex 7.64121 -10.5172 0
      vertex 8.6987 -9.66088 0
    endloop
  endfacet
  facet normal 0 0 -1
    outer loop
      vertex 27.6 -47.8046 0
      vertex 6.5 -11.2583 0
      vertex 7.64121 -10.5172 0
    endloop
  endfacet
  facet normal 0 0 -1
    outer loop
      vertex 2.70285 -12.7159 0
      vertex 11.4767 -53.9937 0
      vertex 5.76997 -54.8976 0
    endloop
  endfacet
  facet normal 0 0 -1
    outer loop
      vertex 22.4519 -50.4277 0
      vertex 5.28758 -11.8761 0
      vertex 6.5 -11.2583 0
    endloop
  endfacet
  facet normal 0 0 -1
    outer loop
      vertex 17.0577 -52.4983 0
      vertex 4.01722 -12.3637 0
      vertex 5.28758 -11.8761 0
    endloop
  endfacet
  facet normal 0 0 -1
    outer loop
      vertex 11.4767 -53.9937 0
      vertex 2.70285 -12.7159 0
      vertex 4.01722 -12.3637 0
    endloop
  endfacet
  facet normal 0 0 -1
    outer loop
      vertex 5.76997 -54.8976 0
      vertex 1.35887 -12.9288 0
      vertex 2.70285 -12.7159 0
    endloop
  endfacet
  facet normal 0 0 -1
    outer loop
      vertex 0 -55.2 0
      vertex 1.35887 -12.9288 0
      vertex 5.76997 -54.8976 0
    endloop
  endfacet
  facet normal 0 0 -1
    outer loop
      vertex 0 -55.2 0
      vertex 0 -13 0
      vertex 1.35887 -12.9288 0
    endloop
  endfacet
  facet normal 0 0 -1
    outer loop
      vertex 0 -55.2 0
      vertex -1.35887 -12.9288 0
      vertex 0 -13 0
    endloop
  endfacet
  facet normal 0 0 -1
    outer loop
      vertex -5.76997 -54.8976 0
      vertex -1.35887 -12.9288 0
      vertex 0 -55.2 0
    endloop
  endfacet
  facet normal -0 0 -1
    outer loop
      vertex -1.35887 -12.9288 0
      vertex -5.76997 -54.8976 0
      vertex -2.70285 -12.7159 0
    endloop
  endfacet
  facet normal 0 0 -1
    outer loop
      vertex -11.4767 -53.9937 0
      vertex -2.70285 -12.7159 0
      vertex -5.76997 -54.8976 0
    endloop
  endfacet
  facet normal -0 0 -1
    outer loop
      vertex -2.70285 -12.7159 0
      vertex -11.4767 -53.9937 0
      vertex -4.01722 -12.3637 0
    endloop
  endfacet
  facet normal 0 0 -1
    outer loop
      vertex -17.0577 -52.4983 0
      vertex -4.01722 -12.3637 0
      vertex -11.4767 -53.9937 0
    endloop
  endfacet
  facet normal -0 0 -1
    outer loop
      vertex -4.01722 -12.3637 0
      vertex -17.0577 -52.4983 0
      vertex -5.28758 -11.8761 0
    endloop
  endfacet
  facet normal 0 0 -1
    outer loop
      vertex -22.4519 -50.4277 0
      vertex -5.28758 -11.8761 0
      vertex -17.0577 -52.4983 0
    endloop
  endfacet
  facet normal -0 0 -1
    outer loop
      vertex -5.28758 -11.8761 0
      vertex -22.4519 -50.4277 0
      vertex -6.5 -11.2583 0
    endloop
  endfacet
  facet normal 0 0 -1
    outer loop
      vertex -27.6 -47.8046 0
      vertex -6.5 -11.2583 0
      vertex -22.4519 -50.4277 0
    endloop
  endfacet
  facet normal -0 0 -1
    outer loop
      vertex -6.5 -11.2583 0
      vertex -27.6 -47.8046 0
      vertex -7.64121 -10.5172 0
    endloop
  endfacet
  facet normal 0 0 -1
    outer loop
      vertex -32.4457 -44.6577 0
      vertex -7.64121 -10.5172 0
      vertex -27.6 -47.8046 0
    endloop
  endfacet
  facet normal -0 0 -1
    outer loop
      vertex -7.64121 -10.5172 0
      vertex -32.4457 -44.6577 0
      vertex -8.6987 -9.66088 0
    endloop
  endfacet
  facet normal 0 0 -1
    outer loop
      vertex -36.936 -41.0216 0
      vertex -8.6987 -9.66088 0
      vertex -32.4457 -44.6577 0
    endloop
  endfacet
  facet normal -0 0 -1
    outer loop
      vertex -8.6987 -9.66088 0
      vertex -36.936 -41.0216 0
      vertex -9.66088 -8.6987 0
    endloop
  endfacet
  facet normal 0 0 -1
    outer loop
      vertex -41.0216 -36.936 0
      vertex -9.66088 -8.6987 0
      vertex -36.936 -41.0216 0
    endloop
  endfacet
  facet normal -0 0 -1
    outer loop
      vertex -9.66088 -8.6987 0
      vertex -41.0216 -36.936 0
      vertex -10.5172 -7.64121 0
    endloop
  endfacet
  facet normal 0 0 -1
    outer loop
      vertex -44.6577 -32.4457 0
      vertex -10.5172 -7.64121 0
      vertex -41.0216 -36.936 0
    endloop
  endfacet
  facet normal -0 0 -1
    outer loop
      vertex 44.6577 32.4457 0
      vertex 10.5172 7.64121 0
      vertex 41.0216 36.936 0
    endloop
  endfacet
  facet normal 0 0 -1
    outer loop
      vertex 9.66088 8.6987 0
      vertex 41.0216 36.936 0
      vertex 10.5172 7.64121 0
    endloop
  endfacet
  facet normal -0 0 -1
    outer loop
      vertex 41.0216 36.936 0
      vertex 9.66088 8.6987 0
      vertex 36.936 41.0216 0
    endloop
  endfacet
  facet normal 0 0 -1
    outer loop
      vertex 8.6987 9.66088 0
      vertex 36.936 41.0216 0
      vertex 9.66088 8.6987 0
    endloop
  endfacet
  facet normal -0 0 -1
    outer loop
      vertex 36.936 41.0216 0
      vertex 8.6987 9.66088 0
      vertex 32.4457 44.6577 0
    endloop
  endfacet
  facet normal 0 0 -1
    outer loop
      vertex 7.64121 10.5172 0
      vertex 32.4457 44.6577 0
      vertex 8.6987 9.66088 0
    endloop
  endfacet
  facet normal -0 0 -1
    outer loop
      vertex 32.4457 44.6577 0
      vertex 7.64121 10.5172 0
      vertex 27.6 47.8046 0
    endloop
  endfacet
  facet normal 0 0 -1
    outer loop
      vertex 6.5 11.2583 0
      vertex 27.6 47.8046 0
      vertex 7.64121 10.5172 0
    endloop
  endfacet
  facet normal -0 0 -1
    outer loop
      vertex 27.6 47.8046 0
      vertex 6.5 11.2583 0
      vertex 22.4519 50.4277 0
    endloop
  endfacet
  facet normal 0 0 -1
    outer loop
      vertex 5.28758 11.8761 0
      vertex 22.4519 50.4277 0
      vertex 6.5 11.2583 0
    endloop
  endfacet
  facet normal -0 0 -1
    outer loop
      vertex 22.4519 50.4277 0
      vertex 5.28758 11.8761 0
      vertex 17.0577 52.4983 0
    endloop
  endfacet
  facet normal 0 0 -1
    outer loop
      vertex 4.01722 12.3637 0
      vertex 17.0577 52.4983 0
      vertex 5.28758 11.8761 0
    endloop
  endfacet
  facet normal -0 0 -1
    outer loop
      vertex 17.0577 52.4983 0
      vertex 4.01722 12.3637 0
      vertex 11.4767 53.9937 0
    endloop
  endfacet
  facet normal 0 0 -1
    outer loop
      vertex 2.70285 12.7159 0
      vertex 11.4767 53.9937 0
      vertex 4.01722 12.3637 0
    endloop
  endfacet
  facet normal -0 0 -1
    outer loop
      vertex 11.4767 53.9937 0
      vertex 2.70285 12.7159 0
      vertex 5.76997 54.8976 0
    endloop
  endfacet
  facet normal 0 0 -1
    outer loop
      vertex 1.35887 12.9288 0
      vertex 5.76997 54.8976 0
      vertex 2.70285 12.7159 0
    endloop
  endfacet
  facet normal 0 0 -1
    outer loop
      vertex 0 13 0
      vertex 5.76997 54.8976 0
      vertex 1.35887 12.9288 0
    endloop
  endfacet
  facet normal 0 0 -1
    outer loop
      vertex 0 13 0
      vertex 0 55.2 0
      vertex 5.76997 54.8976 0
    endloop
  endfacet
  facet normal 0 0 -1
    outer loop
      vertex -1.35887 12.9288 0
      vertex 0 55.2 0
      vertex 0 13 0
    endloop
  endfacet
  facet normal 0 0 -1
    outer loop
      vertex -5.76997 54.8976 0
      vertex -1.35887 12.9288 0
      vertex -2.70285 12.7159 0
    endloop
  endfacet
  facet normal 0 0 -1
    outer loop
      vertex -11.4767 53.9937 0
      vertex -2.70285 12.7159 0
      vertex -4.01722 12.3637 0
    endloop
  endfacet
  facet normal 0 0 -1
    outer loop
      vertex -17.0577 52.4983 0
      vertex -4.01722 12.3637 0
      vertex -5.28758 11.8761 0
    endloop
  endfacet
  facet normal 0 0 -1
    outer loop
      vertex -1.35887 12.9288 0
      vertex -5.76997 54.8976 0
      vertex 0 55.2 0
    endloop
  endfacet
  facet normal 0 0 -1
    outer loop
      vertex -22.4519 50.4277 0
      vertex -5.28758 11.8761 0
      vertex -6.5 11.2583 0
    endloop
  endfacet
  facet normal 0 0 -1
    outer loop
      vertex -27.6 47.8046 0
      vertex -6.5 11.2583 0
      vertex -7.64121 10.5172 0
    endloop
  endfacet
  facet normal 0 0 -1
    outer loop
      vertex -32.4457 44.6577 0
      vertex -7.64121 10.5172 0
      vertex -8.6987 9.66088 0
    endloop
  endfacet
  facet normal 0 0 -1
    outer loop
      vertex -36.936 41.0216 0
      vertex -8.6987 9.66088 0
      vertex -9.66088 8.6987 0
    endloop
  endfacet
  facet normal 0 0 -1
    outer loop
      vertex -41.0216 36.936 0
      vertex -9.66088 8.6987 0
      vertex -10.5172 7.64121 0
    endloop
  endfacet
  facet normal 0 0 -1
    outer loop
      vertex -44.6577 32.4457 0
      vertex -10.5172 7.64121 0
      vertex -11.2583 6.5 0
    endloop
  endfacet
  facet normal 0 0 -1
    outer loop
      vertex -2.70285 12.7159 0
      vertex -11.4767 53.9937 0
      vertex -5.76997 54.8976 0
    endloop
  endfacet
  facet normal 0 0 -1
    outer loop
      vertex -47.8046 27.6 0
      vertex -11.2583 6.5 0
      vertex -11.8761 5.28758 0
    endloop
  endfacet
  facet normal 0 0 -1
    outer loop
      vertex -50.4277 22.4519 0
      vertex -11.8761 5.28758 0
      vertex -12.3637 4.01722 0
    endloop
  endfacet
  facet normal 0 0 -1
    outer loop
      vertex -52.4983 17.0577 0
      vertex -12.3637 4.01722 0
      vertex -12.7159 2.70285 0
    endloop
  endfacet
  facet normal 0 0 -1
    outer loop
      vertex -53.9937 11.4767 0
      vertex -12.7159 2.70285 0
      vertex -12.9288 1.35887 0
    endloop
  endfacet
  facet normal 0 0 -1
    outer loop
      vertex -54.8976 5.76997 0
      vertex -12.9288 1.35887 0
      vertex -13 0 0
    endloop
  endfacet
  facet normal -0 0 -1
    outer loop
      vertex -10.5172 -7.64121 0
      vertex -44.6577 -32.4457 0
      vertex -11.2583 -6.5 0
    endloop
  endfacet
  facet normal 0 0 -1
    outer loop
      vertex -4.01722 12.3637 0
      vertex -17.0577 52.4983 0
      vertex -11.4767 53.9937 0
    endloop
  endfacet
  facet normal 0 0 -1
    outer loop
      vertex -47.8046 -27.6 0
      vertex -11.2583 -6.5 0
      vertex -44.6577 -32.4457 0
    endloop
  endfacet
  facet normal 0 0 -1
    outer loop
      vertex -5.28758 11.8761 0
      vertex -22.4519 50.4277 0
      vertex -17.0577 52.4983 0
    endloop
  endfacet
  facet normal -0 0 -1
    outer loop
      vertex -11.2583 -6.5 0
      vertex -47.8046 -27.6 0
      vertex -11.8761 -5.28758 0
    endloop
  endfacet
  facet normal 0 0 -1
    outer loop
      vertex -6.5 11.2583 0
      vertex -27.6 47.8046 0
      vertex -22.4519 50.4277 0
    endloop
  endfacet
  facet normal 0 0 -1
    outer loop
      vertex -50.4277 -22.4519 0
      vertex -11.8761 -5.28758 0
      vertex -47.8046 -27.6 0
    endloop
  endfacet
  facet normal 0 0 -1
    outer loop
      vertex -7.64121 10.5172 0
      vertex -32.4457 44.6577 0
      vertex -27.6 47.8046 0
    endloop
  endfacet
  facet normal -0 0 -1
    outer loop
      vertex -11.8761 -5.28758 0
      vertex -50.4277 -22.4519 0
      vertex -12.3637 -4.01722 0
    endloop
  endfacet
  facet normal 0 0 -1
    outer loop
      vertex -8.6987 9.66088 0
      vertex -36.936 41.0216 0
      vertex -32.4457 44.6577 0
    endloop
  endfacet
  facet normal 0 0 -1
    outer loop
      vertex -52.4983 -17.0577 0
      vertex -12.3637 -4.01722 0
      vertex -50.4277 -22.4519 0
    endloop
  endfacet
  facet normal 0 0 -1
    outer loop
      vertex -9.66088 8.6987 0
      vertex -41.0216 36.936 0
      vertex -36.936 41.0216 0
    endloop
  endfacet
  facet normal -0 0 -1
    outer loop
      vertex -12.3637 -4.01722 0
      vertex -52.4983 -17.0577 0
      vertex -12.7159 -2.70285 0
    endloop
  endfacet
  facet normal 0 0 -1
    outer loop
      vertex -10.5172 7.64121 0
      vertex -44.6577 32.4457 0
      vertex -41.0216 36.936 0
    endloop
  endfacet
  facet normal 0 0 -1
    outer loop
      vertex -53.9937 -11.4767 0
      vertex -12.7159 -2.70285 0
      vertex -52.4983 -17.0577 0
    endloop
  endfacet
  facet normal 0 0 -1
    outer loop
      vertex -11.2583 6.5 0
      vertex -47.8046 27.6 0
      vertex -44.6577 32.4457 0
    endloop
  endfacet
  facet normal -0 0 -1
    outer loop
      vertex -12.7159 -2.70285 0
      vertex -53.9937 -11.4767 0
      vertex -12.9288 -1.35887 0
    endloop
  endfacet
  facet normal 0 0 -1
    outer loop
      vertex -11.8761 5.28758 0
      vertex -50.4277 22.4519 0
      vertex -47.8046 27.6 0
    endloop
  endfacet
  facet normal 0 0 -1
    outer loop
      vertex -54.8976 -5.76997 0
      vertex -12.9288 -1.35887 0
      vertex -53.9937 -11.4767 0
    endloop
  endfacet
  facet normal 0 0 -1
    outer loop
      vertex -12.3637 4.01722 0
      vertex -52.4983 17.0577 0
      vertex -50.4277 22.4519 0
    endloop
  endfacet
  facet normal -0 0 -1
    outer loop
      vertex -12.9288 -1.35887 0
      vertex -54.8976 -5.76997 0
      vertex -13 0 0
    endloop
  endfacet
  facet normal 0 0 -1
    outer loop
      vertex -12.7159 2.70285 0
      vertex -53.9937 11.4767 0
      vertex -52.4983 17.0577 0
    endloop
  endfacet
  facet normal 0 0 -1
    outer loop
      vertex -55.2 0 0
      vertex -13 0 0
      vertex -54.8976 -5.76997 0
    endloop
  endfacet
  facet normal 0 0 -1
    outer loop
      vertex -12.9288 1.35887 0
      vertex -54.8976 5.76997 0
      vertex -53.9937 11.4767 0
    endloop
  endfacet
  facet normal 0 0 -1
    outer loop
      vertex -13 0 0
      vertex -55.2 0 0
      vertex -54.8976 5.76997 0
    endloop
  endfacet
  facet normal 0.933563 0.358413 -2.08215e-05
    outer loop
      vertex 52.0896 18.1224 42.6061
      vertex 50.4277 22.4519 55
      vertex 52.0628 18.1923 44.2168
    endloop
  endfacet
  facet normal 0.93359 0.358342 1.11688e-05
    outer loop
      vertex 50.4277 22.4519 55
      vertex 52.0695 18.1748 45.6429
      vertex 52.0628 18.1923 44.2168
    endloop
  endfacet
  facet normal 0.933567 0.358402 -2.02094e-05
    outer loop
      vertex 50.4277 22.4519 55
      vertex 52.0808 18.1455 48.025
      vertex 52.0695 18.1748 45.6429
    endloop
  endfacet
  facet normal 0.933587 0.358352 1.52156e-05
    outer loop
      vertex 50.4277 22.4519 55
      vertex 52.1566 17.9479 50.9455
      vertex 52.0808 18.1455 48.025
    endloop
  endfacet
  facet normal 0.933569 0.358399 -4.50308e-05
    outer loop
      vertex 50.4277 22.4519 55
      vertex 52.1901 17.8608 52.2333
      vertex 52.1566 17.9479 50.9455
    endloop
  endfacet
  facet normal 0.933593 0.358335 7.76915e-05
    outer loop
      vertex 50.4277 22.4519 55
      vertex 52.2424 17.7243 53.3369
      vertex 52.1901 17.8608 52.2333
    endloop
  endfacet
  facet normal 0.933579 0.358372 -4.30217e-05
    outer loop
      vertex 52.2424 17.7243 53.3369
      vertex 50.4277 22.4519 55
      vertex 52.3214 17.5187 55
    endloop
  endfacet
  facet normal 0.933583 0.358362 -7.66226e-07
    outer loop
      vertex 52.12 18.0432 40.7809
      vertex 50.4277 22.4519 55
      vertex 52.0896 18.1224 42.6061
    endloop
  endfacet
  facet normal 0.93363 0.35824 4.29184e-05
    outer loop
      vertex 52.1855 17.8727 39.0828
      vertex 50.4277 22.4519 55
      vertex 52.12 18.0432 40.7809
    endloop
  endfacet
  facet normal 0.933604 0.358306 2.09151e-05
    outer loop
      vertex 52.2393 17.7326 37.6875
      vertex 50.4277 22.4519 55
      vertex 52.1855 17.8727 39.0828
    endloop
  endfacet
  facet normal 0.933578 0.358373 0
    outer loop
      vertex 50.4277 22.4519 55
      vertex 52.2393 17.7326 37.6875
      vertex 50.4277 22.4519 0
    endloop
  endfacet
  facet normal 0.933572 0.358389 2.21529e-06
    outer loop
      vertex 52.3099 17.5487 36.5361
      vertex 50.4277 22.4519 0
      vertex 52.2393 17.7326 37.6875
    endloop
  endfacet
  facet normal 0.933632 0.358232 -2.18296e-05
    outer loop
      vertex 52.4097 17.2885 34.9067
      vertex 50.4277 22.4519 0
      vertex 52.3099 17.5487 36.5361
    endloop
  endfacet
  facet normal 0.933578 0.358374 2.20129e-06
    outer loop
      vertex 52.4983 17.0577 33.8682
      vertex 50.4277 22.4519 0
      vertex 52.4097 17.2885 34.9067
    endloop
  endfacet
  facet normal 0.933583 0.358362 0
    outer loop
      vertex 50.4277 22.4519 0
      vertex 52.4983 17.0577 33.8682
      vertex 52.4983 17.0577 0
    endloop
  endfacet
  facet normal 0.358362 0.933583 -0
    outer loop
      vertex 22.4519 50.4277 0
      vertex 17.0577 52.4983 55
      vertex 22.4519 50.4277 55
    endloop
  endfacet
  facet normal 0.358362 0.933583 0
    outer loop
      vertex 17.0577 52.4983 55
      vertex 22.4519 50.4277 0
      vertex 17.0577 52.4983 0
    endloop
  endfacet
  facet normal 0.544647 0.838665 -0
    outer loop
      vertex 32.4457 44.6577 0
      vertex 27.6 47.8046 55
      vertex 32.4457 44.6577 55
    endloop
  endfacet
  facet normal 0.544647 0.838665 0
    outer loop
      vertex 27.6 47.8046 55
      vertex 32.4457 44.6577 0
      vertex 27.6 47.8046 0
    endloop
  endfacet
  facet normal -0.891006 0.453992 0
    outer loop
      vertex -50.4277 22.4519 0
      vertex -47.8046 27.6 55
      vertex -47.8046 27.6 0
    endloop
  endfacet
  facet normal -0.891006 0.453992 0
    outer loop
      vertex -47.8046 27.6 55
      vertex -50.4277 22.4519 0
      vertex -50.4277 22.4519 55
    endloop
  endfacet
  facet normal -0.0523375 0.998629 0
    outer loop
      vertex 0 55.2 0
      vertex -5.76997 54.8976 55
      vertex 0 55.2 55
    endloop
  endfacet
  facet normal -0.0523375 0.998629 0
    outer loop
      vertex -5.76997 54.8976 55
      vertex 0 55.2 0
      vertex -5.76997 54.8976 0
    endloop
  endfacet
  facet normal -0.998629 -0.0523375 0
    outer loop
      vertex -54.8976 -5.76997 0
      vertex -55.2 0 5
      vertex -55.2 0 0
    endloop
  endfacet
  facet normal -0.998629 -0.0523375 0
    outer loop
      vertex -55.2 0 5
      vertex -54.8976 -5.76997 0
      vertex -55.2 0 50
    endloop
  endfacet
  facet normal -0.998629 -0.0523375 -0
    outer loop
      vertex -54.8976 -5.76997 55
      vertex -55.2 0 50
      vertex -54.8976 -5.76997 0
    endloop
  endfacet
  facet normal -0.998629 -0.0523375 0
    outer loop
      vertex -55.2 0 50
      vertex -54.8976 -5.76997 55
      vertex -55.2 0 55
    endloop
  endfacet
  facet normal 0.965898 0.258924 0
    outer loop
      vertex 52.5443 16.8861 33.1328
      vertex 52.4983 17.0577 0
      vertex 52.4983 17.0577 33.8682
    endloop
  endfacet
  facet normal 0.965854 0.259088 9.10246e-07
    outer loop
      vertex 52.5917 16.7094 32.3753
      vertex 52.4983 17.0577 0
      vertex 52.5443 16.8861 33.1328
    endloop
  endfacet
  facet normal 0.96597 0.258656 -4.07212e-06
    outer loop
      vertex 52.6426 16.5193 31.7453
      vertex 52.4983 17.0577 0
      vertex 52.5917 16.7094 32.3753
    endloop
  endfacet
  facet normal 0.965927 0.258813 -1.20304e-06
    outer loop
      vertex 52.7774 16.0162 30.0774
      vertex 52.4983 17.0577 0
      vertex 52.6426 16.5193 31.7453
    endloop
  endfacet
  facet normal 0.965936 0.258781 -2.40044e-06
    outer loop
      vertex 52.954 15.357 28.3202
      vertex 52.4983 17.0577 0
      vertex 52.7774 16.0162 30.0774
    endloop
  endfacet
  facet normal 0.9658 0.259287 3.01353e-05
    outer loop
      vertex 52.9844 15.2438 28.0185
      vertex 52.4983 17.0577 0
      vertex 52.954 15.357 28.3202
    endloop
  endfacet
  facet normal 0.966 0.258542 -2.15031e-05
    outer loop
      vertex 53.0152 15.1287 27.7658
      vertex 52.4983 17.0577 0
      vertex 52.9844 15.2438 28.0185
    endloop
  endfacet
  facet normal 0.96592 0.258841 7.56316e-07
    outer loop
      vertex 53.209 14.4055 26.1787
      vertex 52.4983 17.0577 0
      vertex 53.0152 15.1287 27.7658
    endloop
  endfacet
  facet normal 0.965925 0.258824 -1.14405e-06
    outer loop
      vertex 53.4452 13.524 24.5622
      vertex 52.4983 17.0577 0
      vertex 53.209 14.4055 26.1787
    endloop
  endfacet
  facet normal 0.965438 0.260631 0.000277613
    outer loop
      vertex 53.4485 13.5118 24.5397
      vertex 52.4983 17.0577 0
      vertex 53.4452 13.524 24.5622
    endloop
  endfacet
  facet normal 0.967448 0.253067 -0.000893286
    outer loop
      vertex 53.4517 13.4995 24.5208
      vertex 52.4983 17.0577 0
      vertex 53.4485 13.5118 24.5397
    endloop
  endfacet
  facet normal 0.965908 0.258886 1.10797e-05
    outer loop
      vertex 53.5089 13.2861 24.1911
      vertex 52.4983 17.0577 0
      vertex 53.4517 13.4995 24.5208
    endloop
  endfacet
  facet normal 0.965918 0.258848 4.78956e-06
    outer loop
      vertex 53.5279 13.2152 24.1721
      vertex 52.4983 17.0577 0
      vertex 53.5089 13.2861 24.1911
    endloop
  endfacet
  facet normal 0.96593 0.258804 -2.71394e-06
    outer loop
      vertex 53.9937 11.4767 23.7063
      vertex 52.4983 17.0577 0
      vertex 53.5279 13.2152 24.1721
    endloop
  endfacet
  facet normal 0.965927 0.258815 0
    outer loop
      vertex 52.4983 17.0577 0
      vertex 53.9937 11.4767 23.7063
      vertex 53.9937 11.4767 0
    endloop
  endfacet
  facet normal 0.987671 0.156545 -0.000124102
    outer loop
      vertex 54.1757 10.3279 23.043
      vertex 53.9937 11.4767 23.7063
      vertex 54.1108 10.7378 23.5892
    endloop
  endfacet
  facet normal 0.98773 0.156169 0.000542382
    outer loop
      vertex 54.1917 10.2271 22.929
      vertex 53.9937 11.4767 23.7063
      vertex 54.1757 10.3279 23.043
    endloop
  endfacet
  facet normal 0.987652 0.156666 -0.000275579
    outer loop
      vertex 54.3246 9.3876 21.979
      vertex 53.9937 11.4767 23.7063
      vertex 54.1917 10.2271 22.929
    endloop
  endfacet
  facet normal 0.987687 0.156443 0
    outer loop
      vertex 53.9937 11.4767 23.7063
      vertex 54.3246 9.3876 21.979
      vertex 53.9937 11.4767 0
    endloop
  endfacet
  facet normal 0.987677 0.156508 6.31066e-06
    outer loop
      vertex 54.4727 8.45302 21.0843
      vertex 53.9937 11.4767 0
      vertex 54.3246 9.3876 21.979
    endloop
  endfacet
  facet normal 0.987682 0.156475 1.51402e-06
    outer loop
      vertex 54.4777 8.42146 21.0541
      vertex 53.9937 11.4767 0
      vertex 54.4727 8.45302 21.0843
    endloop
  endfacet
  facet normal 0.988065 0.154038 -0.000361014
    outer loop
      vertex 54.4826 8.38997 21.0288
      vertex 53.9937 11.4767 0
      vertex 54.4777 8.42146 21.0541
    endloop
  endfacet
  facet normal 0.987676 0.156511 1.10837e-05
    outer loop
      vertex 54.6343 7.43271 20.2601
      vertex 53.9937 11.4767 0
      vertex 54.4826 8.38997 21.0288
    endloop
  endfacet
  facet normal 0.99533 0.0957396 -0.0123611
    outer loop
      vertex 54.6344 7.43158 20.2594
      vertex 53.9937 11.4767 0
      vertex 54.6343 7.43271 20.2601
    endloop
  endfacet
  facet normal 0.987578 0.157128 0.000141209
    outer loop
      vertex 54.6414 7.38761 20.2302
      vertex 53.9937 11.4767 0
      vertex 54.6344 7.43158 20.2594
    endloop
  endfacet
  facet normal 0.987708 0.156309 -2.85076e-05
    outer loop
      vertex 54.6597 7.27197 20.2119
      vertex 53.9937 11.4767 0
      vertex 54.6414 7.38761 20.2302
    endloop
  endfacet
  facet normal 0.987702 0.15635 -1.98231e-05
    outer loop
      vertex 54.7132 6.93399 20.1583
      vertex 53.9937 11.4767 0
      vertex 54.6597 7.27197 20.2119
    endloop
  endfacet
  facet normal 0.987683 0.156465 -0
    outer loop
      vertex 54.8976 5.76997 0
      vertex 54.7132 6.93399 20.1583
      vertex 54.8976 5.76997 19.974
    endloop
  endfacet
  facet normal 0.987687 0.156442 1.40234e-06
    outer loop
      vertex 54.7132 6.93399 20.1583
      vertex 54.8976 5.76997 0
      vertex 53.9937 11.4767 0
    endloop
  endfacet
  facet normal 0.838665 0.544647 0
    outer loop
      vertex 47.8046 27.6 55
      vertex 44.6577 32.4457 0
      vertex 44.6577 32.4457 55
    endloop
  endfacet
  facet normal 0.838665 0.544647 0
    outer loop
      vertex 44.6577 32.4457 0
      vertex 47.8046 27.6 55
      vertex 47.8046 27.6 0
    endloop
  endfacet
  facet normal 0.777152 0.629313 0
    outer loop
      vertex 44.6577 32.4457 55
      vertex 41.0216 36.936 0
      vertex 41.0216 36.936 55
    endloop
  endfacet
  facet normal 0.777152 0.629313 0
    outer loop
      vertex 41.0216 36.936 0
      vertex 44.6577 32.4457 55
      vertex 44.6577 32.4457 0
    endloop
  endfacet
  facet normal 0.891006 0.453992 0
    outer loop
      vertex 50.4277 22.4519 55
      vertex 47.8046 27.6 0
      vertex 47.8046 27.6 55
    endloop
  endfacet
  facet normal 0.891006 0.453992 0
    outer loop
      vertex 47.8046 27.6 0
      vertex 50.4277 22.4519 55
      vertex 50.4277 22.4519 0
    endloop
  endfacet
  facet normal 0.258815 0.965927 -0
    outer loop
      vertex 17.0577 52.4983 0
      vertex 11.4767 53.9937 55
      vertex 17.0577 52.4983 55
    endloop
  endfacet
  facet normal 0.258815 0.965927 0
    outer loop
      vertex 11.4767 53.9937 55
      vertex 17.0577 52.4983 0
      vertex 11.4767 53.9937 0
    endloop
  endfacet
  facet normal 0.156442 0.987687 -0
    outer loop
      vertex 11.4767 53.9937 0
      vertex 5.76997 54.8976 55
      vertex 11.4767 53.9937 55
    endloop
  endfacet
  facet normal 0.156442 0.987687 0
    outer loop
      vertex 5.76997 54.8976 55
      vertex 11.4767 53.9937 0
      vertex 5.76997 54.8976 0
    endloop
  endfacet
  facet normal 0.453992 0.891006 -0
    outer loop
      vertex 27.6 47.8046 0
      vertex 22.4519 50.4277 55
      vertex 27.6 47.8046 55
    endloop
  endfacet
  facet normal 0.453992 0.891006 0
    outer loop
      vertex 22.4519 50.4277 55
      vertex 27.6 47.8046 0
      vertex 22.4519 50.4277 0
    endloop
  endfacet
  facet normal 0.629313 0.777152 -0
    outer loop
      vertex 36.936 41.0216 0
      vertex 32.4457 44.6577 55
      vertex 36.936 41.0216 55
    endloop
  endfacet
  facet normal 0.629313 0.777152 0
    outer loop
      vertex 32.4457 44.6577 55
      vertex 36.936 41.0216 0
      vertex 32.4457 44.6577 0
    endloop
  endfacet
  facet normal -0.965927 0.258815 0
    outer loop
      vertex -53.9937 11.4767 0
      vertex -52.4983 17.0577 55
      vertex -52.4983 17.0577 0
    endloop
  endfacet
  facet normal -0.965927 0.258815 0
    outer loop
      vertex -52.4983 17.0577 55
      vertex -53.9937 11.4767 0
      vertex -53.9937 11.4767 55
    endloop
  endfacet
  facet normal -0.777152 0.629313 0
    outer loop
      vertex -44.6577 32.4457 0
      vertex -41.0216 36.936 55
      vertex -41.0216 36.936 0
    endloop
  endfacet
  facet normal -0.777152 0.629313 0
    outer loop
      vertex -41.0216 36.936 55
      vertex -44.6577 32.4457 0
      vertex -44.6577 32.4457 55
    endloop
  endfacet
  facet normal -0.707107 0.707107 0
    outer loop
      vertex -41.0216 36.936 0
      vertex -36.936 41.0216 55
      vertex -36.936 41.0216 0
    endloop
  endfacet
  facet normal -0.707107 0.707107 0
    outer loop
      vertex -36.936 41.0216 55
      vertex -41.0216 36.936 0
      vertex -41.0216 36.936 55
    endloop
  endfacet
  facet normal -0.838665 0.544647 0
    outer loop
      vertex -47.8046 27.6 0
      vertex -44.6577 32.4457 55
      vertex -44.6577 32.4457 0
    endloop
  endfacet
  facet normal -0.838665 0.544647 0
    outer loop
      vertex -44.6577 32.4457 55
      vertex -47.8046 27.6 0
      vertex -47.8046 27.6 55
    endloop
  endfacet
  facet normal -0.933583 0.358362 0
    outer loop
      vertex -52.4983 17.0577 0
      vertex -50.4277 22.4519 55
      vertex -50.4277 22.4519 0
    endloop
  endfacet
  facet normal -0.933583 0.358362 0
    outer loop
      vertex -50.4277 22.4519 55
      vertex -52.4983 17.0577 0
      vertex -52.4983 17.0577 55
    endloop
  endfacet
  facet normal -0.987687 0.156442 0
    outer loop
      vertex -54.8976 5.76997 0
      vertex -53.9937 11.4767 55
      vertex -53.9937 11.4767 0
    endloop
  endfacet
  facet normal -0.987687 0.156442 0
    outer loop
      vertex -53.9937 11.4767 55
      vertex -54.8976 5.76997 0
      vertex -54.8976 5.76997 55
    endloop
  endfacet
  facet normal -0 0 1
    outer loop
      vertex 47.5044 21.1503 55
      vertex 52.3214 17.5187 55
      vertex 50.4277 22.4519 55
    endloop
  endfacet
  facet normal 0 -0 1
    outer loop
      vertex 49.4549 16.0689 55
      vertex 52.3214 17.5187 55
      vertex 47.5044 21.1503 55
    endloop
  endfacet
  facet normal 0 0 1
    outer loop
      vertex 51.5933 16.6217 55
      vertex 49.4549 16.0689 55
      vertex 50.376 14.8407 55
    endloop
  endfacet
  facet normal 0 0 1
    outer loop
      vertex 50.376 14.8407 55
      vertex 49.4549 16.0689 55
      vertex 49.9697 14.2462 55
    endloop
  endfacet
  facet normal 0 0 1
    outer loop
      vertex 49.9697 14.2462 55
      vertex 49.4549 16.0689 55
      vertex 49.9518 14.2145 55
    endloop
  endfacet
  facet normal 0 0 1
    outer loop
      vertex 47.5044 21.1503 55
      vertex 50.4277 22.4519 55
      vertex 47.8046 27.6 55
    endloop
  endfacet
  facet normal 0 0 1
    outer loop
      vertex 52.3214 17.5187 55
      vertex 49.4549 16.0689 55
      vertex 51.5933 16.6217 55
    endloop
  endfacet
  facet normal 0 0 1
    outer loop
      vertex 47.8046 27.6 55
      vertex 45.0333 26 55
      vertex 47.5044 21.1503 55
    endloop
  endfacet
  facet normal 0 0 1
    outer loop
      vertex 44.6577 32.4457 55
      vertex 45.0333 26 55
      vertex 47.8046 27.6 55
    endloop
  endfacet
  facet normal 0 0 1
    outer loop
      vertex 44.6577 32.4457 55
      vertex 42.0689 30.5648 55
      vertex 45.0333 26 55
    endloop
  endfacet
  facet normal 0 0 1
    outer loop
      vertex 41.0216 36.936 55
      vertex 42.0689 30.5648 55
      vertex 44.6577 32.4457 55
    endloop
  endfacet
  facet normal 0 0 1
    outer loop
      vertex 41.0216 36.936 55
      vertex 38.6435 34.7948 55
      vertex 42.0689 30.5648 55
    endloop
  endfacet
  facet normal 0 0 1
    outer loop
      vertex 36.936 41.0216 55
      vertex 38.6435 34.7948 55
      vertex 41.0216 36.936 55
    endloop
  endfacet
  facet normal 0 0 1
    outer loop
      vertex 36.936 41.0216 55
      vertex 34.7948 38.6435 55
      vertex 38.6435 34.7948 55
    endloop
  endfacet
  facet normal 0 0 1
    outer loop
      vertex 32.4457 44.6577 55
      vertex 34.7948 38.6435 55
      vertex 36.936 41.0216 55
    endloop
  endfacet
  facet normal 0 0 1
    outer loop
      vertex 32.4457 44.6577 55
      vertex 30.5648 42.0689 55
      vertex 34.7948 38.6435 55
    endloop
  endfacet
  facet normal 0 0 1
    outer loop
      vertex 27.6 47.8046 55
      vertex 30.5648 42.0689 55
      vertex 32.4457 44.6577 55
    endloop
  endfacet
  facet normal 0 0 1
    outer loop
      vertex 27.6 47.8046 55
      vertex 26 45.0333 55
      vertex 30.5648 42.0689 55
    endloop
  endfacet
  facet normal 0 0 1
    outer loop
      vertex 22.4519 50.4277 55
      vertex 26 45.0333 55
      vertex 27.6 47.8046 55
    endloop
  endfacet
  facet normal 0 0 1
    outer loop
      vertex 22.4519 50.4277 55
      vertex 21.1503 47.5044 55
      vertex 26 45.0333 55
    endloop
  endfacet
  facet normal 0 0 1
    outer loop
      vertex 17.0577 52.4983 55
      vertex 21.1503 47.5044 55
      vertex 22.4519 50.4277 55
    endloop
  endfacet
  facet normal 0 0 1
    outer loop
      vertex 17.0577 52.4983 55
      vertex 16.0689 49.4549 55
      vertex 21.1503 47.5044 55
    endloop
  endfacet
  facet normal 0 0 1
    outer loop
      vertex 11.4767 53.9937 55
      vertex 16.0689 49.4549 55
      vertex 17.0577 52.4983 55
    endloop
  endfacet
  facet normal 0 0 1
    outer loop
      vertex 11.4767 53.9937 55
      vertex 10.8114 50.8637 55
      vertex 16.0689 49.4549 55
    endloop
  endfacet
  facet normal 0 0 1
    outer loop
      vertex 5.76997 54.8976 55
      vertex 10.8114 50.8637 55
      vertex 11.4767 53.9937 55
    endloop
  endfacet
  facet normal 0 0 1
    outer loop
      vertex 5.76997 54.8976 55
      vertex 5.43548 51.7151 55
      vertex 10.8114 50.8637 55
    endloop
  endfacet
  facet normal 0 0 1
    outer loop
      vertex 0 55.2 55
      vertex 5.43548 51.7151 55
      vertex 5.76997 54.8976 55
    endloop
  endfacet
  facet normal 0 0 1
    outer loop
      vertex 0 55.2 55
      vertex 0 52 55
      vertex 5.43548 51.7151 55
    endloop
  endfacet
  facet normal 0 0 1
    outer loop
      vertex 0 55.2 55
      vertex -5.43548 51.7151 55
      vertex 0 52 55
    endloop
  endfacet
  facet normal -0 0 1
    outer loop
      vertex -5.76997 54.8976 55
      vertex -5.43548 51.7151 55
      vertex 0 55.2 55
    endloop
  endfacet
  facet normal 0 0 1
    outer loop
      vertex -5.76997 54.8976 55
      vertex -10.8114 50.8637 55
      vertex -5.43548 51.7151 55
    endloop
  endfacet
  facet normal -0 0 1
    outer loop
      vertex -11.4767 53.9937 55
      vertex -10.8114 50.8637 55
      vertex -5.76997 54.8976 55
    endloop
  endfacet
  facet normal 0 0 1
    outer loop
      vertex -11.4767 53.9937 55
      vertex -16.0689 49.4549 55
      vertex -10.8114 50.8637 55
    endloop
  endfacet
  facet normal -0 0 1
    outer loop
      vertex -17.0577 52.4983 55
      vertex -16.0689 49.4549 55
      vertex -11.4767 53.9937 55
    endloop
  endfacet
  facet normal 0 0 1
    outer loop
      vertex -17.0577 52.4983 55
      vertex -21.1503 47.5044 55
      vertex -16.0689 49.4549 55
    endloop
  endfacet
  facet normal -0 0 1
    outer loop
      vertex -22.4519 50.4277 55
      vertex -21.1503 47.5044 55
      vertex -17.0577 52.4983 55
    endloop
  endfacet
  facet normal 0 0 1
    outer loop
      vertex -22.4519 50.4277 55
      vertex -26 45.0333 55
      vertex -21.1503 47.5044 55
    endloop
  endfacet
  facet normal -0 0 1
    outer loop
      vertex -27.6 47.8046 55
      vertex -26 45.0333 55
      vertex -22.4519 50.4277 55
    endloop
  endfacet
  facet normal 0 0 1
    outer loop
      vertex -27.6 47.8046 55
      vertex -30.5648 42.0689 55
      vertex -26 45.0333 55
    endloop
  endfacet
  facet normal -0 0 1
    outer loop
      vertex -32.4457 44.6577 55
      vertex -30.5648 42.0689 55
      vertex -27.6 47.8046 55
    endloop
  endfacet
  facet normal 0 0 1
    outer loop
      vertex -32.4457 44.6577 55
      vertex -34.7948 38.6435 55
      vertex -30.5648 42.0689 55
    endloop
  endfacet
  facet normal -0 0 1
    outer loop
      vertex -36.936 41.0216 55
      vertex -34.7948 38.6435 55
      vertex -32.4457 44.6577 55
    endloop
  endfacet
  facet normal 0 0 1
    outer loop
      vertex -36.936 41.0216 55
      vertex -38.6435 34.7948 55
      vertex -34.7948 38.6435 55
    endloop
  endfacet
  facet normal -0 0 1
    outer loop
      vertex -41.0216 36.936 55
      vertex -38.6435 34.7948 55
      vertex -36.936 41.0216 55
    endloop
  endfacet
  facet normal 0 0 1
    outer loop
      vertex -41.0216 36.936 55
      vertex -42.0689 30.5648 55
      vertex -38.6435 34.7948 55
    endloop
  endfacet
  facet normal -0 0 1
    outer loop
      vertex -44.6577 32.4457 55
      vertex -42.0689 30.5648 55
      vertex -41.0216 36.936 55
    endloop
  endfacet
  facet normal 0 0 1
    outer loop
      vertex -44.6577 32.4457 55
      vertex -45.0333 26 55
      vertex -42.0689 30.5648 55
    endloop
  endfacet
  facet normal -0 0 1
    outer loop
      vertex -47.8046 27.6 55
      vertex -45.0333 26 55
      vertex -44.6577 32.4457 55
    endloop
  endfacet
  facet normal 0 0 1
    outer loop
      vertex -45.0333 26 55
      vertex -47.8046 27.6 55
      vertex -47.5044 21.1503 55
    endloop
  endfacet
  facet normal -0 0 1
    outer loop
      vertex -50.4277 22.4519 55
      vertex -47.5044 21.1503 55
      vertex -47.8046 27.6 55
    endloop
  endfacet
  facet normal 0 0 1
    outer loop
      vertex -47.5044 21.1503 55
      vertex -50.4277 22.4519 55
      vertex -49.4549 16.0689 55
    endloop
  endfacet
  facet normal -0 0 1
    outer loop
      vertex -52.4983 17.0577 55
      vertex -49.4549 16.0689 55
      vertex -50.4277 22.4519 55
    endloop
  endfacet
  facet normal 0 0 1
    outer loop
      vertex -49.4549 16.0689 55
      vertex -52.4983 17.0577 55
      vertex -50.8637 10.8114 55
    endloop
  endfacet
  facet normal 0 0 1
    outer loop
      vertex -50.8637 10.8114 55
      vertex -53.9937 11.4767 55
      vertex -51.7151 5.43548 55
    endloop
  endfacet
  facet normal -0 0 1
    outer loop
      vertex -53.9937 11.4767 55
      vertex -50.8637 10.8114 55
      vertex -52.4983 17.0577 55
    endloop
  endfacet
  facet normal 0 0 1
    outer loop
      vertex 49.4549 -16.0689 55
      vertex 52.3214 -17.5187 55
      vertex 51.5933 -16.6217 55
    endloop
  endfacet
  facet normal -0 0 1
    outer loop
      vertex 49.4549 -16.0689 55
      vertex 51.5933 -16.6217 55
      vertex 50.376 -14.8407 55
    endloop
  endfacet
  facet normal 0 0 1
    outer loop
      vertex 49.4549 -16.0689 55
      vertex 50.376 -14.8407 55
      vertex 49.9697 -14.2462 55
    endloop
  endfacet
  facet normal 0 0 1
    outer loop
      vertex 49.4549 -16.0689 55
      vertex 49.9697 -14.2462 55
      vertex 49.9518 -14.2145 55
    endloop
  endfacet
  facet normal 0 0 1
    outer loop
      vertex 52.3214 -17.5187 55
      vertex 49.4549 -16.0689 55
      vertex 47.5044 -21.1503 55
    endloop
  endfacet
  facet normal 0 0 1
    outer loop
      vertex 52.3214 -17.5187 55
      vertex 47.5044 -21.1503 55
      vertex 50.4277 -22.4519 55
    endloop
  endfacet
  facet normal 0 0 1
    outer loop
      vertex 50.4277 -22.4519 55
      vertex 47.5044 -21.1503 55
      vertex 47.8046 -27.6 55
    endloop
  endfacet
  facet normal -0 0 1
    outer loop
      vertex 45.0333 -26 55
      vertex 47.8046 -27.6 55
      vertex 47.5044 -21.1503 55
    endloop
  endfacet
  facet normal 0 0 1
    outer loop
      vertex 45.0333 -26 55
      vertex 44.6577 -32.4457 55
      vertex 47.8046 -27.6 55
    endloop
  endfacet
  facet normal -0 0 1
    outer loop
      vertex 42.0689 -30.5648 55
      vertex 44.6577 -32.4457 55
      vertex 45.0333 -26 55
    endloop
  endfacet
  facet normal 0 0 1
    outer loop
      vertex 42.0689 -30.5648 55
      vertex 41.0216 -36.936 55
      vertex 44.6577 -32.4457 55
    endloop
  endfacet
  facet normal -0 0 1
    outer loop
      vertex 38.6435 -34.7948 55
      vertex 41.0216 -36.936 55
      vertex 42.0689 -30.5648 55
    endloop
  endfacet
  facet normal 0 0 1
    outer loop
      vertex 38.6435 -34.7948 55
      vertex 36.936 -41.0216 55
      vertex 41.0216 -36.936 55
    endloop
  endfacet
  facet normal -0 0 1
    outer loop
      vertex 34.7948 -38.6435 55
      vertex 36.936 -41.0216 55
      vertex 38.6435 -34.7948 55
    endloop
  endfacet
  facet normal 0 0 1
    outer loop
      vertex 34.7948 -38.6435 55
      vertex 32.4457 -44.6577 55
      vertex 36.936 -41.0216 55
    endloop
  endfacet
  facet normal -0 0 1
    outer loop
      vertex 30.5648 -42.0689 55
      vertex 32.4457 -44.6577 55
      vertex 34.7948 -38.6435 55
    endloop
  endfacet
  facet normal 0 0 1
    outer loop
      vertex 30.5648 -42.0689 55
      vertex 27.6 -47.8046 55
      vertex 32.4457 -44.6577 55
    endloop
  endfacet
  facet normal -0 0 1
    outer loop
      vertex 26 -45.0333 55
      vertex 27.6 -47.8046 55
      vertex 30.5648 -42.0689 55
    endloop
  endfacet
  facet normal 0 0 1
    outer loop
      vertex 26 -45.0333 55
      vertex 22.4519 -50.4277 55
      vertex 27.6 -47.8046 55
    endloop
  endfacet
  facet normal -0 0 1
    outer loop
      vertex 21.1503 -47.5044 55
      vertex 22.4519 -50.4277 55
      vertex 26 -45.0333 55
    endloop
  endfacet
  facet normal 0 0 1
    outer loop
      vertex 21.1503 -47.5044 55
      vertex 17.0577 -52.4983 55
      vertex 22.4519 -50.4277 55
    endloop
  endfacet
  facet normal -0 0 1
    outer loop
      vertex 16.0689 -49.4549 55
      vertex 17.0577 -52.4983 55
      vertex 21.1503 -47.5044 55
    endloop
  endfacet
  facet normal 0 0 1
    outer loop
      vertex 16.0689 -49.4549 55
      vertex 11.4767 -53.9937 55
      vertex 17.0577 -52.4983 55
    endloop
  endfacet
  facet normal -0 0 1
    outer loop
      vertex 10.8114 -50.8637 55
      vertex 11.4767 -53.9937 55
      vertex 16.0689 -49.4549 55
    endloop
  endfacet
  facet normal 0 0 1
    outer loop
      vertex 10.8114 -50.8637 55
      vertex 5.76997 -54.8976 55
      vertex 11.4767 -53.9937 55
    endloop
  endfacet
  facet normal -0 0 1
    outer loop
      vertex 5.43548 -51.7151 55
      vertex 5.76997 -54.8976 55
      vertex 10.8114 -50.8637 55
    endloop
  endfacet
  facet normal -0 0 1
    outer loop
      vertex 0 -52 55
      vertex 5.76997 -54.8976 55
      vertex 5.43548 -51.7151 55
    endloop
  endfacet
  facet normal 0 0 1
    outer loop
      vertex 0 -52 55
      vertex 0 -55.2 55
      vertex 5.76997 -54.8976 55
    endloop
  endfacet
  facet normal 0 0 1
    outer loop
      vertex -5.43548 -51.7151 55
      vertex 0 -55.2 55
      vertex 0 -52 55
    endloop
  endfacet
  facet normal 0 0 1
    outer loop
      vertex -5.43548 -51.7151 55
      vertex -5.76997 -54.8976 55
      vertex 0 -55.2 55
    endloop
  endfacet
  facet normal 0 0 1
    outer loop
      vertex -10.8114 -50.8637 55
      vertex -5.76997 -54.8976 55
      vertex -5.43548 -51.7151 55
    endloop
  endfacet
  facet normal 0 0 1
    outer loop
      vertex -10.8114 -50.8637 55
      vertex -11.4767 -53.9937 55
      vertex -5.76997 -54.8976 55
    endloop
  endfacet
  facet normal 0 0 1
    outer loop
      vertex -16.0689 -49.4549 55
      vertex -11.4767 -53.9937 55
      vertex -10.8114 -50.8637 55
    endloop
  endfacet
  facet normal 0 0 1
    outer loop
      vertex -16.0689 -49.4549 55
      vertex -17.0577 -52.4983 55
      vertex -11.4767 -53.9937 55
    endloop
  endfacet
  facet normal 0 0 1
    outer loop
      vertex -21.1503 -47.5044 55
      vertex -17.0577 -52.4983 55
      vertex -16.0689 -49.4549 55
    endloop
  endfacet
  facet normal 0 0 1
    outer loop
      vertex -21.1503 -47.5044 55
      vertex -22.4519 -50.4277 55
      vertex -17.0577 -52.4983 55
    endloop
  endfacet
  facet normal 0 0 1
    outer loop
      vertex -26 -45.0333 55
      vertex -22.4519 -50.4277 55
      vertex -21.1503 -47.5044 55
    endloop
  endfacet
  facet normal 0 0 1
    outer loop
      vertex -26 -45.0333 55
      vertex -27.6 -47.8046 55
      vertex -22.4519 -50.4277 55
    endloop
  endfacet
  facet normal 0 0 1
    outer loop
      vertex -30.5648 -42.0689 55
      vertex -27.6 -47.8046 55
      vertex -26 -45.0333 55
    endloop
  endfacet
  facet normal 0 0 1
    outer loop
      vertex -30.5648 -42.0689 55
      vertex -32.4457 -44.6577 55
      vertex -27.6 -47.8046 55
    endloop
  endfacet
  facet normal 0 0 1
    outer loop
      vertex -34.7948 -38.6435 55
      vertex -32.4457 -44.6577 55
      vertex -30.5648 -42.0689 55
    endloop
  endfacet
  facet normal 0 0 1
    outer loop
      vertex -34.7948 -38.6435 55
      vertex -36.936 -41.0216 55
      vertex -32.4457 -44.6577 55
    endloop
  endfacet
  facet normal 0 0 1
    outer loop
      vertex -38.6435 -34.7948 55
      vertex -36.936 -41.0216 55
      vertex -34.7948 -38.6435 55
    endloop
  endfacet
  facet normal 0 0 1
    outer loop
      vertex -38.6435 -34.7948 55
      vertex -41.0216 -36.936 55
      vertex -36.936 -41.0216 55
    endloop
  endfacet
  facet normal 0 0 1
    outer loop
      vertex -42.0689 -30.5648 55
      vertex -41.0216 -36.936 55
      vertex -38.6435 -34.7948 55
    endloop
  endfacet
  facet normal 0 0 1
    outer loop
      vertex -42.0689 -30.5648 55
      vertex -44.6577 -32.4457 55
      vertex -41.0216 -36.936 55
    endloop
  endfacet
  facet normal 0 0 1
    outer loop
      vertex -45.0333 -26 55
      vertex -44.6577 -32.4457 55
      vertex -42.0689 -30.5648 55
    endloop
  endfacet
  facet normal 0 0 1
    outer loop
      vertex -47.8046 -27.6 55
      vertex -45.0333 -26 55
      vertex -47.5044 -21.1503 55
    endloop
  endfacet
  facet normal 0 0 1
    outer loop
      vertex -45.0333 -26 55
      vertex -47.8046 -27.6 55
      vertex -44.6577 -32.4457 55
    endloop
  endfacet
  facet normal 0 0 1
    outer loop
      vertex -50.4277 -22.4519 55
      vertex -47.5044 -21.1503 55
      vertex -49.4549 -16.0689 55
    endloop
  endfacet
  facet normal 0 0 1
    outer loop
      vertex -47.5044 -21.1503 55
      vertex -50.4277 -22.4519 55
      vertex -47.8046 -27.6 55
    endloop
  endfacet
  facet normal 0 0 1
    outer loop
      vertex -52.4983 -17.0577 55
      vertex -49.4549 -16.0689 55
      vertex -50.8637 -10.8114 55
    endloop
  endfacet
  facet normal 0 0 1
    outer loop
      vertex -53.9937 -11.4767 55
      vertex -50.8637 -10.8114 55
      vertex -51.7151 -5.43548 55
    endloop
  endfacet
  facet normal 0 0 1
    outer loop
      vertex -49.4549 -16.0689 55
      vertex -52.4983 -17.0577 55
      vertex -50.4277 -22.4519 55
    endloop
  endfacet
  facet normal 0 0 1
    outer loop
      vertex -54.8976 -5.76997 55
      vertex -51.7151 -5.43548 55
      vertex -52 0 55
    endloop
  endfacet
  facet normal -0 0 1
    outer loop
      vertex -54.8976 5.76997 55
      vertex -51.7151 5.43548 55
      vertex -53.9937 11.4767 55
    endloop
  endfacet
  facet normal 0 0 1
    outer loop
      vertex -51.7151 5.43548 55
      vertex -54.8976 5.76997 55
      vertex -52 0 55
    endloop
  endfacet
  facet normal 0 0 1
    outer loop
      vertex -50.8637 -10.8114 55
      vertex -53.9937 -11.4767 55
      vertex -52.4983 -17.0577 55
    endloop
  endfacet
  facet normal 0 0 1
    outer loop
      vertex -55.2 0 55
      vertex -52 0 55
      vertex -54.8976 5.76997 55
    endloop
  endfacet
  facet normal 0 0 1
    outer loop
      vertex -51.7151 -5.43548 55
      vertex -54.8976 -5.76997 55
      vertex -53.9937 -11.4767 55
    endloop
  endfacet
  facet normal 0 0 1
    outer loop
      vertex -52 0 55
      vertex -55.2 0 55
      vertex -54.8976 -5.76997 55
    endloop
  endfacet
  facet normal -0.453992 0.891006 0
    outer loop
      vertex -22.4519 50.4277 0
      vertex -27.6 47.8046 55
      vertex -22.4519 50.4277 55
    endloop
  endfacet
  facet normal -0.453992 0.891006 0
    outer loop
      vertex -27.6 47.8046 55
      vertex -22.4519 50.4277 0
      vertex -27.6 47.8046 0
    endloop
  endfacet
  facet normal -0.358362 0.933583 0
    outer loop
      vertex -17.0577 52.4983 0
      vertex -22.4519 50.4277 55
      vertex -17.0577 52.4983 55
    endloop
  endfacet
  facet normal -0.358362 0.933583 0
    outer loop
      vertex -22.4519 50.4277 55
      vertex -17.0577 52.4983 0
      vertex -22.4519 50.4277 0
    endloop
  endfacet
  facet normal -0.544647 0.838665 0
    outer loop
      vertex -27.6 47.8046 0
      vertex -32.4457 44.6577 55
      vertex -27.6 47.8046 55
    endloop
  endfacet
  facet normal -0.544647 0.838665 0
    outer loop
      vertex -32.4457 44.6577 55
      vertex -27.6 47.8046 0
      vertex -32.4457 44.6577 0
    endloop
  endfacet
  facet normal -0.156442 0.987687 0
    outer loop
      vertex -5.76997 54.8976 0
      vertex -11.4767 53.9937 55
      vertex -5.76997 54.8976 55
    endloop
  endfacet
  facet normal -0.156442 0.987687 0
    outer loop
      vertex -11.4767 53.9937 55
      vertex -5.76997 54.8976 0
      vertex -11.4767 53.9937 0
    endloop
  endfacet
  facet normal 0.998629 -0.0523375 0
    outer loop
      vertex 54.8976 -5.76997 0
      vertex 55.2 0 19.6716
      vertex 54.8976 -5.76997 19.974
    endloop
  endfacet
  facet normal 0.998629 -0.0523375 0
    outer loop
      vertex 55.2 0 19.6716
      vertex 54.8976 -5.76997 0
      vertex 55.2 0 0
    endloop
  endfacet
  facet normal 0.0523375 -0.998629 0
    outer loop
      vertex 0 -55.2 0
      vertex 5.76997 -54.8976 55
      vertex 0 -55.2 55
    endloop
  endfacet
  facet normal 0.0523375 -0.998629 0
    outer loop
      vertex 5.76997 -54.8976 55
      vertex 0 -55.2 0
      vertex 5.76997 -54.8976 0
    endloop
  endfacet
  facet normal 0.258815 -0.965927 0
    outer loop
      vertex 11.4767 -53.9937 0
      vertex 17.0577 -52.4983 55
      vertex 11.4767 -53.9937 55
    endloop
  endfacet
  facet normal 0.258815 -0.965927 0
    outer loop
      vertex 17.0577 -52.4983 55
      vertex 11.4767 -53.9937 0
      vertex 17.0577 -52.4983 0
    endloop
  endfacet
  facet normal 0.629313 -0.777152 0
    outer loop
      vertex 32.4457 -44.6577 0
      vertex 36.936 -41.0216 55
      vertex 32.4457 -44.6577 55
    endloop
  endfacet
  facet normal 0.629313 -0.777152 0
    outer loop
      vertex 36.936 -41.0216 55
      vertex 32.4457 -44.6577 0
      vertex 36.936 -41.0216 0
    endloop
  endfacet
  facet normal 0.453992 -0.891006 0
    outer loop
      vertex 22.4519 -50.4277 0
      vertex 27.6 -47.8046 55
      vertex 22.4519 -50.4277 55
    endloop
  endfacet
  facet normal 0.453992 -0.891006 0
    outer loop
      vertex 27.6 -47.8046 55
      vertex 22.4519 -50.4277 0
      vertex 27.6 -47.8046 0
    endloop
  endfacet
  facet normal 0.777152 -0.629313 0
    outer loop
      vertex 41.0216 -36.936 55
      vertex 44.6577 -32.4457 0
      vertex 44.6577 -32.4457 55
    endloop
  endfacet
  facet normal 0.777152 -0.629313 0
    outer loop
      vertex 44.6577 -32.4457 0
      vertex 41.0216 -36.936 55
      vertex 41.0216 -36.936 0
    endloop
  endfacet
  facet normal 0.891006 -0.453992 0
    outer loop
      vertex 47.8046 -27.6 55
      vertex 50.4277 -22.4519 0
      vertex 50.4277 -22.4519 55
    endloop
  endfacet
  facet normal 0.891006 -0.453992 0
    outer loop
      vertex 50.4277 -22.4519 0
      vertex 47.8046 -27.6 55
      vertex 47.8046 -27.6 0
    endloop
  endfacet
  facet normal -0.707107 -0.707107 0
    outer loop
      vertex -36.936 -41.0216 0
      vertex -41.0216 -36.936 55
      vertex -41.0216 -36.936 0
    endloop
  endfacet
  facet normal -0.707107 -0.707107 0
    outer loop
      vertex -41.0216 -36.936 55
      vertex -36.936 -41.0216 0
      vertex -36.936 -41.0216 55
    endloop
  endfacet
  facet normal -0.544647 -0.838665 0
    outer loop
      vertex -32.4457 -44.6577 0
      vertex -27.6 -47.8046 55
      vertex -32.4457 -44.6577 55
    endloop
  endfacet
  facet normal -0.544647 -0.838665 -0
    outer loop
      vertex -27.6 -47.8046 55
      vertex -32.4457 -44.6577 0
      vertex -27.6 -47.8046 0
    endloop
  endfacet
  facet normal -0.358362 -0.933583 0
    outer loop
      vertex -22.4519 -50.4277 0
      vertex -17.0577 -52.4983 55
      vertex -22.4519 -50.4277 55
    endloop
  endfacet
  facet normal -0.358362 -0.933583 -0
    outer loop
      vertex -17.0577 -52.4983 55
      vertex -22.4519 -50.4277 0
      vertex -17.0577 -52.4983 0
    endloop
  endfacet
  facet normal -0.156442 -0.987687 0
    outer loop
      vertex -11.4767 -53.9937 0
      vertex -5.76997 -54.8976 55
      vertex -11.4767 -53.9937 55
    endloop
  endfacet
  facet normal -0.156442 -0.987687 -0
    outer loop
      vertex -5.76997 -54.8976 55
      vertex -11.4767 -53.9937 0
      vertex -5.76997 -54.8976 0
    endloop
  endfacet
  facet normal -0.933583 -0.358362 0
    outer loop
      vertex -50.4277 -22.4519 0
      vertex -52.4983 -17.0577 55
      vertex -52.4983 -17.0577 0
    endloop
  endfacet
  facet normal -0.933583 -0.358362 0
    outer loop
      vertex -52.4983 -17.0577 55
      vertex -50.4277 -22.4519 0
      vertex -50.4277 -22.4519 55
    endloop
  endfacet
  facet normal -0.838665 -0.544647 0
    outer loop
      vertex -44.6577 -32.4457 0
      vertex -47.8046 -27.6 55
      vertex -47.8046 -27.6 0
    endloop
  endfacet
  facet normal -0.838665 -0.544647 0
    outer loop
      vertex -47.8046 -27.6 55
      vertex -44.6577 -32.4457 0
      vertex -44.6577 -32.4457 55
    endloop
  endfacet
  facet normal -0.987687 -0.156442 0
    outer loop
      vertex -53.9937 -11.4767 0
      vertex -54.8976 -5.76997 55
      vertex -54.8976 -5.76997 0
    endloop
  endfacet
  facet normal -0.987687 -0.156442 0
    outer loop
      vertex -54.8976 -5.76997 55
      vertex -53.9937 -11.4767 0
      vertex -53.9937 -11.4767 55
    endloop
  endfacet
  facet normal 0.156442 -0.987687 0
    outer loop
      vertex 5.76997 -54.8976 0
      vertex 11.4767 -53.9937 55
      vertex 5.76997 -54.8976 55
    endloop
  endfacet
  facet normal 0.156442 -0.987687 0
    outer loop
      vertex 11.4767 -53.9937 55
      vertex 5.76997 -54.8976 0
      vertex 11.4767 -53.9937 0
    endloop
  endfacet
  facet normal 0.358362 -0.933583 0
    outer loop
      vertex 17.0577 -52.4983 0
      vertex 22.4519 -50.4277 55
      vertex 17.0577 -52.4983 55
    endloop
  endfacet
  facet normal 0.358362 -0.933583 0
    outer loop
      vertex 22.4519 -50.4277 55
      vertex 17.0577 -52.4983 0
      vertex 22.4519 -50.4277 0
    endloop
  endfacet
  facet normal 0.707107 -0.707107 0
    outer loop
      vertex 36.936 -41.0216 55
      vertex 41.0216 -36.936 0
      vertex 41.0216 -36.936 55
    endloop
  endfacet
  facet normal 0.707107 -0.707107 0
    outer loop
      vertex 41.0216 -36.936 0
      vertex 36.936 -41.0216 55
      vertex 36.936 -41.0216 0
    endloop
  endfacet
  facet normal 0.544647 -0.838665 0
    outer loop
      vertex 27.6 -47.8046 0
      vertex 32.4457 -44.6577 55
      vertex 27.6 -47.8046 55
    endloop
  endfacet
  facet normal 0.544647 -0.838665 0
    outer loop
      vertex 32.4457 -44.6577 55
      vertex 27.6 -47.8046 0
      vertex 32.4457 -44.6577 0
    endloop
  endfacet
  facet normal 0.838665 -0.544647 0
    outer loop
      vertex 44.6577 -32.4457 55
      vertex 47.8046 -27.6 0
      vertex 47.8046 -27.6 55
    endloop
  endfacet
  facet normal 0.838665 -0.544647 0
    outer loop
      vertex 47.8046 -27.6 0
      vertex 44.6577 -32.4457 55
      vertex 44.6577 -32.4457 0
    endloop
  endfacet
  facet normal 0.933579 -0.358372 -4.30217e-05
    outer loop
      vertex 50.4277 -22.4519 55
      vertex 52.2424 -17.7243 53.3369
      vertex 52.3214 -17.5187 55
    endloop
  endfacet
  facet normal 0.933567 -0.358402 -2.02094e-05
    outer loop
      vertex 50.4277 -22.4519 55
      vertex 52.0695 -18.1748 45.6429
      vertex 52.0808 -18.1455 48.025
    endloop
  endfacet
  facet normal 0.93359 -0.358342 1.11688e-05
    outer loop
      vertex 52.0695 -18.1748 45.6429
      vertex 50.4277 -22.4519 55
      vertex 52.0628 -18.1923 44.2168
    endloop
  endfacet
  facet normal 0.933587 -0.358352 1.52156e-05
    outer loop
      vertex 52.1566 -17.9479 50.9455
      vertex 50.4277 -22.4519 55
      vertex 52.0808 -18.1455 48.025
    endloop
  endfacet
  facet normal 0.933569 -0.358399 -4.50308e-05
    outer loop
      vertex 52.1901 -17.8608 52.2333
      vertex 50.4277 -22.4519 55
      vertex 52.1566 -17.9479 50.9455
    endloop
  endfacet
  facet normal 0.933593 -0.358335 7.76915e-05
    outer loop
      vertex 52.2424 -17.7243 53.3369
      vertex 50.4277 -22.4519 55
      vertex 52.1901 -17.8608 52.2333
    endloop
  endfacet
  facet normal 0.933578 -0.358374 2.20129e-06
    outer loop
      vertex 50.4277 -22.4519 0
      vertex 52.4983 -17.0577 33.8682
      vertex 52.4097 -17.2885 34.9067
    endloop
  endfacet
  facet normal 0.933632 -0.358232 -2.18296e-05
    outer loop
      vertex 50.4277 -22.4519 0
      vertex 52.4097 -17.2885 34.9067
      vertex 52.3099 -17.5487 36.5361
    endloop
  endfacet
  facet normal 0.933572 -0.358389 2.21529e-06
    outer loop
      vertex 50.4277 -22.4519 0
      vertex 52.3099 -17.5487 36.5361
      vertex 52.2393 -17.7326 37.6875
    endloop
  endfacet
  facet normal 0.933604 -0.358306 2.09151e-05
    outer loop
      vertex 50.4277 -22.4519 55
      vertex 52.2393 -17.7326 37.6875
      vertex 52.1855 -17.8727 39.0828
    endloop
  endfacet
  facet normal 0.93363 -0.35824 4.29184e-05
    outer loop
      vertex 50.4277 -22.4519 55
      vertex 52.1855 -17.8727 39.0828
      vertex 52.12 -18.0432 40.7809
    endloop
  endfacet
  facet normal 0.933583 -0.358362 -7.66226e-07
    outer loop
      vertex 50.4277 -22.4519 55
      vertex 52.12 -18.0432 40.7809
      vertex 52.0896 -18.1224 42.6061
    endloop
  endfacet
  facet normal 0.933563 -0.358413 -2.08215e-05
    outer loop
      vertex 50.4277 -22.4519 55
      vertex 52.0896 -18.1224 42.6061
      vertex 52.0628 -18.1923 44.2168
    endloop
  endfacet
  facet normal 0.933578 -0.358373 0
    outer loop
      vertex 52.2393 -17.7326 37.6875
      vertex 50.4277 -22.4519 55
      vertex 50.4277 -22.4519 0
    endloop
  endfacet
  facet normal 0.933583 -0.358362 0
    outer loop
      vertex 52.4983 -17.0577 33.8682
      vertex 50.4277 -22.4519 0
      vertex 52.4983 -17.0577 0
    endloop
  endfacet
  facet normal 0.987683 -0.156465 0
    outer loop
      vertex 54.7132 -6.93399 20.1583
      vertex 54.8976 -5.76997 0
      vertex 54.8976 -5.76997 19.974
    endloop
  endfacet
  facet normal 0.987702 -0.156346 7.08759e-06
    outer loop
      vertex 54.6597 -7.27197 20.2119
      vertex 54.8976 -5.76997 0
      vertex 54.7132 -6.93399 20.1583
    endloop
  endfacet
  facet normal 0.987708 -0.156309 -2.85076e-05
    outer loop
      vertex 53.9937 -11.4767 0
      vertex 54.6597 -7.27197 20.2119
      vertex 54.6414 -7.38761 20.2302
    endloop
  endfacet
  facet normal 0.987578 -0.157128 0.000141209
    outer loop
      vertex 53.9937 -11.4767 0
      vertex 54.6414 -7.38761 20.2302
      vertex 54.6344 -7.43158 20.2594
    endloop
  endfacet
  facet normal 0.99533 -0.0957396 -0.0123611
    outer loop
      vertex 53.9937 -11.4767 0
      vertex 54.6344 -7.43158 20.2594
      vertex 54.6343 -7.43271 20.2601
    endloop
  endfacet
  facet normal 0.987676 -0.156511 1.10837e-05
    outer loop
      vertex 53.9937 -11.4767 0
      vertex 54.6343 -7.43271 20.2601
      vertex 54.4826 -8.38997 21.0288
    endloop
  endfacet
  facet normal 0.988065 -0.154038 -0.000361014
    outer loop
      vertex 53.9937 -11.4767 0
      vertex 54.4826 -8.38997 21.0288
      vertex 54.4777 -8.42146 21.0541
    endloop
  endfacet
  facet normal 0.987682 -0.156475 1.51402e-06
    outer loop
      vertex 53.9937 -11.4767 0
      vertex 54.4777 -8.42146 21.0541
      vertex 54.4727 -8.45302 21.0843
    endloop
  endfacet
  facet normal 0.987677 -0.156508 6.31066e-06
    outer loop
      vertex 53.9937 -11.4767 0
      vertex 54.4727 -8.45302 21.0843
      vertex 54.3246 -9.3876 21.979
    endloop
  endfacet
  facet normal 0.987652 -0.156666 -0.000275579
    outer loop
      vertex 53.9937 -11.4767 23.7063
      vertex 54.3246 -9.3876 21.979
      vertex 54.1917 -10.2271 22.929
    endloop
  endfacet
  facet normal 0.98773 -0.156169 0.000542382
    outer loop
      vertex 53.9937 -11.4767 23.7063
      vertex 54.1917 -10.2271 22.929
      vertex 54.1757 -10.3279 23.043
    endloop
  endfacet
  facet normal 0.987671 -0.156545 -0.000124102
    outer loop
      vertex 53.9937 -11.4767 23.7063
      vertex 54.1757 -10.3279 23.043
      vertex 54.1108 -10.7378 23.5892
    endloop
  endfacet
  facet normal 0.987687 -0.156443 0
    outer loop
      vertex 54.3246 -9.3876 21.979
      vertex 53.9937 -11.4767 23.7063
      vertex 53.9937 -11.4767 0
    endloop
  endfacet
  facet normal 0.987687 -0.156442 -2.28914e-07
    outer loop
      vertex 54.6597 -7.27197 20.2119
      vertex 53.9937 -11.4767 0
      vertex 54.8976 -5.76997 0
    endloop
  endfacet
  facet normal 0.96593 -0.258804 -2.71394e-06
    outer loop
      vertex 52.4983 -17.0577 0
      vertex 53.9937 -11.4767 23.7063
      vertex 53.5279 -13.2152 24.1721
    endloop
  endfacet
  facet normal 0.965918 -0.258848 4.78956e-06
    outer loop
      vertex 52.4983 -17.0577 0
      vertex 53.5279 -13.2152 24.1721
      vertex 53.5089 -13.2861 24.1911
    endloop
  endfacet
  facet normal 0.965908 -0.258886 1.10797e-05
    outer loop
      vertex 52.4983 -17.0577 0
      vertex 53.5089 -13.2861 24.1911
      vertex 53.4517 -13.4995 24.5208
    endloop
  endfacet
  facet normal 0.967448 -0.253067 -0.000893286
    outer loop
      vertex 52.4983 -17.0577 0
      vertex 53.4517 -13.4995 24.5208
      vertex 53.4485 -13.5118 24.5397
    endloop
  endfacet
  facet normal 0.965438 -0.260631 0.000277613
    outer loop
      vertex 52.4983 -17.0577 0
      vertex 53.4485 -13.5118 24.5397
      vertex 53.4452 -13.524 24.5622
    endloop
  endfacet
  facet normal 0.965925 -0.258824 -1.14405e-06
    outer loop
      vertex 52.4983 -17.0577 0
      vertex 53.4452 -13.524 24.5622
      vertex 53.209 -14.4055 26.1787
    endloop
  endfacet
  facet normal 0.96592 -0.258841 7.56316e-07
    outer loop
      vertex 52.4983 -17.0577 0
      vertex 53.209 -14.4055 26.1787
      vertex 53.0152 -15.1287 27.7658
    endloop
  endfacet
  facet normal 0.966 -0.258542 -2.15031e-05
    outer loop
      vertex 52.4983 -17.0577 0
      vertex 53.0152 -15.1287 27.7658
      vertex 52.9844 -15.2438 28.0185
    endloop
  endfacet
  facet normal 0.9658 -0.259287 3.01353e-05
    outer loop
      vertex 52.4983 -17.0577 0
      vertex 52.9844 -15.2438 28.0185
      vertex 52.954 -15.357 28.3202
    endloop
  endfacet
  facet normal 0.965936 -0.258781 -2.40044e-06
    outer loop
      vertex 52.4983 -17.0577 0
      vertex 52.954 -15.357 28.3202
      vertex 52.7774 -16.0162 30.0774
    endloop
  endfacet
  facet normal 0.965927 -0.258813 -1.20304e-06
    outer loop
      vertex 52.4983 -17.0577 0
      vertex 52.7774 -16.0162 30.0774
      vertex 52.6426 -16.5193 31.7453
    endloop
  endfacet
  facet normal 0.96597 -0.258656 -4.07212e-06
    outer loop
      vertex 52.4983 -17.0577 0
      vertex 52.6426 -16.5193 31.7453
      vertex 52.5917 -16.7094 32.3753
    endloop
  endfacet
  facet normal 0.965854 -0.259088 9.10246e-07
    outer loop
      vertex 52.4983 -17.0577 0
      vertex 52.5917 -16.7094 32.3753
      vertex 52.5443 -16.8861 33.1328
    endloop
  endfacet
  facet normal 0.965898 -0.258924 0
    outer loop
      vertex 52.4983 -17.0577 0
      vertex 52.5443 -16.8861 33.1328
      vertex 52.4983 -17.0577 33.8682
    endloop
  endfacet
  facet normal 0.965927 -0.258815 0
    outer loop
      vertex 53.9937 -11.4767 23.7063
      vertex 52.4983 -17.0577 0
      vertex 53.9937 -11.4767 0
    endloop
  endfacet
  facet normal -0.629313 -0.777152 0
    outer loop
      vertex -36.936 -41.0216 0
      vertex -32.4457 -44.6577 55
      vertex -36.936 -41.0216 55
    endloop
  endfacet
  facet normal -0.629313 -0.777152 -0
    outer loop
      vertex -32.4457 -44.6577 55
      vertex -36.936 -41.0216 0
      vertex -32.4457 -44.6577 0
    endloop
  endfacet
  facet normal -0.453992 -0.891006 0
    outer loop
      vertex -27.6 -47.8046 0
      vertex -22.4519 -50.4277 55
      vertex -27.6 -47.8046 55
    endloop
  endfacet
  facet normal -0.453992 -0.891006 -0
    outer loop
      vertex -22.4519 -50.4277 55
      vertex -27.6 -47.8046 0
      vertex -22.4519 -50.4277 0
    endloop
  endfacet
  facet normal -0.258815 -0.965927 0
    outer loop
      vertex -17.0577 -52.4983 0
      vertex -11.4767 -53.9937 55
      vertex -17.0577 -52.4983 55
    endloop
  endfacet
  facet normal -0.258815 -0.965927 -0
    outer loop
      vertex -11.4767 -53.9937 55
      vertex -17.0577 -52.4983 0
      vertex -11.4767 -53.9937 0
    endloop
  endfacet
  facet normal -0.0523375 -0.998629 0
    outer loop
      vertex -5.76997 -54.8976 0
      vertex 0 -55.2 55
      vertex -5.76997 -54.8976 55
    endloop
  endfacet
  facet normal -0.0523375 -0.998629 -0
    outer loop
      vertex 0 -55.2 55
      vertex -5.76997 -54.8976 0
      vertex 0 -55.2 0
    endloop
  endfacet
  facet normal -0.891006 -0.453992 0
    outer loop
      vertex -47.8046 -27.6 0
      vertex -50.4277 -22.4519 55
      vertex -50.4277 -22.4519 0
    endloop
  endfacet
  facet normal -0.891006 -0.453992 0
    outer loop
      vertex -50.4277 -22.4519 55
      vertex -47.8046 -27.6 0
      vertex -47.8046 -27.6 55
    endloop
  endfacet
  facet normal -0.777152 -0.629313 0
    outer loop
      vertex -41.0216 -36.936 0
      vertex -44.6577 -32.4457 55
      vertex -44.6577 -32.4457 0
    endloop
  endfacet
  facet normal -0.777152 -0.629313 0
    outer loop
      vertex -44.6577 -32.4457 55
      vertex -41.0216 -36.936 0
      vertex -41.0216 -36.936 55
    endloop
  endfacet
  facet normal -0.965927 -0.258815 0
    outer loop
      vertex -52.4983 -17.0577 0
      vertex -53.9937 -11.4767 55
      vertex -53.9937 -11.4767 0
    endloop
  endfacet
  facet normal -0.965927 -0.258815 0
    outer loop
      vertex -53.9937 -11.4767 55
      vertex -52.4983 -17.0577 0
      vertex -52.4983 -17.0577 55
    endloop
  endfacet
  facet normal -0.953897 -0.0463444 0.296535
    outer loop
      vertex 47.08 -1.96154 59.2
      vertex 51.9678 0 75.2297
      vertex 46.9847 0 59.2
    endloop
  endfacet
  facet normal -0.953897 -0.0463413 0.296534
    outer loop
      vertex 51.9678 0 75.2297
      vertex 47.08 -1.96154 59.2
      vertex 52.0937 -3.39717 75.1038
    endloop
  endfacet
  facet normal 0.296531 0.0463412 -0.953898
    outer loop
      vertex 97.9297 0 29.2678
      vertex 60.1702 0 17.5298
      vertex 97.8038 3.39717 29.3937
    endloop
  endfacet
  facet normal 0.296533 0.0463233 -0.953899
    outer loop
      vertex 60.1702 0 17.5298
      vertex 60.1156 1.47385 17.5844
      vertex 97.8038 3.39717 29.3937
    endloop
  endfacet
  facet normal 0.296533 -0.0463233 -0.953899
    outer loop
      vertex 97.8038 -3.39717 29.3937
      vertex 60.1156 -1.47385 17.5844
      vertex 60.1702 0 17.5298
    endloop
  endfacet
  facet normal 0.707107 2.33784e-05 0.707107
    outer loop
      vertex 97.9297 0 29.2678
      vertex 95.6999 3.02462 31.4975
      vertex 95.812 0 31.3855
    endloop
  endfacet
  facet normal 0.70624 -0.00125371 0.707972
    outer loop
      vertex 97.9297 0 29.2678
      vertex 95.6977 3.08413 31.4998
      vertex 95.6999 3.02462 31.4975
    endloop
  endfacet
  facet normal 0.708087 0.00142019 0.706124
    outer loop
      vertex 97.9297 0 29.2678
      vertex 95.6911 3.14297 31.5063
      vertex 95.6977 3.08413 31.4998
    endloop
  endfacet
  facet normal 0.707068 -3.22459e-05 0.707145
    outer loop
      vertex 97.9297 0 29.2678
      vertex 95.3561 6.13446 31.8414
      vertex 95.6911 3.14297 31.5063
    endloop
  endfacet
  facet normal 0.707107 0 0.707107
    outer loop
      vertex 97.9297 0 29.2678
      vertex 94.8018 9.06003 32.3957
      vertex 95.3561 6.13446 31.8414
    endloop
  endfacet
  facet normal 0.707107 2.00879e-13 0.707107
    outer loop
      vertex 97.9297 0 29.2678
      vertex 94.7909 9.11759 32.4066
      vertex 94.8018 9.06003 32.3957
    endloop
  endfacet
  facet normal 0.707107 -8.50896e-13 0.707107
    outer loop
      vertex 97.9297 0 29.2678
      vertex 94.7758 9.17321 32.4217
      vertex 94.7909 9.11759 32.4066
    endloop
  endfacet
  facet normal 0.707107 2.00705e-15 0.707107
    outer loop
      vertex 97.9297 0 29.2678
      vertex 94.0083 12.0008 33.1892
      vertex 94.7758 9.17321 32.4217
    endloop
  endfacet
  facet normal 0.707107 -4.68339e-15 0.707107
    outer loop
      vertex 90.326 24.1522 36.8715
      vertex 93.036 14.6995 34.1615
      vertex 94.0083 12.0008 33.1892
    endloop
  endfacet
  facet normal 0.707107 -1.61006e-13 0.707107
    outer loop
      vertex 90.326 24.1522 36.8715
      vertex 92.9939 14.8025 34.2036
      vertex 93.0169 14.7526 34.1806
    endloop
  endfacet
  facet normal 0.707107 1.74255e-14 0.707107
    outer loop
      vertex 90.326 24.1522 36.8715
      vertex 94.0083 12.0008 33.1892
      vertex 97.9297 0 29.2678
    endloop
  endfacet
  facet normal 0.707107 3.74094e-13 0.707107
    outer loop
      vertex 93.036 14.6995 34.1615
      vertex 90.326 24.1522 36.8715
      vertex 93.0169 14.7526 34.1806
    endloop
  endfacet
  facet normal 0.707107 1.44517e-15 0.707107
    outer loop
      vertex 92.9939 14.8025 34.2036
      vertex 90.326 24.1522 36.8715
      vertex 91.8275 17.3427 35.37
    endloop
  endfacet
  facet normal 0.707107 7.0768e-14 0.707107
    outer loop
      vertex 90.326 24.1522 36.8715
      vertex 91.801 17.389 35.3965
      vertex 91.8275 17.3427 35.37
    endloop
  endfacet
  facet normal 0.707107 1.08849e-15 0.707107
    outer loop
      vertex 90.326 24.1522 36.8715
      vertex 90.4532 19.7428 36.7443
      vertex 91.801 17.389 35.3965
    endloop
  endfacet
  facet normal 0.707107 1.18727e-15 0.707107
    outer loop
      vertex 90.326 24.1522 36.8715
      vertex 90.4234 19.7849 36.7741
      vertex 90.4532 19.7428 36.7443
    endloop
  endfacet
  facet normal 0.707107 1.26546e-15 0.707107
    outer loop
      vertex 90.326 24.1522 36.8715
      vertex 88.909 21.9266 38.2885
      vertex 90.4234 19.7849 36.7741
    endloop
  endfacet
  facet normal 0.707107 2.54932e-15 0.707107
    outer loop
      vertex 90.326 24.1522 36.8715
      vertex 87.2446 23.8327 39.9529
      vertex 88.909 21.9266 38.2885
    endloop
  endfacet
  facet normal 0.707107 1.19919e-13 0.707107
    outer loop
      vertex 90.326 24.1522 36.8715
      vertex 87.2119 23.8701 39.9856
      vertex 87.2446 23.8327 39.9529
    endloop
  endfacet
  facet normal 0.707016 0.00198056 0.707195
    outer loop
      vertex 90.326 24.1522 36.8715
      vertex 87.1765 23.9026 40.0209
      vertex 87.2119 23.8701 39.9856
    endloop
  endfacet
  facet normal 0.707096 -2.02866e-05 0.707117
    outer loop
      vertex 86.4392 28.1458 40.7583
      vertex 87.1765 23.9026 40.0209
      vertex 90.326 24.1522 36.8715
    endloop
  endfacet
  facet normal 0.707121 -1.16889e-05 0.707092
    outer loop
      vertex 86.4392 28.1458 40.7583
      vertex 85.3804 25.5522 41.8171
      vertex 87.1765 23.9026 40.0209
    endloop
  endfacet
  facet normal 0.706378 0.000594301 0.707834
    outer loop
      vertex 86.4392 28.1458 40.7583
      vertex 85.3428 25.5792 41.8546
      vertex 85.3804 25.5522 41.8171
    endloop
  endfacet
  facet normal 0.707113 -3.3169e-05 0.7071
    outer loop
      vertex 86.4392 28.1458 40.7583
      vertex 83.4346 26.9543 43.7629
      vertex 85.3428 25.5792 41.8546
    endloop
  endfacet
  facet normal 0.707107 4.45142e-15 0.707107
    outer loop
      vertex 86.4392 28.1458 40.7583
      vertex 81.4352 28.0397 45.7623
      vertex 83.4346 26.9543 43.7629
    endloop
  endfacet
  facet normal 0.707069 0.0031946 0.707137
    outer loop
      vertex 86.4392 28.1458 40.7583
      vertex 81.3958 28.061 45.8016
      vertex 81.4352 28.0397 45.7623
    endloop
  endfacet
  facet normal 0.7071 -3.52586e-05 0.707113
    outer loop
      vertex 86.4392 28.1458 40.7583
      vertex 81.3551 28.0765 45.8423
      vertex 81.3958 28.061 45.8016
    endloop
  endfacet
  facet normal 0.707101 -0.0001225 0.707113
    outer loop
      vertex 86.4392 28.1458 40.7583
      vertex 79.2865 28.8604 47.911
      vertex 81.3551 28.0765 45.8423
    endloop
  endfacet
  facet normal 0.707108 2.20541e-05 0.707106
    outer loop
      vertex 74.9487 32.5 52.2487
      vertex 79.2865 28.8604 47.911
      vertex 86.4392 28.1458 40.7583
    endloop
  endfacet
  facet normal 0.70711 2.65033e-05 0.707104
    outer loop
      vertex 79.2865 28.8604 47.911
      vertex 74.9487 32.5 52.2487
      vertex 77.1712 29.3342 50.0263
    endloop
  endfacet
  facet normal 0.706102 -0.00138691 0.708109
    outer loop
      vertex 77.1712 29.3342 50.0263
      vertex 74.9487 32.5 52.2487
      vertex 77.1295 29.3435 50.0679
    endloop
  endfacet
  facet normal 0.707992 0.00122414 0.70622
    outer loop
      vertex 74.9487 32.5 52.2487
      vertex 77.0875 29.3466 50.11
      vertex 77.1295 29.3435 50.0679
    endloop
  endfacet
  facet normal 0.70709 0 0.707123
    outer loop
      vertex 74.9487 32.5 52.2487
      vertex 74.9487 29.5051 52.2487
      vertex 77.0875 29.3466 50.11
    endloop
  endfacet
  facet normal 0.707121 0 0.707092
    outer loop
      vertex 72.5466 32.322 54.6509
      vertex 74.9487 29.5051 52.2487
      vertex 74.9487 32.5 52.2487
    endloop
  endfacet
  facet normal 0.707123 2.90774e-06 0.70709
    outer loop
      vertex 74.9487 29.5051 52.2487
      vertex 72.5466 32.322 54.6509
      vertex 72.81 29.3466 54.3875
    endloop
  endfacet
  facet normal 0.706271 -0.000147899 0.707942
    outer loop
      vertex 72.81 29.3466 54.3875
      vertex 72.5466 32.322 54.6509
      vertex 72.7679 29.3435 54.4295
    endloop
  endfacet
  facet normal 0.707944 0.000100756 0.706269
    outer loop
      vertex 72.7679 29.3435 54.4295
      vertex 72.5466 32.322 54.6509
      vertex 72.7263 29.3342 54.4712
    endloop
  endfacet
  facet normal 0.707092 -1.76624e-06 0.707121
    outer loop
      vertex 70.1707 31.7898 57.0267
      vertex 72.7263 29.3342 54.4712
      vertex 72.5466 32.322 54.6509
    endloop
  endfacet
  facet normal 0.707104 2.33522e-05 0.707109
    outer loop
      vertex 72.7263 29.3342 54.4712
      vertex 70.1707 31.7898 57.0267
      vertex 70.611 28.8604 56.5865
    endloop
  endfacet
  facet normal 0.707086 1.79774e-05 0.707127
    outer loop
      vertex 70.1707 31.7898 57.0267
      vertex 68.5423 28.0765 58.6551
      vertex 70.611 28.8604 56.5865
    endloop
  endfacet
  facet normal 0.707107 0 0.707107
    outer loop
      vertex 70.1707 31.7898 57.0267
      vertex 68.5016 28.061 58.6958
      vertex 68.5423 28.0765 58.6551
    endloop
  endfacet
  facet normal 0.707114 -6.22906e-06 0.7071
    outer loop
      vertex 63.4583 28.1458 63.7392
      vertex 68.5016 28.061 58.6958
      vertex 70.1707 31.7898 57.0267
    endloop
  endfacet
  facet normal 0.707114 3.81381e-05 0.707099
    outer loop
      vertex 68.5016 28.061 58.6958
      vertex 63.4583 28.1458 63.7392
      vertex 66.5022 26.9756 60.6953
    endloop
  endfacet
  facet normal 0.707107 1.77093e-15 0.707107
    outer loop
      vertex 66.5022 26.9756 60.6953
      vertex 63.4583 28.1458 63.7392
      vertex 66.4629 26.9543 60.7346
    endloop
  endfacet
  facet normal 0.706772 -0.00168395 0.70744
    outer loop
      vertex 66.4629 26.9543 60.7346
      vertex 63.4583 28.1458 63.7392
      vertex 66.4253 26.9272 60.7721
    endloop
  endfacet
  facet normal 0.707121 1.16889e-05 0.707092
    outer loop
      vertex 66.4253 26.9272 60.7721
      vertex 63.4583 28.1458 63.7392
      vertex 64.5171 25.5522 62.6804
    endloop
  endfacet
  facet normal 0.707107 6.98404e-16 0.707107
    outer loop
      vertex 61.4409 26.2931 65.7566
      vertex 64.5171 25.5522 62.6804
      vertex 63.4583 28.1458 63.7392
    endloop
  endfacet
  facet normal 0.707103 -3.39596e-05 0.707111
    outer loop
      vertex 64.5171 25.5522 62.6804
      vertex 61.4409 26.2931 65.7566
      vertex 62.7209 23.9026 64.4765
    endloop
  endfacet
  facet normal 0.707786 0.000697934 0.706427
    outer loop
      vertex 62.7209 23.9026 64.4765
      vertex 61.4409 26.2931 65.7566
      vertex 62.6856 23.8701 64.5119
    endloop
  endfacet
  facet normal 0.707107 4.84085e-14 0.707107
    outer loop
      vertex 62.6856 23.8701 64.5119
      vertex 61.4409 26.2931 65.7566
      vertex 62.6529 23.8327 64.5446
    endloop
  endfacet
  facet normal 0.707107 0 0.707107
    outer loop
      vertex 61.4409 26.2931 65.7566
      vertex 60.9885 21.9266 66.209
      vertex 62.6529 23.8327 64.5446
    endloop
  endfacet
  facet normal 0.707107 4.03392e-16 0.707107
    outer loop
      vertex 61.4409 26.2931 65.7566
      vertex 59.4741 19.7849 67.7234
      vertex 60.9885 21.9266 66.209
    endloop
  endfacet
  facet normal 0.707107 -9.04121e-14 0.707107
    outer loop
      vertex 61.4409 26.2931 65.7566
      vertex 59.4443 19.7428 67.7532
      vertex 59.4741 19.7849 67.7234
    endloop
  endfacet
  facet normal 0.707107 3.34711e-15 0.707107
    outer loop
      vertex 59.4443 19.7428 67.7532
      vertex 61.4409 26.2931 65.7566
      vertex 58.4642 18.031 68.7333
    endloop
  endfacet
  facet normal 0.707107 -2.33784e-05 0.707107
    outer loop
      vertex 95.6999 -3.02462 31.4975
      vertex 97.9297 0 29.2678
      vertex 95.812 0 31.3855
    endloop
  endfacet
  facet normal 0.70624 0.00125371 0.707972
    outer loop
      vertex 95.6977 -3.08413 31.4998
      vertex 97.9297 0 29.2678
      vertex 95.6999 -3.02462 31.4975
    endloop
  endfacet
  facet normal 0.708087 -0.00142019 0.706124
    outer loop
      vertex 95.6911 -3.14297 31.5063
      vertex 97.9297 0 29.2678
      vertex 95.6977 -3.08413 31.4998
    endloop
  endfacet
  facet normal 0.707068 3.22459e-05 0.707145
    outer loop
      vertex 95.3561 -6.13446 31.8414
      vertex 97.9297 0 29.2678
      vertex 95.6911 -3.14297 31.5063
    endloop
  endfacet
  facet normal 0.707107 0 0.707107
    outer loop
      vertex 94.8018 -9.06003 32.3957
      vertex 97.9297 0 29.2678
      vertex 95.3561 -6.13446 31.8414
    endloop
  endfacet
  facet normal 0.707107 -1.93334e-13 0.707107
    outer loop
      vertex 94.7909 -9.11759 32.4066
      vertex 97.9297 0 29.2678
      vertex 94.8018 -9.06003 32.3957
    endloop
  endfacet
  facet normal 0.707107 8.56746e-13 0.707107
    outer loop
      vertex 94.7758 -9.17321 32.4217
      vertex 97.9297 0 29.2678
      vertex 94.7909 -9.11759 32.4066
    endloop
  endfacet
  facet normal 0.707107 -2.00705e-15 0.707107
    outer loop
      vertex 94.0083 -12.0008 33.1892
      vertex 97.9297 0 29.2678
      vertex 94.7758 -9.17321 32.4217
    endloop
  endfacet
  facet normal 0.707107 -3.77039e-13 0.707107
    outer loop
      vertex 90.326 -24.1522 36.8715
      vertex 93.036 -14.6995 34.1615
      vertex 93.0169 -14.7526 34.1806
    endloop
  endfacet
  facet normal 0.707107 -1.52123e-15 0.707107
    outer loop
      vertex 90.326 -24.1522 36.8715
      vertex 92.9939 -14.8025 34.2036
      vertex 91.8275 -17.3427 35.37
    endloop
  endfacet
  facet normal 0.707107 -1.66995e-14 0.707107
    outer loop
      vertex 94.0083 -12.0008 33.1892
      vertex 90.326 -24.1522 36.8715
      vertex 97.9297 0 29.2678
    endloop
  endfacet
  facet normal 0.707107 4.68339e-15 0.707107
    outer loop
      vertex 93.036 -14.6995 34.1615
      vertex 90.326 -24.1522 36.8715
      vertex 94.0083 -12.0008 33.1892
    endloop
  endfacet
  facet normal 0.707107 1.62204e-13 0.707107
    outer loop
      vertex 92.9939 -14.8025 34.2036
      vertex 90.326 -24.1522 36.8715
      vertex 93.0169 -14.7526 34.1806
    endloop
  endfacet
  facet normal 0.707107 -6.91758e-14 0.707107
    outer loop
      vertex 91.801 -17.389 35.3965
      vertex 90.326 -24.1522 36.8715
      vertex 91.8275 -17.3427 35.37
    endloop
  endfacet
  facet normal 0.707107 -1.08501e-15 0.707107
    outer loop
      vertex 90.4532 -19.7428 36.7443
      vertex 90.326 -24.1522 36.8715
      vertex 91.801 -17.389 35.3965
    endloop
  endfacet
  facet normal 0.707107 -1.18727e-15 0.707107
    outer loop
      vertex 90.4234 -19.7849 36.7741
      vertex 90.326 -24.1522 36.8715
      vertex 90.4532 -19.7428 36.7443
    endloop
  endfacet
  facet normal 0.707107 -1.22563e-15 0.707107
    outer loop
      vertex 88.909 -21.9266 38.2885
      vertex 90.326 -24.1522 36.8715
      vertex 90.4234 -19.7849 36.7741
    endloop
  endfacet
  facet normal 0.707107 -2.64737e-15 0.707107
    outer loop
      vertex 87.2446 -23.8327 39.9529
      vertex 90.326 -24.1522 36.8715
      vertex 88.909 -21.9266 38.2885
    endloop
  endfacet
  facet normal 0.707107 -1.25775e-13 0.707107
    outer loop
      vertex 87.2119 -23.8701 39.9856
      vertex 90.326 -24.1522 36.8715
      vertex 87.2446 -23.8327 39.9529
    endloop
  endfacet
  facet normal 0.707016 -0.00198056 0.707195
    outer loop
      vertex 87.1765 -23.9026 40.0209
      vertex 90.326 -24.1522 36.8715
      vertex 87.2119 -23.8701 39.9856
    endloop
  endfacet
  facet normal 0.707096 2.02866e-05 0.707117
    outer loop
      vertex 87.1765 -23.9026 40.0209
      vertex 86.4392 -28.1458 40.7583
      vertex 90.326 -24.1522 36.8715
    endloop
  endfacet
  facet normal 0.707121 1.16889e-05 0.707092
    outer loop
      vertex 85.3804 -25.5522 41.8171
      vertex 86.4392 -28.1458 40.7583
      vertex 87.1765 -23.9026 40.0209
    endloop
  endfacet
  facet normal 0.706378 -0.000594301 0.707834
    outer loop
      vertex 85.3428 -25.5792 41.8546
      vertex 86.4392 -28.1458 40.7583
      vertex 85.3804 -25.5522 41.8171
    endloop
  endfacet
  facet normal 0.707113 3.3169e-05 0.7071
    outer loop
      vertex 83.4346 -26.9543 43.7629
      vertex 86.4392 -28.1458 40.7583
      vertex 85.3428 -25.5792 41.8546
    endloop
  endfacet
  facet normal 0.707107 -4.45142e-15 0.707107
    outer loop
      vertex 81.4352 -28.0397 45.7623
      vertex 86.4392 -28.1458 40.7583
      vertex 83.4346 -26.9543 43.7629
    endloop
  endfacet
  facet normal 0.707069 -0.0031946 0.707137
    outer loop
      vertex 81.3958 -28.061 45.8016
      vertex 86.4392 -28.1458 40.7583
      vertex 81.4352 -28.0397 45.7623
    endloop
  endfacet
  facet normal 0.7071 3.52586e-05 0.707113
    outer loop
      vertex 81.3551 -28.0765 45.8423
      vertex 86.4392 -28.1458 40.7583
      vertex 81.3958 -28.061 45.8016
    endloop
  endfacet
  facet normal 0.707101 0.0001225 0.707113
    outer loop
      vertex 79.2865 -28.8604 47.911
      vertex 86.4392 -28.1458 40.7583
      vertex 81.3551 -28.0765 45.8423
    endloop
  endfacet
  facet normal 0.70711 -2.65033e-05 0.707104
    outer loop
      vertex 74.9487 -32.5 52.2487
      vertex 79.2865 -28.8604 47.911
      vertex 77.1712 -29.3342 50.0263
    endloop
  endfacet
  facet normal 0.706102 0.00138691 0.708109
    outer loop
      vertex 74.9487 -32.5 52.2487
      vertex 77.1712 -29.3342 50.0263
      vertex 77.1295 -29.3435 50.0679
    endloop
  endfacet
  facet normal 0.707108 -2.20541e-05 0.707106
    outer loop
      vertex 79.2865 -28.8604 47.911
      vertex 74.9487 -32.5 52.2487
      vertex 86.4392 -28.1458 40.7583
    endloop
  endfacet
  facet normal 0.707992 -0.00122414 0.70622
    outer loop
      vertex 77.0875 -29.3466 50.11
      vertex 74.9487 -32.5 52.2487
      vertex 77.1295 -29.3435 50.0679
    endloop
  endfacet
  facet normal 0.70709 0 0.707123
    outer loop
      vertex 74.9487 -29.5051 52.2487
      vertex 74.9487 -32.5 52.2487
      vertex 77.0875 -29.3466 50.11
    endloop
  endfacet
  facet normal 0.707123 -2.90774e-06 0.70709
    outer loop
      vertex 72.5466 -32.322 54.6509
      vertex 74.9487 -29.5051 52.2487
      vertex 72.81 -29.3466 54.3875
    endloop
  endfacet
  facet normal 0.706271 0.000147899 0.707942
    outer loop
      vertex 72.5466 -32.322 54.6509
      vertex 72.81 -29.3466 54.3875
      vertex 72.7679 -29.3435 54.4295
    endloop
  endfacet
  facet normal 0.707944 -0.000100756 0.706269
    outer loop
      vertex 72.5466 -32.322 54.6509
      vertex 72.7679 -29.3435 54.4295
      vertex 72.7263 -29.3342 54.4712
    endloop
  endfacet
  facet normal 0.707121 0 0.707092
    outer loop
      vertex 74.9487 -29.5051 52.2487
      vertex 72.5466 -32.322 54.6509
      vertex 74.9487 -32.5 52.2487
    endloop
  endfacet
  facet normal 0.707104 -2.33522e-05 0.707109
    outer loop
      vertex 70.1707 -31.7898 57.0267
      vertex 72.7263 -29.3342 54.4712
      vertex 70.611 -28.8604 56.5865
    endloop
  endfacet
  facet normal 0.707092 1.76624e-06 0.707121
    outer loop
      vertex 72.7263 -29.3342 54.4712
      vertex 70.1707 -31.7898 57.0267
      vertex 72.5466 -32.322 54.6509
    endloop
  endfacet
  facet normal 0.707086 -1.79774e-05 0.707127
    outer loop
      vertex 68.5423 -28.0765 58.6551
      vertex 70.1707 -31.7898 57.0267
      vertex 70.611 -28.8604 56.5865
    endloop
  endfacet
  facet normal 0.707107 0 0.707107
    outer loop
      vertex 68.5016 -28.061 58.6958
      vertex 70.1707 -31.7898 57.0267
      vertex 68.5423 -28.0765 58.6551
    endloop
  endfacet
  facet normal 0.707114 -3.81381e-05 0.707099
    outer loop
      vertex 63.4583 -28.1458 63.7392
      vertex 68.5016 -28.061 58.6958
      vertex 66.5022 -26.9756 60.6953
    endloop
  endfacet
  facet normal 0.707107 0 0.707107
    outer loop
      vertex 63.4583 -28.1458 63.7392
      vertex 66.5022 -26.9756 60.6953
      vertex 66.4629 -26.9543 60.7346
    endloop
  endfacet
  facet normal 0.706772 0.00168395 0.70744
    outer loop
      vertex 63.4583 -28.1458 63.7392
      vertex 66.4629 -26.9543 60.7346
      vertex 66.4253 -26.9272 60.7721
    endloop
  endfacet
  facet normal 0.707121 -1.16889e-05 0.707092
    outer loop
      vertex 63.4583 -28.1458 63.7392
      vertex 66.4253 -26.9272 60.7721
      vertex 64.5171 -25.5522 62.6804
    endloop
  endfacet
  facet normal 0.707114 6.22906e-06 0.7071
    outer loop
      vertex 68.5016 -28.061 58.6958
      vertex 63.4583 -28.1458 63.7392
      vertex 70.1707 -31.7898 57.0267
    endloop
  endfacet
  facet normal 0.707103 3.39596e-05 0.707111
    outer loop
      vertex 61.4409 -26.2931 65.7566
      vertex 64.5171 -25.5522 62.6804
      vertex 62.7209 -23.9026 64.4765
    endloop
  endfacet
  facet normal 0.707786 -0.000697934 0.706427
    outer loop
      vertex 61.4409 -26.2931 65.7566
      vertex 62.7209 -23.9026 64.4765
      vertex 62.6856 -23.8701 64.5119
    endloop
  endfacet
  facet normal 0.707107 -4.86816e-14 0.707107
    outer loop
      vertex 61.4409 -26.2931 65.7566
      vertex 62.6856 -23.8701 64.5119
      vertex 62.6529 -23.8327 64.5446
    endloop
  endfacet
  facet normal 0.707107 -7.42054e-16 0.707107
    outer loop
      vertex 64.5171 -25.5522 62.6804
      vertex 61.4409 -26.2931 65.7566
      vertex 63.4583 -28.1458 63.7392
    endloop
  endfacet
  facet normal 0.707107 0 0.707107
    outer loop
      vertex 60.9885 -21.9266 66.209
      vertex 61.4409 -26.2931 65.7566
      vertex 62.6529 -23.8327 64.5446
    endloop
  endfacet
  facet normal 0.707107 -3.89482e-16 0.707107
    outer loop
      vertex 59.4741 -19.7849 67.7234
      vertex 61.4409 -26.2931 65.7566
      vertex 60.9885 -21.9266 66.209
    endloop
  endfacet
  facet normal 0.707107 9.02797e-14 0.707107
    outer loop
      vertex 59.4443 -19.7428 67.7532
      vertex 61.4409 -26.2931 65.7566
      vertex 59.4741 -19.7849 67.7234
    endloop
  endfacet
  facet normal 0.707107 -3.34711e-15 0.707107
    outer loop
      vertex 61.4409 -26.2931 65.7566
      vertex 59.4443 -19.7428 67.7532
      vertex 58.4642 -18.031 68.7333
    endloop
  endfacet
  facet normal 0.707107 -8.43522e-14 0.707107
    outer loop
      vertex 54.0877 0.0595008 73.1098
      vertex 51.9678 0 75.2297
      vertex 54.0855 0 73.112
    endloop
  endfacet
  facet normal 0.707107 1.83845e-15 0.707107
    outer loop
      vertex 54.1998 3.08413 72.9977
      vertex 51.9678 0 75.2297
      vertex 54.0877 0.0595008 73.1098
    endloop
  endfacet
  facet normal 0.706124 0.00142019 0.708087
    outer loop
      vertex 54.2063 3.14297 72.9911
      vertex 51.9678 0 75.2297
      vertex 54.1998 3.08413 72.9977
    endloop
  endfacet
  facet normal 0.707145 -3.22459e-05 0.707068
    outer loop
      vertex 54.5414 6.13446 72.6561
      vertex 51.9678 0 75.2297
      vertex 54.2063 3.14297 72.9911
    endloop
  endfacet
  facet normal 0.707107 6.2748e-16 0.707107
    outer loop
      vertex 51.9678 0 75.2297
      vertex 54.5414 6.13446 72.6561
      vertex 54.9445 8.26201 72.253
    endloop
  endfacet
  facet normal 0.707107 -6.7977e-16 0.707107
    outer loop
      vertex 54.5414 -6.13446 72.6561
      vertex 51.9678 0 75.2297
      vertex 54.9445 -8.26201 72.253
    endloop
  endfacet
  facet normal 0.707145 3.22459e-05 0.707068
    outer loop
      vertex 54.2063 -3.14297 72.9911
      vertex 51.9678 0 75.2297
      vertex 54.5414 -6.13446 72.6561
    endloop
  endfacet
  facet normal 0.706124 -0.00142019 0.708087
    outer loop
      vertex 54.1998 -3.08413 72.9977
      vertex 51.9678 0 75.2297
      vertex 54.2063 -3.14297 72.9911
    endloop
  endfacet
  facet normal 0.707107 -1.83845e-15 0.707107
    outer loop
      vertex 54.0877 -0.0595008 73.1098
      vertex 51.9678 0 75.2297
      vertex 54.1998 -3.08413 72.9977
    endloop
  endfacet
  facet normal 0.707107 8.47319e-14 0.707107
    outer loop
      vertex 51.9678 0 75.2297
      vertex 54.0877 -0.0595008 73.1098
      vertex 54.0855 0 73.112
    endloop
  endfacet
  facet normal -0.295933 -0.884187 -0.361437
    outer loop
      vertex 74.9487 -32.5 52.2487
      vertex 52.7774 -16.0162 30.0774
      vertex 52.954 -15.357 28.3202
    endloop
  endfacet
  facet normal 0.707107 -1.67391e-16 0.707107
    outer loop
      vertex 97.9297 0 29.2678
      vertex 90.326 -24.1522 36.8715
      vertex 95.9429 -13.2189 31.2546
    endloop
  endfacet
  facet normal 0.11401 -0.62608 -0.771379
    outer loop
      vertex 90.326 -24.1522 36.8715
      vertex 57.6093 -9.43474 20.0907
      vertex 92.0269 -21.7467 35.1705
    endloop
  endfacet
  facet normal 0.707107 0 0.707107
    outer loop
      vertex 53.9546 -13.2189 73.2429
      vertex 58.4642 -18.031 68.7333
      vertex 58.0965 -17.389 69.101
    endloop
  endfacet
  facet normal 0.707107 0 0.707107
    outer loop
      vertex 53.9546 -13.2189 73.2429
      vertex 58.0965 -17.389 69.101
      vertex 58.07 -17.3427 69.1275
    endloop
  endfacet
  facet normal 0.707107 4.67361e-15 0.707107
    outer loop
      vertex 53.9546 -13.2189 73.2429
      vertex 58.07 -17.3427 69.1275
      vertex 56.9036 -14.8025 70.2939
    endloop
  endfacet
  facet normal 0.707107 -2.60897e-13 0.707107
    outer loop
      vertex 53.9546 -13.2189 73.2429
      vertex 56.9036 -14.8025 70.2939
      vertex 56.8806 -14.7526 70.3169
    endloop
  endfacet
  facet normal 0.707107 -1.47075e-15 0.707107
    outer loop
      vertex 53.9546 -13.2189 73.2429
      vertex 56.8615 -14.6995 70.336
      vertex 55.8892 -12.0008 71.3083
    endloop
  endfacet
  facet normal 0.707107 -4.61044e-14 0.707107
    outer loop
      vertex 53.9546 -13.2189 73.2429
      vertex 55.1217 -9.17321 72.0758
      vertex 55.1066 -9.11759 72.0909
    endloop
  endfacet
  facet normal 0.707107 1.64303e-15 0.707107
    outer loop
      vertex 58.4642 -18.031 68.7333
      vertex 53.9546 -13.2189 73.2429
      vertex 61.4409 -26.2931 65.7566
    endloop
  endfacet
  facet normal 0.707107 1.16595e-13 0.707107
    outer loop
      vertex 56.8615 -14.6995 70.336
      vertex 53.9546 -13.2189 73.2429
      vertex 56.8806 -14.7526 70.3169
    endloop
  endfacet
  facet normal 0.707107 1.5198e-15 0.707107
    outer loop
      vertex 55.1217 -9.17321 72.0758
      vertex 53.9546 -13.2189 73.2429
      vertex 55.8892 -12.0008 71.3083
    endloop
  endfacet
  facet normal 0.707107 5.21312e-14 0.707107
    outer loop
      vertex 55.0957 -9.06003 72.1018
      vertex 53.9546 -13.2189 73.2429
      vertex 55.1066 -9.11759 72.0909
    endloop
  endfacet
  facet normal 0.707107 4.97206e-16 0.707107
    outer loop
      vertex 54.9445 -8.26201 72.253
      vertex 53.9546 -13.2189 73.2429
      vertex 55.0957 -9.06003 72.1018
    endloop
  endfacet
  facet normal 0.707107 8.69469e-16 0.707107
    outer loop
      vertex 53.9546 -13.2189 73.2429
      vertex 54.9445 -8.26201 72.253
      vertex 51.9678 0 75.2297
    endloop
  endfacet
  facet normal 0.70707 -4.18689e-05 0.707143
    outer loop
      vertex 61.4409 -26.2931 65.7566
      vertex 56.3567 -19.103 70.8407
      vertex 57.8705 -21.7467 69.3269
    endloop
  endfacet
  facet normal 0.707146 -3.62331e-05 0.707067
    outer loop
      vertex 94.8508 -16.25 32.3466
      vertex 90.326 -24.1522 36.8715
      vertex 93.5407 -19.103 33.6567
    endloop
  endfacet
  facet normal 0.157864 -0.557202 -0.815233
    outer loop
      vertex 92.0269 -21.7467 35.1705
      vertex 57.6093 -9.43474 20.0907
      vertex 93.5407 -19.103 33.6567
    endloop
  endfacet
  facet normal -0.553039 -0.826597 -0.104328
    outer loop
      vertex 65.6015 -29.6902 61.5959
      vertex 52.12 -18.0432 40.7809
      vertex 52.1855 -17.8727 39.0828
    endloop
  endfacet
  facet normal 0.707199 -2.76243e-05 0.707015
    outer loop
      vertex 97.9297 0 29.2678
      vertex 95.9429 -13.2189 31.2546
      vertex 96.8049 -10.0431 30.3925
    endloop
  endfacet
  facet normal -0.771355 -0.626113 0.11399
    outer loop
      vertex 52.3214 -17.5187 55
      vertex 57.8705 -21.7467 69.3269
      vertex 51.5933 -16.6217 55
    endloop
  endfacet
  facet normal -0.771401 -0.626048 0.114038
    outer loop
      vertex 59.5715 -24.1522 67.626
      vertex 52.3214 -17.5187 55
      vertex 52.2424 -17.7243 53.3369
    endloop
  endfacet
  facet normal -0.771379 -0.62608 0.114009
    outer loop
      vertex 52.3214 -17.5187 55
      vertex 59.5715 -24.1522 67.626
      vertex 57.8705 -21.7467 69.3269
    endloop
  endfacet
  facet normal -0.853811 -0.482121 0.196383
    outer loop
      vertex 49.9697 -14.2462 55
      vertex 50.0246 -13.9431 55.9828
      vertex 49.9518 -14.2145 55
    endloop
  endfacet
  facet normal -0.853769 -0.482188 0.196401
    outer loop
      vertex 50.0246 -13.9431 55.9828
      vertex 49.9697 -14.2462 55
      vertex 56.3567 -19.103 70.8407
    endloop
  endfacet
  facet normal -0.815252 -0.557169 0.157882
    outer loop
      vertex 56.3567 -19.103 70.8407
      vertex 49.9697 -14.2462 55
      vertex 50.376 -14.8407 55
    endloop
  endfacet
  facet normal -0.886513 -0.401977 0.229149
    outer loop
      vertex 50.1991 -12.9418 59.2
      vertex 53.9546 -13.2189 73.2429
      vertex 49.2662 -10.8844 59.2
    endloop
  endfacet
  facet normal -0.886525 -0.401948 0.229153
    outer loop
      vertex 53.9546 -13.2189 73.2429
      vertex 50.1991 -12.9418 59.2
      vertex 55.0466 -16.25 72.1508
    endloop
  endfacet
  facet normal -0.853752 -0.482226 0.196379
    outer loop
      vertex 50.2627 -13.0544 59.2
      vertex 55.0466 -16.25 72.1508
      vertex 50.1991 -12.9418 59.2
    endloop
  endfacet
  facet normal -0.853759 -0.482211 0.196389
    outer loop
      vertex 56.3567 -19.103 70.8407
      vertex 50.2627 -13.0544 59.2
      vertex 50.0246 -13.9431 55.9828
    endloop
  endfacet
  facet normal -0.853754 -0.482223 0.19638
    outer loop
      vertex 50.2627 -13.0544 59.2
      vertex 56.3567 -19.103 70.8407
      vertex 55.0466 -16.25 72.1508
    endloop
  endfacet
  facet normal -0.36145 0.884187 -0.295918
    outer loop
      vertex 74.9487 32.5 52.2487
      vertex 52.5917 16.7094 32.3753
      vertex 72.5466 32.322 54.6509
    endloop
  endfacet
  facet normal -0.361381 0.884189 -0.295998
    outer loop
      vertex 52.5917 16.7094 32.3753
      vertex 74.9487 32.5 52.2487
      vertex 52.6426 16.5193 31.7453
    endloop
  endfacet
  facet normal 0.707107 -1.17443e-14 0.707107
    outer loop
      vertex 88.4566 26.2931 38.7409
      vertex 86.4392 28.1458 40.7583
      vertex 90.326 24.1522 36.8715
    endloop
  endfacet
  facet normal -0.104448 -0.82654 -0.553103
    outer loop
      vertex 54.2552 -12.881 23.4448
      vertex 53.4517 -13.4995 24.5208
      vertex 53.5089 -13.2861 24.1911
    endloop
  endfacet
  facet normal -0.104325 -0.826595 -0.553043
    outer loop
      vertex 53.4517 -13.4995 24.5208
      vertex 54.2552 -12.881 23.4448
      vertex 84.2959 -29.6902 42.9015
    endloop
  endfacet
  facet normal 0.229157 -0.401948 -0.886524
    outer loop
      vertex 94.8508 -16.25 32.3466
      vertex 58.8344 -7.05 18.8655
      vertex 95.9429 -13.2189 31.2546
    endloop
  endfacet
  facet normal 0.707216 -0.000125143 0.706997
    outer loop
      vertex 93.5407 -19.103 33.6567
      vertex 90.326 -24.1522 36.8715
      vertex 92.0269 -21.7467 35.1705
    endloop
  endfacet
  facet normal 0.255798 -0.317319 -0.913168
    outer loop
      vertex 95.9429 -13.2189 31.2546
      vertex 59.6822 -4.35714 18.0178
      vertex 96.8049 -10.0431 30.3925
    endloop
  endfacet
  facet normal 0.707107 -1.10139e-15 0.707107
    outer loop
      vertex 97.9297 0 29.2678
      vertex 97.4275 -6.75713 29.77
      vertex 97.8038 -3.39717 29.3937
    endloop
  endfacet
  facet normal 0.196385 -0.482224 -0.853752
    outer loop
      vertex 93.5407 -19.103 33.6567
      vertex 58.8344 -7.05 18.8655
      vertex 94.8508 -16.25 32.3466
    endloop
  endfacet
  facet normal -0.933425 -0.229147 0.276059
    outer loop
      vertex 48.124 -7.76013 59.2
      vertex 52.47 -6.75713 74.7275
      vertex 47.6354 -5.76983 59.2
    endloop
  endfacet
  facet normal -0.933428 -0.229136 0.276059
    outer loop
      vertex 52.47 -6.75713 74.7275
      vertex 48.124 -7.76013 59.2
      vertex 53.0925 -10.0431 74.1049
    endloop
  endfacet
  facet normal 0.707119 -6.42655e-05 0.707095
    outer loop
      vertex 86.4392 -28.1458 40.7583
      vertex 79.7267 -31.7898 47.4707
      vertex 82.0502 -30.9093 45.1472
    endloop
  endfacet
  facet normal -0.612935 -0.788883 -0.0444338
    outer loop
      vertex 63.4583 -28.1458 63.7392
      vertex 52.0628 -18.1923 44.2168
      vertex 52.0896 -18.1224 42.6061
    endloop
  endfacet
  facet normal -0.815231 -0.557204 0.157864
    outer loop
      vertex 51.5933 -16.6217 55
      vertex 56.3567 -19.103 70.8407
      vertex 50.376 -14.8407 55
    endloop
  endfacet
  facet normal -0.815233 -0.557202 0.157865
    outer loop
      vertex 56.3567 -19.103 70.8407
      vertex 51.5933 -16.6217 55
      vertex 57.8705 -21.7467 69.3269
    endloop
  endfacet
  facet normal -0.36145 -0.884187 -0.295918
    outer loop
      vertex 52.5917 -16.7094 32.3753
      vertex 74.9487 -32.5 52.2487
      vertex 72.5466 -32.322 54.6509
    endloop
  endfacet
  facet normal -0.361381 -0.884189 -0.295998
    outer loop
      vertex 74.9487 -32.5 52.2487
      vertex 52.5917 -16.7094 32.3753
      vertex 52.6426 -16.5193 31.7453
    endloop
  endfacet
  facet normal 0.70707 4.18689e-05 0.707143
    outer loop
      vertex 57.8705 21.7467 69.3269
      vertex 56.3567 19.103 70.8407
      vertex 61.4409 26.2931 65.7566
    endloop
  endfacet
  facet normal 0.707107 -1.53349e-15 0.707107
    outer loop
      vertex 53.9546 13.2189 73.2429
      vertex 58.4642 18.031 68.7333
      vertex 61.4409 26.2931 65.7566
    endloop
  endfacet
  facet normal 0.707107 -1.67364e-15 0.707107
    outer loop
      vertex 58.4642 18.031 68.7333
      vertex 53.9546 13.2189 73.2429
      vertex 58.0965 17.389 69.101
    endloop
  endfacet
  facet normal 0.707107 -1.56985e-15 0.707107
    outer loop
      vertex 58.0965 17.389 69.101
      vertex 53.9546 13.2189 73.2429
      vertex 58.07 17.3427 69.1275
    endloop
  endfacet
  facet normal 0.707107 -4.67361e-15 0.707107
    outer loop
      vertex 58.07 17.3427 69.1275
      vertex 53.9546 13.2189 73.2429
      vertex 56.9036 14.8025 70.2939
    endloop
  endfacet
  facet normal 0.707107 -1.0959e-13 0.707107
    outer loop
      vertex 53.9546 13.2189 73.2429
      vertex 56.8615 14.6995 70.336
      vertex 56.8806 14.7526 70.3169
    endloop
  endfacet
  facet normal 0.707107 -1.5198e-15 0.707107
    outer loop
      vertex 53.9546 13.2189 73.2429
      vertex 55.1217 9.17321 72.0758
      vertex 55.8892 12.0008 71.3083
    endloop
  endfacet
  facet normal 0.707107 2.65505e-13 0.707107
    outer loop
      vertex 56.9036 14.8025 70.2939
      vertex 53.9546 13.2189 73.2429
      vertex 56.8806 14.7526 70.3169
    endloop
  endfacet
  facet normal 0.707107 1.51978e-15 0.707107
    outer loop
      vertex 56.8615 14.6995 70.336
      vertex 53.9546 13.2189 73.2429
      vertex 55.8892 12.0008 71.3083
    endloop
  endfacet
  facet normal 0.707107 4.59292e-14 0.707107
    outer loop
      vertex 55.1217 9.17321 72.0758
      vertex 53.9546 13.2189 73.2429
      vertex 55.1066 9.11759 72.0909
    endloop
  endfacet
  facet normal 0.707107 -5.23301e-14 0.707107
    outer loop
      vertex 53.9546 13.2189 73.2429
      vertex 55.0957 9.06003 72.1018
      vertex 55.1066 9.11759 72.0909
    endloop
  endfacet
  facet normal 0.707107 -5.09955e-16 0.707107
    outer loop
      vertex 53.9546 13.2189 73.2429
      vertex 54.9445 8.26201 72.253
      vertex 55.0957 9.06003 72.1018
    endloop
  endfacet
  facet normal 0.707107 -8.62623e-16 0.707107
    outer loop
      vertex 54.9445 8.26201 72.253
      vertex 53.9546 13.2189 73.2429
      vertex 51.9678 0 75.2297
    endloop
  endfacet
  facet normal 0.707107 1.67391e-16 0.707107
    outer loop
      vertex 95.9429 13.2189 31.2546
      vertex 90.326 24.1522 36.8715
      vertex 97.9297 0 29.2678
    endloop
  endfacet
  facet normal 0.229165 0.401921 -0.886534
    outer loop
      vertex 59.3082 5.73499 18.3918
      vertex 58.8344 7.05 18.8655
      vertex 95.9429 13.2189 31.2546
    endloop
  endfacet
  facet normal 0.276055 0.229155 -0.933425
    outer loop
      vertex 59.9523 2.93155 17.7477
      vertex 59.6822 4.35714 18.0178
      vertex 96.8049 10.0431 30.3925
    endloop
  endfacet
  facet normal 0.707109 -2.67209e-05 0.707105
    outer loop
      vertex 86.4392 -28.1458 40.7583
      vertex 74.9487 -32.5 52.2487
      vertex 79.7267 -31.7898 47.4707
    endloop
  endfacet
  facet normal -0.0444763 -0.788913 -0.612894
    outer loop
      vertex 84.2959 -29.6902 42.9015
      vertex 54.2552 -12.881 23.4448
      vertex 55.1851 -12.211 22.5149
    endloop
  endfacet
  facet normal -0.706855 -0.000288309 -0.707358
    outer loop
      vertex 58.2661 -8.28777 19.4339
      vertex 57.6093 -9.43474 20.0907
      vertex 58.8344 -7.05 18.8655
    endloop
  endfacet
  facet normal 0.707183 -7.80968e-05 0.707031
    outer loop
      vertex 95.9429 -13.2189 31.2546
      vertex 90.326 -24.1522 36.8715
      vertex 94.8508 -16.25 32.3466
    endloop
  endfacet
  facet normal 0.28968 -0.138508 -0.947049
    outer loop
      vertex 97.4275 -6.75713 29.77
      vertex 59.9523 -2.93155 17.7477
      vertex 97.8038 -3.39717 29.3937
    endloop
  endfacet
  facet normal 0.707013 1.38908e-05 0.7072
    outer loop
      vertex 97.9297 0 29.2678
      vertex 96.8049 -10.0431 30.3925
      vertex 97.4275 -6.75713 29.77
    endloop
  endfacet
  facet normal 0.276059 -0.229136 -0.933428
    outer loop
      vertex 96.8049 -10.0431 30.3925
      vertex 59.9523 -2.93155 17.7477
      vertex 97.4275 -6.75713 29.77
    endloop
  endfacet
  facet normal 0.296531 -0.0463412 -0.953898
    outer loop
      vertex 97.8038 -3.39717 29.3937
      vertex 60.1702 0 17.5298
      vertex 97.9297 0 29.2678
    endloop
  endfacet
  facet normal 0.276055 -0.229155 -0.933425
    outer loop
      vertex 96.8049 -10.0431 30.3925
      vertex 59.6822 -4.35714 18.0178
      vertex 59.9523 -2.93155 17.7477
    endloop
  endfacet
  facet normal -0.707107 3.60438e-15 -0.707107
    outer loop
      vertex 53.9937 11.4767 23.7063
      vertex 54.2552 12.881 23.4448
      vertex 55.1851 12.211 22.5149
    endloop
  endfacet
  facet normal -0.707107 3.29244e-15 -0.707107
    outer loop
      vertex 54.2552 12.881 23.4448
      vertex 53.9937 11.4767 23.7063
      vertex 53.5279 13.2152 24.1721
    endloop
  endfacet
  facet normal -0.707107 0 -0.707107
    outer loop
      vertex 54.4762 10.4745 23.2238
      vertex 55.1851 12.211 22.5149
      vertex 56.0603 11.4071 21.6397
    endloop
  endfacet
  facet normal -0.707107 -1.16617e-15 -0.707107
    outer loop
      vertex 55.1851 12.211 22.5149
      vertex 54.4762 10.4745 23.2238
      vertex 53.9937 11.4767 23.7063
    endloop
  endfacet
  facet normal -0.707107 -7.51353e-17 -0.707107
    outer loop
      vertex 55.227 9.78496 22.473
      vertex 56.0603 11.4071 21.6397
      vertex 56.8714 10.4783 20.8286
    endloop
  endfacet
  facet normal -0.707107 -3.85693e-15 -0.707107
    outer loop
      vertex 53.9937 11.4767 23.7063
      vertex 54.4762 10.4745 23.2238
      vertex 54.1108 10.7378 23.5892
    endloop
  endfacet
  facet normal -0.707107 -1.76067e-14 -0.707107
    outer loop
      vertex 56.0603 11.4071 21.6397
      vertex 54.5733 10.3853 23.1267
      vertex 54.4762 10.4745 23.2238
    endloop
  endfacet
  facet normal -0.707107 3.72237e-15 -0.707107
    outer loop
      vertex 56.0603 11.4071 21.6397
      vertex 55.227 9.78496 22.473
      vertex 54.5733 10.3853 23.1267
    endloop
  endfacet
  facet normal -0.707089 2.49701e-05 -0.707124
    outer loop
      vertex 55.9226 8.98824 21.7773
      vertex 56.8714 10.4783 20.8286
      vertex 57.6093 9.43474 20.0907
    endloop
  endfacet
  facet normal -0.707107 -3.31995e-15 -0.707107
    outer loop
      vertex 56.8714 10.4783 20.8286
      vertex 55.8327 9.09127 21.8673
      vertex 55.227 9.78496 22.473
    endloop
  endfacet
  facet normal -0.707318 0.000316882 -0.706895
    outer loop
      vertex 56.8714 10.4783 20.8286
      vertex 55.9226 8.98824 21.7773
      vertex 55.8327 9.09127 21.8673
    endloop
  endfacet
  facet normal -0.707021 -0.000489525 -0.707192
    outer loop
      vertex 57.6093 9.43474 20.0907
      vertex 56.0045 8.87247 21.6955
      vertex 55.9226 8.98824 21.7773
    endloop
  endfacet
  facet normal -0.707107 -9.05428e-16 -0.707107
    outer loop
      vertex 57.6093 9.43474 20.0907
      vertex 56.5556 8.09305 21.1444
      vertex 56.0045 8.87247 21.6955
    endloop
  endfacet
  facet normal -0.707107 -1.28656e-14 -0.707107
    outer loop
      vertex 57.6093 9.43474 20.0907
      vertex 56.6285 7.96582 21.0715
      vertex 56.5556 8.09305 21.1444
    endloop
  endfacet
  facet normal -0.707107 0 -0.707107
    outer loop
      vertex 57.6093 9.43474 20.0907
      vertex 57.119 7.10919 20.581
      vertex 56.6285 7.96582 21.0715
    endloop
  endfacet
  facet normal -0.707127 8.6277e-06 -0.707086
    outer loop
      vertex 58.8344 7.05 18.8655
      vertex 57.119 7.10919 20.581
      vertex 57.6093 9.43474 20.0907
    endloop
  endfacet
  facet normal -0.707128 -1.92476e-05 -0.707086
    outer loop
      vertex 58.8344 7.05 18.8655
      vertex 57.1821 6.97188 20.5179
      vertex 57.119 7.10919 20.581
    endloop
  endfacet
  facet normal -0.707128 -1.92331e-05 -0.707086
    outer loop
      vertex 58.8344 7.05 18.8655
      vertex 57.6066 6.04743 20.0934
      vertex 57.1821 6.97188 20.5179
    endloop
  endfacet
  facet normal -0.707112 -5.75809e-05 -0.707101
    outer loop
      vertex 59.3082 5.73499 18.3918
      vertex 57.6066 6.04743 20.0934
      vertex 58.8344 7.05 18.8655
    endloop
  endfacet
  facet normal -0.707107 0 -0.707107
    outer loop
      vertex 59.3082 5.73499 18.3918
      vertex 57.9604 5.0653 19.7396
      vertex 57.6066 6.04743 20.0934
    endloop
  endfacet
  facet normal -0.707107 0 -0.707107
    outer loop
      vertex 59.3082 5.73499 18.3918
      vertex 58.013 4.91943 19.687
      vertex 57.9604 5.0653 19.7396
    endloop
  endfacet
  facet normal -0.707107 1.42233e-14 -0.707107
    outer loop
      vertex 59.3082 5.73499 18.3918
      vertex 58.0545 4.76658 19.6455
      vertex 58.013 4.91943 19.687
    endloop
  endfacet
  facet normal -0.707107 -1.05194e-15 -0.707107
    outer loop
      vertex 59.6822 4.35714 18.0178
      vertex 58.0545 4.76658 19.6455
      vertex 59.3082 5.73499 18.3918
    endloop
  endfacet
  facet normal -0.707107 8.04843e-16 -0.707107
    outer loop
      vertex 59.6822 4.35714 18.0178
      vertex 58.3338 3.73752 19.3662
      vertex 58.0545 4.76658 19.6455
    endloop
  endfacet
  facet normal -0.707107 2.25413e-15 -0.707107
    outer loop
      vertex 59.9523 2.93155 17.7477
      vertex 58.3338 3.73752 19.3662
      vertex 59.6822 4.35714 18.0178
    endloop
  endfacet
  facet normal -0.707107 -2.21326e-15 -0.707107
    outer loop
      vertex 59.9523 2.93155 17.7477
      vertex 58.5355 2.6728 19.1645
      vertex 58.3338 3.73752 19.3662
    endloop
  endfacet
  facet normal -0.707107 0 -0.707107
    outer loop
      vertex 59.9523 2.93155 17.7477
      vertex 58.5655 2.51466 19.1345
      vertex 58.5355 2.6728 19.1645
    endloop
  endfacet
  facet normal -0.707107 1.49022e-14 -0.707107
    outer loop
      vertex 59.9523 2.93155 17.7477
      vertex 58.5836 2.35296 19.1164
      vertex 58.5655 2.51466 19.1345
    endloop
  endfacet
  facet normal -0.707107 1.87843e-16 -0.707107
    outer loop
      vertex 60.1156 1.47385 17.5844
      vertex 58.5836 2.35296 19.1164
      vertex 59.9523 2.93155 17.7477
    endloop
  endfacet
  facet normal -0.707107 -2.4144e-15 -0.707107
    outer loop
      vertex 60.1156 1.47385 17.5844
      vertex 58.7055 1.26426 18.9945
      vertex 58.5836 2.35296 19.1164
    endloop
  endfacet
  facet normal -0.707107 0 -0.707107
    outer loop
      vertex 60.1156 1.47385 17.5844
      vertex 58.7463 0.163493 18.9537
      vertex 58.7055 1.26426 18.9945
    endloop
  endfacet
  facet normal -0.707107 -1.64828e-15 -0.707107
    outer loop
      vertex 60.1702 0 17.5298
      vertex 58.7463 0.163493 18.9537
      vertex 60.1156 1.47385 17.5844
    endloop
  endfacet
  facet normal -0.707107 -1.49016e-14 -0.707107
    outer loop
      vertex 60.1702 0 17.5298
      vertex 58.7524 0 18.9476
      vertex 58.7463 0.163493 18.9537
    endloop
  endfacet
  facet normal -0.707107 1.49016e-14 -0.707107
    outer loop
      vertex 60.1702 0 17.5298
      vertex 58.7463 -0.163493 18.9537
      vertex 58.7524 0 18.9476
    endloop
  endfacet
  facet normal -0.707107 1.64358e-15 -0.707107
    outer loop
      vertex 60.1156 -1.47385 17.5844
      vertex 58.7463 -0.163493 18.9537
      vertex 60.1702 0 17.5298
    endloop
  endfacet
  facet normal -0.707107 0 -0.707107
    outer loop
      vertex 58.7463 -0.163493 18.9537
      vertex 60.1156 -1.47385 17.5844
      vertex 58.7055 -1.26426 18.9945
    endloop
  endfacet
  facet normal -0.707107 2.4144e-15 -0.707107
    outer loop
      vertex 60.1156 -1.47385 17.5844
      vertex 58.5836 -2.35296 19.1164
      vertex 58.7055 -1.26426 18.9945
    endloop
  endfacet
  facet normal -0.707107 -1.97235e-16 -0.707107
    outer loop
      vertex 59.9523 -2.93155 17.7477
      vertex 58.5836 -2.35296 19.1164
      vertex 60.1156 -1.47385 17.5844
    endloop
  endfacet
  facet normal -0.707107 -1.50292e-14 -0.707107
    outer loop
      vertex 58.5836 -2.35296 19.1164
      vertex 59.9523 -2.93155 17.7477
      vertex 58.5655 -2.51466 19.1345
    endloop
  endfacet
  facet normal -0.707107 0 -0.707107
    outer loop
      vertex 58.5655 -2.51466 19.1345
      vertex 59.9523 -2.93155 17.7477
      vertex 58.5355 -2.6728 19.1645
    endloop
  endfacet
  facet normal -0.707107 2.21326e-15 -0.707107
    outer loop
      vertex 59.9523 -2.93155 17.7477
      vertex 58.3338 -3.73752 19.3662
      vertex 58.5355 -2.6728 19.1645
    endloop
  endfacet
  facet normal -0.707107 -2.27291e-15 -0.707107
    outer loop
      vertex 59.6822 -4.35714 18.0178
      vertex 58.3338 -3.73752 19.3662
      vertex 59.9523 -2.93155 17.7477
    endloop
  endfacet
  facet normal -0.707107 -8.04843e-16 -0.707107
    outer loop
      vertex 59.6822 -4.35714 18.0178
      vertex 58.0545 -4.76658 19.6455
      vertex 58.3338 -3.73752 19.3662
    endloop
  endfacet
  facet normal -0.707107 1.05194e-15 -0.707107
    outer loop
      vertex 59.3082 -5.73499 18.3918
      vertex 58.0545 -4.76658 19.6455
      vertex 59.6822 -4.35714 18.0178
    endloop
  endfacet
  facet normal -0.707107 -1.40328e-14 -0.707107
    outer loop
      vertex 58.0545 -4.76658 19.6455
      vertex 59.3082 -5.73499 18.3918
      vertex 58.013 -4.91943 19.687
    endloop
  endfacet
  facet normal -0.707107 0 -0.707107
    outer loop
      vertex 58.013 -4.91943 19.687
      vertex 59.3082 -5.73499 18.3918
      vertex 57.9604 -5.0653 19.7396
    endloop
  endfacet
  facet normal -0.707107 0 -0.707107
    outer loop
      vertex 59.3082 -5.73499 18.3918
      vertex 57.6066 -6.04743 20.0934
      vertex 57.9604 -5.0653 19.7396
    endloop
  endfacet
  facet normal -0.707112 5.75809e-05 -0.707101
    outer loop
      vertex 58.8344 -7.05 18.8655
      vertex 57.6066 -6.04743 20.0934
      vertex 59.3082 -5.73499 18.3918
    endloop
  endfacet
  facet normal -0.707128 1.92331e-05 -0.707086
    outer loop
      vertex 57.6066 -6.04743 20.0934
      vertex 58.8344 -7.05 18.8655
      vertex 57.1821 -6.97188 20.5179
    endloop
  endfacet
  facet normal -0.707128 1.92476e-05 -0.707086
    outer loop
      vertex 58.8344 -7.05 18.8655
      vertex 57.119 -7.10919 20.581
      vertex 57.1821 -6.97188 20.5179
    endloop
  endfacet
  facet normal -0.707127 -8.6277e-06 -0.707086
    outer loop
      vertex 57.6093 -9.43474 20.0907
      vertex 57.119 -7.10919 20.581
      vertex 58.8344 -7.05 18.8655
    endloop
  endfacet
  facet normal -0.707107 0 -0.707107
    outer loop
      vertex 57.119 -7.10919 20.581
      vertex 57.6093 -9.43474 20.0907
      vertex 56.6285 -7.96582 21.0715
    endloop
  endfacet
  facet normal -0.707107 1.21885e-14 -0.707107
    outer loop
      vertex 56.6285 -7.96582 21.0715
      vertex 57.6093 -9.43474 20.0907
      vertex 56.5556 -8.09305 21.1444
    endloop
  endfacet
  facet normal -0.707107 8.55126e-16 -0.707107
    outer loop
      vertex 56.5556 -8.09305 21.1444
      vertex 57.6093 -9.43474 20.0907
      vertex 56.0045 -8.87247 21.6955
    endloop
  endfacet
  facet normal -0.707021 0.000489525 -0.707192
    outer loop
      vertex 56.0045 -8.87247 21.6955
      vertex 57.6093 -9.43474 20.0907
      vertex 55.9226 -8.98824 21.7773
    endloop
  endfacet
  facet normal -0.707089 -2.49701e-05 -0.707124
    outer loop
      vertex 56.8714 -10.4783 20.8286
      vertex 55.9226 -8.98824 21.7773
      vertex 57.6093 -9.43474 20.0907
    endloop
  endfacet
  facet normal -0.707318 -0.000316882 -0.706895
    outer loop
      vertex 55.9226 -8.98824 21.7773
      vertex 56.8714 -10.4783 20.8286
      vertex 55.8327 -9.09127 21.8673
    endloop
  endfacet
  facet normal -0.707107 3.37025e-15 -0.707107
    outer loop
      vertex 55.8327 -9.09127 21.8673
      vertex 56.8714 -10.4783 20.8286
      vertex 55.227 -9.78496 22.473
    endloop
  endfacet
  facet normal -0.707107 3.75677e-17 -0.707107
    outer loop
      vertex 56.0603 -11.4071 21.6397
      vertex 55.227 -9.78496 22.473
      vertex 56.8714 -10.4783 20.8286
    endloop
  endfacet
  facet normal -0.707107 -3.77267e-15 -0.707107
    outer loop
      vertex 55.227 -9.78496 22.473
      vertex 56.0603 -11.4071 21.6397
      vertex 54.5733 -10.3853 23.1267
    endloop
  endfacet
  facet normal -0.707107 1.71835e-14 -0.707107
    outer loop
      vertex 54.5733 -10.3853 23.1267
      vertex 56.0603 -11.4071 21.6397
      vertex 54.4762 -10.4745 23.2238
    endloop
  endfacet
  facet normal -0.707107 0 -0.707107
    outer loop
      vertex 55.1851 -12.211 22.5149
      vertex 54.4762 -10.4745 23.2238
      vertex 56.0603 -11.4071 21.6397
    endloop
  endfacet
  facet normal -0.707107 1.11547e-15 -0.707107
    outer loop
      vertex 53.9937 -11.4767 23.7063
      vertex 54.4762 -10.4745 23.2238
      vertex 55.1851 -12.211 22.5149
    endloop
  endfacet
  facet normal -0.707107 3.85693e-15 -0.707107
    outer loop
      vertex 54.4762 -10.4745 23.2238
      vertex 53.9937 -11.4767 23.7063
      vertex 54.1108 -10.7378 23.5892
    endloop
  endfacet
  facet normal -0.707107 -3.59113e-15 -0.707107
    outer loop
      vertex 54.2552 -12.881 23.4448
      vertex 53.9937 -11.4767 23.7063
      vertex 55.1851 -12.211 22.5149
    endloop
  endfacet
  facet normal -0.707107 -3.29244e-15 -0.707107
    outer loop
      vertex 53.9937 -11.4767 23.7063
      vertex 54.2552 -12.881 23.4448
      vertex 53.5279 -13.2152 24.1721
    endloop
  endfacet
  facet normal 0.707107 4.40555e-15 0.707107
    outer loop
      vertex 52.47 -6.75713 74.7275
      vertex 51.9678 0 75.2297
      vertex 52.0937 -3.39717 75.1038
    endloop
  endfacet
  facet normal 0.7072 1.38908e-05 0.707013
    outer loop
      vertex 53.0925 -10.0431 74.1049
      vertex 51.9678 0 75.2297
      vertex 52.47 -6.75713 74.7275
    endloop
  endfacet
  facet normal -0.49073 -0.855229 -0.166638
    outer loop
      vertex 52.2393 -17.7326 37.6875
      vertex 70.1707 -31.7898 57.0267
      vertex 67.8472 -30.9093 59.3502
    endloop
  endfacet
  facet normal -0.490689 -0.855243 -0.166686
    outer loop
      vertex 70.1707 -31.7898 57.0267
      vertex 52.2393 -17.7326 37.6875
      vertex 52.3099 -17.5487 36.5361
    endloop
  endfacet
  facet normal -0.612924 -0.788891 -0.0444432
    outer loop
      vertex 52.0896 -18.1224 42.6061
      vertex 65.6015 -29.6902 61.5959
      vertex 63.4583 -28.1458 63.7392
    endloop
  endfacet
  facet normal -0.612926 -0.788889 -0.0444406
    outer loop
      vertex 65.6015 -29.6902 61.5959
      vertex 52.0896 -18.1224 42.6061
      vertex 52.12 -18.0432 40.7809
    endloop
  endfacet
  facet normal 0.707087 -1.82167e-05 0.707127
    outer loop
      vertex 61.4409 -26.2931 65.7566
      vertex 55.0466 -16.25 72.1508
      vertex 56.3567 -19.103 70.8407
    endloop
  endfacet
  facet normal 0.707052 -6.2914e-05 0.707162
    outer loop
      vertex 61.4409 -26.2931 65.7566
      vertex 53.9546 -13.2189 73.2429
      vertex 55.0466 -16.25 72.1508
    endloop
  endfacet
  facet normal -0.669657 -0.742569 0.0122889
    outer loop
      vertex 52.0808 -18.1455 48.025
      vertex 63.4583 -28.1458 63.7392
      vertex 61.4409 -26.2931 65.7566
    endloop
  endfacet
  facet normal -0.669673 -0.742554 0.0123102
    outer loop
      vertex 63.4583 -28.1458 63.7392
      vertex 52.0808 -18.1455 48.025
      vertex 52.0695 -18.1748 45.6429
    endloop
  endfacet
  facet normal 0.707195 0.000154554 0.707018
    outer loop
      vertex 61.4409 -26.2931 65.7566
      vertex 57.8705 -21.7467 69.3269
      vertex 59.5715 -24.1522 67.626
    endloop
  endfacet
  facet normal -0.722681 -0.688089 0.0653126
    outer loop
      vertex 61.4409 -26.2931 65.7566
      vertex 52.1566 -17.9479 50.9455
      vertex 52.0808 -18.1455 48.025
    endloop
  endfacet
  facet normal -0.722689 -0.688079 0.0653227
    outer loop
      vertex 52.1566 -17.9479 50.9455
      vertex 61.4409 -26.2931 65.7566
      vertex 59.5715 -24.1522 67.626
    endloop
  endfacet
  facet normal 0.707195 -0.000154554 0.707018
    outer loop
      vertex 59.5715 24.1522 67.626
      vertex 57.8705 21.7467 69.3269
      vertex 61.4409 26.2931 65.7566
    endloop
  endfacet
  facet normal 0.707052 6.2914e-05 0.707162
    outer loop
      vertex 55.0466 16.25 72.1508
      vertex 53.9546 13.2189 73.2429
      vertex 61.4409 26.2931 65.7566
    endloop
  endfacet
  facet normal -0.49073 0.855229 -0.166638
    outer loop
      vertex 70.1707 31.7898 57.0267
      vertex 52.2393 17.7326 37.6875
      vertex 67.8472 30.9093 59.3502
    endloop
  endfacet
  facet normal -0.490689 0.855243 -0.166686
    outer loop
      vertex 52.2393 17.7326 37.6875
      vertex 70.1707 31.7898 57.0267
      vertex 52.3099 17.5487 36.5361
    endloop
  endfacet
  facet normal -0.722681 0.688089 0.0653126
    outer loop
      vertex 52.1566 17.9479 50.9455
      vertex 61.4409 26.2931 65.7566
      vertex 52.0808 18.1455 48.025
    endloop
  endfacet
  facet normal -0.722689 0.688079 0.0653227
    outer loop
      vertex 61.4409 26.2931 65.7566
      vertex 52.1566 17.9479 50.9455
      vertex 59.5715 24.1522 67.626
    endloop
  endfacet
  facet normal 0.707015 2.76243e-05 0.707199
    outer loop
      vertex 53.0925 10.0431 74.1049
      vertex 51.9678 0 75.2297
      vertex 53.9546 13.2189 73.2429
    endloop
  endfacet
  facet normal 0.707087 1.82167e-05 0.707127
    outer loop
      vertex 56.3567 19.103 70.8407
      vertex 55.0466 16.25 72.1508
      vertex 61.4409 26.2931 65.7566
    endloop
  endfacet
  facet normal 0.707109 2.67209e-05 0.707105
    outer loop
      vertex 79.7267 31.7898 47.4707
      vertex 74.9487 32.5 52.2487
      vertex 86.4392 28.1458 40.7583
    endloop
  endfacet
  facet normal 0.707157 0.000185633 0.707056
    outer loop
      vertex 84.2959 29.6902 42.9015
      vertex 82.0502 30.9093 45.1472
      vertex 86.4392 28.1458 40.7583
    endloop
  endfacet
  facet normal 0.114019 0.626069 -0.771386
    outer loop
      vertex 57.6093 9.43474 20.0907
      vertex 56.8714 10.4783 20.8286
      vertex 90.326 24.1522 36.8715
    endloop
  endfacet
  facet normal 0.707107 1.10712e-15 0.707107
    outer loop
      vertex 97.8038 3.39717 29.3937
      vertex 97.4275 6.75713 29.77
      vertex 97.9297 0 29.2678
    endloop
  endfacet
  facet normal 0.276059 0.229136 -0.933428
    outer loop
      vertex 97.4275 6.75713 29.77
      vertex 59.9523 2.93155 17.7477
      vertex 96.8049 10.0431 30.3925
    endloop
  endfacet
  facet normal -0.166639 -0.855228 -0.490731
    outer loop
      vertex 53.4452 -13.524 24.5622
      vertex 82.0502 -30.9093 45.1472
      vertex 79.7267 -31.7898 47.4707
    endloop
  endfacet
  facet normal -0.168454 -0.855962 -0.488828
    outer loop
      vertex 82.0502 -30.9093 45.1472
      vertex 53.4452 -13.524 24.5622
      vertex 53.4485 -13.5118 24.5397
    endloop
  endfacet
  facet normal 0.707077 0.000394911 0.707136
    outer loop
      vertex 79.7267 -31.7898 47.4707
      vertex 74.9487 -32.5 52.2487
      vertex 77.3509 -32.322 49.8466
    endloop
  endfacet
  facet normal 0.0123313 -0.742526 -0.669703
    outer loop
      vertex 88.4566 -26.2931 38.7409
      vertex 55.1851 -12.211 22.5149
      vertex 56.0603 -11.4071 21.6397
    endloop
  endfacet
  facet normal -0.16665 -0.855232 -0.49072
    outer loop
      vertex 79.7267 -31.7898 47.4707
      vertex 53.209 -14.4055 26.1787
      vertex 53.4452 -13.524 24.5622
    endloop
  endfacet
  facet normal 0.229165 -0.401921 -0.886534
    outer loop
      vertex 95.9429 -13.2189 31.2546
      vertex 58.8344 -7.05 18.8655
      vertex 59.3082 -5.73499 18.3918
    endloop
  endfacet
  facet normal 0.289678 -0.138545 -0.947044
    outer loop
      vertex 97.8038 -3.39717 29.3937
      vertex 59.9523 -2.93155 17.7477
      vertex 60.1156 -1.47385 17.5844
    endloop
  endfacet
  facet normal -0.947044 -0.138535 0.289683
    outer loop
      vertex 47.3989 -4.55847 59.2
      vertex 52.0937 -3.39717 75.1038
      vertex 47.1103 -2.58556 59.2
    endloop
  endfacet
  facet normal -0.947048 -0.138508 0.289682
    outer loop
      vertex 52.0937 -3.39717 75.1038
      vertex 47.3989 -4.55847 59.2
      vertex 52.47 -6.75713 74.7275
    endloop
  endfacet
  facet normal -0.953898 -0.0463176 0.296537
    outer loop
      vertex 52.0937 -3.39717 75.1038
      vertex 47.08 -1.96154 59.2
      vertex 47.1103 -2.58556 59.2
    endloop
  endfacet
  facet normal -0.669628 -0.742596 0.0122586
    outer loop
      vertex 52.0695 -18.1748 45.6429
      vertex 52.0628 -18.1923 44.2168
      vertex 63.4583 -28.1458 63.7392
    endloop
  endfacet
  facet normal -0.913169 -0.317314 0.255799
    outer loop
      vertex 48.8283 -9.78697 59.2
      vertex 53.0925 -10.0431 74.1049
      vertex 48.124 -7.76013 59.2
    endloop
  endfacet
  facet normal -0.913168 -0.317319 0.255799
    outer loop
      vertex 53.0925 -10.0431 74.1049
      vertex 48.8283 -9.78697 59.2
      vertex 53.9546 -13.2189 73.2429
    endloop
  endfacet
  facet normal 0.707015 -2.76243e-05 0.707199
    outer loop
      vertex 53.9546 -13.2189 73.2429
      vertex 51.9678 0 75.2297
      vertex 53.0925 -10.0431 74.1049
    endloop
  endfacet
  facet normal -0.553046 -0.826594 -0.104322
    outer loop
      vertex 52.1855 -17.8727 39.0828
      vertex 67.8472 -30.9093 59.3502
      vertex 65.6015 -29.6902 61.5959
    endloop
  endfacet
  facet normal -0.553046 -0.826594 -0.104321
    outer loop
      vertex 67.8472 -30.9093 59.3502
      vertex 52.1855 -17.8727 39.0828
      vertex 52.2393 -17.7326 37.6875
    endloop
  endfacet
  facet normal -0.230716 -0.874491 -0.426655
    outer loop
      vertex 79.7267 -31.7898 47.4707
      vertex 53.0152 -15.1287 27.7658
      vertex 53.209 -14.4055 26.1787
    endloop
  endfacet
  facet normal -0.722705 -0.688061 0.0653368
    outer loop
      vertex 52.1901 -17.8608 52.2333
      vertex 52.1566 -17.9479 50.9455
      vertex 59.5715 -24.1522 67.626
    endloop
  endfacet
  facet normal 0.707056 -0.000185633 0.707157
    outer loop
      vertex 67.8472 -30.9093 59.3502
      vertex 63.4583 -28.1458 63.7392
      vertex 65.6015 -29.6902 61.5959
    endloop
  endfacet
  facet normal 0.707095 -6.42655e-05 0.707119
    outer loop
      vertex 70.1707 -31.7898 57.0267
      vertex 63.4583 -28.1458 63.7392
      vertex 67.8472 -30.9093 59.3502
    endloop
  endfacet
  facet normal -0.669628 0.742596 0.0122586
    outer loop
      vertex 63.4583 28.1458 63.7392
      vertex 52.0628 18.1923 44.2168
      vertex 52.0695 18.1748 45.6429
    endloop
  endfacet
  facet normal -0.426621 0.8745 -0.230749
    outer loop
      vertex 70.1707 31.7898 57.0267
      vertex 52.4983 17.0577 33.8682
      vertex 52.4097 17.2885 34.9067
    endloop
  endfacet
  facet normal -0.426627 0.874498 -0.230743
    outer loop
      vertex 52.4983 17.0577 33.8682
      vertex 70.1707 31.7898 57.0267
      vertex 52.5443 16.8861 33.1328
    endloop
  endfacet
  facet normal -0.771401 0.626048 0.114038
    outer loop
      vertex 52.3214 17.5187 55
      vertex 59.5715 24.1522 67.626
      vertex 52.2424 17.7243 53.3369
    endloop
  endfacet
  facet normal -0.771379 0.62608 0.114009
    outer loop
      vertex 59.5715 24.1522 67.626
      vertex 52.3214 17.5187 55
      vertex 57.8705 21.7467 69.3269
    endloop
  endfacet
  facet normal -0.771355 0.626113 0.11399
    outer loop
      vertex 57.8705 21.7467 69.3269
      vertex 52.3214 17.5187 55
      vertex 51.5933 16.6217 55
    endloop
  endfacet
  facet normal -0.553046 0.826594 -0.104322
    outer loop
      vertex 67.8472 30.9093 59.3502
      vertex 52.1855 17.8727 39.0828
      vertex 65.6015 29.6902 61.5959
    endloop
  endfacet
  facet normal -0.553046 0.826594 -0.104321
    outer loop
      vertex 52.1855 17.8727 39.0828
      vertex 67.8472 30.9093 59.3502
      vertex 52.2393 17.7326 37.6875
    endloop
  endfacet
  facet normal -0.815233 0.557202 0.157865
    outer loop
      vertex 51.5933 16.6217 55
      vertex 56.3567 19.103 70.8407
      vertex 57.8705 21.7467 69.3269
    endloop
  endfacet
  facet normal -0.815231 0.557204 0.157864
    outer loop
      vertex 56.3567 19.103 70.8407
      vertex 51.5933 16.6217 55
      vertex 50.376 14.8407 55
    endloop
  endfacet
  facet normal -0.913168 0.317319 0.255799
    outer loop
      vertex 48.8283 9.78697 59.2
      vertex 53.0925 10.0431 74.1049
      vertex 53.9546 13.2189 73.2429
    endloop
  endfacet
  facet normal -0.913169 0.317314 0.255799
    outer loop
      vertex 53.0925 10.0431 74.1049
      vertex 48.8283 9.78697 59.2
      vertex 48.124 7.76013 59.2
    endloop
  endfacet
  facet normal -0.0444427 0.788891 -0.612924
    outer loop
      vertex 86.4392 28.1458 40.7583
      vertex 55.1851 12.211 22.5149
      vertex 84.2959 29.6902 42.9015
    endloop
  endfacet
  facet normal 0.707119 6.42655e-05 0.707095
    outer loop
      vertex 82.0502 30.9093 45.1472
      vertex 79.7267 31.7898 47.4707
      vertex 86.4392 28.1458 40.7583
    endloop
  endfacet
  facet normal -0.295918 0.884186 -0.361451
    outer loop
      vertex 77.3509 32.322 49.8466
      vertex 52.954 15.357 28.3202
      vertex 74.9487 32.5 52.2487
    endloop
  endfacet
  facet normal -0.295818 0.884177 -0.361557
    outer loop
      vertex 52.954 15.357 28.3202
      vertex 77.3509 32.322 49.8466
      vertex 52.9844 15.2438 28.0185
    endloop
  endfacet
  facet normal 0.196385 0.482224 -0.853752
    outer loop
      vertex 94.8508 16.25 32.3466
      vertex 58.8344 7.05 18.8655
      vertex 93.5407 19.103 33.6567
    endloop
  endfacet
  facet normal 0.707146 3.62331e-05 0.707067
    outer loop
      vertex 93.5407 19.103 33.6567
      vertex 90.326 24.1522 36.8715
      vertex 94.8508 16.25 32.3466
    endloop
  endfacet
  facet normal 0.707013 -1.38908e-05 0.7072
    outer loop
      vertex 97.4275 6.75713 29.77
      vertex 96.8049 10.0431 30.3925
      vertex 97.9297 0 29.2678
    endloop
  endfacet
  facet normal -0.230746 -0.874499 -0.426624
    outer loop
      vertex 52.9844 -15.2438 28.0185
      vertex 79.7267 -31.7898 47.4707
      vertex 77.3509 -32.322 49.8466
    endloop
  endfacet
  facet normal -0.230878 -0.874537 -0.426475
    outer loop
      vertex 79.7267 -31.7898 47.4707
      vertex 52.9844 -15.2438 28.0185
      vertex 53.0152 -15.1287 27.7658
    endloop
  endfacet
  facet normal -0.295918 -0.884186 -0.361451
    outer loop
      vertex 52.954 -15.357 28.3202
      vertex 77.3509 -32.322 49.8466
      vertex 74.9487 -32.5 52.2487
    endloop
  endfacet
  facet normal -0.295818 -0.884177 -0.361557
    outer loop
      vertex 77.3509 -32.322 49.8466
      vertex 52.954 -15.357 28.3202
      vertex 52.9844 -15.2438 28.0185
    endloop
  endfacet
  facet normal 0.707107 1.17443e-14 0.707107
    outer loop
      vertex 90.326 -24.1522 36.8715
      vertex 86.4392 -28.1458 40.7583
      vertex 88.4566 -26.2931 38.7409
    endloop
  endfacet
  facet normal 0.114019 -0.626069 -0.771386
    outer loop
      vertex 90.326 -24.1522 36.8715
      vertex 56.8714 -10.4783 20.8286
      vertex 57.6093 -9.43474 20.0907
    endloop
  endfacet
  facet normal 0.196386 -0.482222 -0.853753
    outer loop
      vertex 93.5407 -19.103 33.6567
      vertex 58.2661 -8.28777 19.4339
      vertex 58.8344 -7.05 18.8655
    endloop
  endfacet
  facet normal 0.157854 -0.557221 -0.815222
    outer loop
      vertex 93.5407 -19.103 33.6567
      vertex 57.6093 -9.43474 20.0907
      vertex 58.2661 -8.28777 19.4339
    endloop
  endfacet
  facet normal 0.255803 -0.317304 -0.913172
    outer loop
      vertex 95.9429 -13.2189 31.2546
      vertex 59.3082 -5.73499 18.3918
      vertex 59.6822 -4.35714 18.0178
    endloop
  endfacet
  facet normal -0.933411 -0.229219 0.27605
    outer loop
      vertex 52.47 -6.75713 74.7275
      vertex 47.4886 -5.17204 59.2
      vertex 47.6354 -5.76983 59.2
    endloop
  endfacet
  facet normal -0.947053 -0.138453 0.289692
    outer loop
      vertex 52.47 -6.75713 74.7275
      vertex 47.3989 -4.55847 59.2
      vertex 47.4886 -5.17204 59.2
    endloop
  endfacet
  facet normal -0.886527 -0.401941 0.229159
    outer loop
      vertex 53.9546 -13.2189 73.2429
      vertex 49.024 -10.3502 59.2
      vertex 49.2662 -10.8844 59.2
    endloop
  endfacet
  facet normal -0.426624 -0.874499 -0.230746
    outer loop
      vertex 52.5443 -16.8861 33.1328
      vertex 72.5466 -32.322 54.6509
      vertex 70.1707 -31.7898 57.0267
    endloop
  endfacet
  facet normal -0.426677 -0.874488 -0.230688
    outer loop
      vertex 72.5466 -32.322 54.6509
      vertex 52.5443 -16.8861 33.1328
      vertex 52.5917 -16.7094 32.3753
    endloop
  endfacet
  facet normal -0.426621 -0.8745 -0.230749
    outer loop
      vertex 52.4983 -17.0577 33.8682
      vertex 70.1707 -31.7898 57.0267
      vertex 52.4097 -17.2885 34.9067
    endloop
  endfacet
  facet normal -0.426627 -0.874498 -0.230743
    outer loop
      vertex 70.1707 -31.7898 57.0267
      vertex 52.4983 -17.0577 33.8682
      vertex 52.5443 -16.8861 33.1328
    endloop
  endfacet
  facet normal -0.771364 -0.626101 0.113995
    outer loop
      vertex 52.2424 -17.7243 53.3369
      vertex 52.1901 -17.8608 52.2333
      vertex 59.5715 -24.1522 67.626
    endloop
  endfacet
  facet normal -0.669657 0.742569 0.0122889
    outer loop
      vertex 63.4583 28.1458 63.7392
      vertex 52.0808 18.1455 48.025
      vertex 61.4409 26.2931 65.7566
    endloop
  endfacet
  facet normal -0.669673 0.742554 0.0123102
    outer loop
      vertex 52.0808 18.1455 48.025
      vertex 63.4583 28.1458 63.7392
      vertex 52.0695 18.1748 45.6429
    endloop
  endfacet
  facet normal -0.612935 0.788883 -0.0444338
    outer loop
      vertex 52.0896 18.1224 42.6061
      vertex 52.0628 18.1923 44.2168
      vertex 63.4583 28.1458 63.7392
    endloop
  endfacet
  facet normal 0.707095 6.42655e-05 0.707119
    outer loop
      vertex 67.8472 30.9093 59.3502
      vertex 63.4583 28.1458 63.7392
      vertex 70.1707 31.7898 57.0267
    endloop
  endfacet
  facet normal -0.886525 0.401948 0.229153
    outer loop
      vertex 50.1991 12.9418 59.2
      vertex 53.9546 13.2189 73.2429
      vertex 55.0466 16.25 72.1508
    endloop
  endfacet
  facet normal -0.886513 0.401977 0.229149
    outer loop
      vertex 53.9546 13.2189 73.2429
      vertex 50.1991 12.9418 59.2
      vertex 49.2662 10.8844 59.2
    endloop
  endfacet
  facet normal 0.707107 -4.42275e-15 0.707107
    outer loop
      vertex 52.0937 3.39717 75.1038
      vertex 51.9678 0 75.2297
      vertex 52.47 6.75713 74.7275
    endloop
  endfacet
  facet normal -0.947053 0.138453 0.289692
    outer loop
      vertex 47.4886 5.17204 59.2
      vertex 47.3989 4.55847 59.2
      vertex 52.47 6.75713 74.7275
    endloop
  endfacet
  facet normal 0.0653218 0.688079 -0.72269
    outer loop
      vertex 90.326 24.1522 36.8715
      vertex 56.8714 10.4783 20.8286
      vertex 88.4566 26.2931 38.7409
    endloop
  endfacet
  facet normal 0.01229 0.742569 -0.669656
    outer loop
      vertex 88.4566 26.2931 38.7409
      vertex 55.1851 12.211 22.5149
      vertex 86.4392 28.1458 40.7583
    endloop
  endfacet
  facet normal -0.16665 0.855232 -0.49072
    outer loop
      vertex 53.4452 13.524 24.5622
      vertex 53.209 14.4055 26.1787
      vertex 79.7267 31.7898 47.4707
    endloop
  endfacet
  facet normal 0.707077 -0.000394911 0.707136
    outer loop
      vertex 77.3509 32.322 49.8466
      vertex 74.9487 32.5 52.2487
      vertex 79.7267 31.7898 47.4707
    endloop
  endfacet
  facet normal -0.104325 0.826595 -0.553043
    outer loop
      vertex 54.2552 12.881 23.4448
      vertex 53.4517 13.4995 24.5208
      vertex 84.2959 29.6902 42.9015
    endloop
  endfacet
  facet normal -0.104448 0.82654 -0.553103
    outer loop
      vertex 53.4517 13.4995 24.5208
      vertex 54.2552 12.881 23.4448
      vertex 53.5089 13.2861 24.1911
    endloop
  endfacet
  facet normal -0.361454 0.884186 -0.295916
    outer loop
      vertex 52.7774 16.0162 30.0774
      vertex 52.6426 16.5193 31.7453
      vertex 74.9487 32.5 52.2487
    endloop
  endfacet
  facet normal 0.157864 0.557202 -0.815233
    outer loop
      vertex 93.5407 19.103 33.6567
      vertex 57.6093 9.43474 20.0907
      vertex 92.0269 21.7467 35.1705
    endloop
  endfacet
  facet normal -0.706855 0.000288309 -0.707358
    outer loop
      vertex 58.8344 7.05 18.8655
      vertex 57.6093 9.43474 20.0907
      vertex 58.2661 8.28777 19.4339
    endloop
  endfacet
  facet normal 0.707183 7.80968e-05 0.707031
    outer loop
      vertex 94.8508 16.25 32.3466
      vertex 90.326 24.1522 36.8715
      vertex 95.9429 13.2189 31.2546
    endloop
  endfacet
  facet normal 0.229157 0.401948 -0.886524
    outer loop
      vertex 95.9429 13.2189 31.2546
      vertex 58.8344 7.05 18.8655
      vertex 94.8508 16.25 32.3466
    endloop
  endfacet
  facet normal 0.255803 0.317304 -0.913172
    outer loop
      vertex 59.6822 4.35714 18.0178
      vertex 59.3082 5.73499 18.3918
      vertex 95.9429 13.2189 31.2546
    endloop
  endfacet
  facet normal 0.255798 0.317319 -0.913168
    outer loop
      vertex 96.8049 10.0431 30.3925
      vertex 59.6822 4.35714 18.0178
      vertex 95.9429 13.2189 31.2546
    endloop
  endfacet
  facet normal 0.707199 2.76243e-05 0.707015
    outer loop
      vertex 96.8049 10.0431 30.3925
      vertex 95.9429 13.2189 31.2546
      vertex 97.9297 0 29.2678
    endloop
  endfacet
  facet normal 0.28968 0.138508 -0.947049
    outer loop
      vertex 97.8038 3.39717 29.3937
      vertex 59.9523 2.93155 17.7477
      vertex 97.4275 6.75713 29.77
    endloop
  endfacet
  facet normal 0.289678 0.138545 -0.947044
    outer loop
      vertex 60.1156 1.47385 17.5844
      vertex 59.9523 2.93155 17.7477
      vertex 97.8038 3.39717 29.3937
    endloop
  endfacet
  facet normal -0.707107 8.16024e-14 -0.707107
    outer loop
      vertex 54.2552 -12.881 23.4448
      vertex 53.5089 -13.2861 24.1911
      vertex 53.5279 -13.2152 24.1721
    endloop
  endfacet
  facet normal 0.707157 -0.000185633 0.707056
    outer loop
      vertex 86.4392 -28.1458 40.7583
      vertex 82.0502 -30.9093 45.1472
      vertex 84.2959 -29.6902 42.9015
    endloop
  endfacet
  facet normal -0.104321 -0.826594 -0.553046
    outer loop
      vertex 53.4485 -13.5118 24.5397
      vertex 84.2959 -29.6902 42.9015
      vertex 82.0502 -30.9093 45.1472
    endloop
  endfacet
  facet normal -0.10282 -0.825649 -0.554736
    outer loop
      vertex 84.2959 -29.6902 42.9015
      vertex 53.4485 -13.5118 24.5397
      vertex 53.4517 -13.4995 24.5208
    endloop
  endfacet
  facet normal 0.01229 -0.742569 -0.669656
    outer loop
      vertex 86.4392 -28.1458 40.7583
      vertex 55.1851 -12.211 22.5149
      vertex 88.4566 -26.2931 38.7409
    endloop
  endfacet
  facet normal -0.0444427 -0.788891 -0.612924
    outer loop
      vertex 84.2959 -29.6902 42.9015
      vertex 55.1851 -12.211 22.5149
      vertex 86.4392 -28.1458 40.7583
    endloop
  endfacet
  facet normal 0.065294 -0.688107 -0.722665
    outer loop
      vertex 88.4566 -26.2931 38.7409
      vertex 56.0603 -11.4071 21.6397
      vertex 56.8714 -10.4783 20.8286
    endloop
  endfacet
  facet normal 0.0653218 -0.688079 -0.72269
    outer loop
      vertex 88.4566 -26.2931 38.7409
      vertex 56.8714 -10.4783 20.8286
      vertex 90.326 -24.1522 36.8715
    endloop
  endfacet
  facet normal -0.913175 -0.317292 0.255808
    outer loop
      vertex 53.9546 -13.2189 73.2429
      vertex 48.8283 -9.78697 59.2
      vertex 49.024 -10.3502 59.2
    endloop
  endfacet
  facet normal -0.361454 -0.884186 -0.295916
    outer loop
      vertex 74.9487 -32.5 52.2487
      vertex 52.6426 -16.5193 31.7453
      vertex 52.7774 -16.0162 30.0774
    endloop
  endfacet
  facet normal -0.426624 0.874499 -0.230746
    outer loop
      vertex 72.5466 32.322 54.6509
      vertex 52.5443 16.8861 33.1328
      vertex 70.1707 31.7898 57.0267
    endloop
  endfacet
  facet normal -0.426677 0.874488 -0.230688
    outer loop
      vertex 52.5443 16.8861 33.1328
      vertex 72.5466 32.322 54.6509
      vertex 52.5917 16.7094 32.3753
    endloop
  endfacet
  facet normal -0.49074 0.855225 -0.166629
    outer loop
      vertex 52.4097 17.2885 34.9067
      vertex 52.3099 17.5487 36.5361
      vertex 70.1707 31.7898 57.0267
    endloop
  endfacet
  facet normal -0.853759 0.482211 0.196389
    outer loop
      vertex 50.2627 13.0544 59.2
      vertex 56.3567 19.103 70.8407
      vertex 50.0246 13.9431 55.9828
    endloop
  endfacet
  facet normal -0.853754 0.482223 0.19638
    outer loop
      vertex 56.3567 19.103 70.8407
      vertex 50.2627 13.0544 59.2
      vertex 55.0466 16.25 72.1508
    endloop
  endfacet
  facet normal -0.853752 0.482226 0.196379
    outer loop
      vertex 55.0466 16.25 72.1508
      vertex 50.2627 13.0544 59.2
      vertex 50.1991 12.9418 59.2
    endloop
  endfacet
  facet normal -0.612924 0.788891 -0.0444432
    outer loop
      vertex 65.6015 29.6902 61.5959
      vertex 52.0896 18.1224 42.6061
      vertex 63.4583 28.1458 63.7392
    endloop
  endfacet
  facet normal -0.612926 0.788889 -0.0444406
    outer loop
      vertex 52.0896 18.1224 42.6061
      vertex 65.6015 29.6902 61.5959
      vertex 52.12 18.0432 40.7809
    endloop
  endfacet
  facet normal 0.707056 0.000185633 0.707157
    outer loop
      vertex 65.6015 29.6902 61.5959
      vertex 63.4583 28.1458 63.7392
      vertex 67.8472 30.9093 59.3502
    endloop
  endfacet
  facet normal -0.853811 0.482121 0.196383
    outer loop
      vertex 50.0246 13.9431 55.9828
      vertex 49.9697 14.2462 55
      vertex 49.9518 14.2145 55
    endloop
  endfacet
  facet normal -0.853769 0.482188 0.196401
    outer loop
      vertex 49.9697 14.2462 55
      vertex 50.0246 13.9431 55.9828
      vertex 56.3567 19.103 70.8407
    endloop
  endfacet
  facet normal -0.933428 0.229136 0.276059
    outer loop
      vertex 48.124 7.76013 59.2
      vertex 52.47 6.75713 74.7275
      vertex 53.0925 10.0431 74.1049
    endloop
  endfacet
  facet normal -0.933425 0.229147 0.276059
    outer loop
      vertex 52.47 6.75713 74.7275
      vertex 48.124 7.76013 59.2
      vertex 47.6354 5.76983 59.2
    endloop
  endfacet
  facet normal 0.7072 -1.38908e-05 0.707013
    outer loop
      vertex 52.47 6.75713 74.7275
      vertex 51.9678 0 75.2297
      vertex 53.0925 10.0431 74.1049
    endloop
  endfacet
  facet normal -0.947048 0.138508 0.289682
    outer loop
      vertex 47.3989 4.55847 59.2
      vertex 52.0937 3.39717 75.1038
      vertex 52.47 6.75713 74.7275
    endloop
  endfacet
  facet normal -0.947044 0.138535 0.289683
    outer loop
      vertex 52.0937 3.39717 75.1038
      vertex 47.3989 4.55847 59.2
      vertex 47.1103 2.58556 59.2
    endloop
  endfacet
  facet normal -0.230746 0.874499 -0.426624
    outer loop
      vertex 79.7267 31.7898 47.4707
      vertex 52.9844 15.2438 28.0185
      vertex 77.3509 32.322 49.8466
    endloop
  endfacet
  facet normal -0.230878 0.874537 -0.426475
    outer loop
      vertex 52.9844 15.2438 28.0185
      vertex 79.7267 31.7898 47.4707
      vertex 53.0152 15.1287 27.7658
    endloop
  endfacet
  facet normal -0.230716 0.874491 -0.426655
    outer loop
      vertex 53.209 14.4055 26.1787
      vertex 53.0152 15.1287 27.7658
      vertex 79.7267 31.7898 47.4707
    endloop
  endfacet
  facet normal 0.0123313 0.742526 -0.669703
    outer loop
      vertex 56.0603 11.4071 21.6397
      vertex 55.1851 12.211 22.5149
      vertex 88.4566 26.2931 38.7409
    endloop
  endfacet
  facet normal -0.707107 -8.08157e-14 -0.707107
    outer loop
      vertex 53.5279 13.2152 24.1721
      vertex 53.5089 13.2861 24.1911
      vertex 54.2552 12.881 23.4448
    endloop
  endfacet
  facet normal -0.0444763 0.788913 -0.612894
    outer loop
      vertex 55.1851 12.211 22.5149
      vertex 54.2552 12.881 23.4448
      vertex 84.2959 29.6902 42.9015
    endloop
  endfacet
  facet normal -0.166639 0.855228 -0.490731
    outer loop
      vertex 82.0502 30.9093 45.1472
      vertex 53.4452 13.524 24.5622
      vertex 79.7267 31.7898 47.4707
    endloop
  endfacet
  facet normal -0.168454 0.855962 -0.488828
    outer loop
      vertex 53.4452 13.524 24.5622
      vertex 82.0502 30.9093 45.1472
      vertex 53.4485 13.5118 24.5397
    endloop
  endfacet
  facet normal -0.104321 0.826594 -0.553046
    outer loop
      vertex 84.2959 29.6902 42.9015
      vertex 53.4485 13.5118 24.5397
      vertex 82.0502 30.9093 45.1472
    endloop
  endfacet
  facet normal -0.10282 0.825649 -0.554736
    outer loop
      vertex 53.4485 13.5118 24.5397
      vertex 84.2959 29.6902 42.9015
      vertex 53.4517 13.4995 24.5208
    endloop
  endfacet
  facet normal 0.11401 0.62608 -0.771379
    outer loop
      vertex 92.0269 21.7467 35.1705
      vertex 57.6093 9.43474 20.0907
      vertex 90.326 24.1522 36.8715
    endloop
  endfacet
  facet normal 0.707216 0.000125143 0.706997
    outer loop
      vertex 92.0269 21.7467 35.1705
      vertex 90.326 24.1522 36.8715
      vertex 93.5407 19.103 33.6567
    endloop
  endfacet
  facet normal 0.157854 0.557221 -0.815222
    outer loop
      vertex 58.2661 8.28777 19.4339
      vertex 57.6093 9.43474 20.0907
      vertex 93.5407 19.103 33.6567
    endloop
  endfacet
  facet normal 0.196386 0.482222 -0.853753
    outer loop
      vertex 58.8344 7.05 18.8655
      vertex 58.2661 8.28777 19.4339
      vertex 93.5407 19.103 33.6567
    endloop
  endfacet
  facet normal -0.49074 -0.855225 -0.166629
    outer loop
      vertex 70.1707 -31.7898 57.0267
      vertex 52.3099 -17.5487 36.5361
      vertex 52.4097 -17.2885 34.9067
    endloop
  endfacet
  facet normal -0.553039 0.826597 -0.104328
    outer loop
      vertex 52.1855 17.8727 39.0828
      vertex 52.12 18.0432 40.7809
      vertex 65.6015 29.6902 61.5959
    endloop
  endfacet
  facet normal -0.771364 0.626101 0.113995
    outer loop
      vertex 59.5715 24.1522 67.626
      vertex 52.1901 17.8608 52.2333
      vertex 52.2424 17.7243 53.3369
    endloop
  endfacet
  facet normal -0.722705 0.688061 0.0653368
    outer loop
      vertex 59.5715 24.1522 67.626
      vertex 52.1566 17.9479 50.9455
      vertex 52.1901 17.8608 52.2333
    endloop
  endfacet
  facet normal -0.913175 0.317292 0.255808
    outer loop
      vertex 49.024 10.3502 59.2
      vertex 48.8283 9.78697 59.2
      vertex 53.9546 13.2189 73.2429
    endloop
  endfacet
  facet normal -0.886527 0.401941 0.229159
    outer loop
      vertex 49.2662 10.8844 59.2
      vertex 49.024 10.3502 59.2
      vertex 53.9546 13.2189 73.2429
    endloop
  endfacet
  facet normal -0.815252 0.557169 0.157882
    outer loop
      vertex 50.376 14.8407 55
      vertex 49.9697 14.2462 55
      vertex 56.3567 19.103 70.8407
    endloop
  endfacet
  facet normal -0.953898 0.0463176 0.296537
    outer loop
      vertex 47.1103 2.58556 59.2
      vertex 47.08 1.96154 59.2
      vertex 52.0937 3.39717 75.1038
    endloop
  endfacet
  facet normal -0.953897 0.0463444 0.296535
    outer loop
      vertex 51.9678 0 75.2297
      vertex 47.08 1.96154 59.2
      vertex 46.9847 0 59.2
    endloop
  endfacet
  facet normal -0.953897 0.0463413 0.296534
    outer loop
      vertex 47.08 1.96154 59.2
      vertex 51.9678 0 75.2297
      vertex 52.0937 3.39717 75.1038
    endloop
  endfacet
  facet normal -0.933411 0.229219 0.27605
    outer loop
      vertex 47.6354 5.76983 59.2
      vertex 47.4886 5.17204 59.2
      vertex 52.47 6.75713 74.7275
    endloop
  endfacet
  facet normal -0.295933 0.884187 -0.361437
    outer loop
      vertex 52.954 15.357 28.3202
      vertex 52.7774 16.0162 30.0774
      vertex 74.9487 32.5 52.2487
    endloop
  endfacet
  facet normal 0.065294 0.688107 -0.722665
    outer loop
      vertex 56.8714 10.4783 20.8286
      vertex 56.0603 11.4071 21.6397
      vertex 88.4566 26.2931 38.7409
    endloop
  endfacet
  facet normal -1 0 0
    outer loop
      vertex -67.2 31.9091 13.0043
      vertex -67.2 -31.9091 13.0043
      vertex -67.2 32.031 13.3219
    endloop
  endfacet
  facet normal -1 0 0
    outer loop
      vertex -67.2 32.031 40.6781
      vertex -67.2 -31.7678 41.6603
      vertex -67.2 -31.75 42
    endloop
  endfacet
  facet normal -1 0 0
    outer loop
      vertex -67.2 -32.031 13.3219
      vertex -67.2 32.031 13.3219
      vertex -67.2 -31.9091 13.0043
    endloop
  endfacet
  facet normal -1 0 0
    outer loop
      vertex -67.2 32.031 40.6781
      vertex -67.2 -31.821 41.3243
      vertex -67.2 -31.7678 41.6603
    endloop
  endfacet
  facet normal -1 0 0
    outer loop
      vertex -67.2 32.031 13.3219
      vertex -67.2 -32.031 13.3219
      vertex -67.2 32.031 40.6781
    endloop
  endfacet
  facet normal -1 0 0
    outer loop
      vertex -67.2 32.031 40.6781
      vertex -67.2 -31.9091 40.9957
      vertex -67.2 -31.821 41.3243
    endloop
  endfacet
  facet normal -1 0 0
    outer loop
      vertex -67.2 -32.031 40.6781
      vertex -67.2 32.031 40.6781
      vertex -67.2 -32.031 13.3219
    endloop
  endfacet
  facet normal -1 0 0
    outer loop
      vertex -67.2 32.031 40.6781
      vertex -67.2 -32.031 40.6781
      vertex -67.2 -31.9091 40.9957
    endloop
  endfacet
  facet normal -1 0 0
    outer loop
      vertex -67.2 -32.1854 13.625
      vertex -67.2 -32.031 40.6781
      vertex -67.2 -32.031 13.3219
    endloop
  endfacet
  facet normal -1 0 0
    outer loop
      vertex -67.2 -32.1854 13.625
      vertex -67.2 -32.1854 40.375
      vertex -67.2 -32.031 40.6781
    endloop
  endfacet
  facet normal -1 0 0
    outer loop
      vertex -67.2 -32.3707 13.9103
      vertex -67.2 -32.1854 40.375
      vertex -67.2 -32.1854 13.625
    endloop
  endfacet
  facet normal -1 0 0
    outer loop
      vertex -67.2 -32.3707 13.9103
      vertex -67.2 -32.3707 40.0897
      vertex -67.2 -32.1854 40.375
    endloop
  endfacet
  facet normal -1 0 0
    outer loop
      vertex -67.2 -32.5848 14.1747
      vertex -67.2 -32.3707 40.0897
      vertex -67.2 -32.3707 13.9103
    endloop
  endfacet
  facet normal -1 0 0
    outer loop
      vertex -67.2 -32.5848 14.1747
      vertex -67.2 -32.5848 39.8253
      vertex -67.2 -32.3707 40.0897
    endloop
  endfacet
  facet normal -1 0 0
    outer loop
      vertex -67.2 -32.8253 14.4152
      vertex -67.2 -32.5848 39.8253
      vertex -67.2 -32.5848 14.1747
    endloop
  endfacet
  facet normal -1 0 0
    outer loop
      vertex -67.2 -32.8253 14.4152
      vertex -67.2 -32.8253 39.5848
      vertex -67.2 -32.5848 39.8253
    endloop
  endfacet
  facet normal -1 0 0
    outer loop
      vertex -67.2 -33.0897 14.6293
      vertex -67.2 -32.8253 39.5848
      vertex -67.2 -32.8253 14.4152
    endloop
  endfacet
  facet normal -1 0 0
    outer loop
      vertex -67.2 -33.0897 14.6293
      vertex -67.2 -33.0897 39.3707
      vertex -67.2 -32.8253 39.5848
    endloop
  endfacet
  facet normal -1 0 0
    outer loop
      vertex -67.2 -33.375 14.8146
      vertex -67.2 -33.0897 39.3707
      vertex -67.2 -33.0897 14.6293
    endloop
  endfacet
  facet normal -1 0 0
    outer loop
      vertex -67.2 -33.375 14.8146
      vertex -67.2 -33.375 39.1854
      vertex -67.2 -33.0897 39.3707
    endloop
  endfacet
  facet normal -1 0 0
    outer loop
      vertex -67.2 -33.6781 14.969
      vertex -67.2 -33.375 39.1854
      vertex -67.2 -33.375 14.8146
    endloop
  endfacet
  facet normal -1 0 0
    outer loop
      vertex -67.2 -33.6781 14.969
      vertex -67.2 -33.6781 39.031
      vertex -67.2 -33.375 39.1854
    endloop
  endfacet
  facet normal -1 0 0
    outer loop
      vertex -67.2 -33.9957 15.0909
      vertex -67.2 -33.6781 39.031
      vertex -67.2 -33.6781 14.969
    endloop
  endfacet
  facet normal -1 0 0
    outer loop
      vertex -67.2 -33.9957 15.0909
      vertex -67.2 -33.9957 38.9091
      vertex -67.2 -33.6781 39.031
    endloop
  endfacet
  facet normal -1 0 0
    outer loop
      vertex -67.2 -34.3243 15.179
      vertex -67.2 -33.9957 38.9091
      vertex -67.2 -33.9957 15.0909
    endloop
  endfacet
  facet normal -1 0 0
    outer loop
      vertex -67.2 -34.3243 15.179
      vertex -67.2 -34.3243 38.821
      vertex -67.2 -33.9957 38.9091
    endloop
  endfacet
  facet normal -1 0 0
    outer loop
      vertex -67.2 -34.6603 15.2322
      vertex -67.2 -34.3243 38.821
      vertex -67.2 -34.3243 15.179
    endloop
  endfacet
  facet normal -1 0 0
    outer loop
      vertex -67.2 -34.6603 15.2322
      vertex -67.2 -34.6603 38.7678
      vertex -67.2 -34.3243 38.821
    endloop
  endfacet
  facet normal -1 0 0
    outer loop
      vertex -67.2 -35 15.25
      vertex -67.2 -34.6603 38.7678
      vertex -67.2 -34.6603 15.2322
    endloop
  endfacet
  facet normal -1 0 0
    outer loop
      vertex -67.2 -35 15.25
      vertex -67.2 -35 38.75
      vertex -67.2 -34.6603 38.7678
    endloop
  endfacet
  facet normal -1 0 0
    outer loop
      vertex -67.2 -35.3397 15.2322
      vertex -67.2 -35 38.75
      vertex -67.2 -35 15.25
    endloop
  endfacet
  facet normal -1 0 0
    outer loop
      vertex -67.2 -35.3397 15.2322
      vertex -67.2 -35.3397 38.7678
      vertex -67.2 -35 38.75
    endloop
  endfacet
  facet normal -1 0 0
    outer loop
      vertex -67.2 -35.6757 15.179
      vertex -67.2 -35.3397 38.7678
      vertex -67.2 -35.3397 15.2322
    endloop
  endfacet
  facet normal -1 0 0
    outer loop
      vertex -67.2 -35.6757 15.179
      vertex -67.2 -35.6757 38.821
      vertex -67.2 -35.3397 38.7678
    endloop
  endfacet
  facet normal -1 0 0
    outer loop
      vertex -67.2 -36.0043 15.0909
      vertex -67.2 -35.6757 38.821
      vertex -67.2 -35.6757 15.179
    endloop
  endfacet
  facet normal -1 0 0
    outer loop
      vertex -67.2 -36.0043 15.0909
      vertex -67.2 -36.0043 38.9091
      vertex -67.2 -35.6757 38.821
    endloop
  endfacet
  facet normal -1 0 0
    outer loop
      vertex -67.2 -36.3219 14.969
      vertex -67.2 -36.0043 38.9091
      vertex -67.2 -36.0043 15.0909
    endloop
  endfacet
  facet normal -1 0 0
    outer loop
      vertex -67.2 -36.3219 14.969
      vertex -67.2 -36.3219 39.031
      vertex -67.2 -36.0043 38.9091
    endloop
  endfacet
  facet normal -1 0 0
    outer loop
      vertex -67.2 -36.625 14.8146
      vertex -67.2 -36.3219 39.031
      vertex -67.2 -36.3219 14.969
    endloop
  endfacet
  facet normal -1 0 0
    outer loop
      vertex -67.2 -36.625 14.8146
      vertex -67.2 -36.625 39.1854
      vertex -67.2 -36.3219 39.031
    endloop
  endfacet
  facet normal -1 0 0
    outer loop
      vertex -67.2 -36.9103 14.6293
      vertex -67.2 -36.625 39.1854
      vertex -67.2 -36.625 14.8146
    endloop
  endfacet
  facet normal -1 0 0
    outer loop
      vertex -67.2 -36.9103 14.6293
      vertex -67.2 -36.9103 39.3707
      vertex -67.2 -36.625 39.1854
    endloop
  endfacet
  facet normal -1 0 0
    outer loop
      vertex -67.2 -37.1747 14.4152
      vertex -67.2 -36.9103 39.3707
      vertex -67.2 -36.9103 14.6293
    endloop
  endfacet
  facet normal -1 0 0
    outer loop
      vertex -67.2 -37.1747 14.4152
      vertex -67.2 -37.1747 39.5848
      vertex -67.2 -36.9103 39.3707
    endloop
  endfacet
  facet normal -1 0 0
    outer loop
      vertex -67.2 -37.4152 14.1747
      vertex -67.2 -37.1747 39.5848
      vertex -67.2 -37.1747 14.4152
    endloop
  endfacet
  facet normal -1 0 0
    outer loop
      vertex -67.2 -37.4152 14.1747
      vertex -67.2 -37.4152 39.8253
      vertex -67.2 -37.1747 39.5848
    endloop
  endfacet
  facet normal -1 0 0
    outer loop
      vertex -67.2 -37.6293 13.9103
      vertex -67.2 -37.4152 39.8253
      vertex -67.2 -37.4152 14.1747
    endloop
  endfacet
  facet normal -1 0 0
    outer loop
      vertex -67.2 -37.6293 13.9103
      vertex -67.2 -37.6293 40.0897
      vertex -67.2 -37.4152 39.8253
    endloop
  endfacet
  facet normal -1 0 0
    outer loop
      vertex -67.2 -37.8146 13.625
      vertex -67.2 -37.6293 40.0897
      vertex -67.2 -37.6293 13.9103
    endloop
  endfacet
  facet normal -1 0 0
    outer loop
      vertex -67.2 -37.8146 13.625
      vertex -67.2 -37.8146 40.375
      vertex -67.2 -37.6293 40.0897
    endloop
  endfacet
  facet normal -1 0 0
    outer loop
      vertex -67.2 -45 5
      vertex -67.2 -37.8146 13.625
      vertex -67.2 -37.969 13.3219
    endloop
  endfacet
  facet normal -1 -0 0
    outer loop
      vertex -67.2 -37.8146 13.625
      vertex -67.2 -45 5
      vertex -67.2 -37.8146 40.375
    endloop
  endfacet
  facet normal -1 0 0
    outer loop
      vertex -67.2 -45 5
      vertex -67.2 -37.969 13.3219
      vertex -67.2 -38.0909 13.0043
    endloop
  endfacet
  facet normal -1 -0 0
    outer loop
      vertex -67.2 -37.8146 40.375
      vertex -67.2 -45 5
      vertex -67.2 -37.969 40.6781
    endloop
  endfacet
  facet normal -1 0 0
    outer loop
      vertex -67.2 -45 5
      vertex -67.2 -38.0909 13.0043
      vertex -67.2 -38.179 12.6757
    endloop
  endfacet
  facet normal -1 0 0
    outer loop
      vertex -67.2 -45 50
      vertex -67.2 -37.969 40.6781
      vertex -67.2 -45 5
    endloop
  endfacet
  facet normal -1 0 0
    outer loop
      vertex -67.2 -45 5
      vertex -67.2 -38.179 12.6757
      vertex -67.2 -38.2322 12.3397
    endloop
  endfacet
  facet normal -1 0 0
    outer loop
      vertex -67.2 -37.969 40.6781
      vertex -67.2 -45 50
      vertex -67.2 -38.0909 40.9957
    endloop
  endfacet
  facet normal -1 0 0
    outer loop
      vertex -67.2 -45 5
      vertex -67.2 -38.2322 12.3397
      vertex -67.2 -38.25 12
    endloop
  endfacet
  facet normal -1 0 0
    outer loop
      vertex -67.2 -38.0909 40.9957
      vertex -67.2 -45 50
      vertex -67.2 -38.179 41.3243
    endloop
  endfacet
  facet normal -1 0 0
    outer loop
      vertex -67.2 38.179 12.6757
      vertex -67.2 45 5
      vertex -67.2 38.2322 12.3397
    endloop
  endfacet
  facet normal -1 0 0
    outer loop
      vertex -67.2 45 5
      vertex -67.2 38.2322 41.6603
      vertex -67.2 38.25 42
    endloop
  endfacet
  facet normal -1 0 0
    outer loop
      vertex -67.2 38.0909 13.0043
      vertex -67.2 45 5
      vertex -67.2 38.179 12.6757
    endloop
  endfacet
  facet normal -1 0 0
    outer loop
      vertex -67.2 45 5
      vertex -67.2 38.179 41.3243
      vertex -67.2 38.2322 41.6603
    endloop
  endfacet
  facet normal -1 0 0
    outer loop
      vertex -67.2 37.969 13.3219
      vertex -67.2 45 5
      vertex -67.2 38.0909 13.0043
    endloop
  endfacet
  facet normal -1 0 0
    outer loop
      vertex -67.2 45 5
      vertex -67.2 38.0909 40.9957
      vertex -67.2 38.179 41.3243
    endloop
  endfacet
  facet normal -1 0 0
    outer loop
      vertex -67.2 37.8146 13.625
      vertex -67.2 45 5
      vertex -67.2 37.969 13.3219
    endloop
  endfacet
  facet normal -1 0 0
    outer loop
      vertex -67.2 45 5
      vertex -67.2 37.969 40.6781
      vertex -67.2 38.0909 40.9957
    endloop
  endfacet
  facet normal -1 0 0
    outer loop
      vertex -67.2 37.8146 40.375
      vertex -67.2 45 5
      vertex -67.2 37.8146 13.625
    endloop
  endfacet
  facet normal -1 0 0
    outer loop
      vertex -67.2 45 5
      vertex -67.2 37.8146 40.375
      vertex -67.2 37.969 40.6781
    endloop
  endfacet
  facet normal -1 0 0
    outer loop
      vertex -67.2 37.6293 13.9103
      vertex -67.2 37.8146 40.375
      vertex -67.2 37.8146 13.625
    endloop
  endfacet
  facet normal -1 0 0
    outer loop
      vertex -67.2 37.6293 13.9103
      vertex -67.2 37.6293 40.0897
      vertex -67.2 37.8146 40.375
    endloop
  endfacet
  facet normal -1 0 0
    outer loop
      vertex -67.2 37.4152 14.1747
      vertex -67.2 37.6293 40.0897
      vertex -67.2 37.6293 13.9103
    endloop
  endfacet
  facet normal -1 0 0
    outer loop
      vertex -67.2 37.4152 14.1747
      vertex -67.2 37.4152 39.8253
      vertex -67.2 37.6293 40.0897
    endloop
  endfacet
  facet normal -1 0 0
    outer loop
      vertex -67.2 37.1747 14.4152
      vertex -67.2 37.4152 39.8253
      vertex -67.2 37.4152 14.1747
    endloop
  endfacet
  facet normal -1 0 0
    outer loop
      vertex -67.2 37.1747 14.4152
      vertex -67.2 37.1747 39.5848
      vertex -67.2 37.4152 39.8253
    endloop
  endfacet
  facet normal -1 0 0
    outer loop
      vertex -67.2 36.9103 14.6293
      vertex -67.2 37.1747 39.5848
      vertex -67.2 37.1747 14.4152
    endloop
  endfacet
  facet normal -1 0 0
    outer loop
      vertex -67.2 36.9103 14.6293
      vertex -67.2 36.9103 39.3707
      vertex -67.2 37.1747 39.5848
    endloop
  endfacet
  facet normal -1 0 0
    outer loop
      vertex -67.2 36.625 14.8146
      vertex -67.2 36.9103 39.3707
      vertex -67.2 36.9103 14.6293
    endloop
  endfacet
  facet normal -1 0 0
    outer loop
      vertex -67.2 36.625 14.8146
      vertex -67.2 36.625 39.1854
      vertex -67.2 36.9103 39.3707
    endloop
  endfacet
  facet normal -1 0 0
    outer loop
      vertex -67.2 36.3219 14.969
      vertex -67.2 36.625 39.1854
      vertex -67.2 36.625 14.8146
    endloop
  endfacet
  facet normal -1 0 0
    outer loop
      vertex -67.2 36.3219 14.969
      vertex -67.2 36.3219 39.031
      vertex -67.2 36.625 39.1854
    endloop
  endfacet
  facet normal -1 0 0
    outer loop
      vertex -67.2 36.0043 15.0909
      vertex -67.2 36.3219 39.031
      vertex -67.2 36.3219 14.969
    endloop
  endfacet
  facet normal -1 0 0
    outer loop
      vertex -67.2 36.0043 15.0909
      vertex -67.2 36.0043 38.9091
      vertex -67.2 36.3219 39.031
    endloop
  endfacet
  facet normal -1 0 0
    outer loop
      vertex -67.2 35.6757 15.179
      vertex -67.2 36.0043 38.9091
      vertex -67.2 36.0043 15.0909
    endloop
  endfacet
  facet normal -1 0 0
    outer loop
      vertex -67.2 35.6757 15.179
      vertex -67.2 35.6757 38.821
      vertex -67.2 36.0043 38.9091
    endloop
  endfacet
  facet normal -1 0 0
    outer loop
      vertex -67.2 35.3397 15.2322
      vertex -67.2 35.6757 38.821
      vertex -67.2 35.6757 15.179
    endloop
  endfacet
  facet normal -1 0 0
    outer loop
      vertex -67.2 35.3397 15.2322
      vertex -67.2 35.3397 38.7678
      vertex -67.2 35.6757 38.821
    endloop
  endfacet
  facet normal -1 0 0
    outer loop
      vertex -67.2 35 15.25
      vertex -67.2 35.3397 38.7678
      vertex -67.2 35.3397 15.2322
    endloop
  endfacet
  facet normal -1 0 0
    outer loop
      vertex -67.2 35 15.25
      vertex -67.2 35 38.75
      vertex -67.2 35.3397 38.7678
    endloop
  endfacet
  facet normal -1 0 0
    outer loop
      vertex -67.2 34.6603 15.2322
      vertex -67.2 35 38.75
      vertex -67.2 35 15.25
    endloop
  endfacet
  facet normal -1 0 0
    outer loop
      vertex -67.2 34.6603 15.2322
      vertex -67.2 34.6603 38.7678
      vertex -67.2 35 38.75
    endloop
  endfacet
  facet normal -1 0 0
    outer loop
      vertex -67.2 34.3243 15.179
      vertex -67.2 34.6603 38.7678
      vertex -67.2 34.6603 15.2322
    endloop
  endfacet
  facet normal -1 0 0
    outer loop
      vertex -67.2 34.3243 15.179
      vertex -67.2 34.3243 38.821
      vertex -67.2 34.6603 38.7678
    endloop
  endfacet
  facet normal -1 0 0
    outer loop
      vertex -67.2 33.9957 15.0909
      vertex -67.2 34.3243 38.821
      vertex -67.2 34.3243 15.179
    endloop
  endfacet
  facet normal -1 0 0
    outer loop
      vertex -67.2 33.9957 15.0909
      vertex -67.2 33.9957 38.9091
      vertex -67.2 34.3243 38.821
    endloop
  endfacet
  facet normal -1 0 0
    outer loop
      vertex -67.2 33.6781 14.969
      vertex -67.2 33.9957 38.9091
      vertex -67.2 33.9957 15.0909
    endloop
  endfacet
  facet normal -1 0 0
    outer loop
      vertex -67.2 33.6781 14.969
      vertex -67.2 33.6781 39.031
      vertex -67.2 33.9957 38.9091
    endloop
  endfacet
  facet normal -1 0 0
    outer loop
      vertex -67.2 33.375 14.8146
      vertex -67.2 33.6781 39.031
      vertex -67.2 33.6781 14.969
    endloop
  endfacet
  facet normal -1 0 0
    outer loop
      vertex -67.2 33.375 14.8146
      vertex -67.2 33.375 39.1854
      vertex -67.2 33.6781 39.031
    endloop
  endfacet
  facet normal -1 0 0
    outer loop
      vertex -67.2 33.0897 14.6293
      vertex -67.2 33.375 39.1854
      vertex -67.2 33.375 14.8146
    endloop
  endfacet
  facet normal -1 0 0
    outer loop
      vertex -67.2 33.0897 14.6293
      vertex -67.2 33.0897 39.3707
      vertex -67.2 33.375 39.1854
    endloop
  endfacet
  facet normal -1 0 0
    outer loop
      vertex -67.2 32.8253 14.4152
      vertex -67.2 33.0897 39.3707
      vertex -67.2 33.0897 14.6293
    endloop
  endfacet
  facet normal -1 0 0
    outer loop
      vertex -67.2 32.8253 14.4152
      vertex -67.2 32.8253 39.5848
      vertex -67.2 33.0897 39.3707
    endloop
  endfacet
  facet normal -1 0 0
    outer loop
      vertex -67.2 32.5848 14.1747
      vertex -67.2 32.8253 39.5848
      vertex -67.2 32.8253 14.4152
    endloop
  endfacet
  facet normal -1 0 0
    outer loop
      vertex -67.2 32.5848 14.1747
      vertex -67.2 32.5848 39.8253
      vertex -67.2 32.8253 39.5848
    endloop
  endfacet
  facet normal -1 0 0
    outer loop
      vertex -67.2 32.3707 13.9103
      vertex -67.2 32.5848 39.8253
      vertex -67.2 32.5848 14.1747
    endloop
  endfacet
  facet normal -1 0 0
    outer loop
      vertex -67.2 32.3707 13.9103
      vertex -67.2 32.3707 40.0897
      vertex -67.2 32.5848 39.8253
    endloop
  endfacet
  facet normal -1 0 0
    outer loop
      vertex -67.2 32.1854 13.625
      vertex -67.2 32.3707 40.0897
      vertex -67.2 32.3707 13.9103
    endloop
  endfacet
  facet normal -1 0 0
    outer loop
      vertex -67.2 32.1854 13.625
      vertex -67.2 32.1854 40.375
      vertex -67.2 32.3707 40.0897
    endloop
  endfacet
  facet normal -1 0 0
    outer loop
      vertex -67.2 32.031 13.3219
      vertex -67.2 32.1854 40.375
      vertex -67.2 32.1854 13.625
    endloop
  endfacet
  facet normal -1 0 0
    outer loop
      vertex -67.2 32.031 13.3219
      vertex -67.2 32.031 40.6781
      vertex -67.2 32.1854 40.375
    endloop
  endfacet
  facet normal -1 0 0
    outer loop
      vertex -67.2 -31.821 12.6757
      vertex -67.2 31.821 12.6757
      vertex -67.2 -31.7678 12.3397
    endloop
  endfacet
  facet normal -1 0 0
    outer loop
      vertex -67.2 31.821 12.6757
      vertex -67.2 -31.821 12.6757
      vertex -67.2 31.9091 13.0043
    endloop
  endfacet
  facet normal -1 0 0
    outer loop
      vertex -67.2 31.7678 12.3397
      vertex -67.2 -31.7678 12.3397
      vertex -67.2 31.821 12.6757
    endloop
  endfacet
  facet normal -1 0 0
    outer loop
      vertex -67.2 -31.9091 13.0043
      vertex -67.2 31.9091 13.0043
      vertex -67.2 -31.821 12.6757
    endloop
  endfacet
  facet normal -1 0 0
    outer loop
      vertex -67.2 -31.7678 12.3397
      vertex -67.2 31.7678 12.3397
      vertex -67.2 -31.75 12
    endloop
  endfacet
  facet normal -1 0 0
    outer loop
      vertex -67.2 32.031 40.6781
      vertex -67.2 -31.75 42
      vertex -67.2 31.9091 40.9957
    endloop
  endfacet
  facet normal -1 0 0
    outer loop
      vertex -67.2 -31.75 12
      vertex -67.2 31.7678 12.3397
      vertex -67.2 31.75 12
    endloop
  endfacet
  facet normal -1 0 0
    outer loop
      vertex -67.2 31.9091 40.9957
      vertex -67.2 -31.75 42
      vertex -67.2 31.821 41.3243
    endloop
  endfacet
  facet normal -1 0 0
    outer loop
      vertex -67.2 38.2322 12.3397
      vertex -67.2 45 5
      vertex -67.2 38.25 12
    endloop
  endfacet
  facet normal -1 0 0
    outer loop
      vertex -67.2 45 5
      vertex -67.2 38.2322 11.6603
      vertex -67.2 38.25 12
    endloop
  endfacet
  facet normal -1 0 0
    outer loop
      vertex -67.2 45 5
      vertex -67.2 38.179 11.3243
      vertex -67.2 38.2322 11.6603
    endloop
  endfacet
  facet normal -1 0 0
    outer loop
      vertex -67.2 45 5
      vertex -67.2 38.0909 10.9957
      vertex -67.2 38.179 11.3243
    endloop
  endfacet
  facet normal -1 0 0
    outer loop
      vertex -67.2 45 5
      vertex -67.2 37.969 10.6781
      vertex -67.2 38.0909 10.9957
    endloop
  endfacet
  facet normal -1 0 0
    outer loop
      vertex -67.2 45 5
      vertex -67.2 37.8146 10.375
      vertex -67.2 37.969 10.6781
    endloop
  endfacet
  facet normal -1 0 0
    outer loop
      vertex -67.2 45 5
      vertex -67.2 37.6293 10.0897
      vertex -67.2 37.8146 10.375
    endloop
  endfacet
  facet normal -1 0 0
    outer loop
      vertex -67.2 45 5
      vertex -67.2 37.4152 9.82533
      vertex -67.2 37.6293 10.0897
    endloop
  endfacet
  facet normal -1 0 0
    outer loop
      vertex -67.2 45 5
      vertex -67.2 37.1747 9.58478
      vertex -67.2 37.4152 9.82533
    endloop
  endfacet
  facet normal -1 0 0
    outer loop
      vertex -67.2 45 5
      vertex -67.2 36.9103 9.37069
      vertex -67.2 37.1747 9.58478
    endloop
  endfacet
  facet normal -1 0 0
    outer loop
      vertex -67.2 45 5
      vertex -67.2 36.625 9.18542
      vertex -67.2 36.9103 9.37069
    endloop
  endfacet
  facet normal -1 0 0
    outer loop
      vertex -67.2 45 5
      vertex -67.2 36.3219 9.03098
      vertex -67.2 36.625 9.18542
    endloop
  endfacet
  facet normal -1 0 0
    outer loop
      vertex -67.2 45 5
      vertex -67.2 36.0043 8.90907
      vertex -67.2 36.3219 9.03098
    endloop
  endfacet
  facet normal -1 0 0
    outer loop
      vertex -67.2 45 5
      vertex -67.2 35.6757 8.82102
      vertex -67.2 36.0043 8.90907
    endloop
  endfacet
  facet normal -1 0 0
    outer loop
      vertex -67.2 45 5
      vertex -67.2 35.3397 8.7678
      vertex -67.2 35.6757 8.82102
    endloop
  endfacet
  facet normal -1 0 0
    outer loop
      vertex -67.2 45 5
      vertex -67.2 35 8.75
      vertex -67.2 35.3397 8.7678
    endloop
  endfacet
  facet normal -1 0 0
    outer loop
      vertex -67.2 45 5
      vertex -67.2 34.6603 8.7678
      vertex -67.2 35 8.75
    endloop
  endfacet
  facet normal -1 0 0
    outer loop
      vertex -67.2 45 5
      vertex -67.2 34.3243 8.82102
      vertex -67.2 34.6603 8.7678
    endloop
  endfacet
  facet normal -1 0 0
    outer loop
      vertex -67.2 45 5
      vertex -67.2 33.9957 8.90907
      vertex -67.2 34.3243 8.82102
    endloop
  endfacet
  facet normal -1 0 0
    outer loop
      vertex -67.2 31.821 41.3243
      vertex -67.2 -31.75 42
      vertex -67.2 31.7678 41.6603
    endloop
  endfacet
  facet normal -1 0 0
    outer loop
      vertex -67.2 31.7678 11.6603
      vertex -67.2 -31.75 12
      vertex -67.2 31.75 12
    endloop
  endfacet
  facet normal -1 0 0
    outer loop
      vertex -67.2 -31.7678 11.6603
      vertex -67.2 31.7678 11.6603
      vertex -67.2 31.821 11.3243
    endloop
  endfacet
  facet normal -1 0 0
    outer loop
      vertex -67.2 -31.821 11.3243
      vertex -67.2 31.821 11.3243
      vertex -67.2 31.9091 10.9957
    endloop
  endfacet
  facet normal -1 0 0
    outer loop
      vertex -67.2 -31.9091 10.9957
      vertex -67.2 31.9091 10.9957
      vertex -67.2 32.031 10.6781
    endloop
  endfacet
  facet normal -1 0 0
    outer loop
      vertex -67.2 -32.031 10.6781
      vertex -67.2 32.031 10.6781
      vertex -67.2 32.1854 10.375
    endloop
  endfacet
  facet normal -1 0 0
    outer loop
      vertex -67.2 -32.1854 10.375
      vertex -67.2 32.1854 10.375
      vertex -67.2 32.3707 10.0897
    endloop
  endfacet
  facet normal -1 0 0
    outer loop
      vertex -67.2 -32.3707 10.0897
      vertex -67.2 32.3707 10.0897
      vertex -67.2 32.5848 9.82533
    endloop
  endfacet
  facet normal -1 0 0
    outer loop
      vertex -67.2 -32.5848 9.82533
      vertex -67.2 32.5848 9.82533
      vertex -67.2 32.8253 9.58478
    endloop
  endfacet
  facet normal -1 0 0
    outer loop
      vertex -67.2 -32.8253 9.58478
      vertex -67.2 32.8253 9.58478
      vertex -67.2 33.0897 9.37069
    endloop
  endfacet
  facet normal -1 0 0
    outer loop
      vertex -67.2 -33.0897 9.37069
      vertex -67.2 33.0897 9.37069
      vertex -67.2 33.375 9.18542
    endloop
  endfacet
  facet normal -1 0 0
    outer loop
      vertex -67.2 -33.375 9.18542
      vertex -67.2 33.375 9.18542
      vertex -67.2 33.6781 9.03098
    endloop
  endfacet
  facet normal -1 0 0
    outer loop
      vertex -67.2 -33.6781 9.03098
      vertex -67.2 33.6781 9.03098
      vertex -67.2 33.9957 8.90907
    endloop
  endfacet
  facet normal -1 0 0
    outer loop
      vertex -67.2 -33.9957 8.90907
      vertex -67.2 33.9957 8.90907
      vertex -67.2 45 5
    endloop
  endfacet
  facet normal -1 0 0
    outer loop
      vertex -67.2 31.7678 11.6603
      vertex -67.2 -31.7678 11.6603
      vertex -67.2 -31.75 12
    endloop
  endfacet
  facet normal -1 0 0
    outer loop
      vertex -67.2 31.821 11.3243
      vertex -67.2 -31.821 11.3243
      vertex -67.2 -31.7678 11.6603
    endloop
  endfacet
  facet normal -1 0 0
    outer loop
      vertex -67.2 31.9091 10.9957
      vertex -67.2 -31.9091 10.9957
      vertex -67.2 -31.821 11.3243
    endloop
  endfacet
  facet normal -1 0 0
    outer loop
      vertex -67.2 32.031 10.6781
      vertex -67.2 -32.031 10.6781
      vertex -67.2 -31.9091 10.9957
    endloop
  endfacet
  facet normal -1 0 0
    outer loop
      vertex -67.2 32.1854 10.375
      vertex -67.2 -32.1854 10.375
      vertex -67.2 -32.031 10.6781
    endloop
  endfacet
  facet normal -1 0 0
    outer loop
      vertex -67.2 32.3707 10.0897
      vertex -67.2 -32.3707 10.0897
      vertex -67.2 -32.1854 10.375
    endloop
  endfacet
  facet normal -1 0 0
    outer loop
      vertex -67.2 32.5848 9.82533
      vertex -67.2 -32.5848 9.82533
      vertex -67.2 -32.3707 10.0897
    endloop
  endfacet
  facet normal -1 0 0
    outer loop
      vertex -67.2 32.8253 9.58478
      vertex -67.2 -32.8253 9.58478
      vertex -67.2 -32.5848 9.82533
    endloop
  endfacet
  facet normal -1 0 0
    outer loop
      vertex -67.2 33.0897 9.37069
      vertex -67.2 -33.0897 9.37069
      vertex -67.2 -32.8253 9.58478
    endloop
  endfacet
  facet normal -1 0 0
    outer loop
      vertex -67.2 33.375 9.18542
      vertex -67.2 -33.375 9.18542
      vertex -67.2 -33.0897 9.37069
    endloop
  endfacet
  facet normal -1 0 0
    outer loop
      vertex -67.2 33.6781 9.03098
      vertex -67.2 -33.6781 9.03098
      vertex -67.2 -33.375 9.18542
    endloop
  endfacet
  facet normal -1 0 0
    outer loop
      vertex -67.2 33.9957 8.90907
      vertex -67.2 -33.9957 8.90907
      vertex -67.2 -33.6781 9.03098
    endloop
  endfacet
  facet normal -1 0 0
    outer loop
      vertex -67.2 -45 5
      vertex -67.2 -33.9957 8.90907
      vertex -67.2 45 5
    endloop
  endfacet
  facet normal -1 0 0
    outer loop
      vertex -67.2 -33.9957 8.90907
      vertex -67.2 -45 5
      vertex -67.2 -34.3243 8.82102
    endloop
  endfacet
  facet normal -1 0 0
    outer loop
      vertex -67.2 -34.3243 8.82102
      vertex -67.2 -45 5
      vertex -67.2 -34.6603 8.7678
    endloop
  endfacet
  facet normal -1 0 0
    outer loop
      vertex -67.2 -38.179 41.3243
      vertex -67.2 -45 50
      vertex -67.2 -38.2322 41.6603
    endloop
  endfacet
  facet normal -1 -0 0
    outer loop
      vertex -67.2 -38.2322 11.6603
      vertex -67.2 -45 5
      vertex -67.2 -38.25 12
    endloop
  endfacet
  facet normal -1 -0 0
    outer loop
      vertex -67.2 -38.179 11.3243
      vertex -67.2 -45 5
      vertex -67.2 -38.2322 11.6603
    endloop
  endfacet
  facet normal -1 -0 0
    outer loop
      vertex -67.2 -38.0909 10.9957
      vertex -67.2 -45 5
      vertex -67.2 -38.179 11.3243
    endloop
  endfacet
  facet normal -1 -0 0
    outer loop
      vertex -67.2 -37.969 10.6781
      vertex -67.2 -45 5
      vertex -67.2 -38.0909 10.9957
    endloop
  endfacet
  facet normal -1 -0 0
    outer loop
      vertex -67.2 -37.8146 10.375
      vertex -67.2 -45 5
      vertex -67.2 -37.969 10.6781
    endloop
  endfacet
  facet normal -1 -0 0
    outer loop
      vertex -67.2 -37.6293 10.0897
      vertex -67.2 -45 5
      vertex -67.2 -37.8146 10.375
    endloop
  endfacet
  facet normal -1 -0 0
    outer loop
      vertex -67.2 -37.4152 9.82533
      vertex -67.2 -45 5
      vertex -67.2 -37.6293 10.0897
    endloop
  endfacet
  facet normal -1 -0 0
    outer loop
      vertex -67.2 -37.1747 9.58478
      vertex -67.2 -45 5
      vertex -67.2 -37.4152 9.82533
    endloop
  endfacet
  facet normal -1 -0 0
    outer loop
      vertex -67.2 -36.9103 9.37069
      vertex -67.2 -45 5
      vertex -67.2 -37.1747 9.58478
    endloop
  endfacet
  facet normal -1 -0 0
    outer loop
      vertex -67.2 -36.625 9.18542
      vertex -67.2 -45 5
      vertex -67.2 -36.9103 9.37069
    endloop
  endfacet
  facet normal -1 -0 0
    outer loop
      vertex -67.2 -36.3219 9.03098
      vertex -67.2 -45 5
      vertex -67.2 -36.625 9.18542
    endloop
  endfacet
  facet normal -1 -0 0
    outer loop
      vertex -67.2 -36.0043 8.90907
      vertex -67.2 -45 5
      vertex -67.2 -36.3219 9.03098
    endloop
  endfacet
  facet normal -1 -0 0
    outer loop
      vertex -67.2 -35.6757 8.82102
      vertex -67.2 -45 5
      vertex -67.2 -36.0043 8.90907
    endloop
  endfacet
  facet normal -1 -0 0
    outer loop
      vertex -67.2 -35.3397 8.7678
      vertex -67.2 -45 5
      vertex -67.2 -35.6757 8.82102
    endloop
  endfacet
  facet normal -1 -0 0
    outer loop
      vertex -67.2 -35 8.75
      vertex -67.2 -45 5
      vertex -67.2 -35.3397 8.7678
    endloop
  endfacet
  facet normal -1 0 0
    outer loop
      vertex -67.2 -34.6603 8.7678
      vertex -67.2 -45 5
      vertex -67.2 -35 8.75
    endloop
  endfacet
  facet normal -1 0 0
    outer loop
      vertex -67.2 45 5
      vertex -67.2 38.25 42
      vertex -67.2 45 50
    endloop
  endfacet
  facet normal -1 0 0
    outer loop
      vertex -67.2 38.2322 42.3397
      vertex -67.2 45 50
      vertex -67.2 38.25 42
    endloop
  endfacet
  facet normal -1 0 0
    outer loop
      vertex -67.2 38.179 42.6757
      vertex -67.2 45 50
      vertex -67.2 38.2322 42.3397
    endloop
  endfacet
  facet normal -1 0 0
    outer loop
      vertex -67.2 38.0909 43.0043
      vertex -67.2 45 50
      vertex -67.2 38.179 42.6757
    endloop
  endfacet
  facet normal -1 0 0
    outer loop
      vertex -67.2 37.969 43.3219
      vertex -67.2 45 50
      vertex -67.2 38.0909 43.0043
    endloop
  endfacet
  facet normal -1 0 0
    outer loop
      vertex -67.2 37.8146 43.625
      vertex -67.2 45 50
      vertex -67.2 37.969 43.3219
    endloop
  endfacet
  facet normal -1 0 0
    outer loop
      vertex -67.2 37.6293 43.9103
      vertex -67.2 45 50
      vertex -67.2 37.8146 43.625
    endloop
  endfacet
  facet normal -1 0 0
    outer loop
      vertex -67.2 37.4152 44.1747
      vertex -67.2 45 50
      vertex -67.2 37.6293 43.9103
    endloop
  endfacet
  facet normal -1 0 0
    outer loop
      vertex -67.2 37.1747 44.4152
      vertex -67.2 45 50
      vertex -67.2 37.4152 44.1747
    endloop
  endfacet
  facet normal -1 0 0
    outer loop
      vertex -67.2 36.9103 44.6293
      vertex -67.2 45 50
      vertex -67.2 37.1747 44.4152
    endloop
  endfacet
  facet normal -1 0 0
    outer loop
      vertex -67.2 36.625 44.8146
      vertex -67.2 45 50
      vertex -67.2 36.9103 44.6293
    endloop
  endfacet
  facet normal -1 0 0
    outer loop
      vertex -67.2 36.3219 44.969
      vertex -67.2 45 50
      vertex -67.2 36.625 44.8146
    endloop
  endfacet
  facet normal -1 0 0
    outer loop
      vertex -67.2 36.0043 45.0909
      vertex -67.2 45 50
      vertex -67.2 36.3219 44.969
    endloop
  endfacet
  facet normal -1 0 0
    outer loop
      vertex -67.2 35.6757 45.179
      vertex -67.2 45 50
      vertex -67.2 36.0043 45.0909
    endloop
  endfacet
  facet normal -1 0 0
    outer loop
      vertex -67.2 35.3397 45.2322
      vertex -67.2 45 50
      vertex -67.2 35.6757 45.179
    endloop
  endfacet
  facet normal -1 0 0
    outer loop
      vertex -67.2 35 45.25
      vertex -67.2 45 50
      vertex -67.2 35.3397 45.2322
    endloop
  endfacet
  facet normal -1 0 0
    outer loop
      vertex -67.2 34.6603 45.2322
      vertex -67.2 45 50
      vertex -67.2 35 45.25
    endloop
  endfacet
  facet normal -1 0 0
    outer loop
      vertex -67.2 34.3243 45.179
      vertex -67.2 45 50
      vertex -67.2 34.6603 45.2322
    endloop
  endfacet
  facet normal -1 0 0
    outer loop
      vertex -67.2 33.9957 45.0909
      vertex -67.2 45 50
      vertex -67.2 34.3243 45.179
    endloop
  endfacet
  facet normal -1 0 0
    outer loop
      vertex -67.2 -33.9957 45.0909
      vertex -67.2 33.9957 45.0909
      vertex -67.2 33.6781 44.969
    endloop
  endfacet
  facet normal -1 0 0
    outer loop
      vertex -67.2 31.7678 41.6603
      vertex -67.2 -31.75 42
      vertex -67.2 31.75 42
    endloop
  endfacet
  facet normal -1 0 0
    outer loop
      vertex -67.2 31.75 42
      vertex -67.2 -31.75 42
      vertex -67.2 31.7678 42.3397
    endloop
  endfacet
  facet normal -1 0 0
    outer loop
      vertex -67.2 -31.7678 42.3397
      vertex -67.2 31.7678 42.3397
      vertex -67.2 -31.75 42
    endloop
  endfacet
  facet normal -1 0 0
    outer loop
      vertex -67.2 31.7678 42.3397
      vertex -67.2 -31.7678 42.3397
      vertex -67.2 31.821 42.6757
    endloop
  endfacet
  facet normal -1 0 0
    outer loop
      vertex -67.2 -31.821 42.6757
      vertex -67.2 31.821 42.6757
      vertex -67.2 -31.7678 42.3397
    endloop
  endfacet
  facet normal -1 0 0
    outer loop
      vertex -67.2 31.821 42.6757
      vertex -67.2 -31.821 42.6757
      vertex -67.2 31.9091 43.0043
    endloop
  endfacet
  facet normal -1 0 0
    outer loop
      vertex -67.2 -31.9091 43.0043
      vertex -67.2 31.9091 43.0043
      vertex -67.2 -31.821 42.6757
    endloop
  endfacet
  facet normal -1 0 0
    outer loop
      vertex -67.2 31.9091 43.0043
      vertex -67.2 -31.9091 43.0043
      vertex -67.2 32.031 43.3219
    endloop
  endfacet
  facet normal -1 0 0
    outer loop
      vertex -67.2 -32.031 43.3219
      vertex -67.2 32.031 43.3219
      vertex -67.2 -31.9091 43.0043
    endloop
  endfacet
  facet normal -1 0 0
    outer loop
      vertex -67.2 32.031 43.3219
      vertex -67.2 -32.031 43.3219
      vertex -67.2 32.1854 43.625
    endloop
  endfacet
  facet normal -1 0 0
    outer loop
      vertex -67.2 -32.1854 43.625
      vertex -67.2 32.1854 43.625
      vertex -67.2 -32.031 43.3219
    endloop
  endfacet
  facet normal -1 0 0
    outer loop
      vertex -67.2 32.1854 43.625
      vertex -67.2 -32.1854 43.625
      vertex -67.2 32.3707 43.9103
    endloop
  endfacet
  facet normal -1 0 0
    outer loop
      vertex -67.2 -32.3707 43.9103
      vertex -67.2 32.3707 43.9103
      vertex -67.2 -32.1854 43.625
    endloop
  endfacet
  facet normal -1 0 0
    outer loop
      vertex -67.2 32.3707 43.9103
      vertex -67.2 -32.3707 43.9103
      vertex -67.2 32.5848 44.1747
    endloop
  endfacet
  facet normal -1 0 0
    outer loop
      vertex -67.2 -32.5848 44.1747
      vertex -67.2 32.5848 44.1747
      vertex -67.2 -32.3707 43.9103
    endloop
  endfacet
  facet normal -1 0 0
    outer loop
      vertex -67.2 32.5848 44.1747
      vertex -67.2 -32.5848 44.1747
      vertex -67.2 32.8253 44.4152
    endloop
  endfacet
  facet normal -1 0 0
    outer loop
      vertex -67.2 -32.8253 44.4152
      vertex -67.2 32.8253 44.4152
      vertex -67.2 -32.5848 44.1747
    endloop
  endfacet
  facet normal -1 0 0
    outer loop
      vertex -67.2 32.8253 44.4152
      vertex -67.2 -32.8253 44.4152
      vertex -67.2 33.0897 44.6293
    endloop
  endfacet
  facet normal -1 0 0
    outer loop
      vertex -67.2 -33.0897 44.6293
      vertex -67.2 33.0897 44.6293
      vertex -67.2 -32.8253 44.4152
    endloop
  endfacet
  facet normal -1 0 0
    outer loop
      vertex -67.2 33.0897 44.6293
      vertex -67.2 -33.0897 44.6293
      vertex -67.2 33.375 44.8146
    endloop
  endfacet
  facet normal -1 0 0
    outer loop
      vertex -67.2 -33.375 44.8146
      vertex -67.2 33.375 44.8146
      vertex -67.2 -33.0897 44.6293
    endloop
  endfacet
  facet normal -1 0 0
    outer loop
      vertex -67.2 33.375 44.8146
      vertex -67.2 -33.375 44.8146
      vertex -67.2 33.6781 44.969
    endloop
  endfacet
  facet normal -1 0 0
    outer loop
      vertex -67.2 -33.6781 44.969
      vertex -67.2 33.6781 44.969
      vertex -67.2 -33.375 44.8146
    endloop
  endfacet
  facet normal -1 0 0
    outer loop
      vertex -67.2 -33.9957 45.0909
      vertex -67.2 33.6781 44.969
      vertex -67.2 -33.6781 44.969
    endloop
  endfacet
  facet normal -1 0 0
    outer loop
      vertex -67.2 33.9957 45.0909
      vertex -67.2 -33.9957 45.0909
      vertex -67.2 45 50
    endloop
  endfacet
  facet normal -1 0 0
    outer loop
      vertex -67.2 -45 50
      vertex -67.2 -33.9957 45.0909
      vertex -67.2 -34.3243 45.179
    endloop
  endfacet
  facet normal -1 0 0
    outer loop
      vertex -67.2 -45 50
      vertex -67.2 -34.3243 45.179
      vertex -67.2 -34.6603 45.2322
    endloop
  endfacet
  facet normal -1 0 0
    outer loop
      vertex -67.2 -45 50
      vertex -67.2 -34.6603 45.2322
      vertex -67.2 -35 45.25
    endloop
  endfacet
  facet normal -1 0 0
    outer loop
      vertex -67.2 -45 50
      vertex -67.2 -35 45.25
      vertex -67.2 -35.3397 45.2322
    endloop
  endfacet
  facet normal -1 0 0
    outer loop
      vertex -67.2 -38.2322 41.6603
      vertex -67.2 -45 50
      vertex -67.2 -38.25 42
    endloop
  endfacet
  facet normal -1 0 0
    outer loop
      vertex -67.2 -38.25 42
      vertex -67.2 -45 50
      vertex -67.2 -38.2322 42.3397
    endloop
  endfacet
  facet normal -1 0 0
    outer loop
      vertex -67.2 -33.9957 45.0909
      vertex -67.2 -45 50
      vertex -67.2 45 50
    endloop
  endfacet
  facet normal -1 0 0
    outer loop
      vertex -67.2 -35.6757 45.179
      vertex -67.2 -45 50
      vertex -67.2 -35.3397 45.2322
    endloop
  endfacet
  facet normal -1 0 0
    outer loop
      vertex -67.2 -36.0043 45.0909
      vertex -67.2 -45 50
      vertex -67.2 -35.6757 45.179
    endloop
  endfacet
  facet normal -1 0 0
    outer loop
      vertex -67.2 -36.3219 44.969
      vertex -67.2 -45 50
      vertex -67.2 -36.0043 45.0909
    endloop
  endfacet
  facet normal -1 0 0
    outer loop
      vertex -67.2 -36.625 44.8146
      vertex -67.2 -45 50
      vertex -67.2 -36.3219 44.969
    endloop
  endfacet
  facet normal -1 0 0
    outer loop
      vertex -67.2 -36.9103 44.6293
      vertex -67.2 -45 50
      vertex -67.2 -36.625 44.8146
    endloop
  endfacet
  facet normal -1 0 0
    outer loop
      vertex -67.2 -37.1747 44.4152
      vertex -67.2 -45 50
      vertex -67.2 -36.9103 44.6293
    endloop
  endfacet
  facet normal -1 0 0
    outer loop
      vertex -67.2 -37.4152 44.1747
      vertex -67.2 -45 50
      vertex -67.2 -37.1747 44.4152
    endloop
  endfacet
  facet normal -1 0 0
    outer loop
      vertex -67.2 -37.6293 43.9103
      vertex -67.2 -45 50
      vertex -67.2 -37.4152 44.1747
    endloop
  endfacet
  facet normal -1 0 0
    outer loop
      vertex -67.2 -37.8146 43.625
      vertex -67.2 -45 50
      vertex -67.2 -37.6293 43.9103
    endloop
  endfacet
  facet normal -1 0 0
    outer loop
      vertex -67.2 -37.969 43.3219
      vertex -67.2 -45 50
      vertex -67.2 -37.8146 43.625
    endloop
  endfacet
  facet normal -1 0 0
    outer loop
      vertex -67.2 -38.0909 43.0043
      vertex -67.2 -45 50
      vertex -67.2 -37.969 43.3219
    endloop
  endfacet
  facet normal -1 0 0
    outer loop
      vertex -67.2 -38.179 42.6757
      vertex -67.2 -45 50
      vertex -67.2 -38.0909 43.0043
    endloop
  endfacet
  facet normal -1 0 0
    outer loop
      vertex -67.2 -38.2322 42.3397
      vertex -67.2 -45 50
      vertex -67.2 -38.179 42.6757
    endloop
  endfacet
  facet normal -0 0 1
    outer loop
      vertex -67.2 45 50
      vertex -55.2 0 50
      vertex -55.2 45 50
    endloop
  endfacet
  facet normal 0 0 1
    outer loop
      vertex -67.2 -45 50
      vertex -55.2 0 50
      vertex -67.2 45 50
    endloop
  endfacet
  facet normal 0 0 1
    outer loop
      vertex -55.2 0 50
      vertex -67.2 -45 50
      vertex -55.2 -45 50
    endloop
  endfacet
  facet normal 1 0 0
    outer loop
      vertex -55.2 -31.9091 40.9957
      vertex -55.2 0 50
      vertex -55.2 -31.821 41.3243
    endloop
  endfacet
  facet normal 1 0 0
    outer loop
      vertex -55.2 0 5
      vertex -55.2 -31.7678 12.3397
      vertex -55.2 -31.75 12
    endloop
  endfacet
  facet normal 1 0 0
    outer loop
      vertex -55.2 -32.031 40.6781
      vertex -55.2 0 50
      vertex -55.2 -31.9091 40.9957
    endloop
  endfacet
  facet normal 1 0 0
    outer loop
      vertex -55.2 0 5
      vertex -55.2 -31.821 12.6757
      vertex -55.2 -31.7678 12.3397
    endloop
  endfacet
  facet normal 1 0 0
    outer loop
      vertex -55.2 -32.1854 40.375
      vertex -55.2 0 50
      vertex -55.2 -32.031 40.6781
    endloop
  endfacet
  facet normal 1 0 0
    outer loop
      vertex -55.2 0 5
      vertex -55.2 -31.9091 13.0043
      vertex -55.2 -31.821 12.6757
    endloop
  endfacet
  facet normal 1 0 0
    outer loop
      vertex -55.2 0 50
      vertex -55.2 -32.1854 40.375
      vertex -55.2 0 5
    endloop
  endfacet
  facet normal 1 0 0
    outer loop
      vertex -55.2 0 5
      vertex -55.2 -32.031 13.3219
      vertex -55.2 -31.9091 13.0043
    endloop
  endfacet
  facet normal 1 -0 0
    outer loop
      vertex -55.2 -32.1854 13.625
      vertex -55.2 0 5
      vertex -55.2 -32.1854 40.375
    endloop
  endfacet
  facet normal 1 0 0
    outer loop
      vertex -55.2 0 5
      vertex -55.2 -32.1854 13.625
      vertex -55.2 -32.031 13.3219
    endloop
  endfacet
  facet normal 1 -0 0
    outer loop
      vertex -55.2 -32.3707 40.0897
      vertex -55.2 -32.1854 13.625
      vertex -55.2 -32.1854 40.375
    endloop
  endfacet
  facet normal 1 0 0
    outer loop
      vertex -55.2 -32.3707 40.0897
      vertex -55.2 -32.3707 13.9103
      vertex -55.2 -32.1854 13.625
    endloop
  endfacet
  facet normal 1 -0 0
    outer loop
      vertex -55.2 -32.5848 39.8253
      vertex -55.2 -32.3707 13.9103
      vertex -55.2 -32.3707 40.0897
    endloop
  endfacet
  facet normal 1 0 0
    outer loop
      vertex -55.2 -32.5848 39.8253
      vertex -55.2 -32.5848 14.1747
      vertex -55.2 -32.3707 13.9103
    endloop
  endfacet
  facet normal 1 -0 0
    outer loop
      vertex -55.2 -32.8253 39.5848
      vertex -55.2 -32.5848 14.1747
      vertex -55.2 -32.5848 39.8253
    endloop
  endfacet
  facet normal 1 0 0
    outer loop
      vertex -55.2 -32.8253 39.5848
      vertex -55.2 -32.8253 14.4152
      vertex -55.2 -32.5848 14.1747
    endloop
  endfacet
  facet normal 1 -0 0
    outer loop
      vertex -55.2 -33.0897 39.3707
      vertex -55.2 -32.8253 14.4152
      vertex -55.2 -32.8253 39.5848
    endloop
  endfacet
  facet normal 1 0 0
    outer loop
      vertex -55.2 -33.0897 39.3707
      vertex -55.2 -33.0897 14.6293
      vertex -55.2 -32.8253 14.4152
    endloop
  endfacet
  facet normal 1 -0 0
    outer loop
      vertex -55.2 -33.375 39.1854
      vertex -55.2 -33.0897 14.6293
      vertex -55.2 -33.0897 39.3707
    endloop
  endfacet
  facet normal 1 0 0
    outer loop
      vertex -55.2 -33.375 39.1854
      vertex -55.2 -33.375 14.8146
      vertex -55.2 -33.0897 14.6293
    endloop
  endfacet
  facet normal 1 -0 0
    outer loop
      vertex -55.2 -33.6781 39.031
      vertex -55.2 -33.375 14.8146
      vertex -55.2 -33.375 39.1854
    endloop
  endfacet
  facet normal 1 0 0
    outer loop
      vertex -55.2 -33.6781 39.031
      vertex -55.2 -33.6781 14.969
      vertex -55.2 -33.375 14.8146
    endloop
  endfacet
  facet normal 1 -0 0
    outer loop
      vertex -55.2 -33.9957 38.9091
      vertex -55.2 -33.6781 14.969
      vertex -55.2 -33.6781 39.031
    endloop
  endfacet
  facet normal 1 0 0
    outer loop
      vertex -55.2 -33.9957 38.9091
      vertex -55.2 -33.9957 15.0909
      vertex -55.2 -33.6781 14.969
    endloop
  endfacet
  facet normal 1 -0 0
    outer loop
      vertex -55.2 -34.3243 38.821
      vertex -55.2 -33.9957 15.0909
      vertex -55.2 -33.9957 38.9091
    endloop
  endfacet
  facet normal 1 0 0
    outer loop
      vertex -55.2 -34.3243 38.821
      vertex -55.2 -34.3243 15.179
      vertex -55.2 -33.9957 15.0909
    endloop
  endfacet
  facet normal 1 -0 0
    outer loop
      vertex -55.2 -34.6603 38.7678
      vertex -55.2 -34.3243 15.179
      vertex -55.2 -34.3243 38.821
    endloop
  endfacet
  facet normal 1 0 0
    outer loop
      vertex -55.2 -34.6603 38.7678
      vertex -55.2 -34.6603 15.2322
      vertex -55.2 -34.3243 15.179
    endloop
  endfacet
  facet normal 1 -0 0
    outer loop
      vertex -55.2 -35 38.75
      vertex -55.2 -34.6603 15.2322
      vertex -55.2 -34.6603 38.7678
    endloop
  endfacet
  facet normal 1 0 0
    outer loop
      vertex -55.2 -35 38.75
      vertex -55.2 -35 15.25
      vertex -55.2 -34.6603 15.2322
    endloop
  endfacet
  facet normal 1 0 0
    outer loop
      vertex -55.2 -35.3397 38.7678
      vertex -55.2 -35 15.25
      vertex -55.2 -35 38.75
    endloop
  endfacet
  facet normal 1 0 0
    outer loop
      vertex -55.2 -35.3397 38.7678
      vertex -55.2 -35.3397 15.2322
      vertex -55.2 -35 15.25
    endloop
  endfacet
  facet normal 1 0 0
    outer loop
      vertex -55.2 -35.6757 38.821
      vertex -55.2 -35.3397 15.2322
      vertex -55.2 -35.3397 38.7678
    endloop
  endfacet
  facet normal 1 0 0
    outer loop
      vertex -55.2 -35.6757 38.821
      vertex -55.2 -35.6757 15.179
      vertex -55.2 -35.3397 15.2322
    endloop
  endfacet
  facet normal 1 0 0
    outer loop
      vertex -55.2 -36.0043 38.9091
      vertex -55.2 -35.6757 15.179
      vertex -55.2 -35.6757 38.821
    endloop
  endfacet
  facet normal 1 0 0
    outer loop
      vertex -55.2 -36.0043 38.9091
      vertex -55.2 -36.0043 15.0909
      vertex -55.2 -35.6757 15.179
    endloop
  endfacet
  facet normal 1 0 0
    outer loop
      vertex -55.2 -36.3219 39.031
      vertex -55.2 -36.0043 15.0909
      vertex -55.2 -36.0043 38.9091
    endloop
  endfacet
  facet normal 1 0 0
    outer loop
      vertex -55.2 -36.3219 39.031
      vertex -55.2 -36.3219 14.969
      vertex -55.2 -36.0043 15.0909
    endloop
  endfacet
  facet normal 1 0 0
    outer loop
      vertex -55.2 -36.625 39.1854
      vertex -55.2 -36.3219 14.969
      vertex -55.2 -36.3219 39.031
    endloop
  endfacet
  facet normal 1 0 0
    outer loop
      vertex -55.2 -36.625 39.1854
      vertex -55.2 -36.625 14.8146
      vertex -55.2 -36.3219 14.969
    endloop
  endfacet
  facet normal 1 0 0
    outer loop
      vertex -55.2 -36.9103 39.3707
      vertex -55.2 -36.625 14.8146
      vertex -55.2 -36.625 39.1854
    endloop
  endfacet
  facet normal 1 0 0
    outer loop
      vertex -55.2 -36.9103 39.3707
      vertex -55.2 -36.9103 14.6293
      vertex -55.2 -36.625 14.8146
    endloop
  endfacet
  facet normal 1 0 0
    outer loop
      vertex -55.2 -37.1747 39.5848
      vertex -55.2 -36.9103 14.6293
      vertex -55.2 -36.9103 39.3707
    endloop
  endfacet
  facet normal 1 0 0
    outer loop
      vertex -55.2 -37.1747 39.5848
      vertex -55.2 -37.1747 14.4152
      vertex -55.2 -36.9103 14.6293
    endloop
  endfacet
  facet normal 1 0 0
    outer loop
      vertex -55.2 -37.4152 39.8253
      vertex -55.2 -37.1747 14.4152
      vertex -55.2 -37.1747 39.5848
    endloop
  endfacet
  facet normal 1 0 0
    outer loop
      vertex -55.2 -37.4152 39.8253
      vertex -55.2 -37.4152 14.1747
      vertex -55.2 -37.1747 14.4152
    endloop
  endfacet
  facet normal 1 0 0
    outer loop
      vertex -55.2 -37.6293 40.0897
      vertex -55.2 -37.4152 14.1747
      vertex -55.2 -37.4152 39.8253
    endloop
  endfacet
  facet normal 1 0 0
    outer loop
      vertex -55.2 -37.6293 40.0897
      vertex -55.2 -37.6293 13.9103
      vertex -55.2 -37.4152 14.1747
    endloop
  endfacet
  facet normal 1 0 0
    outer loop
      vertex -55.2 -37.8146 40.375
      vertex -55.2 -37.6293 13.9103
      vertex -55.2 -37.6293 40.0897
    endloop
  endfacet
  facet normal 1 0 0
    outer loop
      vertex -55.2 -37.8146 40.375
      vertex -55.2 -37.8146 13.625
      vertex -55.2 -37.6293 13.9103
    endloop
  endfacet
  facet normal 1 0 0
    outer loop
      vertex -55.2 -45 5
      vertex -55.2 -37.8146 40.375
      vertex -55.2 -37.969 40.6781
    endloop
  endfacet
  facet normal 1 0 0
    outer loop
      vertex -55.2 -37.8146 40.375
      vertex -55.2 -45 5
      vertex -55.2 -37.8146 13.625
    endloop
  endfacet
  facet normal 1 0 0
    outer loop
      vertex -55.2 -45 50
      vertex -55.2 -37.969 40.6781
      vertex -55.2 -38.0909 40.9957
    endloop
  endfacet
  facet normal 1 0 0
    outer loop
      vertex -55.2 -37.8146 13.625
      vertex -55.2 -45 5
      vertex -55.2 -37.969 13.3219
    endloop
  endfacet
  facet normal 1 0 0
    outer loop
      vertex -55.2 -45 50
      vertex -55.2 -38.0909 40.9957
      vertex -55.2 -38.179 41.3243
    endloop
  endfacet
  facet normal 1 0 0
    outer loop
      vertex -55.2 -37.969 13.3219
      vertex -55.2 -45 5
      vertex -55.2 -38.0909 13.0043
    endloop
  endfacet
  facet normal 1 0 0
    outer loop
      vertex -55.2 -45 50
      vertex -55.2 -38.179 41.3243
      vertex -55.2 -38.2322 41.6603
    endloop
  endfacet
  facet normal 1 0 0
    outer loop
      vertex -55.2 -38.0909 13.0043
      vertex -55.2 -45 5
      vertex -55.2 -38.179 12.6757
    endloop
  endfacet
  facet normal 1 0 0
    outer loop
      vertex -55.2 -45 50
      vertex -55.2 -38.2322 41.6603
      vertex -55.2 -38.25 42
    endloop
  endfacet
  facet normal 1 0 0
    outer loop
      vertex -55.2 -38.179 12.6757
      vertex -55.2 -45 5
      vertex -55.2 -38.2322 12.3397
    endloop
  endfacet
  facet normal 1 0 0
    outer loop
      vertex -55.2 -31.7678 41.6603
      vertex -55.2 0 50
      vertex -55.2 -31.75 42
    endloop
  endfacet
  facet normal 1 0 0
    outer loop
      vertex -55.2 0 50
      vertex -55.2 -31.7678 42.3397
      vertex -55.2 -31.75 42
    endloop
  endfacet
  facet normal 1 0 0
    outer loop
      vertex -55.2 0 50
      vertex -55.2 -31.821 42.6757
      vertex -55.2 -31.7678 42.3397
    endloop
  endfacet
  facet normal 1 0 0
    outer loop
      vertex -55.2 0 50
      vertex -55.2 -31.9091 43.0043
      vertex -55.2 -31.821 42.6757
    endloop
  endfacet
  facet normal 1 0 0
    outer loop
      vertex -55.2 0 50
      vertex -55.2 -32.031 43.3219
      vertex -55.2 -31.9091 43.0043
    endloop
  endfacet
  facet normal 1 0 0
    outer loop
      vertex -55.2 0 50
      vertex -55.2 -32.1854 43.625
      vertex -55.2 -32.031 43.3219
    endloop
  endfacet
  facet normal 1 0 0
    outer loop
      vertex -55.2 0 50
      vertex -55.2 -32.3707 43.9103
      vertex -55.2 -32.1854 43.625
    endloop
  endfacet
  facet normal 1 0 0
    outer loop
      vertex -55.2 0 50
      vertex -55.2 -32.5848 44.1747
      vertex -55.2 -32.3707 43.9103
    endloop
  endfacet
  facet normal 1 0 0
    outer loop
      vertex -55.2 0 50
      vertex -55.2 -32.8253 44.4152
      vertex -55.2 -32.5848 44.1747
    endloop
  endfacet
  facet normal 1 0 0
    outer loop
      vertex -55.2 0 50
      vertex -55.2 -33.0897 44.6293
      vertex -55.2 -32.8253 44.4152
    endloop
  endfacet
  facet normal 1 0 0
    outer loop
      vertex -55.2 0 50
      vertex -55.2 -33.375 44.8146
      vertex -55.2 -33.0897 44.6293
    endloop
  endfacet
  facet normal 1 0 0
    outer loop
      vertex -55.2 0 50
      vertex -55.2 -33.6781 44.969
      vertex -55.2 -33.375 44.8146
    endloop
  endfacet
  facet normal 1 0 0
    outer loop
      vertex -55.2 0 50
      vertex -55.2 -33.9957 45.0909
      vertex -55.2 -33.6781 44.969
    endloop
  endfacet
  facet normal 1 -0 0
    outer loop
      vertex -55.2 -45 50
      vertex -55.2 -33.9957 45.0909
      vertex -55.2 0 50
    endloop
  endfacet
  facet normal 1 0 0
    outer loop
      vertex -55.2 -33.9957 45.0909
      vertex -55.2 -45 50
      vertex -55.2 -34.3243 45.179
    endloop
  endfacet
  facet normal 1 0 0
    outer loop
      vertex -55.2 -34.3243 45.179
      vertex -55.2 -45 50
      vertex -55.2 -34.6603 45.2322
    endloop
  endfacet
  facet normal 1 0 0
    outer loop
      vertex -55.2 -34.6603 45.2322
      vertex -55.2 -45 50
      vertex -55.2 -35 45.25
    endloop
  endfacet
  facet normal 1 0 0
    outer loop
      vertex -55.2 -37.969 40.6781
      vertex -55.2 -45 50
      vertex -55.2 -45 5
    endloop
  endfacet
  facet normal 1 0 0
    outer loop
      vertex -55.2 -38.2322 42.3397
      vertex -55.2 -45 50
      vertex -55.2 -38.25 42
    endloop
  endfacet
  facet normal 1 0 0
    outer loop
      vertex -55.2 -38.179 42.6757
      vertex -55.2 -45 50
      vertex -55.2 -38.2322 42.3397
    endloop
  endfacet
  facet normal 1 0 0
    outer loop
      vertex -55.2 -38.0909 43.0043
      vertex -55.2 -45 50
      vertex -55.2 -38.179 42.6757
    endloop
  endfacet
  facet normal 1 0 0
    outer loop
      vertex -55.2 -37.969 43.3219
      vertex -55.2 -45 50
      vertex -55.2 -38.0909 43.0043
    endloop
  endfacet
  facet normal 1 0 0
    outer loop
      vertex -55.2 -37.8146 43.625
      vertex -55.2 -45 50
      vertex -55.2 -37.969 43.3219
    endloop
  endfacet
  facet normal 1 0 0
    outer loop
      vertex -55.2 -37.6293 43.9103
      vertex -55.2 -45 50
      vertex -55.2 -37.8146 43.625
    endloop
  endfacet
  facet normal 1 0 0
    outer loop
      vertex -55.2 -37.4152 44.1747
      vertex -55.2 -45 50
      vertex -55.2 -37.6293 43.9103
    endloop
  endfacet
  facet normal 1 0 0
    outer loop
      vertex -55.2 -37.1747 44.4152
      vertex -55.2 -45 50
      vertex -55.2 -37.4152 44.1747
    endloop
  endfacet
  facet normal 1 0 0
    outer loop
      vertex -55.2 -36.9103 44.6293
      vertex -55.2 -45 50
      vertex -55.2 -37.1747 44.4152
    endloop
  endfacet
  facet normal 1 0 0
    outer loop
      vertex -55.2 -36.625 44.8146
      vertex -55.2 -45 50
      vertex -55.2 -36.9103 44.6293
    endloop
  endfacet
  facet normal 1 0 0
    outer loop
      vertex -55.2 -36.3219 44.969
      vertex -55.2 -45 50
      vertex -55.2 -36.625 44.8146
    endloop
  endfacet
  facet normal 1 0 0
    outer loop
      vertex -55.2 -36.0043 45.0909
      vertex -55.2 -45 50
      vertex -55.2 -36.3219 44.969
    endloop
  endfacet
  facet normal 1 0 0
    outer loop
      vertex -55.2 -35.6757 45.179
      vertex -55.2 -45 50
      vertex -55.2 -36.0043 45.0909
    endloop
  endfacet
  facet normal 1 0 0
    outer loop
      vertex -55.2 -35.3397 45.2322
      vertex -55.2 -45 50
      vertex -55.2 -35.6757 45.179
    endloop
  endfacet
  facet normal 1 0 0
    outer loop
      vertex -55.2 -35 45.25
      vertex -55.2 -45 50
      vertex -55.2 -35.3397 45.2322
    endloop
  endfacet
  facet normal 1 0 0
    outer loop
      vertex -55.2 -31.821 41.3243
      vertex -55.2 0 50
      vertex -55.2 -31.7678 41.6603
    endloop
  endfacet
  facet normal 1 -0 0
    outer loop
      vertex -55.2 -31.7678 11.6603
      vertex -55.2 0 5
      vertex -55.2 -31.75 12
    endloop
  endfacet
  facet normal 1 -0 0
    outer loop
      vertex -55.2 -31.821 11.3243
      vertex -55.2 0 5
      vertex -55.2 -31.7678 11.6603
    endloop
  endfacet
  facet normal 1 -0 0
    outer loop
      vertex -55.2 -31.9091 10.9957
      vertex -55.2 0 5
      vertex -55.2 -31.821 11.3243
    endloop
  endfacet
  facet normal 1 -0 0
    outer loop
      vertex -55.2 -32.031 10.6781
      vertex -55.2 0 5
      vertex -55.2 -31.9091 10.9957
    endloop
  endfacet
  facet normal 1 -0 0
    outer loop
      vertex -55.2 -32.1854 10.375
      vertex -55.2 0 5
      vertex -55.2 -32.031 10.6781
    endloop
  endfacet
  facet normal 1 -0 0
    outer loop
      vertex -55.2 -32.3707 10.0897
      vertex -55.2 0 5
      vertex -55.2 -32.1854 10.375
    endloop
  endfacet
  facet normal 1 -0 0
    outer loop
      vertex -55.2 -32.5848 9.82533
      vertex -55.2 0 5
      vertex -55.2 -32.3707 10.0897
    endloop
  endfacet
  facet normal 1 -0 0
    outer loop
      vertex -55.2 -32.8253 9.58478
      vertex -55.2 0 5
      vertex -55.2 -32.5848 9.82533
    endloop
  endfacet
  facet normal 1 -0 0
    outer loop
      vertex -55.2 -33.0897 9.37069
      vertex -55.2 0 5
      vertex -55.2 -32.8253 9.58478
    endloop
  endfacet
  facet normal 1 -0 0
    outer loop
      vertex -55.2 -33.375 9.18542
      vertex -55.2 0 5
      vertex -55.2 -33.0897 9.37069
    endloop
  endfacet
  facet normal 1 -0 0
    outer loop
      vertex -55.2 -33.6781 9.03098
      vertex -55.2 0 5
      vertex -55.2 -33.375 9.18542
    endloop
  endfacet
  facet normal 1 -0 0
    outer loop
      vertex -55.2 -33.9957 8.90907
      vertex -55.2 0 5
      vertex -55.2 -33.6781 9.03098
    endloop
  endfacet
  facet normal 1 -0 0
    outer loop
      vertex -55.2 -34.3243 8.82102
      vertex -55.2 0 5
      vertex -55.2 -33.9957 8.90907
    endloop
  endfacet
  facet normal 1 0 0
    outer loop
      vertex -55.2 -45 5
      vertex -55.2 -34.3243 8.82102
      vertex -55.2 -34.6603 8.7678
    endloop
  endfacet
  facet normal 1 0 0
    outer loop
      vertex -55.2 -45 5
      vertex -55.2 -34.6603 8.7678
      vertex -55.2 -35 8.75
    endloop
  endfacet
  facet normal 1 0 0
    outer loop
      vertex -55.2 -45 5
      vertex -55.2 -35 8.75
      vertex -55.2 -35.3397 8.7678
    endloop
  endfacet
  facet normal 1 0 0
    outer loop
      vertex -55.2 -38.2322 12.3397
      vertex -55.2 -45 5
      vertex -55.2 -38.25 12
    endloop
  endfacet
  facet normal 1 0 0
    outer loop
      vertex -55.2 -38.25 12
      vertex -55.2 -45 5
      vertex -55.2 -38.2322 11.6603
    endloop
  endfacet
  facet normal 1 0 0
    outer loop
      vertex -55.2 -34.3243 8.82102
      vertex -55.2 -45 5
      vertex -55.2 0 5
    endloop
  endfacet
  facet normal 1 0 0
    outer loop
      vertex -55.2 -35.6757 8.82102
      vertex -55.2 -45 5
      vertex -55.2 -35.3397 8.7678
    endloop
  endfacet
  facet normal 1 0 0
    outer loop
      vertex -55.2 -36.0043 8.90907
      vertex -55.2 -45 5
      vertex -55.2 -35.6757 8.82102
    endloop
  endfacet
  facet normal 1 0 0
    outer loop
      vertex -55.2 -36.3219 9.03098
      vertex -55.2 -45 5
      vertex -55.2 -36.0043 8.90907
    endloop
  endfacet
  facet normal 1 0 0
    outer loop
      vertex -55.2 -36.625 9.18542
      vertex -55.2 -45 5
      vertex -55.2 -36.3219 9.03098
    endloop
  endfacet
  facet normal 1 0 0
    outer loop
      vertex -55.2 -36.9103 9.37069
      vertex -55.2 -45 5
      vertex -55.2 -36.625 9.18542
    endloop
  endfacet
  facet normal 1 0 0
    outer loop
      vertex -55.2 -37.1747 9.58478
      vertex -55.2 -45 5
      vertex -55.2 -36.9103 9.37069
    endloop
  endfacet
  facet normal 1 0 0
    outer loop
      vertex -55.2 -37.4152 9.82533
      vertex -55.2 -45 5
      vertex -55.2 -37.1747 9.58478
    endloop
  endfacet
  facet normal 1 0 0
    outer loop
      vertex -55.2 -37.6293 10.0897
      vertex -55.2 -45 5
      vertex -55.2 -37.4152 9.82533
    endloop
  endfacet
  facet normal 1 0 0
    outer loop
      vertex -55.2 -37.8146 10.375
      vertex -55.2 -45 5
      vertex -55.2 -37.6293 10.0897
    endloop
  endfacet
  facet normal 1 0 0
    outer loop
      vertex -55.2 -37.969 10.6781
      vertex -55.2 -45 5
      vertex -55.2 -37.8146 10.375
    endloop
  endfacet
  facet normal 1 0 0
    outer loop
      vertex -55.2 -38.0909 10.9957
      vertex -55.2 -45 5
      vertex -55.2 -37.969 10.6781
    endloop
  endfacet
  facet normal 1 0 0
    outer loop
      vertex -55.2 -38.179 11.3243
      vertex -55.2 -45 5
      vertex -55.2 -38.0909 10.9957
    endloop
  endfacet
  facet normal 1 0 0
    outer loop
      vertex -55.2 -38.2322 11.6603
      vertex -55.2 -45 5
      vertex -55.2 -38.179 11.3243
    endloop
  endfacet
  facet normal 1 0 0
    outer loop
      vertex -55.2 38.0909 40.9957
      vertex -55.2 45 50
      vertex -55.2 38.179 41.3243
    endloop
  endfacet
  facet normal 1 0 0
    outer loop
      vertex -55.2 45 5
      vertex -55.2 38.2322 12.3397
      vertex -55.2 38.25 12
    endloop
  endfacet
  facet normal 1 0 0
    outer loop
      vertex -55.2 37.969 40.6781
      vertex -55.2 45 50
      vertex -55.2 38.0909 40.9957
    endloop
  endfacet
  facet normal 1 0 0
    outer loop
      vertex -55.2 45 5
      vertex -55.2 38.179 12.6757
      vertex -55.2 38.2322 12.3397
    endloop
  endfacet
  facet normal 1 0 0
    outer loop
      vertex -55.2 45 50
      vertex -55.2 37.969 40.6781
      vertex -55.2 45 5
    endloop
  endfacet
  facet normal 1 0 0
    outer loop
      vertex -55.2 45 5
      vertex -55.2 38.0909 13.0043
      vertex -55.2 38.179 12.6757
    endloop
  endfacet
  facet normal 1 -0 0
    outer loop
      vertex -55.2 37.8146 40.375
      vertex -55.2 45 5
      vertex -55.2 37.969 40.6781
    endloop
  endfacet
  facet normal 1 0 0
    outer loop
      vertex -55.2 45 5
      vertex -55.2 37.969 13.3219
      vertex -55.2 38.0909 13.0043
    endloop
  endfacet
  facet normal 1 -0 0
    outer loop
      vertex -55.2 37.8146 13.625
      vertex -55.2 45 5
      vertex -55.2 37.8146 40.375
    endloop
  endfacet
  facet normal 1 0 0
    outer loop
      vertex -55.2 45 5
      vertex -55.2 37.8146 13.625
      vertex -55.2 37.969 13.3219
    endloop
  endfacet
  facet normal 1 -0 0
    outer loop
      vertex -55.2 37.6293 40.0897
      vertex -55.2 37.8146 13.625
      vertex -55.2 37.8146 40.375
    endloop
  endfacet
  facet normal 1 0 0
    outer loop
      vertex -55.2 37.6293 40.0897
      vertex -55.2 37.6293 13.9103
      vertex -55.2 37.8146 13.625
    endloop
  endfacet
  facet normal 1 -0 0
    outer loop
      vertex -55.2 37.4152 39.8253
      vertex -55.2 37.6293 13.9103
      vertex -55.2 37.6293 40.0897
    endloop
  endfacet
  facet normal 1 0 0
    outer loop
      vertex -55.2 37.4152 39.8253
      vertex -55.2 37.4152 14.1747
      vertex -55.2 37.6293 13.9103
    endloop
  endfacet
  facet normal 1 -0 0
    outer loop
      vertex -55.2 37.1747 39.5848
      vertex -55.2 37.4152 14.1747
      vertex -55.2 37.4152 39.8253
    endloop
  endfacet
  facet normal 1 0 0
    outer loop
      vertex -55.2 37.1747 39.5848
      vertex -55.2 37.1747 14.4152
      vertex -55.2 37.4152 14.1747
    endloop
  endfacet
  facet normal 1 -0 0
    outer loop
      vertex -55.2 36.9103 39.3707
      vertex -55.2 37.1747 14.4152
      vertex -55.2 37.1747 39.5848
    endloop
  endfacet
  facet normal 1 0 0
    outer loop
      vertex -55.2 36.9103 39.3707
      vertex -55.2 36.9103 14.6293
      vertex -55.2 37.1747 14.4152
    endloop
  endfacet
  facet normal 1 -0 0
    outer loop
      vertex -55.2 36.625 39.1854
      vertex -55.2 36.9103 14.6293
      vertex -55.2 36.9103 39.3707
    endloop
  endfacet
  facet normal 1 0 0
    outer loop
      vertex -55.2 36.625 39.1854
      vertex -55.2 36.625 14.8146
      vertex -55.2 36.9103 14.6293
    endloop
  endfacet
  facet normal 1 -0 0
    outer loop
      vertex -55.2 36.3219 39.031
      vertex -55.2 36.625 14.8146
      vertex -55.2 36.625 39.1854
    endloop
  endfacet
  facet normal 1 0 0
    outer loop
      vertex -55.2 36.3219 39.031
      vertex -55.2 36.3219 14.969
      vertex -55.2 36.625 14.8146
    endloop
  endfacet
  facet normal 1 -0 0
    outer loop
      vertex -55.2 36.0043 38.9091
      vertex -55.2 36.3219 14.969
      vertex -55.2 36.3219 39.031
    endloop
  endfacet
  facet normal 1 0 0
    outer loop
      vertex -55.2 36.0043 38.9091
      vertex -55.2 36.0043 15.0909
      vertex -55.2 36.3219 14.969
    endloop
  endfacet
  facet normal 1 -0 0
    outer loop
      vertex -55.2 35.6757 38.821
      vertex -55.2 36.0043 15.0909
      vertex -55.2 36.0043 38.9091
    endloop
  endfacet
  facet normal 1 0 0
    outer loop
      vertex -55.2 35.6757 38.821
      vertex -55.2 35.6757 15.179
      vertex -55.2 36.0043 15.0909
    endloop
  endfacet
  facet normal 1 -0 0
    outer loop
      vertex -55.2 35.3397 38.7678
      vertex -55.2 35.6757 15.179
      vertex -55.2 35.6757 38.821
    endloop
  endfacet
  facet normal 1 0 0
    outer loop
      vertex -55.2 35.3397 38.7678
      vertex -55.2 35.3397 15.2322
      vertex -55.2 35.6757 15.179
    endloop
  endfacet
  facet normal 1 -0 0
    outer loop
      vertex -55.2 35 38.75
      vertex -55.2 35.3397 15.2322
      vertex -55.2 35.3397 38.7678
    endloop
  endfacet
  facet normal 1 0 0
    outer loop
      vertex -55.2 35 38.75
      vertex -55.2 35 15.25
      vertex -55.2 35.3397 15.2322
    endloop
  endfacet
  facet normal 1 0 0
    outer loop
      vertex -55.2 34.6603 38.7678
      vertex -55.2 35 15.25
      vertex -55.2 35 38.75
    endloop
  endfacet
  facet normal 1 0 0
    outer loop
      vertex -55.2 34.6603 38.7678
      vertex -55.2 34.6603 15.2322
      vertex -55.2 35 15.25
    endloop
  endfacet
  facet normal 1 0 0
    outer loop
      vertex -55.2 34.3243 38.821
      vertex -55.2 34.6603 15.2322
      vertex -55.2 34.6603 38.7678
    endloop
  endfacet
  facet normal 1 0 0
    outer loop
      vertex -55.2 34.3243 38.821
      vertex -55.2 34.3243 15.179
      vertex -55.2 34.6603 15.2322
    endloop
  endfacet
  facet normal 1 0 0
    outer loop
      vertex -55.2 33.9957 38.9091
      vertex -55.2 34.3243 15.179
      vertex -55.2 34.3243 38.821
    endloop
  endfacet
  facet normal 1 0 0
    outer loop
      vertex -55.2 33.9957 38.9091
      vertex -55.2 33.9957 15.0909
      vertex -55.2 34.3243 15.179
    endloop
  endfacet
  facet normal 1 0 0
    outer loop
      vertex -55.2 33.6781 39.031
      vertex -55.2 33.9957 15.0909
      vertex -55.2 33.9957 38.9091
    endloop
  endfacet
  facet normal 1 0 0
    outer loop
      vertex -55.2 33.6781 39.031
      vertex -55.2 33.6781 14.969
      vertex -55.2 33.9957 15.0909
    endloop
  endfacet
  facet normal 1 0 0
    outer loop
      vertex -55.2 33.375 39.1854
      vertex -55.2 33.6781 14.969
      vertex -55.2 33.6781 39.031
    endloop
  endfacet
  facet normal 1 0 0
    outer loop
      vertex -55.2 33.375 39.1854
      vertex -55.2 33.375 14.8146
      vertex -55.2 33.6781 14.969
    endloop
  endfacet
  facet normal 1 0 0
    outer loop
      vertex -55.2 33.0897 39.3707
      vertex -55.2 33.375 14.8146
      vertex -55.2 33.375 39.1854
    endloop
  endfacet
  facet normal 1 0 0
    outer loop
      vertex -55.2 33.0897 39.3707
      vertex -55.2 33.0897 14.6293
      vertex -55.2 33.375 14.8146
    endloop
  endfacet
  facet normal 1 0 0
    outer loop
      vertex -55.2 32.8253 39.5848
      vertex -55.2 33.0897 14.6293
      vertex -55.2 33.0897 39.3707
    endloop
  endfacet
  facet normal 1 0 0
    outer loop
      vertex -55.2 32.8253 39.5848
      vertex -55.2 32.8253 14.4152
      vertex -55.2 33.0897 14.6293
    endloop
  endfacet
  facet normal 1 0 0
    outer loop
      vertex -55.2 32.5848 39.8253
      vertex -55.2 32.8253 14.4152
      vertex -55.2 32.8253 39.5848
    endloop
  endfacet
  facet normal 1 0 0
    outer loop
      vertex -55.2 32.5848 39.8253
      vertex -55.2 32.5848 14.1747
      vertex -55.2 32.8253 14.4152
    endloop
  endfacet
  facet normal 1 0 0
    outer loop
      vertex -55.2 32.3707 40.0897
      vertex -55.2 32.5848 14.1747
      vertex -55.2 32.5848 39.8253
    endloop
  endfacet
  facet normal 1 0 0
    outer loop
      vertex -55.2 32.3707 40.0897
      vertex -55.2 32.3707 13.9103
      vertex -55.2 32.5848 14.1747
    endloop
  endfacet
  facet normal 1 0 0
    outer loop
      vertex -55.2 32.1854 40.375
      vertex -55.2 32.3707 13.9103
      vertex -55.2 32.3707 40.0897
    endloop
  endfacet
  facet normal 1 0 0
    outer loop
      vertex -55.2 32.1854 40.375
      vertex -55.2 32.1854 13.625
      vertex -55.2 32.3707 13.9103
    endloop
  endfacet
  facet normal 1 0 0
    outer loop
      vertex -55.2 0 50
      vertex -55.2 32.1854 40.375
      vertex -55.2 32.031 40.6781
    endloop
  endfacet
  facet normal 1 0 0
    outer loop
      vertex -55.2 32.1854 40.375
      vertex -55.2 0 5
      vertex -55.2 32.1854 13.625
    endloop
  endfacet
  facet normal 1 0 0
    outer loop
      vertex -55.2 0 50
      vertex -55.2 32.031 40.6781
      vertex -55.2 31.9091 40.9957
    endloop
  endfacet
  facet normal 1 0 0
    outer loop
      vertex -55.2 32.1854 13.625
      vertex -55.2 0 5
      vertex -55.2 32.031 13.3219
    endloop
  endfacet
  facet normal 1 0 0
    outer loop
      vertex -55.2 0 50
      vertex -55.2 31.9091 40.9957
      vertex -55.2 31.821 41.3243
    endloop
  endfacet
  facet normal 1 0 0
    outer loop
      vertex -55.2 32.031 13.3219
      vertex -55.2 0 5
      vertex -55.2 31.9091 13.0043
    endloop
  endfacet
  facet normal 1 0 0
    outer loop
      vertex -55.2 0 50
      vertex -55.2 31.821 41.3243
      vertex -55.2 31.7678 41.6603
    endloop
  endfacet
  facet normal 1 0 0
    outer loop
      vertex -55.2 31.9091 13.0043
      vertex -55.2 0 5
      vertex -55.2 31.821 12.6757
    endloop
  endfacet
  facet normal 1 0 0
    outer loop
      vertex -55.2 0 50
      vertex -55.2 31.7678 41.6603
      vertex -55.2 31.75 42
    endloop
  endfacet
  facet normal 1 0 0
    outer loop
      vertex -55.2 31.821 12.6757
      vertex -55.2 0 5
      vertex -55.2 31.7678 12.3397
    endloop
  endfacet
  facet normal 1 0 0
    outer loop
      vertex -55.2 38.2322 41.6603
      vertex -55.2 45 50
      vertex -55.2 38.25 42
    endloop
  endfacet
  facet normal 1 0 0
    outer loop
      vertex -55.2 45 50
      vertex -55.2 38.2322 42.3397
      vertex -55.2 38.25 42
    endloop
  endfacet
  facet normal 1 0 0
    outer loop
      vertex -55.2 45 50
      vertex -55.2 38.179 42.6757
      vertex -55.2 38.2322 42.3397
    endloop
  endfacet
  facet normal 1 0 0
    outer loop
      vertex -55.2 45 50
      vertex -55.2 38.0909 43.0043
      vertex -55.2 38.179 42.6757
    endloop
  endfacet
  facet normal 1 0 0
    outer loop
      vertex -55.2 45 50
      vertex -55.2 37.969 43.3219
      vertex -55.2 38.0909 43.0043
    endloop
  endfacet
  facet normal 1 0 0
    outer loop
      vertex -55.2 45 50
      vertex -55.2 37.8146 43.625
      vertex -55.2 37.969 43.3219
    endloop
  endfacet
  facet normal 1 0 0
    outer loop
      vertex -55.2 45 50
      vertex -55.2 37.6293 43.9103
      vertex -55.2 37.8146 43.625
    endloop
  endfacet
  facet normal 1 0 0
    outer loop
      vertex -55.2 45 50
      vertex -55.2 37.4152 44.1747
      vertex -55.2 37.6293 43.9103
    endloop
  endfacet
  facet normal 1 0 0
    outer loop
      vertex -55.2 45 50
      vertex -55.2 37.1747 44.4152
      vertex -55.2 37.4152 44.1747
    endloop
  endfacet
  facet normal 1 0 0
    outer loop
      vertex -55.2 45 50
      vertex -55.2 36.9103 44.6293
      vertex -55.2 37.1747 44.4152
    endloop
  endfacet
  facet normal 1 0 0
    outer loop
      vertex -55.2 45 50
      vertex -55.2 36.625 44.8146
      vertex -55.2 36.9103 44.6293
    endloop
  endfacet
  facet normal 1 0 0
    outer loop
      vertex -55.2 45 50
      vertex -55.2 36.3219 44.969
      vertex -55.2 36.625 44.8146
    endloop
  endfacet
  facet normal 1 0 0
    outer loop
      vertex -55.2 45 50
      vertex -55.2 36.0043 45.0909
      vertex -55.2 36.3219 44.969
    endloop
  endfacet
  facet normal 1 0 0
    outer loop
      vertex -55.2 45 50
      vertex -55.2 35.6757 45.179
      vertex -55.2 36.0043 45.0909
    endloop
  endfacet
  facet normal 1 0 0
    outer loop
      vertex -55.2 45 50
      vertex -55.2 35.3397 45.2322
      vertex -55.2 35.6757 45.179
    endloop
  endfacet
  facet normal 1 0 0
    outer loop
      vertex -55.2 45 50
      vertex -55.2 35 45.25
      vertex -55.2 35.3397 45.2322
    endloop
  endfacet
  facet normal 1 0 0
    outer loop
      vertex -55.2 45 50
      vertex -55.2 34.6603 45.2322
      vertex -55.2 35 45.25
    endloop
  endfacet
  facet normal 1 0 0
    outer loop
      vertex -55.2 45 50
      vertex -55.2 34.3243 45.179
      vertex -55.2 34.6603 45.2322
    endloop
  endfacet
  facet normal 1 0 0
    outer loop
      vertex -55.2 45 50
      vertex -55.2 33.9957 45.0909
      vertex -55.2 34.3243 45.179
    endloop
  endfacet
  facet normal 1 -0 0
    outer loop
      vertex -55.2 0 50
      vertex -55.2 33.9957 45.0909
      vertex -55.2 45 50
    endloop
  endfacet
  facet normal 1 0 0
    outer loop
      vertex -55.2 32.1854 40.375
      vertex -55.2 0 50
      vertex -55.2 0 5
    endloop
  endfacet
  facet normal 1 0 0
    outer loop
      vertex -55.2 31.7678 42.3397
      vertex -55.2 0 50
      vertex -55.2 31.75 42
    endloop
  endfacet
  facet normal 1 0 0
    outer loop
      vertex -55.2 31.821 42.6757
      vertex -55.2 0 50
      vertex -55.2 31.7678 42.3397
    endloop
  endfacet
  facet normal 1 0 0
    outer loop
      vertex -55.2 31.9091 43.0043
      vertex -55.2 0 50
      vertex -55.2 31.821 42.6757
    endloop
  endfacet
  facet normal 1 0 0
    outer loop
      vertex -55.2 32.031 43.3219
      vertex -55.2 0 50
      vertex -55.2 31.9091 43.0043
    endloop
  endfacet
  facet normal 1 0 0
    outer loop
      vertex -55.2 32.1854 43.625
      vertex -55.2 0 50
      vertex -55.2 32.031 43.3219
    endloop
  endfacet
  facet normal 1 0 0
    outer loop
      vertex -55.2 32.3707 43.9103
      vertex -55.2 0 50
      vertex -55.2 32.1854 43.625
    endloop
  endfacet
  facet normal 1 0 0
    outer loop
      vertex -55.2 32.5848 44.1747
      vertex -55.2 0 50
      vertex -55.2 32.3707 43.9103
    endloop
  endfacet
  facet normal 1 0 0
    outer loop
      vertex -55.2 32.8253 44.4152
      vertex -55.2 0 50
      vertex -55.2 32.5848 44.1747
    endloop
  endfacet
  facet normal 1 0 0
    outer loop
      vertex -55.2 33.0897 44.6293
      vertex -55.2 0 50
      vertex -55.2 32.8253 44.4152
    endloop
  endfacet
  facet normal 1 0 0
    outer loop
      vertex -55.2 33.375 44.8146
      vertex -55.2 0 50
      vertex -55.2 33.0897 44.6293
    endloop
  endfacet
  facet normal 1 0 0
    outer loop
      vertex -55.2 33.6781 44.969
      vertex -55.2 0 50
      vertex -55.2 33.375 44.8146
    endloop
  endfacet
  facet normal 1 0 0
    outer loop
      vertex -55.2 33.9957 45.0909
      vertex -55.2 0 50
      vertex -55.2 33.6781 44.969
    endloop
  endfacet
  facet normal 1 0 0
    outer loop
      vertex -55.2 38.179 41.3243
      vertex -55.2 45 50
      vertex -55.2 38.2322 41.6603
    endloop
  endfacet
  facet normal 1 -0 0
    outer loop
      vertex -55.2 38.2322 11.6603
      vertex -55.2 45 5
      vertex -55.2 38.25 12
    endloop
  endfacet
  facet normal 1 -0 0
    outer loop
      vertex -55.2 38.179 11.3243
      vertex -55.2 45 5
      vertex -55.2 38.2322 11.6603
    endloop
  endfacet
  facet normal 1 -0 0
    outer loop
      vertex -55.2 38.0909 10.9957
      vertex -55.2 45 5
      vertex -55.2 38.179 11.3243
    endloop
  endfacet
  facet normal 1 -0 0
    outer loop
      vertex -55.2 37.969 10.6781
      vertex -55.2 45 5
      vertex -55.2 38.0909 10.9957
    endloop
  endfacet
  facet normal 1 -0 0
    outer loop
      vertex -55.2 37.8146 10.375
      vertex -55.2 45 5
      vertex -55.2 37.969 10.6781
    endloop
  endfacet
  facet normal 1 -0 0
    outer loop
      vertex -55.2 37.6293 10.0897
      vertex -55.2 45 5
      vertex -55.2 37.8146 10.375
    endloop
  endfacet
  facet normal 1 -0 0
    outer loop
      vertex -55.2 37.4152 9.82533
      vertex -55.2 45 5
      vertex -55.2 37.6293 10.0897
    endloop
  endfacet
  facet normal 1 -0 0
    outer loop
      vertex -55.2 37.1747 9.58478
      vertex -55.2 45 5
      vertex -55.2 37.4152 9.82533
    endloop
  endfacet
  facet normal 1 -0 0
    outer loop
      vertex -55.2 36.9103 9.37069
      vertex -55.2 45 5
      vertex -55.2 37.1747 9.58478
    endloop
  endfacet
  facet normal 1 -0 0
    outer loop
      vertex -55.2 36.625 9.18542
      vertex -55.2 45 5
      vertex -55.2 36.9103 9.37069
    endloop
  endfacet
  facet normal 1 -0 0
    outer loop
      vertex -55.2 36.3219 9.03098
      vertex -55.2 45 5
      vertex -55.2 36.625 9.18542
    endloop
  endfacet
  facet normal 1 -0 0
    outer loop
      vertex -55.2 36.0043 8.90907
      vertex -55.2 45 5
      vertex -55.2 36.3219 9.03098
    endloop
  endfacet
  facet normal 1 -0 0
    outer loop
      vertex -55.2 35.6757 8.82102
      vertex -55.2 45 5
      vertex -55.2 36.0043 8.90907
    endloop
  endfacet
  facet normal 1 -0 0
    outer loop
      vertex -55.2 35.3397 8.7678
      vertex -55.2 45 5
      vertex -55.2 35.6757 8.82102
    endloop
  endfacet
  facet normal 1 -0 0
    outer loop
      vertex -55.2 35 8.75
      vertex -55.2 45 5
      vertex -55.2 35.3397 8.7678
    endloop
  endfacet
  facet normal 1 0 0
    outer loop
      vertex -55.2 34.6603 8.7678
      vertex -55.2 45 5
      vertex -55.2 35 8.75
    endloop
  endfacet
  facet normal 1 0 0
    outer loop
      vertex -55.2 34.3243 8.82102
      vertex -55.2 45 5
      vertex -55.2 34.6603 8.7678
    endloop
  endfacet
  facet normal 1 0 0
    outer loop
      vertex -55.2 0 5
      vertex -55.2 34.3243 8.82102
      vertex -55.2 33.9957 8.90907
    endloop
  endfacet
  facet normal 1 0 0
    outer loop
      vertex -55.2 31.7678 12.3397
      vertex -55.2 0 5
      vertex -55.2 31.75 12
    endloop
  endfacet
  facet normal 1 0 0
    outer loop
      vertex -55.2 31.75 12
      vertex -55.2 0 5
      vertex -55.2 31.7678 11.6603
    endloop
  endfacet
  facet normal 1 0 0
    outer loop
      vertex -55.2 31.7678 11.6603
      vertex -55.2 0 5
      vertex -55.2 31.821 11.3243
    endloop
  endfacet
  facet normal 1 0 0
    outer loop
      vertex -55.2 31.821 11.3243
      vertex -55.2 0 5
      vertex -55.2 31.9091 10.9957
    endloop
  endfacet
  facet normal 1 0 0
    outer loop
      vertex -55.2 31.9091 10.9957
      vertex -55.2 0 5
      vertex -55.2 32.031 10.6781
    endloop
  endfacet
  facet normal 1 0 0
    outer loop
      vertex -55.2 32.031 10.6781
      vertex -55.2 0 5
      vertex -55.2 32.1854 10.375
    endloop
  endfacet
  facet normal 1 0 0
    outer loop
      vertex -55.2 32.1854 10.375
      vertex -55.2 0 5
      vertex -55.2 32.3707 10.0897
    endloop
  endfacet
  facet normal 1 0 0
    outer loop
      vertex -55.2 34.3243 8.82102
      vertex -55.2 0 5
      vertex -55.2 45 5
    endloop
  endfacet
  facet normal 1 0 0
    outer loop
      vertex -55.2 33.6781 9.03098
      vertex -55.2 0 5
      vertex -55.2 33.9957 8.90907
    endloop
  endfacet
  facet normal 1 0 0
    outer loop
      vertex -55.2 33.375 9.18542
      vertex -55.2 0 5
      vertex -55.2 33.6781 9.03098
    endloop
  endfacet
  facet normal 1 0 0
    outer loop
      vertex -55.2 33.0897 9.37069
      vertex -55.2 0 5
      vertex -55.2 33.375 9.18542
    endloop
  endfacet
  facet normal 1 0 0
    outer loop
      vertex -55.2 32.8253 9.58478
      vertex -55.2 0 5
      vertex -55.2 33.0897 9.37069
    endloop
  endfacet
  facet normal 1 0 0
    outer loop
      vertex -55.2 32.5848 9.82533
      vertex -55.2 0 5
      vertex -55.2 32.8253 9.58478
    endloop
  endfacet
  facet normal 1 0 0
    outer loop
      vertex -55.2 32.3707 10.0897
      vertex -55.2 0 5
      vertex -55.2 32.5848 9.82533
    endloop
  endfacet
  facet normal 0 0 -1
    outer loop
      vertex -67.2 -45 5
      vertex -55.2 0 5
      vertex -55.2 -45 5
    endloop
  endfacet
  facet normal 0 0 -1
    outer loop
      vertex -67.2 45 5
      vertex -55.2 0 5
      vertex -67.2 -45 5
    endloop
  endfacet
  facet normal 0 0 -1
    outer loop
      vertex -55.2 0 5
      vertex -67.2 45 5
      vertex -55.2 45 5
    endloop
  endfacet
  facet normal 0 -1 0
    outer loop
      vertex -67.2 -45 5
      vertex -55.2 -45 50
      vertex -67.2 -45 50
    endloop
  endfacet
  facet normal 0 -1 -0
    outer loop
      vertex -55.2 -45 50
      vertex -67.2 -45 5
      vertex -55.2 -45 5
    endloop
  endfacet
  facet normal 0 1 -0
    outer loop
      vertex -55.2 45 5
      vertex -67.2 45 50
      vertex -55.2 45 50
    endloop
  endfacet
  facet normal 0 1 0
    outer loop
      vertex -67.2 45 50
      vertex -55.2 45 5
      vertex -67.2 45 5
    endloop
  endfacet
  facet normal -0.629322 -0.777145 0
    outer loop
      vertex 30.5648 42.0689 3.2
      vertex 34.7948 38.6435 55
      vertex 30.5648 42.0689 55
    endloop
  endfacet
  facet normal -0.629322 -0.777145 -0
    outer loop
      vertex 34.7948 38.6435 55
      vertex 30.5648 42.0689 3.2
      vertex 34.7948 38.6435 3.2
    endloop
  endfacet
  facet normal 0.358357 -0.933585 0
    outer loop
      vertex -21.1503 47.5044 3.2
      vertex -16.0689 49.4549 55
      vertex -21.1503 47.5044 55
    endloop
  endfacet
  facet normal 0.358357 -0.933585 0
    outer loop
      vertex -16.0689 49.4549 55
      vertex -21.1503 47.5044 3.2
      vertex -16.0689 49.4549 3.2
    endloop
  endfacet
  facet normal 0.891002 -0.453998 0
    outer loop
      vertex -47.5044 21.1503 55
      vertex -45.0333 26 3.2
      vertex -45.0333 26 55
    endloop
  endfacet
  facet normal 0.891002 -0.453998 0
    outer loop
      vertex -45.0333 26 3.2
      vertex -47.5044 21.1503 55
      vertex -47.5044 21.1503 3.2
    endloop
  endfacet
  facet normal -0.998629 0.052343 0
    outer loop
      vertex 51.7151 -5.43548 3.2
      vertex 52 0 22.8716
      vertex 52 0 3.2
    endloop
  endfacet
  facet normal -0.998629 0.052343 0
    outer loop
      vertex 52 0 22.8716
      vertex 51.7151 -5.43548 3.2
      vertex 51.7151 -5.43548 23.1564
    endloop
  endfacet
  facet normal -0.891002 -0.453998 0
    outer loop
      vertex 47.5044 21.1503 3.2
      vertex 45.0333 26 55
      vertex 45.0333 26 3.2
    endloop
  endfacet
  facet normal -0.891002 -0.453998 0
    outer loop
      vertex 45.0333 26 55
      vertex 47.5044 21.1503 3.2
      vertex 47.5044 21.1503 55
    endloop
  endfacet
  facet normal -0.838672 -0.544637 0
    outer loop
      vertex 45.0333 26 3.2
      vertex 42.0689 30.5648 55
      vertex 42.0689 30.5648 3.2
    endloop
  endfacet
  facet normal -0.838672 -0.544637 0
    outer loop
      vertex 42.0689 30.5648 55
      vertex 45.0333 26 3.2
      vertex 45.0333 26 55
    endloop
  endfacet
  facet normal -0.707107 -0.707107 0
    outer loop
      vertex 38.6435 34.7948 3.2
      vertex 34.7948 38.6435 55
      vertex 34.7948 38.6435 3.2
    endloop
  endfacet
  facet normal -0.707107 -0.707107 0
    outer loop
      vertex 34.7948 38.6435 55
      vertex 38.6435 34.7948 3.2
      vertex 38.6435 34.7948 55
    endloop
  endfacet
  facet normal -0.453998 -0.891002 0
    outer loop
      vertex 21.1503 47.5044 3.2
      vertex 26 45.0333 55
      vertex 21.1503 47.5044 55
    endloop
  endfacet
  facet normal -0.453998 -0.891002 -0
    outer loop
      vertex 26 45.0333 55
      vertex 21.1503 47.5044 3.2
      vertex 26 45.0333 3.2
    endloop
  endfacet
  facet normal 0.707107 -0.707107 0
    outer loop
      vertex -38.6435 34.7948 55
      vertex -34.7948 38.6435 3.2
      vertex -34.7948 38.6435 55
    endloop
  endfacet
  facet normal 0.707107 -0.707107 0
    outer loop
      vertex -34.7948 38.6435 3.2
      vertex -38.6435 34.7948 55
      vertex -38.6435 34.7948 3.2
    endloop
  endfacet
  facet normal 0.453998 -0.891002 0
    outer loop
      vertex -26 45.0333 3.2
      vertex -21.1503 47.5044 55
      vertex -26 45.0333 55
    endloop
  endfacet
  facet normal 0.453998 -0.891002 0
    outer loop
      vertex -21.1503 47.5044 55
      vertex -26 45.0333 3.2
      vertex -21.1503 47.5044 3.2
    endloop
  endfacet
  facet normal 0.156423 -0.98769 0
    outer loop
      vertex -10.8114 50.8637 55
      vertex -5.43548 51.7151 33.3627
      vertex -5.43548 51.7151 55
    endloop
  endfacet
  facet normal 0.156394 -0.987695 -7.51865e-06
    outer loop
      vertex -10.8114 50.8637 55
      vertex -5.94516 51.6344 32.853
      vertex -5.43548 51.7151 33.3627
    endloop
  endfacet
  facet normal 0.156483 -0.987681 1.24848e-05
    outer loop
      vertex -10.8114 50.8637 55
      vertex -6.47214 51.5509 32.2023
      vertex -5.94516 51.6344 32.853
    endloop
  endfacet
  facet normal 0.156377 -0.987697 -8.07079e-06
    outer loop
      vertex -10.8114 50.8637 55
      vertex -6.9282 51.4787 31.5
      vertex -6.47214 51.5509 32.2023
    endloop
  endfacet
  facet normal 0.15641 -0.987692 -2.48446e-06
    outer loop
      vertex -10.8114 50.8637 55
      vertex -7.30836 51.4185 30.7539
      vertex -6.9282 51.4787 31.5
    endloop
  endfacet
  facet normal 0.156363 -0.9877 -9.42185e-06
    outer loop
      vertex -10.8114 50.8637 55
      vertex -7.60845 51.371 29.9721
      vertex -7.30836 51.4185 30.7539
    endloop
  endfacet
  facet normal 0.156655 -0.987653 2.88786e-05
    outer loop
      vertex -10.8114 50.8637 55
      vertex -7.82518 51.3366 29.1633
      vertex -7.60845 51.371 29.9721
    endloop
  endfacet
  facet normal 0.156226 -0.987721 -2.20038e-05
    outer loop
      vertex -10.8114 50.8637 55
      vertex -7.95617 51.3159 28.3362
      vertex -7.82518 51.3366 29.1633
    endloop
  endfacet
  facet normal 0.156126 -0.987737 -3.30075e-05
    outer loop
      vertex -10.8114 50.8637 55
      vertex -8 51.309 27.5
      vertex -7.95617 51.3159 28.3362
    endloop
  endfacet
  facet normal 0.156441 -0.987687 0
    outer loop
      vertex -10.8114 50.8637 3.2
      vertex -8 51.309 27.5
      vertex -10.8114 50.8637 55
    endloop
  endfacet
  facet normal 0.156151 -0.987733 3.43626e-05
    outer loop
      vertex -8 51.309 27.5
      vertex -10.8114 50.8637 3.2
      vertex -7.95617 51.3159 26.6638
    endloop
  endfacet
  facet normal 0.156236 -0.98772 2.37007e-05
    outer loop
      vertex -10.8114 50.8637 3.2
      vertex -7.82518 51.3366 25.8367
      vertex -7.95617 51.3159 26.6638
    endloop
  endfacet
  facet normal 0.156645 -0.987655 -3.16143e-05
    outer loop
      vertex -10.8114 50.8637 3.2
      vertex -7.60845 51.371 25.0279
      vertex -7.82518 51.3366 25.8367
    endloop
  endfacet
  facet normal 0.156366 -0.987699 1.04211e-05
    outer loop
      vertex -10.8114 50.8637 3.2
      vertex -7.30836 51.4185 24.2461
      vertex -7.60845 51.371 25.0279
    endloop
  endfacet
  facet normal 0.156411 -0.987692 2.7692e-06
    outer loop
      vertex -10.8114 50.8637 3.2
      vertex -6.9282 51.4787 23.5
      vertex -7.30836 51.4185 24.2461
    endloop
  endfacet
  facet normal 0.156379 -0.987697 9.05354e-06
    outer loop
      vertex -10.8114 50.8637 3.2
      vertex -6.47214 51.5509 22.7977
      vertex -6.9282 51.4787 23.5
    endloop
  endfacet
  facet normal 0.156481 -0.987681 -1.40857e-05
    outer loop
      vertex -10.8114 50.8637 3.2
      vertex -5.94516 51.6344 22.147
      vertex -6.47214 51.5509 22.7977
    endloop
  endfacet
  facet normal 0.156395 -0.987695 8.52899e-06
    outer loop
      vertex -10.8114 50.8637 3.2
      vertex -5.43548 51.7151 21.6373
      vertex -5.94516 51.6344 22.147
    endloop
  endfacet
  facet normal 0.156423 -0.98769 0
    outer loop
      vertex -5.43548 51.7151 21.6373
      vertex -10.8114 50.8637 3.2
      vertex -5.43548 51.7151 3.2
    endloop
  endfacet
  facet normal -0.933585 0.358357 0
    outer loop
      vertex 47.5044 -21.1503 3.2
      vertex 49.4549 -16.0689 55
      vertex 49.4549 -16.0689 3.2
    endloop
  endfacet
  facet normal -0.933585 0.358357 0
    outer loop
      vertex 49.4549 -16.0689 55
      vertex 47.5044 -21.1503 3.2
      vertex 47.5044 -21.1503 55
    endloop
  endfacet
  facet normal 0.156423 0.98769 -0
    outer loop
      vertex -5.43548 -51.7151 3.2
      vertex -10.8114 -50.8637 55
      vertex -5.43548 -51.7151 55
    endloop
  endfacet
  facet normal 0.156423 0.98769 0
    outer loop
      vertex -10.8114 -50.8637 55
      vertex -5.43548 -51.7151 3.2
      vertex -10.8114 -50.8637 3.2
    endloop
  endfacet
  facet normal 0.707107 0.707107 0
    outer loop
      vertex -34.7948 -38.6435 55
      vertex -38.6435 -34.7948 3.2
      vertex -38.6435 -34.7948 55
    endloop
  endfacet
  facet normal 0.707107 0.707107 0
    outer loop
      vertex -38.6435 -34.7948 3.2
      vertex -34.7948 -38.6435 55
      vertex -34.7948 -38.6435 3.2
    endloop
  endfacet
  facet normal 0.891002 0.453998 0
    outer loop
      vertex -45.0333 -26 55
      vertex -47.5044 -21.1503 3.2
      vertex -47.5044 -21.1503 55
    endloop
  endfacet
  facet normal 0.891002 0.453998 0
    outer loop
      vertex -47.5044 -21.1503 3.2
      vertex -45.0333 -26 55
      vertex -45.0333 -26 3.2
    endloop
  endfacet
  facet normal 0.98769 0.156423 0
    outer loop
      vertex -50.8637 -10.8114 55
      vertex -51.7151 -5.43548 3.2
      vertex -51.7151 -5.43548 55
    endloop
  endfacet
  facet normal 0.98769 0.156423 0
    outer loop
      vertex -51.7151 -5.43548 3.2
      vertex -50.8637 -10.8114 55
      vertex -50.8637 -10.8114 3.2
    endloop
  endfacet
  facet normal -0.987708 -0.156312 0
    outer loop
      vertex 50.8637 10.8114 3.2
      vertex 50.8844 10.6806 23.9872
      vertex 50.8637 10.8114 24.2302
    endloop
  endfacet
  facet normal -0.98769 -0.156423 -0
    outer loop
      vertex 51.7151 5.43548 23.1564
      vertex 50.8637 10.8114 3.2
      vertex 51.7151 5.43548 3.2
    endloop
  endfacet
  facet normal -0.98769 -0.156426 -7.38242e-07
    outer loop
      vertex 50.8637 10.8114 3.2
      vertex 51.7151 5.43548 23.1564
      vertex 50.8844 10.6806 23.9872
    endloop
  endfacet
  facet normal -0.987681 -0.156483 0
    outer loop
      vertex 50.8807 10.7041 55.79
      vertex 50.8637 10.8114 59.2
      vertex 50.8637 10.8114 55.5555
    endloop
  endfacet
  facet normal -0.987689 -0.156433 -1.58224e-06
    outer loop
      vertex 51.0752 9.47604 58.4747
      vertex 50.8637 10.8114 59.2
      vertex 50.8807 10.7041 55.79
    endloop
  endfacet
  facet normal -0.987691 -0.156418 -3.07818e-05
    outer loop
      vertex 50.8637 10.8114 59.2
      vertex 51.0752 9.47604 58.4747
      vertex 51.1436 9.04399 59.2
    endloop
  endfacet
  facet normal -0.965925 -0.258822 0
    outer loop
      vertex 50.0758 13.7517 36.0346
      vertex 49.4549 16.0689 55
      vertex 49.4549 16.0689 3.2
    endloop
  endfacet
  facet normal -0.9659 -0.258915 1.08057e-05
    outer loop
      vertex 50.0685 13.7792 40.0592
      vertex 49.4549 16.0689 55
      vertex 50.0561 13.8254 38.6445
    endloop
  endfacet
  facet normal -0.965955 -0.258708 -2.3129e-05
    outer loop
      vertex 50.081 13.7324 41.4908
      vertex 49.4549 16.0689 55
      vertex 50.0685 13.7792 40.0592
    endloop
  endfacet
  facet normal -0.965801 -0.259284 6.50137e-05
    outer loop
      vertex 49.4549 16.0689 55
      vertex 50.0652 13.7912 37.4338
      vertex 50.0561 13.8254 38.6445
    endloop
  endfacet
  facet normal -0.965954 -0.258713 -1.42466e-05
    outer loop
      vertex 49.4549 16.0689 55
      vertex 50.0758 13.7517 36.0346
      vertex 50.0652 13.7912 37.4338
    endloop
  endfacet
  facet normal -0.965874 -0.259011 -1.43034e-05
    outer loop
      vertex 49.4549 16.0689 3.2
      vertex 50.1124 13.6153 34.5065
      vertex 50.0758 13.7517 36.0346
    endloop
  endfacet
  facet normal -0.965953 -0.258718 1.03694e-05
    outer loop
      vertex 49.4549 16.0689 3.2
      vertex 50.1328 13.5391 33.6541
      vertex 50.1124 13.6153 34.5065
    endloop
  endfacet
  facet normal -0.965915 -0.25886 -2.30434e-06
    outer loop
      vertex 49.4549 16.0689 3.2
      vertex 50.1953 13.3059 32.1169
      vertex 50.1328 13.5391 33.6541
    endloop
  endfacet
  facet normal -0.965926 -0.258817 2.10125e-06
    outer loop
      vertex 49.4549 16.0689 3.2
      vertex 50.2207 13.2111 31.4919
      vertex 50.1953 13.3059 32.1169
    endloop
  endfacet
  facet normal -0.965993 -0.258568 2.90019e-05
    outer loop
      vertex 49.4549 16.0689 3.2
      vertex 50.2516 13.0956 30.9584
      vertex 50.2207 13.2111 31.4919
    endloop
  endfacet
  facet normal -0.965916 -0.258855 -3.90064e-06
    outer loop
      vertex 49.4549 16.0689 3.2
      vertex 50.3342 12.7874 29.5349
      vertex 50.2516 13.0956 30.9584
    endloop
  endfacet
  facet normal -0.965906 -0.258893 -8.90584e-06
    outer loop
      vertex 49.4549 16.0689 3.2
      vertex 50.4481 12.3625 28.044
      vertex 50.3342 12.7874 29.5349
    endloop
  endfacet
  facet normal -0.965939 -0.258771 1.05754e-05
    outer loop
      vertex 49.4549 16.0689 3.2
      vertex 50.4691 12.2841 27.7691
      vertex 50.4481 12.3625 28.044
    endloop
  endfacet
  facet normal -0.965901 -0.258913 -1.28559e-05
    outer loop
      vertex 49.4549 16.0689 3.2
      vertex 50.4917 12.1998 27.5338
      vertex 50.4691 12.2841 27.7691
    endloop
  endfacet
  facet normal -0.965937 -0.258779 9.97578e-06
    outer loop
      vertex 49.4549 16.0689 3.2
      vertex 50.6217 11.7145 26.1804
      vertex 50.4917 12.1998 27.5338
    endloop
  endfacet
  facet normal -0.965931 -0.258799 5.82422e-06
    outer loop
      vertex 49.4549 16.0689 3.2
      vertex 50.7836 11.1102 24.8037
      vertex 50.6217 11.7145 26.1804
    endloop
  endfacet
  facet normal -0.966128 -0.258061 0.000187271
    outer loop
      vertex 49.4549 16.0689 3.2
      vertex 50.7892 11.0892 24.7558
      vertex 50.7836 11.1102 24.8037
    endloop
  endfacet
  facet normal -0.965261 -0.261288 -0.000611856
    outer loop
      vertex 49.4549 16.0689 3.2
      vertex 50.7951 11.0675 24.7148
      vertex 50.7892 11.0892 24.7558
    endloop
  endfacet
  facet normal -0.965923 -0.258829 -0
    outer loop
      vertex 50.8637 10.8114 24.2302
      vertex 49.4549 16.0689 3.2
      vertex 50.8637 10.8114 3.2
    endloop
  endfacet
  facet normal -0.965939 -0.25877 1.5728e-05
    outer loop
      vertex 49.4549 16.0689 3.2
      vertex 50.8637 10.8114 24.2302
      vertex 50.7951 11.0675 24.7148
    endloop
  endfacet
  facet normal -0.965934 -0.258789 -8.11605e-06
    outer loop
      vertex 50.1133 13.6118 42.7653
      vertex 49.4549 16.0689 55
      vertex 50.081 13.7324 41.4908
    endloop
  endfacet
  facet normal -0.965912 -0.25887 9.27839e-06
    outer loop
      vertex 50.1592 13.4406 44.574
      vertex 49.4549 16.0689 55
      vertex 50.1133 13.6118 42.7653
    endloop
  endfacet
  facet normal -0.965921 -0.258837 1.91884e-07
    outer loop
      vertex 50.2483 13.1081 46.6642
      vertex 49.4549 16.0689 55
      vertex 50.1592 13.4406 44.574
    endloop
  endfacet
  facet normal -0.965944 -0.258751 -3.22899e-05
    outer loop
      vertex 50.3002 12.9142 47.8838
      vertex 49.4549 16.0689 55
      vertex 50.2483 13.1081 46.6642
    endloop
  endfacet
  facet normal -0.965926 -0.25882 1.34277e-07
    outer loop
      vertex 50.4491 12.3585 50.3243
      vertex 49.4549 16.0689 55
      vertex 50.3002 12.9142 47.8838
    endloop
  endfacet
  facet normal -0.965921 -0.258836 1.42308e-05
    outer loop
      vertex 50.5145 12.1145 51.3954
      vertex 49.4549 16.0689 55
      vertex 50.4491 12.3585 50.3243
    endloop
  endfacet
  facet normal -0.965924 -0.258826 2.76293e-06
    outer loop
      vertex 49.4549 16.0689 55
      vertex 50.5145 12.1145 51.3954
      vertex 49.9518 14.2145 55
    endloop
  endfacet
  facet normal -0.965926 -0.258817 -2.76519e-06
    outer loop
      vertex 50.7393 11.2755 54.1637
      vertex 49.9518 14.2145 55
      vertex 50.5145 12.1145 51.3954
    endloop
  endfacet
  facet normal -0.965926 -0.258819 3.66511e-06
    outer loop
      vertex 50.8124 11.0027 55.0635
      vertex 49.9518 14.2145 55
      vertex 50.7393 11.2755 54.1637
    endloop
  endfacet
  facet normal -0.965926 -0.258818 7.75984e-05
    outer loop
      vertex 49.9518 14.2145 55
      vertex 50.8124 11.0027 55.0635
      vertex 50.0246 13.9431 55.9828
    endloop
  endfacet
  facet normal -0.965926 -0.258819 8.11894e-05
    outer loop
      vertex 50.8637 10.8114 55.5555
      vertex 50.0246 13.9431 55.9828
      vertex 50.8124 11.0027 55.0635
    endloop
  endfacet
  facet normal -0.965929 -0.258808 -4.65639e-06
    outer loop
      vertex 50.0246 13.9431 55.9828
      vertex 50.8637 10.8114 55.5555
      vertex 50.2627 13.0544 59.2
    endloop
  endfacet
  facet normal -0.965927 -0.258815 0
    outer loop
      vertex 50.2627 13.0544 59.2
      vertex 50.8637 10.8114 55.5555
      vertex 50.8637 10.8114 59.2
    endloop
  endfacet
  facet normal -0.933585 -0.358357 0
    outer loop
      vertex 49.4549 16.0689 3.2
      vertex 47.5044 21.1503 55
      vertex 47.5044 21.1503 3.2
    endloop
  endfacet
  facet normal -0.933585 -0.358357 0
    outer loop
      vertex 47.5044 21.1503 55
      vertex 49.4549 16.0689 3.2
      vertex 49.4549 16.0689 55
    endloop
  endfacet
  facet normal -0.777145 -0.629322 0
    outer loop
      vertex 42.0689 30.5648 3.2
      vertex 38.6435 34.7948 55
      vertex 38.6435 34.7948 3.2
    endloop
  endfacet
  facet normal -0.777145 -0.629322 0
    outer loop
      vertex 38.6435 34.7948 55
      vertex 42.0689 30.5648 3.2
      vertex 42.0689 30.5648 55
    endloop
  endfacet
  facet normal -0.544637 -0.838672 0
    outer loop
      vertex 26 45.0333 3.2
      vertex 30.5648 42.0689 55
      vertex 26 45.0333 55
    endloop
  endfacet
  facet normal -0.544637 -0.838672 -0
    outer loop
      vertex 30.5648 42.0689 55
      vertex 26 45.0333 3.2
      vertex 30.5648 42.0689 3.2
    endloop
  endfacet
  facet normal -0.0523064 -0.998631 0
    outer loop
      vertex 0 52 3.2
      vertex 0.836227 51.9562 19.5438
      vertex 0 52 19.5
    endloop
  endfacet
  facet normal -0.0524035 -0.998626 4.98221e-06
    outer loop
      vertex 0 52 3.2
      vertex 1.66329 51.9128 19.6748
      vertex 0.836227 51.9562 19.5438
    endloop
  endfacet
  facet normal -0.052343 -0.998629 -1.14345e-06
    outer loop
      vertex 5.43548 51.7151 3.2
      vertex 1.66329 51.9128 19.6748
      vertex 0 52 3.2
    endloop
  endfacet
  facet normal -0.0523476 -0.998629 -2.20378e-06
    outer loop
      vertex 1.66329 51.9128 19.6748
      vertex 5.43548 51.7151 3.2
      vertex 2.47214 51.8704 19.8915
    endloop
  endfacet
  facet normal -0.0522527 -0.998634 1.47001e-05
    outer loop
      vertex 2.47214 51.8704 19.8915
      vertex 5.43548 51.7151 3.2
      vertex 3.25389 51.8295 20.1916
    endloop
  endfacet
  facet normal -0.0523354 -0.99863 4.05269e-06
    outer loop
      vertex 3.25389 51.8295 20.1916
      vertex 5.43548 51.7151 3.2
      vertex 4 51.7904 20.5718
    endloop
  endfacet
  facet normal -0.0523318 -0.99863 4.352e-06
    outer loop
      vertex 4 51.7904 20.5718
      vertex 5.43548 51.7151 3.2
      vertex 4.70228 51.7536 21.0279
    endloop
  endfacet
  facet normal -0.052332 -0.99863 4.34339e-06
    outer loop
      vertex 4.70228 51.7536 21.0279
      vertex 5.43548 51.7151 3.2
      vertex 5.35304 51.7195 21.5548
    endloop
  endfacet
  facet normal -0.0532963 -0.998579 0
    outer loop
      vertex 5.35304 51.7195 21.5548
      vertex 5.43548 51.7151 3.2
      vertex 5.43548 51.7151 21.6373
    endloop
  endfacet
  facet normal -0.0523064 -0.998631 0
    outer loop
      vertex 0.836227 51.9562 35.4562
      vertex 0 52 55
      vertex 0 52 35.5
    endloop
  endfacet
  facet normal -0.052343 -0.998629 -1.57036e-06
    outer loop
      vertex 0 52 55
      vertex 0.836227 51.9562 35.4562
      vertex 5.43548 51.7151 55
    endloop
  endfacet
  facet normal -0.0524008 -0.998626 1.20725e-05
    outer loop
      vertex 1.66329 51.9128 35.3252
      vertex 5.43548 51.7151 55
      vertex 0.836227 51.9562 35.4562
    endloop
  endfacet
  facet normal -0.0523477 -0.998629 1.86286e-06
    outer loop
      vertex 2.47214 51.8704 35.1085
      vertex 5.43548 51.7151 55
      vertex 1.66329 51.9128 35.3252
    endloop
  endfacet
  facet normal -0.0522518 -0.998634 -1.24632e-05
    outer loop
      vertex 3.25389 51.8295 34.8084
      vertex 5.43548 51.7151 55
      vertex 2.47214 51.8704 35.1085
    endloop
  endfacet
  facet normal -0.0523351 -0.99863 -3.44393e-06
    outer loop
      vertex 4 51.7904 34.4282
      vertex 5.43548 51.7151 55
      vertex 3.25389 51.8295 34.8084
    endloop
  endfacet
  facet normal -0.0523314 -0.99863 -3.70439e-06
    outer loop
      vertex 4.70228 51.7536 33.9721
      vertex 5.43548 51.7151 55
      vertex 4 51.7904 34.4282
    endloop
  endfacet
  facet normal -0.0523315 -0.99863 -3.70056e-06
    outer loop
      vertex 5.35304 51.7195 33.4452
      vertex 5.43548 51.7151 55
      vertex 4.70228 51.7536 33.9721
    endloop
  endfacet
  facet normal -0.0532963 -0.998579 -0
    outer loop
      vertex 5.43548 51.7151 55
      vertex 5.35304 51.7195 33.4452
      vertex 5.43548 51.7151 33.3627
    endloop
  endfacet
  facet normal -0.358357 -0.933585 0
    outer loop
      vertex 16.0689 49.4549 3.2
      vertex 21.1503 47.5044 55
      vertex 16.0689 49.4549 55
    endloop
  endfacet
  facet normal -0.358357 -0.933585 -0
    outer loop
      vertex 21.1503 47.5044 55
      vertex 16.0689 49.4549 3.2
      vertex 21.1503 47.5044 3.2
    endloop
  endfacet
  facet normal -0.258829 -0.965923 0
    outer loop
      vertex 10.8114 50.8637 3.2
      vertex 16.0689 49.4549 55
      vertex 10.8114 50.8637 55
    endloop
  endfacet
  facet normal -0.258829 -0.965923 -0
    outer loop
      vertex 16.0689 49.4549 55
      vertex 10.8114 50.8637 3.2
      vertex 16.0689 49.4549 3.2
    endloop
  endfacet
  facet normal 0.998629 -0.052343 0
    outer loop
      vertex -52 0 55
      vertex -51.7151 5.43548 3.2
      vertex -51.7151 5.43548 55
    endloop
  endfacet
  facet normal 0.998629 -0.052343 0
    outer loop
      vertex -51.7151 5.43548 3.2
      vertex -52 0 55
      vertex -52 0 3.2
    endloop
  endfacet
  facet normal 0.933585 -0.358357 0
    outer loop
      vertex -49.4549 16.0689 55
      vertex -47.5044 21.1503 3.2
      vertex -47.5044 21.1503 55
    endloop
  endfacet
  facet normal 0.933585 -0.358357 0
    outer loop
      vertex -47.5044 21.1503 3.2
      vertex -49.4549 16.0689 55
      vertex -49.4549 16.0689 3.2
    endloop
  endfacet
  facet normal 0.965923 -0.258829 0
    outer loop
      vertex -50.8637 10.8114 55
      vertex -49.4549 16.0689 3.2
      vertex -49.4549 16.0689 55
    endloop
  endfacet
  facet normal 0.965923 -0.258829 0
    outer loop
      vertex -49.4549 16.0689 3.2
      vertex -50.8637 10.8114 55
      vertex -50.8637 10.8114 3.2
    endloop
  endfacet
  facet normal 0.838672 -0.544637 0
    outer loop
      vertex -45.0333 26 55
      vertex -42.0689 30.5648 3.2
      vertex -42.0689 30.5648 55
    endloop
  endfacet
  facet normal 0.838672 -0.544637 0
    outer loop
      vertex -42.0689 30.5648 3.2
      vertex -45.0333 26 55
      vertex -45.0333 26 3.2
    endloop
  endfacet
  facet normal 0.777145 -0.629322 0
    outer loop
      vertex -42.0689 30.5648 55
      vertex -38.6435 34.7948 3.2
      vertex -38.6435 34.7948 55
    endloop
  endfacet
  facet normal 0.777145 -0.629322 0
    outer loop
      vertex -38.6435 34.7948 3.2
      vertex -42.0689 30.5648 55
      vertex -42.0689 30.5648 3.2
    endloop
  endfacet
  facet normal 0.258829 -0.965923 0
    outer loop
      vertex -16.0689 49.4549 3.2
      vertex -10.8114 50.8637 55
      vertex -16.0689 49.4549 55
    endloop
  endfacet
  facet normal 0.258829 -0.965923 0
    outer loop
      vertex -10.8114 50.8637 55
      vertex -16.0689 49.4549 3.2
      vertex -10.8114 50.8637 3.2
    endloop
  endfacet
  facet normal 0.0532963 -0.998579 0
    outer loop
      vertex -5.43548 51.7151 3.2
      vertex -5.35304 51.7195 21.5548
      vertex -5.43548 51.7151 21.6373
    endloop
  endfacet
  facet normal 0.052332 -0.99863 4.34339e-06
    outer loop
      vertex -5.43548 51.7151 3.2
      vertex -4.70228 51.7536 21.0279
      vertex -5.35304 51.7195 21.5548
    endloop
  endfacet
  facet normal 0.0523318 -0.99863 4.352e-06
    outer loop
      vertex -5.43548 51.7151 3.2
      vertex -4 51.7904 20.5718
      vertex -4.70228 51.7536 21.0279
    endloop
  endfacet
  facet normal 0.0523354 -0.99863 4.05269e-06
    outer loop
      vertex -5.43548 51.7151 3.2
      vertex -3.25389 51.8295 20.1916
      vertex -4 51.7904 20.5718
    endloop
  endfacet
  facet normal 0.0522527 -0.998634 1.47001e-05
    outer loop
      vertex -5.43548 51.7151 3.2
      vertex -2.47214 51.8704 19.8915
      vertex -3.25389 51.8295 20.1916
    endloop
  endfacet
  facet normal 0.0523476 -0.998629 -2.20378e-06
    outer loop
      vertex -5.43548 51.7151 3.2
      vertex -1.66329 51.9128 19.6748
      vertex -2.47214 51.8704 19.8915
    endloop
  endfacet
  facet normal 0.052343 -0.998629 -1.14345e-06
    outer loop
      vertex 0 52 3.2
      vertex -1.66329 51.9128 19.6748
      vertex -5.43548 51.7151 3.2
    endloop
  endfacet
  facet normal 0.0524035 -0.998626 4.98221e-06
    outer loop
      vertex -1.66329 51.9128 19.6748
      vertex 0 52 3.2
      vertex -0.836227 51.9562 19.5438
    endloop
  endfacet
  facet normal 0.0523064 -0.998631 0
    outer loop
      vertex -0.836227 51.9562 19.5438
      vertex 0 52 3.2
      vertex 0 52 19.5
    endloop
  endfacet
  facet normal 0.052343 -0.998629 -1.57036e-06
    outer loop
      vertex -0.836227 51.9562 35.4562
      vertex 0 52 55
      vertex -5.43548 51.7151 55
    endloop
  endfacet
  facet normal 0.0523064 -0.998631 0
    outer loop
      vertex 0 52 55
      vertex -0.836227 51.9562 35.4562
      vertex 0 52 35.5
    endloop
  endfacet
  facet normal 0.0524008 -0.998626 1.20725e-05
    outer loop
      vertex -5.43548 51.7151 55
      vertex -1.66329 51.9128 35.3252
      vertex -0.836227 51.9562 35.4562
    endloop
  endfacet
  facet normal 0.0523477 -0.998629 1.86286e-06
    outer loop
      vertex -5.43548 51.7151 55
      vertex -2.47214 51.8704 35.1085
      vertex -1.66329 51.9128 35.3252
    endloop
  endfacet
  facet normal 0.0522518 -0.998634 -1.24632e-05
    outer loop
      vertex -5.43548 51.7151 55
      vertex -3.25389 51.8295 34.8084
      vertex -2.47214 51.8704 35.1085
    endloop
  endfacet
  facet normal 0.0523351 -0.99863 -3.44393e-06
    outer loop
      vertex -5.43548 51.7151 55
      vertex -4 51.7904 34.4282
      vertex -3.25389 51.8295 34.8084
    endloop
  endfacet
  facet normal 0.0523314 -0.99863 -3.70439e-06
    outer loop
      vertex -5.43548 51.7151 55
      vertex -4.70228 51.7536 33.9721
      vertex -4 51.7904 34.4282
    endloop
  endfacet
  facet normal 0.0523315 -0.99863 -3.70056e-06
    outer loop
      vertex -5.43548 51.7151 55
      vertex -5.35304 51.7195 33.4452
      vertex -4.70228 51.7536 33.9721
    endloop
  endfacet
  facet normal 0.0532963 -0.998579 0
    outer loop
      vertex -5.35304 51.7195 33.4452
      vertex -5.43548 51.7151 55
      vertex -5.43548 51.7151 33.3627
    endloop
  endfacet
  facet normal 0.544637 -0.838672 0
    outer loop
      vertex -30.5648 42.0689 3.2
      vertex -26 45.0333 55
      vertex -30.5648 42.0689 55
    endloop
  endfacet
  facet normal 0.544637 -0.838672 0
    outer loop
      vertex -26 45.0333 55
      vertex -30.5648 42.0689 3.2
      vertex -26 45.0333 3.2
    endloop
  endfacet
  facet normal 0.629322 -0.777145 0
    outer loop
      vertex -34.7948 38.6435 3.2
      vertex -30.5648 42.0689 55
      vertex -34.7948 38.6435 55
    endloop
  endfacet
  facet normal 0.629322 -0.777145 0
    outer loop
      vertex -30.5648 42.0689 55
      vertex -34.7948 38.6435 3.2
      vertex -30.5648 42.0689 3.2
    endloop
  endfacet
  facet normal -0.998629 -0.052343 -0
    outer loop
      vertex 52 0 22.8716
      vertex 51.7151 5.43548 3.2
      vertex 52 0 3.2
    endloop
  endfacet
  facet normal -0.998629 -0.052343 0
    outer loop
      vertex 51.7151 5.43548 3.2
      vertex 52 0 22.8716
      vertex 51.7151 5.43548 23.1564
    endloop
  endfacet
  facet normal -0.052343 0.998629 0
    outer loop
      vertex 5.43548 -51.7151 3.2
      vertex 0 -52 55
      vertex 5.43548 -51.7151 55
    endloop
  endfacet
  facet normal -0.052343 0.998629 0
    outer loop
      vertex 0 -52 55
      vertex 5.43548 -51.7151 3.2
      vertex 0 -52 3.2
    endloop
  endfacet
  facet normal -0.965923 0.258829 0
    outer loop
      vertex 49.4549 -16.0689 3.2
      vertex 50.8637 -10.8114 24.2302
      vertex 50.8637 -10.8114 3.2
    endloop
  endfacet
  facet normal -0.965939 0.25877 1.5728e-05
    outer loop
      vertex 50.8637 -10.8114 24.2302
      vertex 49.4549 -16.0689 3.2
      vertex 50.7951 -11.0675 24.7148
    endloop
  endfacet
  facet normal -0.965261 0.261288 -0.000611856
    outer loop
      vertex 50.7951 -11.0675 24.7148
      vertex 49.4549 -16.0689 3.2
      vertex 50.7892 -11.0892 24.7558
    endloop
  endfacet
  facet normal -0.966128 0.258061 0.000187271
    outer loop
      vertex 50.7892 -11.0892 24.7558
      vertex 49.4549 -16.0689 3.2
      vertex 50.7836 -11.1102 24.8037
    endloop
  endfacet
  facet normal -0.965931 0.258799 5.82422e-06
    outer loop
      vertex 50.7836 -11.1102 24.8037
      vertex 49.4549 -16.0689 3.2
      vertex 50.6217 -11.7145 26.1804
    endloop
  endfacet
  facet normal -0.965937 0.258779 9.97578e-06
    outer loop
      vertex 50.6217 -11.7145 26.1804
      vertex 49.4549 -16.0689 3.2
      vertex 50.4917 -12.1998 27.5338
    endloop
  endfacet
  facet normal -0.965901 0.258913 -1.28559e-05
    outer loop
      vertex 50.4917 -12.1998 27.5338
      vertex 49.4549 -16.0689 3.2
      vertex 50.4691 -12.2841 27.7691
    endloop
  endfacet
  facet normal -0.965939 0.258771 1.05754e-05
    outer loop
      vertex 50.4691 -12.2841 27.7691
      vertex 49.4549 -16.0689 3.2
      vertex 50.4481 -12.3625 28.044
    endloop
  endfacet
  facet normal -0.965906 0.258893 -8.90584e-06
    outer loop
      vertex 50.4481 -12.3625 28.044
      vertex 49.4549 -16.0689 3.2
      vertex 50.3342 -12.7874 29.5349
    endloop
  endfacet
  facet normal -0.965916 0.258855 -3.90064e-06
    outer loop
      vertex 50.3342 -12.7874 29.5349
      vertex 49.4549 -16.0689 3.2
      vertex 50.2516 -13.0956 30.9584
    endloop
  endfacet
  facet normal -0.965993 0.258568 2.90019e-05
    outer loop
      vertex 50.2516 -13.0956 30.9584
      vertex 49.4549 -16.0689 3.2
      vertex 50.2207 -13.2111 31.4919
    endloop
  endfacet
  facet normal -0.965926 0.258817 2.10125e-06
    outer loop
      vertex 50.2207 -13.2111 31.4919
      vertex 49.4549 -16.0689 3.2
      vertex 50.1953 -13.3059 32.1169
    endloop
  endfacet
  facet normal -0.965953 0.258718 1.03694e-05
    outer loop
      vertex 49.4549 -16.0689 3.2
      vertex 50.1124 -13.6153 34.5065
      vertex 50.1328 -13.5391 33.6541
    endloop
  endfacet
  facet normal -0.965926 0.258818 7.75984e-05
    outer loop
      vertex 50.8124 -11.0027 55.0635
      vertex 49.9518 -14.2145 55
      vertex 50.0246 -13.9431 55.9828
    endloop
  endfacet
  facet normal -0.965915 0.25886 -2.30434e-06
    outer loop
      vertex 50.1953 -13.3059 32.1169
      vertex 49.4549 -16.0689 3.2
      vertex 50.1328 -13.5391 33.6541
    endloop
  endfacet
  facet normal -0.965874 0.259011 -1.43034e-05
    outer loop
      vertex 50.1124 -13.6153 34.5065
      vertex 49.4549 -16.0689 3.2
      vertex 50.0758 -13.7517 36.0346
    endloop
  endfacet
  facet normal -0.965925 0.258822 0
    outer loop
      vertex 49.4549 -16.0689 55
      vertex 50.0758 -13.7517 36.0346
      vertex 49.4549 -16.0689 3.2
    endloop
  endfacet
  facet normal -0.965954 0.258713 -1.42466e-05
    outer loop
      vertex 50.0758 -13.7517 36.0346
      vertex 49.4549 -16.0689 55
      vertex 50.0652 -13.7912 37.4338
    endloop
  endfacet
  facet normal -0.965801 0.259284 6.50137e-05
    outer loop
      vertex 50.0652 -13.7912 37.4338
      vertex 49.4549 -16.0689 55
      vertex 50.0561 -13.8254 38.6445
    endloop
  endfacet
  facet normal -0.965924 0.258826 -3.76207e-06
    outer loop
      vertex 50.0685 -13.7792 40.0592
      vertex 49.4549 -16.0689 55
      vertex 49.9518 -14.2145 55
    endloop
  endfacet
  facet normal -0.965926 0.258819 8.11894e-05
    outer loop
      vertex 50.0246 -13.9431 55.9828
      vertex 50.8637 -10.8114 55.5555
      vertex 50.8124 -11.0027 55.0635
    endloop
  endfacet
  facet normal -0.965926 0.258819 3.66511e-06
    outer loop
      vertex 49.9518 -14.2145 55
      vertex 50.8124 -11.0027 55.0635
      vertex 50.7393 -11.2755 54.1637
    endloop
  endfacet
  facet normal -0.965926 0.258817 -2.76519e-06
    outer loop
      vertex 49.9518 -14.2145 55
      vertex 50.7393 -11.2755 54.1637
      vertex 50.5145 -12.1145 51.3954
    endloop
  endfacet
  facet normal -0.96592 0.258842 1.27191e-05
    outer loop
      vertex 49.9518 -14.2145 55
      vertex 50.5145 -12.1145 51.3954
      vertex 50.4491 -12.3585 50.3243
    endloop
  endfacet
  facet normal -0.965927 0.258815 1.19117e-06
    outer loop
      vertex 49.9518 -14.2145 55
      vertex 50.4491 -12.3585 50.3243
      vertex 50.3002 -12.9142 47.8838
    endloop
  endfacet
  facet normal -0.965929 0.258808 -4.65639e-06
    outer loop
      vertex 50.8637 -10.8114 55.5555
      vertex 50.0246 -13.9431 55.9828
      vertex 50.2627 -13.0544 59.2
    endloop
  endfacet
  facet normal -0.965959 0.258694 -2.25361e-05
    outer loop
      vertex 49.9518 -14.2145 55
      vertex 50.3002 -12.9142 47.8838
      vertex 50.2483 -13.1081 46.6642
    endloop
  endfacet
  facet normal -0.965919 0.258844 -1.1418e-06
    outer loop
      vertex 49.9518 -14.2145 55
      vertex 50.2483 -13.1081 46.6642
      vertex 50.1592 -13.4406 44.574
    endloop
  endfacet
  facet normal -0.9659 0.258916 4.58886e-06
    outer loop
      vertex 49.9518 -14.2145 55
      vertex 50.1592 -13.4406 44.574
      vertex 50.1133 -13.6118 42.7653
    endloop
  endfacet
  facet normal -0.965944 0.258751 -4.17178e-06
    outer loop
      vertex 49.9518 -14.2145 55
      vertex 50.1133 -13.6118 42.7653
      vertex 50.081 -13.7324 41.4908
    endloop
  endfacet
  facet normal -0.965927 0.258815 0
    outer loop
      vertex 50.8637 -10.8114 55.5555
      vertex 50.2627 -13.0544 59.2
      vertex 50.8637 -10.8114 59.2
    endloop
  endfacet
  facet normal -0.966019 0.258472 -1.48365e-05
    outer loop
      vertex 49.9518 -14.2145 55
      vertex 50.081 -13.7324 41.4908
      vertex 50.0685 -13.7792 40.0592
    endloop
  endfacet
  facet normal -0.9659 0.258915 1.08057e-05
    outer loop
      vertex 49.4549 -16.0689 55
      vertex 50.0685 -13.7792 40.0592
      vertex 50.0561 -13.8254 38.6445
    endloop
  endfacet
  facet normal -0.777145 0.629322 0
    outer loop
      vertex 38.6435 -34.7948 3.2
      vertex 42.0689 -30.5648 55
      vertex 42.0689 -30.5648 3.2
    endloop
  endfacet
  facet normal -0.777145 0.629322 0
    outer loop
      vertex 42.0689 -30.5648 55
      vertex 38.6435 -34.7948 3.2
      vertex 38.6435 -34.7948 55
    endloop
  endfacet
  facet normal -0.891002 0.453998 0
    outer loop
      vertex 45.0333 -26 3.2
      vertex 47.5044 -21.1503 55
      vertex 47.5044 -21.1503 3.2
    endloop
  endfacet
  facet normal -0.891002 0.453998 0
    outer loop
      vertex 47.5044 -21.1503 55
      vertex 45.0333 -26 3.2
      vertex 45.0333 -26 55
    endloop
  endfacet
  facet normal -0.156423 0.98769 0
    outer loop
      vertex 10.8114 -50.8637 3.2
      vertex 5.43548 -51.7151 55
      vertex 10.8114 -50.8637 55
    endloop
  endfacet
  facet normal -0.156423 0.98769 0
    outer loop
      vertex 5.43548 -51.7151 55
      vertex 10.8114 -50.8637 3.2
      vertex 5.43548 -51.7151 3.2
    endloop
  endfacet
  facet normal -0.258829 0.965923 0
    outer loop
      vertex 16.0689 -49.4549 3.2
      vertex 10.8114 -50.8637 55
      vertex 16.0689 -49.4549 55
    endloop
  endfacet
  facet normal -0.258829 0.965923 0
    outer loop
      vertex 10.8114 -50.8637 55
      vertex 16.0689 -49.4549 3.2
      vertex 10.8114 -50.8637 3.2
    endloop
  endfacet
  facet normal -0.629322 0.777145 0
    outer loop
      vertex 34.7948 -38.6435 3.2
      vertex 30.5648 -42.0689 55
      vertex 34.7948 -38.6435 55
    endloop
  endfacet
  facet normal -0.629322 0.777145 0
    outer loop
      vertex 30.5648 -42.0689 55
      vertex 34.7948 -38.6435 3.2
      vertex 30.5648 -42.0689 3.2
    endloop
  endfacet
  facet normal -0.453998 0.891002 0
    outer loop
      vertex 26 -45.0333 3.2
      vertex 21.1503 -47.5044 55
      vertex 26 -45.0333 55
    endloop
  endfacet
  facet normal -0.453998 0.891002 0
    outer loop
      vertex 21.1503 -47.5044 55
      vertex 26 -45.0333 3.2
      vertex 21.1503 -47.5044 3.2
    endloop
  endfacet
  facet normal 0.052343 0.998629 -0
    outer loop
      vertex 0 -52 3.2
      vertex -5.43548 -51.7151 55
      vertex 0 -52 55
    endloop
  endfacet
  facet normal 0.052343 0.998629 0
    outer loop
      vertex -5.43548 -51.7151 55
      vertex 0 -52 3.2
      vertex -5.43548 -51.7151 3.2
    endloop
  endfacet
  facet normal 0.358357 0.933585 -0
    outer loop
      vertex -16.0689 -49.4549 3.2
      vertex -21.1503 -47.5044 55
      vertex -16.0689 -49.4549 55
    endloop
  endfacet
  facet normal 0.358357 0.933585 0
    outer loop
      vertex -21.1503 -47.5044 55
      vertex -16.0689 -49.4549 3.2
      vertex -21.1503 -47.5044 3.2
    endloop
  endfacet
  facet normal 0.544637 0.838672 -0
    outer loop
      vertex -26 -45.0333 3.2
      vertex -30.5648 -42.0689 55
      vertex -26 -45.0333 55
    endloop
  endfacet
  facet normal 0.544637 0.838672 0
    outer loop
      vertex -30.5648 -42.0689 55
      vertex -26 -45.0333 3.2
      vertex -30.5648 -42.0689 3.2
    endloop
  endfacet
  facet normal 0.965923 0.258829 0
    outer loop
      vertex -49.4549 -16.0689 55
      vertex -50.8637 -10.8114 3.2
      vertex -50.8637 -10.8114 55
    endloop
  endfacet
  facet normal 0.965923 0.258829 0
    outer loop
      vertex -50.8637 -10.8114 3.2
      vertex -49.4549 -16.0689 55
      vertex -49.4549 -16.0689 3.2
    endloop
  endfacet
  facet normal 0.998629 0.052343 0
    outer loop
      vertex -51.7151 -5.43548 55
      vertex -52 0 3.2
      vertex -52 0 55
    endloop
  endfacet
  facet normal 0.998629 0.052343 0
    outer loop
      vertex -52 0 3.2
      vertex -51.7151 -5.43548 55
      vertex -51.7151 -5.43548 3.2
    endloop
  endfacet
  facet normal 0 0 1
    outer loop
      vertex 51.7151 5.43548 3.2
      vertex 51.7151 -5.43548 3.2
      vertex 52 0 3.2
    endloop
  endfacet
  facet normal 0 0 1
    outer loop
      vertex 50.8637 10.8114 3.2
      vertex 51.7151 -5.43548 3.2
      vertex 51.7151 5.43548 3.2
    endloop
  endfacet
  facet normal 0 0 1
    outer loop
      vertex 50.8637 10.8114 3.2
      vertex 50.8637 -10.8114 3.2
      vertex 51.7151 -5.43548 3.2
    endloop
  endfacet
  facet normal 0 0 1
    outer loop
      vertex 49.4549 16.0689 3.2
      vertex 50.8637 -10.8114 3.2
      vertex 50.8637 10.8114 3.2
    endloop
  endfacet
  facet normal 0 0 1
    outer loop
      vertex 49.4549 16.0689 3.2
      vertex 49.4549 -16.0689 3.2
      vertex 50.8637 -10.8114 3.2
    endloop
  endfacet
  facet normal 0 0 1
    outer loop
      vertex 47.5044 21.1503 3.2
      vertex 49.4549 -16.0689 3.2
      vertex 49.4549 16.0689 3.2
    endloop
  endfacet
  facet normal 0 0 1
    outer loop
      vertex 47.5044 21.1503 3.2
      vertex 47.5044 -21.1503 3.2
      vertex 49.4549 -16.0689 3.2
    endloop
  endfacet
  facet normal 0 0 1
    outer loop
      vertex 45.0333 26 3.2
      vertex 47.5044 -21.1503 3.2
      vertex 47.5044 21.1503 3.2
    endloop
  endfacet
  facet normal 0 0 1
    outer loop
      vertex 45.0333 26 3.2
      vertex 45.0333 -26 3.2
      vertex 47.5044 -21.1503 3.2
    endloop
  endfacet
  facet normal 0 0 1
    outer loop
      vertex 42.0689 30.5648 3.2
      vertex 45.0333 -26 3.2
      vertex 45.0333 26 3.2
    endloop
  endfacet
  facet normal 0 0 1
    outer loop
      vertex 42.0689 30.5648 3.2
      vertex 42.0689 -30.5648 3.2
      vertex 45.0333 -26 3.2
    endloop
  endfacet
  facet normal 0 0 1
    outer loop
      vertex 38.6435 34.7948 3.2
      vertex 42.0689 -30.5648 3.2
      vertex 42.0689 30.5648 3.2
    endloop
  endfacet
  facet normal 0 0 1
    outer loop
      vertex 38.6435 34.7948 3.2
      vertex 38.6435 -34.7948 3.2
      vertex 42.0689 -30.5648 3.2
    endloop
  endfacet
  facet normal 0 0 1
    outer loop
      vertex 34.7948 38.6435 3.2
      vertex 38.6435 -34.7948 3.2
      vertex 38.6435 34.7948 3.2
    endloop
  endfacet
  facet normal 0 0 1
    outer loop
      vertex 34.7948 38.6435 3.2
      vertex 34.7948 -38.6435 3.2
      vertex 38.6435 -34.7948 3.2
    endloop
  endfacet
  facet normal 0 0 1
    outer loop
      vertex 30.5648 42.0689 3.2
      vertex 34.7948 -38.6435 3.2
      vertex 34.7948 38.6435 3.2
    endloop
  endfacet
  facet normal 0 0 1
    outer loop
      vertex 30.5648 42.0689 3.2
      vertex 30.5648 -42.0689 3.2
      vertex 34.7948 -38.6435 3.2
    endloop
  endfacet
  facet normal 0 0 1
    outer loop
      vertex 26 45.0333 3.2
      vertex 30.5648 -42.0689 3.2
      vertex 30.5648 42.0689 3.2
    endloop
  endfacet
  facet normal 0 0 1
    outer loop
      vertex 26 45.0333 3.2
      vertex 26 -45.0333 3.2
      vertex 30.5648 -42.0689 3.2
    endloop
  endfacet
  facet normal 0 0 1
    outer loop
      vertex 21.1503 47.5044 3.2
      vertex 26 -45.0333 3.2
      vertex 26 45.0333 3.2
    endloop
  endfacet
  facet normal 0 0 1
    outer loop
      vertex 21.1503 47.5044 3.2
      vertex 21.1503 -47.5044 3.2
      vertex 26 -45.0333 3.2
    endloop
  endfacet
  facet normal 0 0 1
    outer loop
      vertex 16.0689 49.4549 3.2
      vertex 21.1503 -47.5044 3.2
      vertex 21.1503 47.5044 3.2
    endloop
  endfacet
  facet normal 0 0 1
    outer loop
      vertex 16.0689 49.4549 3.2
      vertex 16.0689 -49.4549 3.2
      vertex 21.1503 -47.5044 3.2
    endloop
  endfacet
  facet normal 0 0 1
    outer loop
      vertex 10.8114 50.8637 3.2
      vertex 16.0689 -49.4549 3.2
      vertex 16.0689 49.4549 3.2
    endloop
  endfacet
  facet normal 0 0 1
    outer loop
      vertex 10.8114 50.8637 3.2
      vertex 10.8114 -50.8637 3.2
      vertex 16.0689 -49.4549 3.2
    endloop
  endfacet
  facet normal 0 0 1
    outer loop
      vertex 5.43548 51.7151 3.2
      vertex 10.8114 -50.8637 3.2
      vertex 10.8114 50.8637 3.2
    endloop
  endfacet
  facet normal 0 0 1
    outer loop
      vertex 5.43548 51.7151 3.2
      vertex 5.43548 -51.7151 3.2
      vertex 10.8114 -50.8637 3.2
    endloop
  endfacet
  facet normal 0 0 1
    outer loop
      vertex 0 52 3.2
      vertex 5.43548 -51.7151 3.2
      vertex 5.43548 51.7151 3.2
    endloop
  endfacet
  facet normal 0 0 1
    outer loop
      vertex 0 52 3.2
      vertex 0 -52 3.2
      vertex 5.43548 -51.7151 3.2
    endloop
  endfacet
  facet normal -0 0 1
    outer loop
      vertex -5.43548 51.7151 3.2
      vertex 0 -52 3.2
      vertex 0 52 3.2
    endloop
  endfacet
  facet normal 0 0 1
    outer loop
      vertex -5.43548 51.7151 3.2
      vertex -5.43548 -51.7151 3.2
      vertex 0 -52 3.2
    endloop
  endfacet
  facet normal -0 0 1
    outer loop
      vertex -10.8114 50.8637 3.2
      vertex -5.43548 -51.7151 3.2
      vertex -5.43548 51.7151 3.2
    endloop
  endfacet
  facet normal 0 0 1
    outer loop
      vertex -10.8114 50.8637 3.2
      vertex -10.8114 -50.8637 3.2
      vertex -5.43548 -51.7151 3.2
    endloop
  endfacet
  facet normal -0 0 1
    outer loop
      vertex -16.0689 49.4549 3.2
      vertex -10.8114 -50.8637 3.2
      vertex -10.8114 50.8637 3.2
    endloop
  endfacet
  facet normal 0 0 1
    outer loop
      vertex -16.0689 49.4549 3.2
      vertex -16.0689 -49.4549 3.2
      vertex -10.8114 -50.8637 3.2
    endloop
  endfacet
  facet normal -0 0 1
    outer loop
      vertex -21.1503 47.5044 3.2
      vertex -16.0689 -49.4549 3.2
      vertex -16.0689 49.4549 3.2
    endloop
  endfacet
  facet normal 0 0 1
    outer loop
      vertex -21.1503 47.5044 3.2
      vertex -21.1503 -47.5044 3.2
      vertex -16.0689 -49.4549 3.2
    endloop
  endfacet
  facet normal -0 0 1
    outer loop
      vertex -26 45.0333 3.2
      vertex -21.1503 -47.5044 3.2
      vertex -21.1503 47.5044 3.2
    endloop
  endfacet
  facet normal 0 0 1
    outer loop
      vertex -26 45.0333 3.2
      vertex -26 -45.0333 3.2
      vertex -21.1503 -47.5044 3.2
    endloop
  endfacet
  facet normal -0 0 1
    outer loop
      vertex -30.5648 42.0689 3.2
      vertex -26 -45.0333 3.2
      vertex -26 45.0333 3.2
    endloop
  endfacet
  facet normal 0 0 1
    outer loop
      vertex -30.5648 42.0689 3.2
      vertex -30.5648 -42.0689 3.2
      vertex -26 -45.0333 3.2
    endloop
  endfacet
  facet normal -0 0 1
    outer loop
      vertex -34.7948 38.6435 3.2
      vertex -30.5648 -42.0689 3.2
      vertex -30.5648 42.0689 3.2
    endloop
  endfacet
  facet normal 0 0 1
    outer loop
      vertex -34.7948 38.6435 3.2
      vertex -34.7948 -38.6435 3.2
      vertex -30.5648 -42.0689 3.2
    endloop
  endfacet
  facet normal -0 0 1
    outer loop
      vertex -38.6435 34.7948 3.2
      vertex -34.7948 -38.6435 3.2
      vertex -34.7948 38.6435 3.2
    endloop
  endfacet
  facet normal 0 0 1
    outer loop
      vertex -38.6435 34.7948 3.2
      vertex -38.6435 -34.7948 3.2
      vertex -34.7948 -38.6435 3.2
    endloop
  endfacet
  facet normal -0 0 1
    outer loop
      vertex -42.0689 30.5648 3.2
      vertex -38.6435 -34.7948 3.2
      vertex -38.6435 34.7948 3.2
    endloop
  endfacet
  facet normal 0 0 1
    outer loop
      vertex -42.0689 30.5648 3.2
      vertex -42.0689 -30.5648 3.2
      vertex -38.6435 -34.7948 3.2
    endloop
  endfacet
  facet normal -0 0 1
    outer loop
      vertex -45.0333 26 3.2
      vertex -42.0689 -30.5648 3.2
      vertex -42.0689 30.5648 3.2
    endloop
  endfacet
  facet normal 0 0 1
    outer loop
      vertex -45.0333 26 3.2
      vertex -45.0333 -26 3.2
      vertex -42.0689 -30.5648 3.2
    endloop
  endfacet
  facet normal -0 0 1
    outer loop
      vertex -47.5044 21.1503 3.2
      vertex -45.0333 -26 3.2
      vertex -45.0333 26 3.2
    endloop
  endfacet
  facet normal 0 0 1
    outer loop
      vertex -47.5044 21.1503 3.2
      vertex -47.5044 -21.1503 3.2
      vertex -45.0333 -26 3.2
    endloop
  endfacet
  facet normal -0 0 1
    outer loop
      vertex -49.4549 16.0689 3.2
      vertex -47.5044 -21.1503 3.2
      vertex -47.5044 21.1503 3.2
    endloop
  endfacet
  facet normal 0 0 1
    outer loop
      vertex -49.4549 16.0689 3.2
      vertex -49.4549 -16.0689 3.2
      vertex -47.5044 -21.1503 3.2
    endloop
  endfacet
  facet normal -0 0 1
    outer loop
      vertex -50.8637 10.8114 3.2
      vertex -49.4549 -16.0689 3.2
      vertex -49.4549 16.0689 3.2
    endloop
  endfacet
  facet normal 0 0 1
    outer loop
      vertex -50.8637 10.8114 3.2
      vertex -50.8637 -10.8114 3.2
      vertex -49.4549 -16.0689 3.2
    endloop
  endfacet
  facet normal -0 0 1
    outer loop
      vertex -51.7151 5.43548 3.2
      vertex -50.8637 -10.8114 3.2
      vertex -50.8637 10.8114 3.2
    endloop
  endfacet
  facet normal 0 0 1
    outer loop
      vertex -51.7151 5.43548 3.2
      vertex -51.7151 -5.43548 3.2
      vertex -50.8637 -10.8114 3.2
    endloop
  endfacet
  facet normal 0 -0 1
    outer loop
      vertex -51.7151 -5.43548 3.2
      vertex -51.7151 5.43548 3.2
      vertex -52 0 3.2
    endloop
  endfacet
  facet normal 0.838672 0.544637 0
    outer loop
      vertex -42.0689 -30.5648 55
      vertex -45.0333 -26 3.2
      vertex -45.0333 -26 55
    endloop
  endfacet
  facet normal 0.838672 0.544637 0
    outer loop
      vertex -45.0333 -26 3.2
      vertex -42.0689 -30.5648 55
      vertex -42.0689 -30.5648 3.2
    endloop
  endfacet
  facet normal 0.777145 0.629322 0
    outer loop
      vertex -38.6435 -34.7948 55
      vertex -42.0689 -30.5648 3.2
      vertex -42.0689 -30.5648 55
    endloop
  endfacet
  facet normal 0.777145 0.629322 0
    outer loop
      vertex -42.0689 -30.5648 3.2
      vertex -38.6435 -34.7948 55
      vertex -38.6435 -34.7948 3.2
    endloop
  endfacet
  facet normal -0.156423 -0.98769 0
    outer loop
      vertex 5.43548 51.7151 33.3627
      vertex 10.8114 50.8637 55
      vertex 5.43548 51.7151 55
    endloop
  endfacet
  facet normal -0.156394 -0.987695 -7.51865e-06
    outer loop
      vertex 5.94516 51.6344 32.853
      vertex 10.8114 50.8637 55
      vertex 5.43548 51.7151 33.3627
    endloop
  endfacet
  facet normal -0.156483 -0.987681 1.24848e-05
    outer loop
      vertex 6.47214 51.5509 32.2023
      vertex 10.8114 50.8637 55
      vertex 5.94516 51.6344 32.853
    endloop
  endfacet
  facet normal -0.156377 -0.987697 -8.07079e-06
    outer loop
      vertex 6.9282 51.4787 31.5
      vertex 10.8114 50.8637 55
      vertex 6.47214 51.5509 32.2023
    endloop
  endfacet
  facet normal -0.15641 -0.987692 -2.48446e-06
    outer loop
      vertex 7.30836 51.4185 30.7539
      vertex 10.8114 50.8637 55
      vertex 6.9282 51.4787 31.5
    endloop
  endfacet
  facet normal -0.156363 -0.9877 -9.42185e-06
    outer loop
      vertex 7.60845 51.371 29.9721
      vertex 10.8114 50.8637 55
      vertex 7.30836 51.4185 30.7539
    endloop
  endfacet
  facet normal -0.156655 -0.987653 2.88786e-05
    outer loop
      vertex 7.82518 51.3366 29.1633
      vertex 10.8114 50.8637 55
      vertex 7.60845 51.371 29.9721
    endloop
  endfacet
  facet normal -0.156226 -0.987721 -2.20038e-05
    outer loop
      vertex 7.95617 51.3159 28.3362
      vertex 10.8114 50.8637 55
      vertex 7.82518 51.3366 29.1633
    endloop
  endfacet
  facet normal -0.156126 -0.987737 -3.30075e-05
    outer loop
      vertex 8 51.309 27.5
      vertex 10.8114 50.8637 55
      vertex 7.95617 51.3159 28.3362
    endloop
  endfacet
  facet normal -0.156151 -0.987733 3.43626e-05
    outer loop
      vertex 10.8114 50.8637 3.2
      vertex 8 51.309 27.5
      vertex 7.95617 51.3159 26.6638
    endloop
  endfacet
  facet normal -0.156423 -0.98769 0
    outer loop
      vertex 10.8114 50.8637 3.2
      vertex 5.43548 51.7151 21.6373
      vertex 5.43548 51.7151 3.2
    endloop
  endfacet
  facet normal -0.156395 -0.987695 8.52899e-06
    outer loop
      vertex 5.43548 51.7151 21.6373
      vertex 10.8114 50.8637 3.2
      vertex 5.94516 51.6344 22.147
    endloop
  endfacet
  facet normal -0.156481 -0.987681 -1.40857e-05
    outer loop
      vertex 5.94516 51.6344 22.147
      vertex 10.8114 50.8637 3.2
      vertex 6.47214 51.5509 22.7977
    endloop
  endfacet
  facet normal -0.156379 -0.987697 9.05354e-06
    outer loop
      vertex 6.47214 51.5509 22.7977
      vertex 10.8114 50.8637 3.2
      vertex 6.9282 51.4787 23.5
    endloop
  endfacet
  facet normal -0.156411 -0.987692 2.7692e-06
    outer loop
      vertex 6.9282 51.4787 23.5
      vertex 10.8114 50.8637 3.2
      vertex 7.30836 51.4185 24.2461
    endloop
  endfacet
  facet normal -0.156366 -0.987699 1.04211e-05
    outer loop
      vertex 7.30836 51.4185 24.2461
      vertex 10.8114 50.8637 3.2
      vertex 7.60845 51.371 25.0279
    endloop
  endfacet
  facet normal -0.156645 -0.987655 -3.16143e-05
    outer loop
      vertex 7.60845 51.371 25.0279
      vertex 10.8114 50.8637 3.2
      vertex 7.82518 51.3366 25.8367
    endloop
  endfacet
  facet normal -0.156441 -0.987687 0
    outer loop
      vertex 8 51.309 27.5
      vertex 10.8114 50.8637 3.2
      vertex 10.8114 50.8637 55
    endloop
  endfacet
  facet normal -0.156236 -0.98772 2.37007e-05
    outer loop
      vertex 7.82518 51.3366 25.8367
      vertex 10.8114 50.8637 3.2
      vertex 7.95617 51.3159 26.6638
    endloop
  endfacet
  facet normal 0 0 -1
    outer loop
      vertex 49.024 -10.3502 59.2
      vertex 51.1436 -9.04399 59.2
      vertex 50.8637 -10.8114 59.2
    endloop
  endfacet
  facet normal -0 0 -1
    outer loop
      vertex 51.1436 -9.04399 59.2
      vertex 48.8283 -9.78697 59.2
      vertex 50.6419 -7.62809 59.2
    endloop
  endfacet
  facet normal 0 0 -1
    outer loop
      vertex 48.124 -7.76013 59.2
      vertex 50.6419 -7.62809 59.2
      vertex 48.8283 -9.78697 59.2
    endloop
  endfacet
  facet normal 0 0 -1
    outer loop
      vertex 50.1991 -12.9418 59.2
      vertex 50.8637 -10.8114 59.2
      vertex 50.2627 -13.0544 59.2
    endloop
  endfacet
  facet normal 0 0 -1
    outer loop
      vertex 49.2662 -10.8844 59.2
      vertex 50.8637 -10.8114 59.2
      vertex 50.1991 -12.9418 59.2
    endloop
  endfacet
  facet normal 0 0 -1
    outer loop
      vertex 49.024 -10.3502 59.2
      vertex 50.8637 -10.8114 59.2
      vertex 49.2662 -10.8844 59.2
    endloop
  endfacet
  facet normal 0 0 -1
    outer loop
      vertex 51.1436 -9.04399 59.2
      vertex 49.024 -10.3502 59.2
      vertex 48.8283 -9.78697 59.2
    endloop
  endfacet
  facet normal -0 0 -1
    outer loop
      vertex 50.6419 -7.62809 59.2
      vertex 48.124 -7.76013 59.2
      vertex 50.4956 -7.21525 59.2
    endloop
  endfacet
  facet normal 0 0 -1
    outer loop
      vertex 47.08 -1.96154 59.2
      vertex 49.4386 -0.449918 59.2
      vertex 49.5354 -2.40533 59.2
    endloop
  endfacet
  facet normal 0 0 -1
    outer loop
      vertex 50.3887 -6.78777 59.2
      vertex 47.6354 -5.76983 59.2
      vertex 49.8939 -4.81053 59.2
    endloop
  endfacet
  facet normal 0 0 -1
    outer loop
      vertex 47.6354 -5.76983 59.2
      vertex 50.3887 -6.78777 59.2
      vertex 48.124 -7.76013 59.2
    endloop
  endfacet
  facet normal 0 0 -1
    outer loop
      vertex 48.8283 9.78697 59.2
      vertex 51.1436 9.04399 59.2
      vertex 50.6419 7.62809 59.2
    endloop
  endfacet
  facet normal 0 0 -1
    outer loop
      vertex 48.124 7.76013 59.2
      vertex 50.6419 7.62809 59.2
      vertex 50.4956 7.21525 59.2
    endloop
  endfacet
  facet normal 0 0 -1
    outer loop
      vertex 48.124 7.76013 59.2
      vertex 50.4956 7.21525 59.2
      vertex 50.3887 6.78777 59.2
    endloop
  endfacet
  facet normal 0 -0 -1
    outer loop
      vertex 49.024 10.3502 59.2
      vertex 51.1436 9.04399 59.2
      vertex 48.8283 9.78697 59.2
    endloop
  endfacet
  facet normal 0 0 -1
    outer loop
      vertex 50.8637 10.8114 59.2
      vertex 50.1991 12.9418 59.2
      vertex 50.2627 13.0544 59.2
    endloop
  endfacet
  facet normal 0 0 -1
    outer loop
      vertex 47.6354 5.76983 59.2
      vertex 50.3887 6.78777 59.2
      vertex 49.8939 4.81053 59.2
    endloop
  endfacet
  facet normal 0 0 -1
    outer loop
      vertex 47.3989 4.55847 59.2
      vertex 49.8939 4.81053 59.2
      vertex 49.6016 2.84936 59.2
    endloop
  endfacet
  facet normal 0 0 -1
    outer loop
      vertex 47.1103 2.58556 59.2
      vertex 49.6016 2.84936 59.2
      vertex 49.5354 2.40533 59.2
    endloop
  endfacet
  facet normal 0 0 -1
    outer loop
      vertex 46.9847 0 59.2
      vertex 49.4386 0.449918 59.2
      vertex 49.4164 0 59.2
    endloop
  endfacet
  facet normal 0 0 -1
    outer loop
      vertex 50.8637 10.8114 59.2
      vertex 49.2662 10.8844 59.2
      vertex 50.1991 12.9418 59.2
    endloop
  endfacet
  facet normal 0 0 -1
    outer loop
      vertex 49.4386 0.449918 59.2
      vertex 47.08 1.96154 59.2
      vertex 49.5354 2.40533 59.2
    endloop
  endfacet
  facet normal 0 0 -1
    outer loop
      vertex 47.4886 -5.17204 59.2
      vertex 49.8939 -4.81053 59.2
      vertex 47.6354 -5.76983 59.2
    endloop
  endfacet
  facet normal -0 0 -1
    outer loop
      vertex 50.4956 -7.21525 59.2
      vertex 48.124 -7.76013 59.2
      vertex 50.3887 -6.78777 59.2
    endloop
  endfacet
  facet normal 0 0 -1
    outer loop
      vertex 47.3989 -4.55847 59.2
      vertex 49.8939 -4.81053 59.2
      vertex 47.4886 -5.17204 59.2
    endloop
  endfacet
  facet normal 0 0 -1
    outer loop
      vertex 51.1436 9.04399 59.2
      vertex 49.024 10.3502 59.2
      vertex 50.8637 10.8114 59.2
    endloop
  endfacet
  facet normal -0 0 -1
    outer loop
      vertex 50.8637 10.8114 59.2
      vertex 49.024 10.3502 59.2
      vertex 49.2662 10.8844 59.2
    endloop
  endfacet
  facet normal 0 0 -1
    outer loop
      vertex 49.8939 -4.81053 59.2
      vertex 47.3989 -4.55847 59.2
      vertex 49.6016 -2.84936 59.2
    endloop
  endfacet
  facet normal 0 0 -1
    outer loop
      vertex 47.1103 -2.58556 59.2
      vertex 49.6016 -2.84936 59.2
      vertex 47.3989 -4.55847 59.2
    endloop
  endfacet
  facet normal -0 0 -1
    outer loop
      vertex 50.3887 6.78777 59.2
      vertex 47.6354 5.76983 59.2
      vertex 48.124 7.76013 59.2
    endloop
  endfacet
  facet normal 0 0 -1
    outer loop
      vertex 50.6419 7.62809 59.2
      vertex 48.124 7.76013 59.2
      vertex 48.8283 9.78697 59.2
    endloop
  endfacet
  facet normal 0 0 -1
    outer loop
      vertex 49.6016 -2.84936 59.2
      vertex 47.1103 -2.58556 59.2
      vertex 49.5354 -2.40533 59.2
    endloop
  endfacet
  facet normal 0 0 -1
    outer loop
      vertex 47.08 -1.96154 59.2
      vertex 49.5354 -2.40533 59.2
      vertex 47.1103 -2.58556 59.2
    endloop
  endfacet
  facet normal -0 0 -1
    outer loop
      vertex 49.8939 4.81053 59.2
      vertex 47.3989 4.55847 59.2
      vertex 47.4886 5.17204 59.2
    endloop
  endfacet
  facet normal 0 0 -1
    outer loop
      vertex 49.8939 4.81053 59.2
      vertex 47.4886 5.17204 59.2
      vertex 47.6354 5.76983 59.2
    endloop
  endfacet
  facet normal 0 0 -1
    outer loop
      vertex 46.9847 0 59.2
      vertex 49.4386 -0.449918 59.2
      vertex 47.08 -1.96154 59.2
    endloop
  endfacet
  facet normal 0 0 -1
    outer loop
      vertex 49.4386 -0.449918 59.2
      vertex 46.9847 0 59.2
      vertex 49.4164 0 59.2
    endloop
  endfacet
  facet normal -0 0 -1
    outer loop
      vertex 49.5354 2.40533 59.2
      vertex 47.08 1.96154 59.2
      vertex 47.1103 2.58556 59.2
    endloop
  endfacet
  facet normal -0 0 -1
    outer loop
      vertex 49.6016 2.84936 59.2
      vertex 47.1103 2.58556 59.2
      vertex 47.3989 4.55847 59.2
    endloop
  endfacet
  facet normal -0 0 -1
    outer loop
      vertex 49.4386 0.449918 59.2
      vertex 46.9847 0 59.2
      vertex 47.08 1.96154 59.2
    endloop
  endfacet
  facet normal 0.98769 -0.156423 0
    outer loop
      vertex -51.7151 5.43548 55
      vertex -50.8637 10.8114 3.2
      vertex -50.8637 10.8114 55
    endloop
  endfacet
  facet normal 0.98769 -0.156423 0
    outer loop
      vertex -50.8637 10.8114 3.2
      vertex -51.7151 5.43548 55
      vertex -51.7151 5.43548 3.2
    endloop
  endfacet
  facet normal -0.98769 0.156423 0
    outer loop
      vertex 50.8637 -10.8114 3.2
      vertex 51.7151 -5.43548 23.1564
      vertex 51.7151 -5.43548 3.2
    endloop
  endfacet
  facet normal -0.98769 0.156426 -7.38242e-07
    outer loop
      vertex 51.7151 -5.43548 23.1564
      vertex 50.8637 -10.8114 3.2
      vertex 50.8844 -10.6806 23.9872
    endloop
  endfacet
  facet normal -0.987708 0.156312 0
    outer loop
      vertex 50.8844 -10.6806 23.9872
      vertex 50.8637 -10.8114 3.2
      vertex 50.8637 -10.8114 24.2302
    endloop
  endfacet
  facet normal -0.987691 0.156418 -3.07818e-05
    outer loop
      vertex 51.0752 -9.47604 58.4747
      vertex 50.8637 -10.8114 59.2
      vertex 51.1436 -9.04399 59.2
    endloop
  endfacet
  facet normal -0.987689 0.156433 -1.58224e-06
    outer loop
      vertex 50.8807 -10.7041 55.79
      vertex 50.8637 -10.8114 59.2
      vertex 51.0752 -9.47604 58.4747
    endloop
  endfacet
  facet normal -0.987681 0.156483 0
    outer loop
      vertex 50.8637 -10.8114 59.2
      vertex 50.8807 -10.7041 55.79
      vertex 50.8637 -10.8114 55.5555
    endloop
  endfacet
  facet normal -0.838672 0.544637 0
    outer loop
      vertex 42.0689 -30.5648 3.2
      vertex 45.0333 -26 55
      vertex 45.0333 -26 3.2
    endloop
  endfacet
  facet normal -0.838672 0.544637 0
    outer loop
      vertex 45.0333 -26 55
      vertex 42.0689 -30.5648 3.2
      vertex 42.0689 -30.5648 55
    endloop
  endfacet
  facet normal -0.358357 0.933585 0
    outer loop
      vertex 21.1503 -47.5044 3.2
      vertex 16.0689 -49.4549 55
      vertex 21.1503 -47.5044 55
    endloop
  endfacet
  facet normal -0.358357 0.933585 0
    outer loop
      vertex 16.0689 -49.4549 55
      vertex 21.1503 -47.5044 3.2
      vertex 16.0689 -49.4549 3.2
    endloop
  endfacet
  facet normal -0.707107 0.707107 0
    outer loop
      vertex 34.7948 -38.6435 3.2
      vertex 38.6435 -34.7948 55
      vertex 38.6435 -34.7948 3.2
    endloop
  endfacet
  facet normal -0.707107 0.707107 0
    outer loop
      vertex 38.6435 -34.7948 55
      vertex 34.7948 -38.6435 3.2
      vertex 34.7948 -38.6435 55
    endloop
  endfacet
  facet normal -0.544637 0.838672 0
    outer loop
      vertex 30.5648 -42.0689 3.2
      vertex 26 -45.0333 55
      vertex 30.5648 -42.0689 55
    endloop
  endfacet
  facet normal -0.544637 0.838672 0
    outer loop
      vertex 26 -45.0333 55
      vertex 30.5648 -42.0689 3.2
      vertex 26 -45.0333 3.2
    endloop
  endfacet
  facet normal 0.258829 0.965923 -0
    outer loop
      vertex -10.8114 -50.8637 3.2
      vertex -16.0689 -49.4549 55
      vertex -10.8114 -50.8637 55
    endloop
  endfacet
  facet normal 0.258829 0.965923 0
    outer loop
      vertex -16.0689 -49.4549 55
      vertex -10.8114 -50.8637 3.2
      vertex -16.0689 -49.4549 3.2
    endloop
  endfacet
  facet normal 0.453998 0.891002 -0
    outer loop
      vertex -21.1503 -47.5044 3.2
      vertex -26 -45.0333 55
      vertex -21.1503 -47.5044 55
    endloop
  endfacet
  facet normal 0.453998 0.891002 0
    outer loop
      vertex -26 -45.0333 55
      vertex -21.1503 -47.5044 3.2
      vertex -26 -45.0333 3.2
    endloop
  endfacet
  facet normal 0.629322 0.777145 -0
    outer loop
      vertex -30.5648 -42.0689 3.2
      vertex -34.7948 -38.6435 55
      vertex -30.5648 -42.0689 55
    endloop
  endfacet
  facet normal 0.629322 0.777145 0
    outer loop
      vertex -34.7948 -38.6435 55
      vertex -30.5648 -42.0689 3.2
      vertex -34.7948 -38.6435 3.2
    endloop
  endfacet
  facet normal 0.933585 0.358357 0
    outer loop
      vertex -47.5044 -21.1503 55
      vertex -49.4549 -16.0689 3.2
      vertex -49.4549 -16.0689 55
    endloop
  endfacet
  facet normal 0.933585 0.358357 0
    outer loop
      vertex -49.4549 -16.0689 3.2
      vertex -47.5044 -21.1503 55
      vertex -47.5044 -21.1503 3.2
    endloop
  endfacet
  facet normal -0.317828 -0.046846 0.94699
    outer loop
      vertex 95.6999 3.02462 31.4975
      vertex 58.7524 0 18.9476
      vertex 95.812 0 31.3855
    endloop
  endfacet
  facet normal -0.317797 -0.0471896 0.946984
    outer loop
      vertex 58.7524 0 18.9476
      vertex 95.6999 3.02462 31.4975
      vertex 58.7463 0.163493 18.9537
    endloop
  endfacet
  facet normal -0.317739 -0.0483448 0.946945
    outer loop
      vertex 58.7055 1.26426 18.9945
      vertex 95.6999 3.02462 31.4975
      vertex 95.6977 3.08413 31.4998
    endloop
  endfacet
  facet normal -0.317824 -0.0468804 0.94699
    outer loop
      vertex 95.6999 3.02462 31.4975
      vertex 58.7055 1.26426 18.9945
      vertex 58.7463 0.163493 18.9537
    endloop
  endfacet
  facet normal 0.946995 -0.0467659 -0.317827
    outer loop
      vertex 49.4164 0 59.2
      vertex 54.0877 0.0595008 73.1098
      vertex 54.0855 0 73.112
    endloop
  endfacet
  facet normal 0.946996 -0.046727 -0.317828
    outer loop
      vertex 54.0877 0.0595008 73.1098
      vertex 49.4164 0 59.2
      vertex 49.4386 0.449918 59.2
    endloop
  endfacet
  facet normal 0.347166 -0.894408 0.281977
    outer loop
      vertex 50.3342 12.7874 29.5349
      vertex 72.81 29.3466 54.3875
      vertex 72.7679 29.3435 54.4295
    endloop
  endfacet
  facet normal 0.34771 -0.894361 0.281453
    outer loop
      vertex 72.81 29.3466 54.3875
      vertex 50.3342 12.7874 29.5349
      vertex 50.4481 12.3625 28.044
    endloop
  endfacet
  facet normal -0.0840727 0.695841 0.713258
    outer loop
      vertex 54.4727 -8.45302 21.0843
      vertex 54.4777 -8.42146 21.0541
      vertex 54.0377 -8.24891 20.8339
    endloop
  endfacet
  facet normal -0.0839536 0.696 0.713117
    outer loop
      vertex 55.9226 -8.98824 21.7773
      vertex 87.2446 -23.8327 39.9529
      vertex 88.909 -21.9266 38.2885
    endloop
  endfacet
  facet normal -0.0838841 0.696071 0.713056
    outer loop
      vertex 87.2446 -23.8327 39.9529
      vertex 55.9226 -8.98824 21.7773
      vertex 55.8327 -9.09127 21.8673
    endloop
  endfacet
  facet normal 0.926299 -0.23168 -0.297142
    outer loop
      vertex 55.0957 9.06003 72.1018
      vertex 50.4956 7.21525 59.2
      vertex 55.1066 9.11759 72.0909
    endloop
  endfacet
  facet normal 0.926307 -0.231642 -0.29715
    outer loop
      vertex 50.4956 7.21525 59.2
      vertex 55.0957 9.06003 72.1018
      vertex 50.3887 6.78777 59.2
    endloop
  endfacet
  facet normal 0.946988 0.0468772 -0.31783
    outer loop
      vertex 54.1998 -3.08413 72.9977
      vertex 49.4386 -0.449918 59.2
      vertex 54.0877 -0.0595008 73.1098
    endloop
  endfacet
  facet normal 0.946988 0.0468794 -0.317829
    outer loop
      vertex 49.4386 -0.449918 59.2
      vertex 54.1998 -3.08413 72.9977
      vertex 49.5354 -2.40533 59.2
    endloop
  endfacet
  facet normal 0.150683 -0.865073 0.478481
    outer loop
      vertex 50.7892 11.0892 24.7558
      vertex 81.3551 28.0765 45.8423
      vertex 79.2865 28.8604 47.911
    endloop
  endfacet
  facet normal 0.149965 -0.86476 0.47927
    outer loop
      vertex 81.3551 28.0765 45.8423
      vertex 50.7892 11.0892 24.7558
      vertex 50.7951 11.0675 24.7148
    endloop
  endfacet
  facet normal -0.0839245 0.695995 0.713126
    outer loop
      vertex 54.0377 -8.24891 20.8339
      vertex 54.3246 -9.3876 21.979
      vertex 54.4727 -8.45302 21.0843
    endloop
  endfacet
  facet normal -0.0839885 0.695983 0.71313
    outer loop
      vertex 54.3246 -9.3876 21.979
      vertex 54.0377 -8.24891 20.8339
      vertex 53.3992 -8.98009 21.4723
    endloop
  endfacet
  facet normal -0.083617 0.696348 0.712817
    outer loop
      vertex 55.8327 -9.09127 21.8673
      vertex 87.2119 -23.8701 39.9856
      vertex 87.2446 -23.8327 39.9529
    endloop
  endfacet
  facet normal -0.0839658 0.695987 0.713128
    outer loop
      vertex 87.2119 -23.8701 39.9856
      vertex 55.8327 -9.09127 21.8673
      vertex 55.227 -9.78496 22.473
    endloop
  endfacet
  facet normal -0.133391 0.633301 0.762323
    outer loop
      vertex 54.6186 -7.42735 20.2529
      vertex 54.4826 -8.38997 21.0288
      vertex 54.6343 -7.43271 20.2601
    endloop
  endfacet
  facet normal -0.133178 0.633301 0.762361
    outer loop
      vertex 54.4826 -8.38997 21.0288
      vertex 54.6186 -7.42735 20.2529
      vertex 54.0377 -8.24891 20.8339
    endloop
  endfacet
  facet normal -0.132988 0.633606 0.76214
    outer loop
      vertex 56.5556 -8.09305 21.1444
      vertex 90.4234 -19.7849 36.7741
      vertex 90.4532 -19.7428 36.7443
    endloop
  endfacet
  facet normal -0.133224 0.633256 0.76239
    outer loop
      vertex 90.4234 -19.7849 36.7741
      vertex 56.5556 -8.09305 21.1444
      vertex 56.0045 -8.87247 21.6955
    endloop
  endfacet
  facet normal 0.215517 0.884561 0.413647
    outer loop
      vertex 79.2865 -28.8604 47.911
      vertex 50.7836 -11.1102 24.8037
      vertex 77.1712 -29.3342 50.0263
    endloop
  endfacet
  facet normal 0.216027 0.884686 0.413114
    outer loop
      vertex 50.7836 -11.1102 24.8037
      vertex 79.2865 -28.8604 47.911
      vertex 50.7892 -11.0892 24.7558
    endloop
  endfacet
  facet normal 0.479266 0.864769 0.149932
    outer loop
      vertex 68.5423 -28.0765 58.6551
      vertex 50.1328 -13.5391 33.6541
      vertex 68.5016 -28.061 58.6958
    endloop
  endfacet
  facet normal 0.478477 0.865073 0.15069
    outer loop
      vertex 50.1328 -13.5391 33.6541
      vertex 68.5423 -28.0765 58.6551
      vertex 50.1953 -13.3059 32.1169
    endloop
  endfacet
  facet normal 0.94022 0.138752 -0.311021
    outer loop
      vertex 54.2063 -3.14297 72.9911
      vertex 49.5354 -2.40533 59.2
      vertex 54.1998 -3.08413 72.9977
    endloop
  endfacet
  facet normal 0.940056 0.140152 -0.310891
    outer loop
      vertex 49.5354 -2.40533 59.2
      vertex 54.2063 -3.14297 72.9911
      vertex 49.6016 -2.84936 59.2
    endloop
  endfacet
  facet normal 0.946995 0.0467659 -0.317827
    outer loop
      vertex 54.0877 -0.0595008 73.1098
      vertex 49.4164 0 59.2
      vertex 54.0855 0 73.112
    endloop
  endfacet
  facet normal 0.946996 0.046727 -0.317828
    outer loop
      vertex 49.4164 0 59.2
      vertex 54.0877 -0.0595008 73.1098
      vertex 49.4386 -0.449918 59.2
    endloop
  endfacet
  facet normal 0.602083 0.797974 0.0270825
    outer loop
      vertex 66.4253 -26.9272 60.7721
      vertex 50.0561 -13.8254 38.6445
      vertex 64.5171 -25.5522 62.6804
    endloop
  endfacet
  facet normal 0.602097 0.797964 0.0270665
    outer loop
      vertex 50.0561 -13.8254 38.6445
      vertex 66.4253 -26.9272 60.7721
      vertex 50.0652 -13.7912 37.4338
    endloop
  endfacet
  facet normal -0.0303411 -0.7511 0.659491
    outer loop
      vertex 52.7102 9.61288 22.1613
      vertex 54.3246 9.3876 21.979
      vertex 54.1917 10.2271 22.929
    endloop
  endfacet
  facet normal -0.0303423 -0.751105 0.659486
    outer loop
      vertex 54.3246 9.3876 21.979
      vertex 52.7102 9.61288 22.1613
      vertex 53.3992 8.98009 21.4723
    endloop
  endfacet
  facet normal -0.0303171 -0.75111 0.659481
    outer loop
      vertex 55.227 9.78496 22.473
      vertex 87.1765 23.9026 40.0209
      vertex 54.5733 10.3853 23.1267
    endloop
  endfacet
  facet normal -0.0308783 -0.75057 0.660069
    outer loop
      vertex 87.1765 23.9026 40.0209
      vertex 55.227 9.78496 22.473
      vertex 87.2119 23.8701 39.9856
    endloop
  endfacet
  facet normal 0.413648 0.88456 0.215518
    outer loop
      vertex 72.7263 -29.3342 54.4712
      vertex 50.2207 -13.2111 31.4919
      vertex 70.611 -28.8604 56.5865
    endloop
  endfacet
  facet normal 0.413699 0.884551 0.215462
    outer loop
      vertex 50.2207 -13.2111 31.4919
      vertex 72.7263 -29.3342 54.4712
      vertex 50.2516 -13.0956 30.9584
    endloop
  endfacet
  facet normal -0.297116 0.231794 0.926279
    outer loop
      vertex 58.5655 -2.51466 19.1345
      vertex 94.8018 -9.06003 32.3957
      vertex 95.3561 -6.13446 31.8414
    endloop
  endfacet
  facet normal -0.297051 0.232063 0.926233
    outer loop
      vertex 94.8018 -9.06003 32.3957
      vertex 58.5655 -2.51466 19.1345
      vertex 58.5355 -2.6728 19.1645
    endloop
  endfacet
  facet normal -0.276619 0.321004 0.905781
    outer loop
      vertex 58.3338 -3.73752 19.3662
      vertex 94.7758 -9.17321 32.4217
      vertex 94.7909 -9.11759 32.4066
    endloop
  endfacet
  facet normal -0.276637 0.320929 0.905801
    outer loop
      vertex 94.7758 -9.17321 32.4217
      vertex 58.3338 -3.73752 19.3662
      vertex 58.0545 -4.76658 19.6455
    endloop
  endfacet
  facet normal -0.317828 0.046846 0.94699
    outer loop
      vertex 58.7524 0 18.9476
      vertex 95.6999 -3.02462 31.4975
      vertex 95.812 0 31.3855
    endloop
  endfacet
  facet normal -0.317797 0.0471896 0.946984
    outer loop
      vertex 95.6999 -3.02462 31.4975
      vertex 58.7524 0 18.9476
      vertex 58.7463 -0.163493 18.9537
    endloop
  endfacet
  facet normal -0.133206 0.633256 0.762393
    outer loop
      vertex 54.4777 -8.42146 21.0541
      vertex 54.4826 -8.38997 21.0288
      vertex 54.0377 -8.24891 20.8339
    endloop
  endfacet
  facet normal -0.133213 0.633273 0.762377
    outer loop
      vertex 56.0045 -8.87247 21.6955
      vertex 88.909 -21.9266 38.2885
      vertex 90.4234 -19.7849 36.7741
    endloop
  endfacet
  facet normal -0.133345 0.633096 0.762501
    outer loop
      vertex 88.909 -21.9266 38.2885
      vertex 56.0045 -8.87247 21.6955
      vertex 55.9226 -8.98824 21.7773
    endloop
  endfacet
  facet normal -0.19797 0.528792 0.82534
    outer loop
      vertex 54.6343 -7.43271 20.2601
      vertex 54.6344 -7.43158 20.2594
      vertex 54.6186 -7.42735 20.2529
    endloop
  endfacet
  facet normal -0.177564 0.563612 0.806729
    outer loop
      vertex 56.6285 -7.96582 21.0715
      vertex 90.4532 -19.7428 36.7443
      vertex 91.801 -17.389 35.3965
    endloop
  endfacet
  facet normal -0.177431 0.563831 0.806606
    outer loop
      vertex 90.4532 -19.7428 36.7443
      vertex 56.6285 -7.96582 21.0715
      vertex 56.5556 -8.09305 21.1444
    endloop
  endfacet
  facet normal -0.276633 0.32095 0.905796
    outer loop
      vertex 58.0545 -4.76658 19.6455
      vertex 94.0083 -12.0008 33.1892
      vertex 94.7758 -9.17321 32.4217
    endloop
  endfacet
  facet normal -0.27661 0.321027 0.905775
    outer loop
      vertex 94.0083 -12.0008 33.1892
      vertex 58.0545 -4.76658 19.6455
      vertex 58.013 -4.91943 19.687
    endloop
  endfacet
  facet normal 0.706888 0.000278529 0.707325
    outer loop
      vertex 54.6597 -7.27197 20.2119
      vertex 54.7132 -6.93399 20.1583
      vertex 54.0377 -8.24891 20.8339
    endloop
  endfacet
  facet normal 0.281436 0.894359 0.347731
    outer loop
      vertex 77.0875 -29.3466 50.11
      vertex 50.4691 -12.2841 27.7691
      vertex 74.9487 -29.5051 52.2487
    endloop
  endfacet
  facet normal 0.281663 0.894384 0.347481
    outer loop
      vertex 50.4691 -12.2841 27.7691
      vertex 77.0875 -29.3466 50.11
      vertex 50.4917 -12.1998 27.5338
    endloop
  endfacet
  facet normal 0.281962 0.894417 0.347152
    outer loop
      vertex 77.1295 -29.3435 50.0679
      vertex 50.4917 -12.1998 27.5338
      vertex 77.0875 -29.3466 50.11
    endloop
  endfacet
  facet normal 0.281435 0.894359 0.347731
    outer loop
      vertex 50.4917 -12.1998 27.5338
      vertex 77.1295 -29.3435 50.0679
      vertex 50.6217 -11.7145 26.1804
    endloop
  endfacet
  facet normal 0.845089 0.489064 -0.215967
    outer loop
      vertex 56.9036 -14.8025 70.2939
      vertex 50.8124 -11.0027 55.0635
      vertex 56.8806 -14.7526 70.3169
    endloop
  endfacet
  facet normal 0.845728 0.487692 -0.216565
    outer loop
      vertex 50.8124 -11.0027 55.0635
      vertex 56.9036 -14.8025 70.2939
      vertex 50.7393 -11.2755 54.1637
    endloop
  endfacet
  facet normal 0.845698 -0.487755 -0.21654
    outer loop
      vertex 50.7393 11.2755 54.1637
      vertex 58.07 17.3427 69.1275
      vertex 56.9036 14.8025 70.2939
    endloop
  endfacet
  facet normal 0.84568 -0.487799 -0.216513
    outer loop
      vertex 58.07 17.3427 69.1275
      vertex 50.7393 11.2755 54.1637
      vertex 50.5145 12.1145 51.3954
    endloop
  endfacet
  facet normal 0.94022 -0.138752 -0.311021
    outer loop
      vertex 49.5354 2.40533 59.2
      vertex 54.2063 3.14297 72.9911
      vertex 54.1998 3.08413 72.9977
    endloop
  endfacet
  facet normal 0.940056 -0.140152 -0.310891
    outer loop
      vertex 54.2063 3.14297 72.9911
      vertex 49.5354 2.40533 59.2
      vertex 49.6016 2.84936 59.2
    endloop
  endfacet
  facet normal 0.34773 -0.894359 0.281435
    outer loop
      vertex 50.4481 12.3625 28.044
      vertex 74.9487 29.5051 52.2487
      vertex 72.81 29.3466 54.3875
    endloop
  endfacet
  facet normal 0.347555 -0.894369 0.281619
    outer loop
      vertex 74.9487 29.5051 52.2487
      vertex 50.4481 12.3625 28.044
      vertex 50.4691 12.2841 27.7691
    endloop
  endfacet
  facet normal -0.133206 -0.633256 0.762393
    outer loop
      vertex 54.4826 8.38997 21.0288
      vertex 54.4777 8.42146 21.0541
      vertex 54.0377 8.24891 20.8339
    endloop
  endfacet
  facet normal -0.133213 -0.633273 0.762377
    outer loop
      vertex 88.909 21.9266 38.2885
      vertex 56.0045 8.87247 21.6955
      vertex 90.4234 19.7849 36.7741
    endloop
  endfacet
  facet normal -0.133345 -0.633096 0.762501
    outer loop
      vertex 56.0045 8.87247 21.6955
      vertex 88.909 21.9266 38.2885
      vertex 55.9226 8.98824 21.7773
    endloop
  endfacet
  facet normal -0.311018 -0.138752 0.940221
    outer loop
      vertex 95.6911 3.14297 31.5063
      vertex 58.7055 1.26426 18.9945
      vertex 95.6977 3.08413 31.4998
    endloop
  endfacet
  facet normal -0.310898 -0.140068 0.940065
    outer loop
      vertex 58.7055 1.26426 18.9945
      vertex 95.6911 3.14297 31.5063
      vertex 58.5836 2.35296 19.1164
    endloop
  endfacet
  facet normal -0.0840727 -0.695841 0.713258
    outer loop
      vertex 54.4777 8.42146 21.0541
      vertex 54.4727 8.45302 21.0843
      vertex 54.0377 8.24891 20.8339
    endloop
  endfacet
  facet normal -0.0839536 -0.696 0.713117
    outer loop
      vertex 87.2446 23.8327 39.9529
      vertex 55.9226 8.98824 21.7773
      vertex 88.909 21.9266 38.2885
    endloop
  endfacet
  facet normal -0.0838841 -0.696071 0.713056
    outer loop
      vertex 55.9226 8.98824 21.7773
      vertex 87.2446 23.8327 39.9529
      vertex 55.8327 9.09127 21.8673
    endloop
  endfacet
  facet normal -0.297142 -0.23168 0.926299
    outer loop
      vertex 94.7909 9.11759 32.4066
      vertex 58.5355 2.6728 19.1645
      vertex 94.8018 9.06003 32.3957
    endloop
  endfacet
  facet normal -0.297123 -0.231762 0.926285
    outer loop
      vertex 58.5355 2.6728 19.1645
      vertex 94.7909 9.11759 32.4066
      vertex 58.3338 3.73752 19.3662
    endloop
  endfacet
  facet normal -0.215969 -0.489064 0.845088
    outer loop
      vertex 92.9939 14.8025 34.2036
      vertex 57.6066 6.04743 20.0934
      vertex 93.0169 14.7526 34.1806
    endloop
  endfacet
  facet normal -0.216532 -0.487766 0.845694
    outer loop
      vertex 57.6066 6.04743 20.0934
      vertex 92.9939 14.8025 34.2036
      vertex 57.1821 6.97188 20.5179
    endloop
  endfacet
  facet normal -0.180554 0.563907 0.805859
    outer loop
      vertex 54.6344 -7.43158 20.2594
      vertex 54.6414 -7.38761 20.2302
      vertex 54.6186 -7.42735 20.2529
    endloop
  endfacet
  facet normal -0.177646 0.563461 0.806817
    outer loop
      vertex 57.119 -7.10919 20.581
      vertex 91.801 -17.389 35.3965
      vertex 91.8275 -17.3427 35.37
    endloop
  endfacet
  facet normal -0.177568 0.563604 0.806734
    outer loop
      vertex 91.801 -17.389 35.3965
      vertex 57.119 -7.10919 20.581
      vertex 56.6285 -7.96582 21.0715
    endloop
  endfacet
  facet normal 0.704956 0.000679776 0.709251
    outer loop
      vertex 54.6597 -7.27197 20.2119
      vertex 54.6186 -7.42735 20.2529
      vertex 54.6414 -7.38761 20.2302
    endloop
  endfacet
  facet normal 0.707717 -0.000777851 0.706495
    outer loop
      vertex 54.6186 -7.42735 20.2529
      vertex 54.6597 -7.27197 20.2119
      vertex 54.0377 -8.24891 20.8339
    endloop
  endfacet
  facet normal 0.027078 0.797972 0.602086
    outer loop
      vertex 83.4346 -26.9543 43.7629
      vertex 85.3428 -25.5792 41.8546
      vertex 51.9782 -10.1404 22.8934
    endloop
  endfacet
  facet normal 0.707331 -0.000488288 0.706882
    outer loop
      vertex 53.3992 -8.98009 21.4723
      vertex 54.0377 -8.24891 20.8339
      vertex 51.9782 -10.1404 22.8934
    endloop
  endfacet
  facet normal -0.030518 0.75092 0.659688
    outer loop
      vertex 54.1757 -10.3279 23.043
      vertex 54.1917 -10.2271 22.929
      vertex 52.7102 -9.61288 22.1613
    endloop
  endfacet
  facet normal -0.0303203 0.751106 0.659485
    outer loop
      vertex 54.5733 -10.3853 23.1267
      vertex 85.3804 -25.5522 41.8171
      vertex 87.1765 -23.9026 40.0209
    endloop
  endfacet
  facet normal -0.0303902 0.751046 0.659551
    outer loop
      vertex 85.3804 -25.5522 41.8171
      vertex 54.5733 -10.3853 23.1267
      vertex 54.4762 -10.4745 23.2238
    endloop
  endfacet
  facet normal 0.0270796 0.797974 0.602084
    outer loop
      vertex 85.3428 -25.5792 41.8546
      vertex 54.4762 -10.4745 23.2238
      vertex 54.1108 -10.7378 23.5892
    endloop
  endfacet
  facet normal 0.0272304 0.798087 0.601926
    outer loop
      vertex 54.4762 -10.4745 23.2238
      vertex 85.3428 -25.5792 41.8546
      vertex 85.3804 -25.5522 41.8171
    endloop
  endfacet
  facet normal 0.0271121 0.797999 0.602049
    outer loop
      vertex 54.1108 -10.7378 23.5892
      vertex 51.9782 -10.1404 22.8934
      vertex 85.3428 -25.5792 41.8546
    endloop
  endfacet
  facet normal 0.0271072 0.797981 0.602072
    outer loop
      vertex 52.7102 -9.61288 22.1613
      vertex 54.1108 -10.7378 23.5892
      vertex 54.1757 -10.3279 23.043
    endloop
  endfacet
  facet normal 0.0270956 0.797976 0.60208
    outer loop
      vertex 54.1108 -10.7378 23.5892
      vertex 52.7102 -9.61288 22.1613
      vertex 51.9782 -10.1404 22.8934
    endloop
  endfacet
  facet normal 0.0876375 0.836103 0.541527
    outer loop
      vertex 81.4352 -28.0397 45.7623
      vertex 83.4346 -26.9543 43.7629
      vertex 51.9782 -10.1404 22.8934
    endloop
  endfacet
  facet normal 0.704956 -0.000679776 0.709251
    outer loop
      vertex 54.6186 7.42735 20.2529
      vertex 54.6597 7.27197 20.2119
      vertex 54.6414 7.38761 20.2302
    endloop
  endfacet
  facet normal 0.707717 0.000777851 0.706495
    outer loop
      vertex 54.6597 7.27197 20.2119
      vertex 54.6186 7.42735 20.2529
      vertex 54.0377 8.24891 20.8339
    endloop
  endfacet
  facet normal 0.215449 0.884546 0.413714
    outer loop
      vertex 77.1712 -29.3342 50.0263
      vertex 50.6217 -11.7145 26.1804
      vertex 77.1295 -29.3435 50.0679
    endloop
  endfacet
  facet normal 0.215541 0.884565 0.413626
    outer loop
      vertex 50.6217 -11.7145 26.1804
      vertex 77.1712 -29.3342 50.0263
      vertex 50.7836 -11.1102 24.8037
    endloop
  endfacet
  facet normal -0.311018 0.138752 0.940221
    outer loop
      vertex 58.7055 -1.26426 18.9945
      vertex 95.6911 -3.14297 31.5063
      vertex 95.6977 -3.08413 31.4998
    endloop
  endfacet
  facet normal -0.310898 0.140068 0.940065
    outer loop
      vertex 95.6911 -3.14297 31.5063
      vertex 58.7055 -1.26426 18.9945
      vertex 58.5836 -2.35296 19.1164
    endloop
  endfacet
  facet normal -0.310895 0.140119 0.940059
    outer loop
      vertex 58.5836 -2.35296 19.1164
      vertex 95.3561 -6.13446 31.8414
      vertex 95.6911 -3.14297 31.5063
    endloop
  endfacet
  facet normal -0.310908 0.140029 0.940068
    outer loop
      vertex 95.3561 -6.13446 31.8414
      vertex 58.5836 -2.35296 19.1164
      vertex 58.5655 -2.51466 19.1345
    endloop
  endfacet
  facet normal -0.249673 0.406584 0.878836
    outer loop
      vertex 58.013 -4.91943 19.687
      vertex 93.036 -14.6995 34.1615
      vertex 94.0083 -12.0008 33.1892
    endloop
  endfacet
  facet normal -0.249557 0.406859 0.878742
    outer loop
      vertex 93.036 -14.6995 34.1615
      vertex 58.013 -4.91943 19.687
      vertex 57.9604 -5.0653 19.7396
    endloop
  endfacet
  facet normal 0.281436 -0.894359 0.347731
    outer loop
      vertex 50.4691 12.2841 27.7691
      vertex 77.0875 29.3466 50.11
      vertex 74.9487 29.5051 52.2487
    endloop
  endfacet
  facet normal 0.281663 -0.894384 0.347481
    outer loop
      vertex 77.0875 29.3466 50.11
      vertex 50.4691 12.2841 27.7691
      vertex 50.4917 12.1998 27.5338
    endloop
  endfacet
  facet normal 0.926279 0.231799 -0.297114
    outer loop
      vertex 54.5414 -6.13446 72.6561
      vertex 50.3887 -6.78777 59.2
      vertex 49.8939 -4.81053 59.2
    endloop
  endfacet
  facet normal 0.92628 0.231793 -0.297114
    outer loop
      vertex 54.9445 -8.26201 72.253
      vertex 50.3887 -6.78777 59.2
      vertex 54.5414 -6.13446 72.6561
    endloop
  endfacet
  facet normal 0.92628 0.231795 -0.297114
    outer loop
      vertex 50.3887 -6.78777 59.2
      vertex 54.9445 -8.26201 72.253
      vertex 55.0957 -9.06003 72.1018
    endloop
  endfacet
  facet normal 0.940061 0.14011 -0.310893
    outer loop
      vertex 54.2063 -3.14297 72.9911
      vertex 49.8939 -4.81053 59.2
      vertex 49.6016 -2.84936 59.2
    endloop
  endfacet
  facet normal 0.940059 0.140119 -0.310894
    outer loop
      vertex 49.8939 -4.81053 59.2
      vertex 54.2063 -3.14297 72.9911
      vertex 54.5414 -6.13446 72.6561
    endloop
  endfacet
  facet normal 0.878836 0.406584 -0.249672
    outer loop
      vertex 56.8615 -14.6995 70.336
      vertex 51.0752 -9.47604 58.4747
      vertex 55.8892 -12.0008 71.3083
    endloop
  endfacet
  facet normal 0.878831 0.406603 -0.249661
    outer loop
      vertex 51.0752 -9.47604 58.4747
      vertex 56.8615 -14.6995 70.336
      vertex 50.8807 -10.7041 55.79
    endloop
  endfacet
  facet normal 0.905794 0.320953 -0.276633
    outer loop
      vertex 55.1217 -9.17321 72.0758
      vertex 51.1436 -9.04399 59.2
      vertex 50.6419 -7.62809 59.2
    endloop
  endfacet
  facet normal 0.905796 0.32095 -0.276633
    outer loop
      vertex 55.8892 -12.0008 71.3083
      vertex 51.1436 -9.04399 59.2
      vertex 55.1217 -9.17321 72.0758
    endloop
  endfacet
  facet normal 0.905788 0.320979 -0.276623
    outer loop
      vertex 51.1436 -9.04399 59.2
      vertex 55.8892 -12.0008 71.3083
      vertex 51.0752 -9.47604 58.4747
    endloop
  endfacet
  facet normal 0.80668 0.563695 -0.177525
    outer loop
      vertex 58.4642 -18.031 68.7333
      vertex 50.4491 -12.3585 50.3243
      vertex 58.0965 -17.389 69.101
    endloop
  endfacet
  facet normal 0.806744 0.563584 -0.177587
    outer loop
      vertex 59.4443 -19.7428 67.7532
      vertex 50.4491 -12.3585 50.3243
      vertex 58.4642 -18.031 68.7333
    endloop
  endfacet
  facet normal 0.806721 0.563627 -0.177557
    outer loop
      vertex 50.4491 -12.3585 50.3243
      vertex 59.4443 -19.7428 67.7532
      vertex 50.3002 -12.9142 47.8838
    endloop
  endfacet
  facet normal 0.660069 0.75057 -0.0308783
    outer loop
      vertex 62.7209 -23.9026 64.4765
      vertex 50.081 -13.7324 41.4908
      vertex 62.6856 -23.8701 64.5119
    endloop
  endfacet
  facet normal 0.659477 0.751113 -0.0303126
    outer loop
      vertex 50.081 -13.7324 41.4908
      vertex 62.7209 -23.9026 64.4765
      vertex 50.0685 -13.7792 40.0592
    endloop
  endfacet
  facet normal 0.946988 -0.0468794 -0.317829
    outer loop
      vertex 54.1998 3.08413 72.9977
      vertex 49.4386 0.449918 59.2
      vertex 49.5354 2.40533 59.2
    endloop
  endfacet
  facet normal 0.946988 -0.0468772 -0.31783
    outer loop
      vertex 49.4386 0.449918 59.2
      vertex 54.1998 3.08413 72.9977
      vertex 54.0877 0.0595008 73.1098
    endloop
  endfacet
  facet normal 0.713118 -0.695999 -0.0839527
    outer loop
      vertex 50.1592 13.4406 44.574
      vertex 62.6529 23.8327 64.5446
      vertex 60.9885 21.9266 66.209
    endloop
  endfacet
  facet normal 0.713135 -0.695979 -0.0839744
    outer loop
      vertex 62.6529 23.8327 64.5446
      vertex 50.1592 13.4406 44.574
      vertex 50.1133 13.6118 42.7653
    endloop
  endfacet
  facet normal 0.762378 -0.633273 -0.133211
    outer loop
      vertex 50.2483 13.1081 46.6642
      vertex 60.9885 21.9266 66.209
      vertex 59.4741 19.7849 67.7234
    endloop
  endfacet
  facet normal 0.762397 -0.633246 -0.133233
    outer loop
      vertex 60.9885 21.9266 66.209
      vertex 50.2483 13.1081 46.6642
      vertex 50.1592 13.4406 44.574
    endloop
  endfacet
  facet normal 0.149953 -0.864755 0.479283
    outer loop
      vertex 50.7951 11.0675 24.7148
      vertex 81.3958 28.061 45.8016
      vertex 81.3551 28.0765 45.8423
    endloop
  endfacet
  facet normal 0.150688 -0.865063 0.478497
    outer loop
      vertex 51.2112 10.5567 23.6603
      vertex 50.7951 11.0675 24.7148
      vertex 50.8637 10.8114 24.2302
    endloop
  endfacet
  facet normal 0.150649 -0.865079 0.47848
    outer loop
      vertex 51.2112 10.5567 23.6603
      vertex 50.8637 10.8114 24.2302
      vertex 50.8844 10.6806 23.9872
    endloop
  endfacet
  facet normal 0.150671 -0.865068 0.478493
    outer loop
      vertex 50.7951 11.0675 24.7148
      vertex 51.2112 10.5567 23.6603
      vertex 81.3958 28.061 45.8016
    endloop
  endfacet
  facet normal -0.297116 -0.231794 0.926279
    outer loop
      vertex 94.8018 9.06003 32.3957
      vertex 58.5655 2.51466 19.1345
      vertex 95.3561 6.13446 31.8414
    endloop
  endfacet
  facet normal -0.297051 -0.232063 0.926233
    outer loop
      vertex 58.5655 2.51466 19.1345
      vertex 94.8018 9.06003 32.3957
      vertex 58.5355 2.6728 19.1645
    endloop
  endfacet
  facet normal -0.310895 -0.140119 0.940059
    outer loop
      vertex 95.3561 6.13446 31.8414
      vertex 58.5836 2.35296 19.1164
      vertex 95.6911 3.14297 31.5063
    endloop
  endfacet
  facet normal -0.310908 -0.140029 0.940068
    outer loop
      vertex 58.5836 2.35296 19.1164
      vertex 95.3561 6.13446 31.8414
      vertex 58.5655 2.51466 19.1345
    endloop
  endfacet
  facet normal 0.707331 0.000488288 0.706882
    outer loop
      vertex 54.0377 8.24891 20.8339
      vertex 53.3992 8.98009 21.4723
      vertex 51.9782 10.1404 22.8934
    endloop
  endfacet
  facet normal -0.249673 -0.406584 0.878836
    outer loop
      vertex 93.036 14.6995 34.1615
      vertex 58.013 4.91943 19.687
      vertex 94.0083 12.0008 33.1892
    endloop
  endfacet
  facet normal -0.249557 -0.406859 0.878742
    outer loop
      vertex 58.013 4.91943 19.687
      vertex 93.036 14.6995 34.1615
      vertex 57.9604 5.0653 19.7396
    endloop
  endfacet
  facet normal 0.706888 -0.000278529 0.707325
    outer loop
      vertex 54.7132 6.93399 20.1583
      vertex 54.6597 7.27197 20.2119
      vertex 54.0377 8.24891 20.8339
    endloop
  endfacet
  facet normal 0.0876427 -0.836106 0.541522
    outer loop
      vertex 51.9782 10.1404 22.8934
      vertex 81.3958 28.061 45.8016
      vertex 51.2112 10.5567 23.6603
    endloop
  endfacet
  facet normal 0.0878726 -0.836217 0.541313
    outer loop
      vertex 81.3958 28.061 45.8016
      vertex 51.9782 10.1404 22.8934
      vertex 81.4352 28.0397 45.7623
    endloop
  endfacet
  facet normal -0.0839245 -0.695995 0.713126
    outer loop
      vertex 54.3246 9.3876 21.979
      vertex 54.0377 8.24891 20.8339
      vertex 54.4727 8.45302 21.0843
    endloop
  endfacet
  facet normal -0.0839885 -0.695983 0.71313
    outer loop
      vertex 54.0377 8.24891 20.8339
      vertex 54.3246 9.3876 21.979
      vertex 53.3992 8.98009 21.4723
    endloop
  endfacet
  facet normal -0.083617 -0.696348 0.712817
    outer loop
      vertex 87.2119 23.8701 39.9856
      vertex 55.8327 9.09127 21.8673
      vertex 87.2446 23.8327 39.9529
    endloop
  endfacet
  facet normal -0.0839658 -0.695987 0.713128
    outer loop
      vertex 55.8327 9.09127 21.8673
      vertex 87.2119 23.8701 39.9856
      vertex 55.227 9.78496 22.473
    endloop
  endfacet
  facet normal -0.249888 0.406065 0.879015
    outer loop
      vertex 57.9604 -5.0653 19.7396
      vertex 93.0169 -14.7526 34.1806
      vertex 93.036 -14.6995 34.1615
    endloop
  endfacet
  facet normal -0.249688 0.406542 0.878851
    outer loop
      vertex 93.0169 -14.7526 34.1806
      vertex 57.9604 -5.0653 19.7396
      vertex 57.6066 -6.04743 20.0934
    endloop
  endfacet
  facet normal -0.216537 0.487754 0.8457
    outer loop
      vertex 57.1821 -6.97188 20.5179
      vertex 91.8275 -17.3427 35.37
      vertex 92.9939 -14.8025 34.2036
    endloop
  endfacet
  facet normal -0.216403 0.488026 0.845577
    outer loop
      vertex 91.8275 -17.3427 35.37
      vertex 57.1821 -6.97188 20.5179
      vertex 57.119 -7.10919 20.581
    endloop
  endfacet
  facet normal 0.707331 -0.000488307 0.706882
    outer loop
      vertex 52.7102 -9.61288 22.1613
      vertex 53.3992 -8.98009 21.4723
      vertex 51.9782 -10.1404 22.8934
    endloop
  endfacet
  facet normal -0.0303411 0.7511 0.659491
    outer loop
      vertex 54.3246 -9.3876 21.979
      vertex 52.7102 -9.61288 22.1613
      vertex 54.1917 -10.2271 22.929
    endloop
  endfacet
  facet normal -0.0303423 0.751105 0.659486
    outer loop
      vertex 52.7102 -9.61288 22.1613
      vertex 54.3246 -9.3876 21.979
      vertex 53.3992 -8.98009 21.4723
    endloop
  endfacet
  facet normal -0.0308783 0.75057 0.660069
    outer loop
      vertex 55.227 -9.78496 22.473
      vertex 87.1765 -23.9026 40.0209
      vertex 87.2119 -23.8701 39.9856
    endloop
  endfacet
  facet normal -0.0303171 0.75111 0.659481
    outer loop
      vertex 87.1765 -23.9026 40.0209
      vertex 55.227 -9.78496 22.473
      vertex 54.5733 -10.3853 23.1267
    endloop
  endfacet
  facet normal 0.0878726 0.836217 0.541313
    outer loop
      vertex 51.9782 -10.1404 22.8934
      vertex 81.3958 -28.061 45.8016
      vertex 81.4352 -28.0397 45.7623
    endloop
  endfacet
  facet normal 0.0876427 0.836106 0.541522
    outer loop
      vertex 81.3958 -28.061 45.8016
      vertex 51.9782 -10.1404 22.8934
      vertex 51.2112 -10.5567 23.6603
    endloop
  endfacet
  facet normal 0.150683 0.865073 0.478481
    outer loop
      vertex 81.3551 -28.0765 45.8423
      vertex 50.7892 -11.0892 24.7558
      vertex 79.2865 -28.8604 47.911
    endloop
  endfacet
  facet normal 0.149965 0.86476 0.47927
    outer loop
      vertex 50.7892 -11.0892 24.7558
      vertex 81.3551 -28.0765 45.8423
      vertex 50.7951 -11.0675 24.7148
    endloop
  endfacet
  facet normal -0.297142 0.23168 0.926299
    outer loop
      vertex 58.5355 -2.6728 19.1645
      vertex 94.7909 -9.11759 32.4066
      vertex 94.8018 -9.06003 32.3957
    endloop
  endfacet
  facet normal -0.297123 0.231762 0.926285
    outer loop
      vertex 94.7909 -9.11759 32.4066
      vertex 58.5355 -2.6728 19.1645
      vertex 58.3338 -3.73752 19.3662
    endloop
  endfacet
  facet normal -0.317824 0.0468804 0.94699
    outer loop
      vertex 58.7055 -1.26426 18.9945
      vertex 95.6999 -3.02462 31.4975
      vertex 58.7463 -0.163493 18.9537
    endloop
  endfacet
  facet normal -0.317739 0.0483448 0.946945
    outer loop
      vertex 95.6999 -3.02462 31.4975
      vertex 58.7055 -1.26426 18.9945
      vertex 95.6977 -3.08413 31.4998
    endloop
  endfacet
  facet normal 0.707107 8.16343e-16 0.707107
    outer loop
      vertex 52 0 22.8716
      vertex 55.2 0 19.6716
      vertex 54.8976 5.76997 19.974
    endloop
  endfacet
  facet normal 0.707093 5.62911e-05 0.707121
    outer loop
      vertex 51.7151 5.43548 23.1564
      vertex 54.8976 5.76997 19.974
      vertex 54.7132 6.93399 20.1583
    endloop
  endfacet
  facet normal 0.707107 -8.29099e-16 0.707107
    outer loop
      vertex 55.2 0 19.6716
      vertex 52 0 22.8716
      vertex 54.8976 -5.76997 19.974
    endloop
  endfacet
  facet normal 0.707117 -4.27882e-05 0.707096
    outer loop
      vertex 51.7151 5.43548 23.1564
      vertex 54.7132 6.93399 20.1583
      vertex 54.0377 8.24891 20.8339
    endloop
  endfacet
  facet normal 0.707095 -1.17798e-05 0.707119
    outer loop
      vertex 51.7151 -5.43548 23.1564
      vertex 54.8976 -5.76997 19.974
      vertex 52 0 22.8716
    endloop
  endfacet
  facet normal 0.707093 -5.62911e-05 0.707121
    outer loop
      vertex 54.8976 -5.76997 19.974
      vertex 51.7151 -5.43548 23.1564
      vertex 54.7132 -6.93399 20.1583
    endloop
  endfacet
  facet normal 0.7071 -1.42951e-05 0.707113
    outer loop
      vertex 51.7151 5.43548 23.1564
      vertex 54.0377 8.24891 20.8339
      vertex 51.9782 10.1404 22.8934
    endloop
  endfacet
  facet normal 0.707095 1.17798e-05 0.707119
    outer loop
      vertex 54.8976 5.76997 19.974
      vertex 51.7151 5.43548 23.1564
      vertex 52 0 22.8716
    endloop
  endfacet
  facet normal 0.707058 -9.58355e-06 0.707155
    outer loop
      vertex 51.2112 10.5567 23.6603
      vertex 51.7151 5.43548 23.1564
      vertex 51.9782 10.1404 22.8934
    endloop
  endfacet
  facet normal 0.707219 2.21114e-05 0.706994
    outer loop
      vertex 51.7151 5.43548 23.1564
      vertex 51.2112 10.5567 23.6603
      vertex 50.8844 10.6806 23.9872
    endloop
  endfacet
  facet normal 0.707117 4.27882e-05 0.707096
    outer loop
      vertex 54.7132 -6.93399 20.1583
      vertex 51.7151 -5.43548 23.1564
      vertex 54.0377 -8.24891 20.8339
    endloop
  endfacet
  facet normal 0.7071 1.42951e-05 0.707113
    outer loop
      vertex 54.0377 -8.24891 20.8339
      vertex 51.7151 -5.43548 23.1564
      vertex 51.9782 -10.1404 22.8934
    endloop
  endfacet
  facet normal 0.707058 9.58355e-06 0.707155
    outer loop
      vertex 51.7151 -5.43548 23.1564
      vertex 51.2112 -10.5567 23.6603
      vertex 51.9782 -10.1404 22.8934
    endloop
  endfacet
  facet normal 0.707219 -2.21114e-05 0.706994
    outer loop
      vertex 51.2112 -10.5567 23.6603
      vertex 51.7151 -5.43548 23.1564
      vertex 50.8844 -10.6806 23.9872
    endloop
  endfacet
  facet normal 0.926307 0.231642 -0.29715
    outer loop
      vertex 55.0957 -9.06003 72.1018
      vertex 50.4956 -7.21525 59.2
      vertex 50.3887 -6.78777 59.2
    endloop
  endfacet
  facet normal 0.926299 0.23168 -0.297142
    outer loop
      vertex 50.4956 -7.21525 59.2
      vertex 55.0957 -9.06003 72.1018
      vertex 55.1066 -9.11759 72.0909
    endloop
  endfacet
  facet normal 0.879016 0.406064 -0.249885
    outer loop
      vertex 56.8806 -14.7526 70.3169
      vertex 50.8807 -10.7041 55.79
      vertex 56.8615 -14.6995 70.336
    endloop
  endfacet
  facet normal 0.878872 0.406485 -0.249708
    outer loop
      vertex 50.8807 -10.7041 55.79
      vertex 56.8806 -14.7526 70.3169
      vertex 50.8637 -10.8114 55.5555
    endloop
  endfacet
  facet normal 0.878863 0.406511 -0.249698
    outer loop
      vertex 50.8637 -10.8114 55.5555
      vertex 56.8806 -14.7526 70.3169
      vertex 50.8124 -11.0027 55.0635
    endloop
  endfacet
  facet normal 0.478482 0.865071 0.150685
    outer loop
      vertex 70.611 -28.8604 56.5865
      vertex 50.1953 -13.3059 32.1169
      vertex 68.5423 -28.0765 58.6551
    endloop
  endfacet
  facet normal 0.478507 0.865063 0.150659
    outer loop
      vertex 50.1953 -13.3059 32.1169
      vertex 70.611 -28.8604 56.5865
      vertex 50.2207 -13.2111 31.4919
    endloop
  endfacet
  facet normal 0.659485 0.751106 -0.0303197
    outer loop
      vertex 64.5171 -25.5522 62.6804
      vertex 50.0685 -13.7792 40.0592
      vertex 62.7209 -23.9026 64.4765
    endloop
  endfacet
  facet normal 0.659476 0.751114 -0.0303096
    outer loop
      vertex 50.0685 -13.7792 40.0592
      vertex 64.5171 -25.5522 62.6804
      vertex 50.0561 -13.8254 38.6445
    endloop
  endfacet
  facet normal 0.713118 0.695999 -0.0839527
    outer loop
      vertex 62.6529 -23.8327 64.5446
      vertex 50.1592 -13.4406 44.574
      vertex 60.9885 -21.9266 66.209
    endloop
  endfacet
  facet normal 0.713135 0.695979 -0.0839744
    outer loop
      vertex 50.1592 -13.4406 44.574
      vertex 62.6529 -23.8327 64.5446
      vertex 50.1133 -13.6118 42.7653
    endloop
  endfacet
  facet normal 0.712817 0.696348 -0.0836177
    outer loop
      vertex 62.6856 -23.8701 64.5119
      vertex 50.1133 -13.6118 42.7653
      vertex 62.6529 -23.8327 64.5446
    endloop
  endfacet
  facet normal 0.713098 0.696022 -0.0839336
    outer loop
      vertex 50.1133 -13.6118 42.7653
      vertex 62.6856 -23.8701 64.5119
      vertex 50.081 -13.7324 41.4908
    endloop
  endfacet
  facet normal 0.806817 -0.563461 -0.177645
    outer loop
      vertex 50.5145 12.1145 51.3954
      vertex 58.0965 17.389 69.101
      vertex 58.07 17.3427 69.1275
    endloop
  endfacet
  facet normal 0.806799 -0.563493 -0.177628
    outer loop
      vertex 58.0965 17.389 69.101
      vertex 50.5145 12.1145 51.3954
      vertex 50.4491 12.3585 50.3243
    endloop
  endfacet
  facet normal 0.845089 -0.489064 -0.215967
    outer loop
      vertex 50.8124 11.0027 55.0635
      vertex 56.9036 14.8025 70.2939
      vertex 56.8806 14.7526 70.3169
    endloop
  endfacet
  facet normal 0.845728 -0.487692 -0.216565
    outer loop
      vertex 56.9036 14.8025 70.2939
      vertex 50.8124 11.0027 55.0635
      vertex 50.7393 11.2755 54.1637
    endloop
  endfacet
  facet normal 0.541201 -0.836281 0.0879499
    outer loop
      vertex 50.0758 13.7517 36.0346
      vertex 66.5022 26.9756 60.6953
      vertex 66.4629 26.9543 60.7346
    endloop
  endfacet
  facet normal 0.541565 -0.836082 0.0876009
    outer loop
      vertex 66.5022 26.9756 60.6953
      vertex 50.0758 13.7517 36.0346
      vertex 50.1124 13.6153 34.5065
    endloop
  endfacet
  facet normal 0.541528 -0.836103 0.0876346
    outer loop
      vertex 50.1124 13.6153 34.5065
      vertex 68.5016 28.061 58.6958
      vertex 66.5022 26.9756 60.6953
    endloop
  endfacet
  facet normal 0.541463 -0.836137 0.0877047
    outer loop
      vertex 68.5016 28.061 58.6958
      vertex 50.1124 13.6153 34.5065
      vertex 50.1328 13.5391 33.6541
    endloop
  endfacet
  facet normal 0.659485 -0.751106 -0.0303197
    outer loop
      vertex 50.0685 13.7792 40.0592
      vertex 64.5171 25.5522 62.6804
      vertex 62.7209 23.9026 64.4765
    endloop
  endfacet
  facet normal 0.659476 -0.751114 -0.0303096
    outer loop
      vertex 64.5171 25.5522 62.6804
      vertex 50.0685 13.7792 40.0592
      vertex 50.0561 13.8254 38.6445
    endloop
  endfacet
  facet normal 0.712817 -0.696348 -0.0836177
    outer loop
      vertex 50.1133 13.6118 42.7653
      vertex 62.6856 23.8701 64.5119
      vertex 62.6529 23.8327 64.5446
    endloop
  endfacet
  facet normal 0.713098 -0.696022 -0.0839336
    outer loop
      vertex 62.6856 23.8701 64.5119
      vertex 50.1133 13.6118 42.7653
      vertex 50.081 13.7324 41.4908
    endloop
  endfacet
  facet normal -0.276633 -0.32095 0.905796
    outer loop
      vertex 94.0083 12.0008 33.1892
      vertex 58.0545 4.76658 19.6455
      vertex 94.7758 9.17321 32.4217
    endloop
  endfacet
  facet normal -0.27661 -0.321027 0.905775
    outer loop
      vertex 58.0545 4.76658 19.6455
      vertex 94.0083 12.0008 33.1892
      vertex 58.013 4.91943 19.687
    endloop
  endfacet
  facet normal 0.027078 -0.797972 0.602086
    outer loop
      vertex 85.3428 25.5792 41.8546
      vertex 83.4346 26.9543 43.7629
      vertex 51.9782 10.1404 22.8934
    endloop
  endfacet
  facet normal -0.133391 -0.633301 0.762323
    outer loop
      vertex 54.4826 8.38997 21.0288
      vertex 54.6186 7.42735 20.2529
      vertex 54.6343 7.43271 20.2601
    endloop
  endfacet
  facet normal -0.133178 -0.633301 0.762361
    outer loop
      vertex 54.6186 7.42735 20.2529
      vertex 54.4826 8.38997 21.0288
      vertex 54.0377 8.24891 20.8339
    endloop
  endfacet
  facet normal -0.132988 -0.633606 0.76214
    outer loop
      vertex 90.4234 19.7849 36.7741
      vertex 56.5556 8.09305 21.1444
      vertex 90.4532 19.7428 36.7443
    endloop
  endfacet
  facet normal -0.133224 -0.633256 0.76239
    outer loop
      vertex 56.5556 8.09305 21.1444
      vertex 90.4234 19.7849 36.7741
      vertex 56.0045 8.87247 21.6955
    endloop
  endfacet
  facet normal -0.216537 -0.487754 0.8457
    outer loop
      vertex 91.8275 17.3427 35.37
      vertex 57.1821 6.97188 20.5179
      vertex 92.9939 14.8025 34.2036
    endloop
  endfacet
  facet normal -0.216403 -0.488026 0.845577
    outer loop
      vertex 57.1821 6.97188 20.5179
      vertex 91.8275 17.3427 35.37
      vertex 57.119 7.10919 20.581
    endloop
  endfacet
  facet normal -0.215969 0.489064 0.845088
    outer loop
      vertex 57.6066 -6.04743 20.0934
      vertex 92.9939 -14.8025 34.2036
      vertex 93.0169 -14.7526 34.1806
    endloop
  endfacet
  facet normal -0.216532 0.487766 0.845694
    outer loop
      vertex 92.9939 -14.8025 34.2036
      vertex 57.6066 -6.04743 20.0934
      vertex 57.1821 -6.97188 20.5179
    endloop
  endfacet
  facet normal 0.149953 0.864755 0.479283
    outer loop
      vertex 81.3958 -28.061 45.8016
      vertex 50.7951 -11.0675 24.7148
      vertex 81.3551 -28.0765 45.8423
    endloop
  endfacet
  facet normal 0.150671 0.865068 0.478493
    outer loop
      vertex 51.2112 -10.5567 23.6603
      vertex 50.7951 -11.0675 24.7148
      vertex 81.3958 -28.061 45.8016
    endloop
  endfacet
  facet normal 0.150688 0.865063 0.478497
    outer loop
      vertex 50.7951 -11.0675 24.7148
      vertex 51.2112 -10.5567 23.6603
      vertex 50.8637 -10.8114 24.2302
    endloop
  endfacet
  facet normal 0.150649 0.865079 0.47848
    outer loop
      vertex 50.8637 -10.8114 24.2302
      vertex 51.2112 -10.5567 23.6603
      vertex 50.8844 -10.6806 23.9872
    endloop
  endfacet
  facet normal 0.905785 0.320987 -0.276625
    outer loop
      vertex 55.1066 -9.11759 72.0909
      vertex 50.6419 -7.62809 59.2
      vertex 50.4956 -7.21525 59.2
    endloop
  endfacet
  facet normal 0.90578 0.321004 -0.276621
    outer loop
      vertex 50.6419 -7.62809 59.2
      vertex 55.1066 -9.11759 72.0909
      vertex 55.1217 -9.17321 72.0758
    endloop
  endfacet
  facet normal 0.806817 0.563461 -0.177645
    outer loop
      vertex 58.0965 -17.389 69.101
      vertex 50.5145 -12.1145 51.3954
      vertex 58.07 -17.3427 69.1275
    endloop
  endfacet
  facet normal 0.806799 0.563493 -0.177628
    outer loop
      vertex 50.5145 -12.1145 51.3954
      vertex 58.0965 -17.389 69.101
      vertex 50.4491 -12.3585 50.3243
    endloop
  endfacet
  facet normal 0.845698 0.487755 -0.21654
    outer loop
      vertex 58.07 -17.3427 69.1275
      vertex 50.7393 -11.2755 54.1637
      vertex 56.9036 -14.8025 70.2939
    endloop
  endfacet
  facet normal 0.84568 0.487799 -0.216513
    outer loop
      vertex 50.7393 -11.2755 54.1637
      vertex 58.07 -17.3427 69.1275
      vertex 50.5145 -12.1145 51.3954
    endloop
  endfacet
  facet normal 0.762139 0.633607 -0.13299
    outer loop
      vertex 59.4741 -19.7849 67.7234
      vertex 50.3002 -12.9142 47.8838
      vertex 59.4443 -19.7428 67.7532
    endloop
  endfacet
  facet normal 0.762297 0.633386 -0.133139
    outer loop
      vertex 50.3002 -12.9142 47.8838
      vertex 59.4741 -19.7849 67.7234
      vertex 50.2483 -13.1081 46.6642
    endloop
  endfacet
  facet normal 0.762378 0.633273 -0.133211
    outer loop
      vertex 60.9885 -21.9266 66.209
      vertex 50.2483 -13.1081 46.6642
      vertex 59.4741 -19.7849 67.7234
    endloop
  endfacet
  facet normal 0.762397 0.633246 -0.133233
    outer loop
      vertex 50.2483 -13.1081 46.6642
      vertex 60.9885 -21.9266 66.209
      vertex 50.1592 -13.4406 44.574
    endloop
  endfacet
  facet normal 0.413712 0.884548 0.215447
    outer loop
      vertex 72.7679 -29.3435 54.4295
      vertex 50.2516 -13.0956 30.9584
      vertex 72.7263 -29.3342 54.4712
    endloop
  endfacet
  facet normal 0.413648 0.884561 0.215517
    outer loop
      vertex 50.2516 -13.0956 30.9584
      vertex 72.7679 -29.3435 54.4295
      vertex 50.3342 -12.7874 29.5349
    endloop
  endfacet
  facet normal 0.34773 0.894359 0.281435
    outer loop
      vertex 74.9487 -29.5051 52.2487
      vertex 50.4481 -12.3625 28.044
      vertex 72.81 -29.3466 54.3875
    endloop
  endfacet
  facet normal 0.347555 0.894369 0.281619
    outer loop
      vertex 50.4481 -12.3625 28.044
      vertex 74.9487 -29.5051 52.2487
      vertex 50.4691 -12.2841 27.7691
    endloop
  endfacet
  facet normal 0.602107 0.797957 0.0270557
    outer loop
      vertex 66.4629 -26.9543 60.7346
      vertex 50.0652 -13.7912 37.4338
      vertex 66.4253 -26.9272 60.7721
    endloop
  endfacet
  facet normal 0.602077 0.797978 0.0270884
    outer loop
      vertex 50.0652 -13.7912 37.4338
      vertex 66.4629 -26.9543 60.7346
      vertex 50.0758 -13.7517 36.0346
    endloop
  endfacet
  facet normal 0.541528 0.836103 0.0876346
    outer loop
      vertex 68.5016 -28.061 58.6958
      vertex 50.1124 -13.6153 34.5065
      vertex 66.5022 -26.9756 60.6953
    endloop
  endfacet
  facet normal 0.541463 0.836137 0.0877047
    outer loop
      vertex 50.1124 -13.6153 34.5065
      vertex 68.5016 -28.061 58.6958
      vertex 50.1328 -13.5391 33.6541
    endloop
  endfacet
  facet normal 0.762139 -0.633607 -0.13299
    outer loop
      vertex 50.3002 12.9142 47.8838
      vertex 59.4741 19.7849 67.7234
      vertex 59.4443 19.7428 67.7532
    endloop
  endfacet
  facet normal 0.762297 -0.633386 -0.133139
    outer loop
      vertex 59.4741 19.7849 67.7234
      vertex 50.3002 12.9142 47.8838
      vertex 50.2483 13.1081 46.6642
    endloop
  endfacet
  facet normal 0.80668 -0.563695 -0.177525
    outer loop
      vertex 50.4491 12.3585 50.3243
      vertex 58.4642 18.031 68.7333
      vertex 58.0965 17.389 69.101
    endloop
  endfacet
  facet normal 0.806744 -0.563584 -0.177587
    outer loop
      vertex 58.4642 18.031 68.7333
      vertex 50.4491 12.3585 50.3243
      vertex 59.4443 19.7428 67.7532
    endloop
  endfacet
  facet normal 0.806721 -0.563627 -0.177557
    outer loop
      vertex 59.4443 19.7428 67.7532
      vertex 50.4491 12.3585 50.3243
      vertex 50.3002 12.9142 47.8838
    endloop
  endfacet
  facet normal 0.905796 -0.32095 -0.276633
    outer loop
      vertex 51.1436 9.04399 59.2
      vertex 55.8892 12.0008 71.3083
      vertex 55.1217 9.17321 72.0758
    endloop
  endfacet
  facet normal 0.905788 -0.320979 -0.276623
    outer loop
      vertex 55.8892 12.0008 71.3083
      vertex 51.1436 9.04399 59.2
      vertex 51.0752 9.47604 58.4747
    endloop
  endfacet
  facet normal 0.905794 -0.320953 -0.276633
    outer loop
      vertex 51.1436 9.04399 59.2
      vertex 55.1217 9.17321 72.0758
      vertex 50.6419 7.62809 59.2
    endloop
  endfacet
  facet normal 0.940059 -0.140119 -0.310894
    outer loop
      vertex 54.2063 3.14297 72.9911
      vertex 49.8939 4.81053 59.2
      vertex 54.5414 6.13446 72.6561
    endloop
  endfacet
  facet normal 0.940061 -0.14011 -0.310893
    outer loop
      vertex 49.8939 4.81053 59.2
      vertex 54.2063 3.14297 72.9911
      vertex 49.6016 2.84936 59.2
    endloop
  endfacet
  facet normal 0.92628 -0.231795 -0.297114
    outer loop
      vertex 54.9445 8.26201 72.253
      vertex 50.3887 6.78777 59.2
      vertex 55.0957 9.06003 72.1018
    endloop
  endfacet
  facet normal 0.92628 -0.231793 -0.297114
    outer loop
      vertex 54.5414 6.13446 72.6561
      vertex 50.3887 6.78777 59.2
      vertex 54.9445 8.26201 72.253
    endloop
  endfacet
  facet normal 0.926279 -0.231799 -0.297114
    outer loop
      vertex 50.3887 6.78777 59.2
      vertex 54.5414 6.13446 72.6561
      vertex 49.8939 4.81053 59.2
    endloop
  endfacet
  facet normal 0.479266 -0.864769 0.149932
    outer loop
      vertex 50.1328 13.5391 33.6541
      vertex 68.5423 28.0765 58.6551
      vertex 68.5016 28.061 58.6958
    endloop
  endfacet
  facet normal 0.478477 -0.865073 0.15069
    outer loop
      vertex 68.5423 28.0765 58.6551
      vertex 50.1328 13.5391 33.6541
      vertex 50.1953 13.3059 32.1169
    endloop
  endfacet
  facet normal 0.602107 -0.797957 0.0270557
    outer loop
      vertex 50.0652 13.7912 37.4338
      vertex 66.4629 26.9543 60.7346
      vertex 66.4253 26.9272 60.7721
    endloop
  endfacet
  facet normal 0.602077 -0.797978 0.0270884
    outer loop
      vertex 66.4629 26.9543 60.7346
      vertex 50.0652 13.7912 37.4338
      vertex 50.0758 13.7517 36.0346
    endloop
  endfacet
  facet normal 0.602083 -0.797974 0.0270825
    outer loop
      vertex 50.0561 13.8254 38.6445
      vertex 66.4253 26.9272 60.7721
      vertex 64.5171 25.5522 62.6804
    endloop
  endfacet
  facet normal 0.602097 -0.797964 0.0270665
    outer loop
      vertex 66.4253 26.9272 60.7721
      vertex 50.0561 13.8254 38.6445
      vertex 50.0652 13.7912 37.4338
    endloop
  endfacet
  facet normal 0.660069 -0.75057 -0.0308783
    outer loop
      vertex 50.081 13.7324 41.4908
      vertex 62.7209 23.9026 64.4765
      vertex 62.6856 23.8701 64.5119
    endloop
  endfacet
  facet normal 0.659477 -0.751113 -0.0303126
    outer loop
      vertex 62.7209 23.9026 64.4765
      vertex 50.081 13.7324 41.4908
      vertex 50.0685 13.7792 40.0592
    endloop
  endfacet
  facet normal 0.215517 -0.884561 0.413647
    outer loop
      vertex 50.7836 11.1102 24.8037
      vertex 79.2865 28.8604 47.911
      vertex 77.1712 29.3342 50.0263
    endloop
  endfacet
  facet normal 0.216027 -0.884686 0.413114
    outer loop
      vertex 79.2865 28.8604 47.911
      vertex 50.7836 11.1102 24.8037
      vertex 50.7892 11.0892 24.7558
    endloop
  endfacet
  facet normal -0.249888 -0.406065 0.879015
    outer loop
      vertex 93.0169 14.7526 34.1806
      vertex 57.9604 5.0653 19.7396
      vertex 93.036 14.6995 34.1615
    endloop
  endfacet
  facet normal -0.249688 -0.406542 0.878851
    outer loop
      vertex 57.9604 5.0653 19.7396
      vertex 93.0169 14.7526 34.1806
      vertex 57.6066 6.04743 20.0934
    endloop
  endfacet
  facet normal 0.0876375 -0.836103 0.541527
    outer loop
      vertex 83.4346 26.9543 43.7629
      vertex 81.4352 28.0397 45.7623
      vertex 51.9782 10.1404 22.8934
    endloop
  endfacet
  facet normal -0.030518 -0.75092 0.659688
    outer loop
      vertex 54.1917 10.2271 22.929
      vertex 54.1757 10.3279 23.043
      vertex 52.7102 9.61288 22.1613
    endloop
  endfacet
  facet normal -0.0303902 -0.751046 0.659551
    outer loop
      vertex 54.5733 10.3853 23.1267
      vertex 85.3804 25.5522 41.8171
      vertex 54.4762 10.4745 23.2238
    endloop
  endfacet
  facet normal -0.0303203 -0.751106 0.659485
    outer loop
      vertex 85.3804 25.5522 41.8171
      vertex 54.5733 10.3853 23.1267
      vertex 87.1765 23.9026 40.0209
    endloop
  endfacet
  facet normal -0.19797 -0.528792 0.82534
    outer loop
      vertex 54.6344 7.43158 20.2594
      vertex 54.6343 7.43271 20.2601
      vertex 54.6186 7.42735 20.2529
    endloop
  endfacet
  facet normal -0.177564 -0.563612 0.806729
    outer loop
      vertex 90.4532 19.7428 36.7443
      vertex 56.6285 7.96582 21.0715
      vertex 91.801 17.389 35.3965
    endloop
  endfacet
  facet normal -0.177431 -0.563831 0.806606
    outer loop
      vertex 56.6285 7.96582 21.0715
      vertex 90.4532 19.7428 36.7443
      vertex 56.5556 8.09305 21.1444
    endloop
  endfacet
  facet normal -0.180554 -0.563907 0.805859
    outer loop
      vertex 54.6414 7.38761 20.2302
      vertex 54.6344 7.43158 20.2594
      vertex 54.6186 7.42735 20.2529
    endloop
  endfacet
  facet normal -0.177646 -0.563461 0.806817
    outer loop
      vertex 91.801 17.389 35.3965
      vertex 57.119 7.10919 20.581
      vertex 91.8275 17.3427 35.37
    endloop
  endfacet
  facet normal -0.177568 -0.563604 0.806734
    outer loop
      vertex 57.119 7.10919 20.581
      vertex 91.801 17.389 35.3965
      vertex 56.6285 7.96582 21.0715
    endloop
  endfacet
  facet normal 0.347166 0.894408 0.281977
    outer loop
      vertex 72.81 -29.3466 54.3875
      vertex 50.3342 -12.7874 29.5349
      vertex 72.7679 -29.3435 54.4295
    endloop
  endfacet
  facet normal 0.34771 0.894361 0.281453
    outer loop
      vertex 50.3342 -12.7874 29.5349
      vertex 72.81 -29.3466 54.3875
      vertex 50.4481 -12.3625 28.044
    endloop
  endfacet
  facet normal 0.541201 0.836281 0.0879499
    outer loop
      vertex 66.5022 -26.9756 60.6953
      vertex 50.0758 -13.7517 36.0346
      vertex 66.4629 -26.9543 60.7346
    endloop
  endfacet
  facet normal 0.541565 0.836082 0.0876009
    outer loop
      vertex 50.0758 -13.7517 36.0346
      vertex 66.5022 -26.9756 60.6953
      vertex 50.1124 -13.6153 34.5065
    endloop
  endfacet
  facet normal 0.878836 -0.406584 -0.249672
    outer loop
      vertex 51.0752 9.47604 58.4747
      vertex 56.8615 14.6995 70.336
      vertex 55.8892 12.0008 71.3083
    endloop
  endfacet
  facet normal 0.878831 -0.406603 -0.249661
    outer loop
      vertex 56.8615 14.6995 70.336
      vertex 51.0752 9.47604 58.4747
      vertex 50.8807 10.7041 55.79
    endloop
  endfacet
  facet normal 0.879016 -0.406064 -0.249885
    outer loop
      vertex 50.8807 10.7041 55.79
      vertex 56.8806 14.7526 70.3169
      vertex 56.8615 14.6995 70.336
    endloop
  endfacet
  facet normal 0.878863 -0.406511 -0.249698
    outer loop
      vertex 56.8806 14.7526 70.3169
      vertex 50.8637 10.8114 55.5555
      vertex 50.8124 11.0027 55.0635
    endloop
  endfacet
  facet normal 0.878872 -0.406485 -0.249708
    outer loop
      vertex 56.8806 14.7526 70.3169
      vertex 50.8807 10.7041 55.79
      vertex 50.8637 10.8114 55.5555
    endloop
  endfacet
  facet normal 0.478482 -0.865071 0.150685
    outer loop
      vertex 50.1953 13.3059 32.1169
      vertex 70.611 28.8604 56.5865
      vertex 68.5423 28.0765 58.6551
    endloop
  endfacet
  facet normal 0.478507 -0.865063 0.150659
    outer loop
      vertex 70.611 28.8604 56.5865
      vertex 50.1953 13.3059 32.1169
      vertex 50.2207 13.2111 31.4919
    endloop
  endfacet
  facet normal 0.281962 -0.894417 0.347152
    outer loop
      vertex 50.4917 12.1998 27.5338
      vertex 77.1295 29.3435 50.0679
      vertex 77.0875 29.3466 50.11
    endloop
  endfacet
  facet normal 0.281435 -0.894359 0.347731
    outer loop
      vertex 77.1295 29.3435 50.0679
      vertex 50.4917 12.1998 27.5338
      vertex 50.6217 11.7145 26.1804
    endloop
  endfacet
  facet normal 0.215449 -0.884546 0.413714
    outer loop
      vertex 50.6217 11.7145 26.1804
      vertex 77.1712 29.3342 50.0263
      vertex 77.1295 29.3435 50.0679
    endloop
  endfacet
  facet normal 0.215541 -0.884565 0.413626
    outer loop
      vertex 77.1712 29.3342 50.0263
      vertex 50.6217 11.7145 26.1804
      vertex 50.7836 11.1102 24.8037
    endloop
  endfacet
  facet normal -0.276619 -0.321004 0.905781
    outer loop
      vertex 94.7758 9.17321 32.4217
      vertex 58.3338 3.73752 19.3662
      vertex 94.7909 9.11759 32.4066
    endloop
  endfacet
  facet normal -0.276637 -0.320929 0.905801
    outer loop
      vertex 58.3338 3.73752 19.3662
      vertex 94.7758 9.17321 32.4217
      vertex 58.0545 4.76658 19.6455
    endloop
  endfacet
  facet normal 0.0270796 -0.797974 0.602084
    outer loop
      vertex 54.4762 10.4745 23.2238
      vertex 85.3428 25.5792 41.8546
      vertex 54.1108 10.7378 23.5892
    endloop
  endfacet
  facet normal 0.0271121 -0.797999 0.602049
    outer loop
      vertex 51.9782 10.1404 22.8934
      vertex 54.1108 10.7378 23.5892
      vertex 85.3428 25.5792 41.8546
    endloop
  endfacet
  facet normal 0.0270956 -0.797976 0.60208
    outer loop
      vertex 52.7102 9.61288 22.1613
      vertex 54.1108 10.7378 23.5892
      vertex 51.9782 10.1404 22.8934
    endloop
  endfacet
  facet normal 0.0271072 -0.797981 0.602072
    outer loop
      vertex 54.1108 10.7378 23.5892
      vertex 52.7102 9.61288 22.1613
      vertex 54.1757 10.3279 23.043
    endloop
  endfacet
  facet normal 0.0272304 -0.798087 0.601926
    outer loop
      vertex 85.3428 25.5792 41.8546
      vertex 54.4762 10.4745 23.2238
      vertex 85.3804 25.5522 41.8171
    endloop
  endfacet
  facet normal 0.707331 0.000488307 0.706882
    outer loop
      vertex 53.3992 8.98009 21.4723
      vertex 52.7102 9.61288 22.1613
      vertex 51.9782 10.1404 22.8934
    endloop
  endfacet
  facet normal 0.90578 -0.321004 -0.276621
    outer loop
      vertex 55.1066 9.11759 72.0909
      vertex 50.6419 7.62809 59.2
      vertex 55.1217 9.17321 72.0758
    endloop
  endfacet
  facet normal 0.905785 -0.320987 -0.276625
    outer loop
      vertex 50.6419 7.62809 59.2
      vertex 55.1066 9.11759 72.0909
      vertex 50.4956 7.21525 59.2
    endloop
  endfacet
  facet normal 0.413648 -0.88456 0.215518
    outer loop
      vertex 50.2207 13.2111 31.4919
      vertex 72.7263 29.3342 54.4712
      vertex 70.611 28.8604 56.5865
    endloop
  endfacet
  facet normal 0.413699 -0.884551 0.215462
    outer loop
      vertex 72.7263 29.3342 54.4712
      vertex 50.2207 13.2111 31.4919
      vertex 50.2516 13.0956 30.9584
    endloop
  endfacet
  facet normal 0.413712 -0.884548 0.215447
    outer loop
      vertex 50.2516 13.0956 30.9584
      vertex 72.7679 29.3435 54.4295
      vertex 72.7263 29.3342 54.4712
    endloop
  endfacet
  facet normal 0.413648 -0.884561 0.215517
    outer loop
      vertex 72.7679 29.3435 54.4295
      vertex 50.2516 13.0956 30.9584
      vertex 50.3342 12.7874 29.5349
    endloop
  endfacet
  facet normal 0 -0.777121 0.629351
    outer loop
      vertex -67.2 -32.5848 9.82533
      vertex -55.2 -32.3707 10.0897
      vertex -67.2 -32.3707 10.0897
    endloop
  endfacet
  facet normal 0 -0.777121 0.629351
    outer loop
      vertex -55.2 -32.3707 10.0897
      vertex -67.2 -32.5848 9.82533
      vertex -55.2 -32.5848 9.82533
    endloop
  endfacet
  facet normal 0 -0.891051 -0.453904
    outer loop
      vertex -67.2 -32.031 13.3219
      vertex -55.2 -32.1854 13.625
      vertex -67.2 -32.1854 13.625
    endloop
  endfacet
  facet normal 0 -0.891051 -0.453904
    outer loop
      vertex -55.2 -32.1854 13.625
      vertex -67.2 -32.031 13.3219
      vertex -55.2 -32.031 13.3219
    endloop
  endfacet
  facet normal 0 -0.358329 -0.933595
    outer loop
      vertex -67.2 -33.9957 15.0909
      vertex -55.2 -33.6781 14.969
      vertex -55.2 -33.9957 15.0909
    endloop
  endfacet
  facet normal -0 -0.358329 -0.933595
    outer loop
      vertex -55.2 -33.6781 14.969
      vertex -67.2 -33.9957 15.0909
      vertex -67.2 -33.6781 14.969
    endloop
  endfacet
  facet normal -0 0.358355 0.933586
    outer loop
      vertex -67.2 -36.0043 8.90907
      vertex -55.2 -36.3219 9.03098
      vertex -55.2 -36.0043 8.90907
    endloop
  endfacet
  facet normal 0 0.358355 0.933586
    outer loop
      vertex -55.2 -36.3219 9.03098
      vertex -67.2 -36.0043 8.90907
      vertex -67.2 -36.3219 9.03098
    endloop
  endfacet
  facet normal 0 0.258961 -0.965888
    outer loop
      vertex -67.2 -36.0043 15.0909
      vertex -55.2 -35.6757 15.179
      vertex -55.2 -36.0043 15.0909
    endloop
  endfacet
  facet normal 0 0.258961 -0.965888
    outer loop
      vertex -55.2 -35.6757 15.179
      vertex -67.2 -36.0043 15.0909
      vertex -67.2 -35.6757 15.179
    endloop
  endfacet
  facet normal 0 0.891051 -0.453904
    outer loop
      vertex -55.2 -37.969 13.3219
      vertex -67.2 -37.8146 13.625
      vertex -55.2 -37.8146 13.625
    endloop
  endfacet
  facet normal 0 0.891051 -0.453904
    outer loop
      vertex -67.2 -37.8146 13.625
      vertex -55.2 -37.969 13.3219
      vertex -67.2 -37.969 13.3219
    endloop
  endfacet
  facet normal 0 -0.358355 0.933586
    outer loop
      vertex -67.2 -33.6781 9.03098
      vertex -55.2 -33.9957 8.90907
      vertex -55.2 -33.6781 9.03098
    endloop
  endfacet
  facet normal 0 -0.358355 0.933586
    outer loop
      vertex -55.2 -33.9957 8.90907
      vertex -67.2 -33.6781 9.03098
      vertex -67.2 -33.9957 8.90907
    endloop
  endfacet
  facet normal 0 -0.453997 0.891003
    outer loop
      vertex -67.2 -33.375 9.18542
      vertex -55.2 -33.6781 9.03098
      vertex -55.2 -33.375 9.18542
    endloop
  endfacet
  facet normal 0 -0.453997 0.891003
    outer loop
      vertex -55.2 -33.6781 9.03098
      vertex -67.2 -33.375 9.18542
      vertex -67.2 -33.6781 9.03098
    endloop
  endfacet
  facet normal 0 -0.99863 0.0523274
    outer loop
      vertex -67.2 -31.7678 11.6603
      vertex -55.2 -31.75 12
      vertex -67.2 -31.75 12
    endloop
  endfacet
  facet normal 0 -0.99863 0.0523274
    outer loop
      vertex -55.2 -31.75 12
      vertex -67.2 -31.7678 11.6603
      vertex -55.2 -31.7678 11.6603
    endloop
  endfacet
  facet normal 0 -0.0523274 -0.99863
    outer loop
      vertex -67.2 -35 15.25
      vertex -55.2 -34.6603 15.2322
      vertex -55.2 -35 15.25
    endloop
  endfacet
  facet normal -0 -0.0523274 -0.99863
    outer loop
      vertex -55.2 -34.6603 15.2322
      vertex -67.2 -35 15.25
      vertex -67.2 -34.6603 15.2322
    endloop
  endfacet
  facet normal 0 -0.629308 -0.777156
    outer loop
      vertex -67.2 -33.0897 14.6293
      vertex -55.2 -32.8253 14.4152
      vertex -55.2 -33.0897 14.6293
    endloop
  endfacet
  facet normal -0 -0.629308 -0.777156
    outer loop
      vertex -55.2 -32.8253 14.4152
      vertex -67.2 -33.0897 14.6293
      vertex -67.2 -32.8253 14.4152
    endloop
  endfacet
  facet normal 0 -0.965888 -0.258961
    outer loop
      vertex -67.2 -31.821 12.6757
      vertex -55.2 -31.9091 13.0043
      vertex -67.2 -31.9091 13.0043
    endloop
  endfacet
  facet normal 0 -0.965888 -0.258961
    outer loop
      vertex -55.2 -31.9091 13.0043
      vertex -67.2 -31.821 12.6757
      vertex -55.2 -31.821 12.6757
    endloop
  endfacet
  facet normal 0 -0.707107 -0.707107
    outer loop
      vertex -67.2 -32.8253 14.4152
      vertex -55.2 -32.5848 14.1747
      vertex -55.2 -32.8253 14.4152
    endloop
  endfacet
  facet normal -0 -0.707107 -0.707107
    outer loop
      vertex -55.2 -32.5848 14.1747
      vertex -67.2 -32.8253 14.4152
      vertex -67.2 -32.5848 14.1747
    endloop
  endfacet
  facet normal -0 0.0523274 0.99863
    outer loop
      vertex -67.2 -35 8.75
      vertex -55.2 -35.3397 8.7678
      vertex -55.2 -35 8.75
    endloop
  endfacet
  facet normal 0 0.0523274 0.99863
    outer loop
      vertex -55.2 -35.3397 8.7678
      vertex -67.2 -35 8.75
      vertex -67.2 -35.3397 8.7678
    endloop
  endfacet
  facet normal -0 0.62929 0.77717
    outer loop
      vertex -67.2 -36.9103 9.37069
      vertex -55.2 -37.1747 9.58478
      vertex -55.2 -36.9103 9.37069
    endloop
  endfacet
  facet normal 0 0.62929 0.77717
    outer loop
      vertex -55.2 -37.1747 9.58478
      vertex -67.2 -36.9103 9.37069
      vertex -67.2 -37.1747 9.58478
    endloop
  endfacet
  facet normal 0 0.707107 -0.707107
    outer loop
      vertex -67.2 -37.4152 14.1747
      vertex -55.2 -37.1747 14.4152
      vertex -55.2 -37.4152 14.1747
    endloop
  endfacet
  facet normal 0 0.707107 -0.707107
    outer loop
      vertex -55.2 -37.1747 14.4152
      vertex -67.2 -37.4152 14.1747
      vertex -67.2 -37.1747 14.4152
    endloop
  endfacet
  facet normal 0 0.0523274 -0.99863
    outer loop
      vertex -67.2 -35.3397 15.2322
      vertex -55.2 -35 15.25
      vertex -55.2 -35.3397 15.2322
    endloop
  endfacet
  facet normal 0 0.0523274 -0.99863
    outer loop
      vertex -55.2 -35 15.25
      vertex -67.2 -35.3397 15.2322
      vertex -67.2 -35 15.25
    endloop
  endfacet
  facet normal 0 -0.156443 0.987687
    outer loop
      vertex -67.2 -34.3243 8.82102
      vertex -55.2 -34.6603 8.7678
      vertex -55.2 -34.3243 8.82102
    endloop
  endfacet
  facet normal 0 -0.156443 0.987687
    outer loop
      vertex -55.2 -34.6603 8.7678
      vertex -67.2 -34.3243 8.82102
      vertex -67.2 -34.6603 8.7678
    endloop
  endfacet
  facet normal 0 -0.258824 0.965924
    outer loop
      vertex -67.2 -33.9957 8.90907
      vertex -55.2 -34.3243 8.82102
      vertex -55.2 -33.9957 8.90907
    endloop
  endfacet
  facet normal 0 -0.258824 0.965924
    outer loop
      vertex -55.2 -34.3243 8.82102
      vertex -67.2 -33.9957 8.90907
      vertex -67.2 -34.3243 8.82102
    endloop
  endfacet
  facet normal 0 -0.62929 0.77717
    outer loop
      vertex -67.2 -32.8253 9.58478
      vertex -55.2 -33.0897 9.37069
      vertex -55.2 -32.8253 9.58478
    endloop
  endfacet
  facet normal 0 -0.62929 0.77717
    outer loop
      vertex -55.2 -33.0897 9.37069
      vertex -67.2 -32.8253 9.58478
      vertex -67.2 -33.0897 9.37069
    endloop
  endfacet
  facet normal 0 -0.99863 -0.0523274
    outer loop
      vertex -67.2 -31.75 12
      vertex -55.2 -31.7678 12.3397
      vertex -67.2 -31.7678 12.3397
    endloop
  endfacet
  facet normal 0 -0.99863 -0.0523274
    outer loop
      vertex -55.2 -31.7678 12.3397
      vertex -67.2 -31.75 12
      vertex -55.2 -31.75 12
    endloop
  endfacet
  facet normal 0 -0.891051 0.453904
    outer loop
      vertex -67.2 -32.1854 10.375
      vertex -55.2 -32.031 10.6781
      vertex -67.2 -32.031 10.6781
    endloop
  endfacet
  facet normal 0 -0.891051 0.453904
    outer loop
      vertex -55.2 -32.031 10.6781
      vertex -67.2 -32.1854 10.375
      vertex -55.2 -32.1854 10.375
    endloop
  endfacet
  facet normal 0 -0.965888 0.258961
    outer loop
      vertex -67.2 -31.9091 10.9957
      vertex -55.2 -31.821 11.3243
      vertex -67.2 -31.821 11.3243
    endloop
  endfacet
  facet normal 0 -0.965888 0.258961
    outer loop
      vertex -55.2 -31.821 11.3243
      vertex -67.2 -31.9091 10.9957
      vertex -55.2 -31.9091 10.9957
    endloop
  endfacet
  facet normal 0 -0.258961 -0.965888
    outer loop
      vertex -67.2 -34.3243 15.179
      vertex -55.2 -33.9957 15.0909
      vertex -55.2 -34.3243 15.179
    endloop
  endfacet
  facet normal -0 -0.258961 -0.965888
    outer loop
      vertex -55.2 -33.9957 15.0909
      vertex -67.2 -34.3243 15.179
      vertex -67.2 -33.9957 15.0909
    endloop
  endfacet
  facet normal 0 -0.156385 -0.987696
    outer loop
      vertex -67.2 -34.6603 15.2322
      vertex -55.2 -34.3243 15.179
      vertex -55.2 -34.6603 15.2322
    endloop
  endfacet
  facet normal -0 -0.156385 -0.987696
    outer loop
      vertex -55.2 -34.3243 15.179
      vertex -67.2 -34.6603 15.2322
      vertex -67.2 -34.3243 15.179
    endloop
  endfacet
  facet normal 0 -0.453904 -0.891051
    outer loop
      vertex -67.2 -33.6781 14.969
      vertex -55.2 -33.375 14.8146
      vertex -55.2 -33.6781 14.969
    endloop
  endfacet
  facet normal -0 -0.453904 -0.891051
    outer loop
      vertex -55.2 -33.375 14.8146
      vertex -67.2 -33.6781 14.969
      vertex -67.2 -33.375 14.8146
    endloop
  endfacet
  facet normal 0 -0.544689 -0.838638
    outer loop
      vertex -67.2 -33.375 14.8146
      vertex -55.2 -33.0897 14.6293
      vertex -55.2 -33.375 14.8146
    endloop
  endfacet
  facet normal -0 -0.544689 -0.838638
    outer loop
      vertex -55.2 -33.0897 14.6293
      vertex -67.2 -33.375 14.8146
      vertex -67.2 -33.0897 14.6293
    endloop
  endfacet
  facet normal 0 -0.933595 -0.358329
    outer loop
      vertex -67.2 -31.9091 13.0043
      vertex -55.2 -32.031 13.3219
      vertex -67.2 -32.031 13.3219
    endloop
  endfacet
  facet normal 0 -0.933595 -0.358329
    outer loop
      vertex -55.2 -32.031 13.3219
      vertex -67.2 -31.9091 13.0043
      vertex -55.2 -31.9091 13.0043
    endloop
  endfacet
  facet normal 0 -0.987696 -0.156385
    outer loop
      vertex -67.2 -31.7678 12.3397
      vertex -55.2 -31.821 12.6757
      vertex -67.2 -31.821 12.6757
    endloop
  endfacet
  facet normal 0 -0.987696 -0.156385
    outer loop
      vertex -55.2 -31.821 12.6757
      vertex -67.2 -31.7678 12.3397
      vertex -55.2 -31.7678 12.3397
    endloop
  endfacet
  facet normal 0 -0.777156 -0.629308
    outer loop
      vertex -67.2 -32.3707 13.9103
      vertex -55.2 -32.5848 14.1747
      vertex -67.2 -32.5848 14.1747
    endloop
  endfacet
  facet normal 0 -0.777156 -0.629308
    outer loop
      vertex -55.2 -32.5848 14.1747
      vertex -67.2 -32.3707 13.9103
      vertex -55.2 -32.3707 13.9103
    endloop
  endfacet
  facet normal 0 -0.838638 -0.544689
    outer loop
      vertex -67.2 -32.1854 13.625
      vertex -55.2 -32.3707 13.9103
      vertex -67.2 -32.3707 13.9103
    endloop
  endfacet
  facet normal 0 -0.838638 -0.544689
    outer loop
      vertex -55.2 -32.3707 13.9103
      vertex -67.2 -32.1854 13.625
      vertex -55.2 -32.1854 13.625
    endloop
  endfacet
  facet normal 0 -0.0523274 0.99863
    outer loop
      vertex -67.2 -34.6603 8.7678
      vertex -55.2 -35 8.75
      vertex -55.2 -34.6603 8.7678
    endloop
  endfacet
  facet normal 0 -0.0523274 0.99863
    outer loop
      vertex -55.2 -35 8.75
      vertex -67.2 -34.6603 8.7678
      vertex -67.2 -35 8.75
    endloop
  endfacet
  facet normal 0 0.99863 0.0523274
    outer loop
      vertex -55.2 -38.2322 11.6603
      vertex -67.2 -38.25 12
      vertex -55.2 -38.25 12
    endloop
  endfacet
  facet normal 0 0.99863 0.0523274
    outer loop
      vertex -67.2 -38.25 12
      vertex -55.2 -38.2322 11.6603
      vertex -67.2 -38.2322 11.6603
    endloop
  endfacet
  facet normal -0 0.258824 0.965924
    outer loop
      vertex -67.2 -35.6757 8.82102
      vertex -55.2 -36.0043 8.90907
      vertex -55.2 -35.6757 8.82102
    endloop
  endfacet
  facet normal 0 0.258824 0.965924
    outer loop
      vertex -55.2 -36.0043 8.90907
      vertex -67.2 -35.6757 8.82102
      vertex -67.2 -36.0043 8.90907
    endloop
  endfacet
  facet normal 0 0.987696 0.156385
    outer loop
      vertex -55.2 -38.179 11.3243
      vertex -67.2 -38.2322 11.6603
      vertex -55.2 -38.2322 11.6603
    endloop
  endfacet
  facet normal 0 0.987696 0.156385
    outer loop
      vertex -67.2 -38.2322 11.6603
      vertex -55.2 -38.179 11.3243
      vertex -67.2 -38.179 11.3243
    endloop
  endfacet
  facet normal 0 0.965888 0.258961
    outer loop
      vertex -55.2 -38.0909 10.9957
      vertex -67.2 -38.179 11.3243
      vertex -55.2 -38.179 11.3243
    endloop
  endfacet
  facet normal 0 0.965888 0.258961
    outer loop
      vertex -67.2 -38.179 11.3243
      vertex -55.2 -38.0909 10.9957
      vertex -67.2 -38.0909 10.9957
    endloop
  endfacet
  facet normal 0 0.777121 0.629351
    outer loop
      vertex -55.2 -37.4152 9.82533
      vertex -67.2 -37.6293 10.0897
      vertex -55.2 -37.6293 10.0897
    endloop
  endfacet
  facet normal 0 0.777121 0.629351
    outer loop
      vertex -67.2 -37.6293 10.0897
      vertex -55.2 -37.4152 9.82533
      vertex -67.2 -37.4152 9.82533
    endloop
  endfacet
  facet normal 0 0.891051 0.453904
    outer loop
      vertex -55.2 -37.8146 10.375
      vertex -67.2 -37.969 10.6781
      vertex -55.2 -37.969 10.6781
    endloop
  endfacet
  facet normal 0 0.891051 0.453904
    outer loop
      vertex -67.2 -37.969 10.6781
      vertex -55.2 -37.8146 10.375
      vertex -67.2 -37.8146 10.375
    endloop
  endfacet
  facet normal -0 0.453997 0.891003
    outer loop
      vertex -67.2 -36.3219 9.03098
      vertex -55.2 -36.625 9.18542
      vertex -55.2 -36.3219 9.03098
    endloop
  endfacet
  facet normal 0 0.453997 0.891003
    outer loop
      vertex -55.2 -36.625 9.18542
      vertex -67.2 -36.3219 9.03098
      vertex -67.2 -36.625 9.18542
    endloop
  endfacet
  facet normal 0 0.99863 -0.0523274
    outer loop
      vertex -55.2 -38.25 12
      vertex -67.2 -38.2322 12.3397
      vertex -55.2 -38.2322 12.3397
    endloop
  endfacet
  facet normal 0 0.99863 -0.0523274
    outer loop
      vertex -67.2 -38.2322 12.3397
      vertex -55.2 -38.25 12
      vertex -67.2 -38.25 12
    endloop
  endfacet
  facet normal 0 0.933595 -0.358329
    outer loop
      vertex -55.2 -38.0909 13.0043
      vertex -67.2 -37.969 13.3219
      vertex -55.2 -37.969 13.3219
    endloop
  endfacet
  facet normal 0 0.933595 -0.358329
    outer loop
      vertex -67.2 -37.969 13.3219
      vertex -55.2 -38.0909 13.0043
      vertex -67.2 -38.0909 13.0043
    endloop
  endfacet
  facet normal 0 0.965888 -0.258961
    outer loop
      vertex -55.2 -38.179 12.6757
      vertex -67.2 -38.0909 13.0043
      vertex -55.2 -38.0909 13.0043
    endloop
  endfacet
  facet normal 0 0.965888 -0.258961
    outer loop
      vertex -67.2 -38.0909 13.0043
      vertex -55.2 -38.179 12.6757
      vertex -67.2 -38.179 12.6757
    endloop
  endfacet
  facet normal 0 0.838638 -0.544689
    outer loop
      vertex -55.2 -37.8146 13.625
      vertex -67.2 -37.6293 13.9103
      vertex -55.2 -37.6293 13.9103
    endloop
  endfacet
  facet normal 0 0.838638 -0.544689
    outer loop
      vertex -67.2 -37.6293 13.9103
      vertex -55.2 -37.8146 13.625
      vertex -67.2 -37.8146 13.625
    endloop
  endfacet
  facet normal 0 0.777156 -0.629308
    outer loop
      vertex -55.2 -37.6293 13.9103
      vertex -67.2 -37.4152 14.1747
      vertex -55.2 -37.4152 14.1747
    endloop
  endfacet
  facet normal 0 0.777156 -0.629308
    outer loop
      vertex -67.2 -37.4152 14.1747
      vertex -55.2 -37.6293 13.9103
      vertex -67.2 -37.6293 13.9103
    endloop
  endfacet
  facet normal 0 0.156385 -0.987696
    outer loop
      vertex -67.2 -35.6757 15.179
      vertex -55.2 -35.3397 15.2322
      vertex -55.2 -35.6757 15.179
    endloop
  endfacet
  facet normal 0 0.156385 -0.987696
    outer loop
      vertex -55.2 -35.3397 15.2322
      vertex -67.2 -35.6757 15.179
      vertex -67.2 -35.3397 15.2322
    endloop
  endfacet
  facet normal 0 0.453904 -0.891051
    outer loop
      vertex -67.2 -36.625 14.8146
      vertex -55.2 -36.3219 14.969
      vertex -55.2 -36.625 14.8146
    endloop
  endfacet
  facet normal 0 0.453904 -0.891051
    outer loop
      vertex -55.2 -36.3219 14.969
      vertex -67.2 -36.625 14.8146
      vertex -67.2 -36.3219 14.969
    endloop
  endfacet
  facet normal 0 0.544689 -0.838638
    outer loop
      vertex -67.2 -36.9103 14.6293
      vertex -55.2 -36.625 14.8146
      vertex -55.2 -36.9103 14.6293
    endloop
  endfacet
  facet normal 0 0.544689 -0.838638
    outer loop
      vertex -55.2 -36.625 14.8146
      vertex -67.2 -36.9103 14.6293
      vertex -67.2 -36.625 14.8146
    endloop
  endfacet
  facet normal 0 0.358329 -0.933595
    outer loop
      vertex -67.2 -36.3219 14.969
      vertex -55.2 -36.0043 15.0909
      vertex -55.2 -36.3219 14.969
    endloop
  endfacet
  facet normal 0 0.358329 -0.933595
    outer loop
      vertex -55.2 -36.0043 15.0909
      vertex -67.2 -36.3219 14.969
      vertex -67.2 -36.0043 15.0909
    endloop
  endfacet
  facet normal 0 0.629308 -0.777156
    outer loop
      vertex -67.2 -37.1747 14.4152
      vertex -55.2 -36.9103 14.6293
      vertex -55.2 -37.1747 14.4152
    endloop
  endfacet
  facet normal 0 0.629308 -0.777156
    outer loop
      vertex -55.2 -36.9103 14.6293
      vertex -67.2 -37.1747 14.4152
      vertex -67.2 -36.9103 14.6293
    endloop
  endfacet
  facet normal 0 -0.544627 0.838679
    outer loop
      vertex -67.2 -33.0897 9.37069
      vertex -55.2 -33.375 9.18542
      vertex -55.2 -33.0897 9.37069
    endloop
  endfacet
  facet normal 0 -0.544627 0.838679
    outer loop
      vertex -55.2 -33.375 9.18542
      vertex -67.2 -33.0897 9.37069
      vertex -67.2 -33.375 9.18542
    endloop
  endfacet
  facet normal 0 -0.70718 0.707033
    outer loop
      vertex -67.2 -32.5848 9.82533
      vertex -55.2 -32.8253 9.58478
      vertex -55.2 -32.5848 9.82533
    endloop
  endfacet
  facet normal 0 -0.70718 0.707033
    outer loop
      vertex -55.2 -32.8253 9.58478
      vertex -67.2 -32.5848 9.82533
      vertex -67.2 -32.8253 9.58478
    endloop
  endfacet
  facet normal 0 -0.838638 0.544689
    outer loop
      vertex -67.2 -32.3707 10.0897
      vertex -55.2 -32.1854 10.375
      vertex -67.2 -32.1854 10.375
    endloop
  endfacet
  facet normal 0 -0.838638 0.544689
    outer loop
      vertex -55.2 -32.1854 10.375
      vertex -67.2 -32.3707 10.0897
      vertex -55.2 -32.3707 10.0897
    endloop
  endfacet
  facet normal 0 -0.933595 0.358329
    outer loop
      vertex -67.2 -32.031 10.6781
      vertex -55.2 -31.9091 10.9957
      vertex -67.2 -31.9091 10.9957
    endloop
  endfacet
  facet normal 0 -0.933595 0.358329
    outer loop
      vertex -55.2 -31.9091 10.9957
      vertex -67.2 -32.031 10.6781
      vertex -55.2 -32.031 10.6781
    endloop
  endfacet
  facet normal 0 -0.987696 0.156385
    outer loop
      vertex -67.2 -31.821 11.3243
      vertex -55.2 -31.7678 11.6603
      vertex -67.2 -31.7678 11.6603
    endloop
  endfacet
  facet normal 0 -0.987696 0.156385
    outer loop
      vertex -55.2 -31.7678 11.6603
      vertex -67.2 -31.821 11.3243
      vertex -55.2 -31.821 11.3243
    endloop
  endfacet
  facet normal -0 0.156443 0.987687
    outer loop
      vertex -67.2 -35.3397 8.7678
      vertex -55.2 -35.6757 8.82102
      vertex -55.2 -35.3397 8.7678
    endloop
  endfacet
  facet normal 0 0.156443 0.987687
    outer loop
      vertex -55.2 -35.6757 8.82102
      vertex -67.2 -35.3397 8.7678
      vertex -67.2 -35.6757 8.82102
    endloop
  endfacet
  facet normal 0 0.933595 0.358329
    outer loop
      vertex -55.2 -37.969 10.6781
      vertex -67.2 -38.0909 10.9957
      vertex -55.2 -38.0909 10.9957
    endloop
  endfacet
  facet normal 0 0.933595 0.358329
    outer loop
      vertex -67.2 -38.0909 10.9957
      vertex -55.2 -37.969 10.6781
      vertex -67.2 -37.969 10.6781
    endloop
  endfacet
  facet normal -0 0.70718 0.707033
    outer loop
      vertex -67.2 -37.1747 9.58478
      vertex -55.2 -37.4152 9.82533
      vertex -55.2 -37.1747 9.58478
    endloop
  endfacet
  facet normal 0 0.70718 0.707033
    outer loop
      vertex -55.2 -37.4152 9.82533
      vertex -67.2 -37.1747 9.58478
      vertex -67.2 -37.4152 9.82533
    endloop
  endfacet
  facet normal 0 0.838638 0.544689
    outer loop
      vertex -55.2 -37.6293 10.0897
      vertex -67.2 -37.8146 10.375
      vertex -55.2 -37.8146 10.375
    endloop
  endfacet
  facet normal 0 0.838638 0.544689
    outer loop
      vertex -67.2 -37.8146 10.375
      vertex -55.2 -37.6293 10.0897
      vertex -67.2 -37.6293 10.0897
    endloop
  endfacet
  facet normal -0 0.544627 0.838679
    outer loop
      vertex -67.2 -36.625 9.18542
      vertex -55.2 -36.9103 9.37069
      vertex -55.2 -36.625 9.18542
    endloop
  endfacet
  facet normal 0 0.544627 0.838679
    outer loop
      vertex -55.2 -36.9103 9.37069
      vertex -67.2 -36.625 9.18542
      vertex -67.2 -36.9103 9.37069
    endloop
  endfacet
  facet normal 0 0.987696 -0.156385
    outer loop
      vertex -55.2 -38.2322 12.3397
      vertex -67.2 -38.179 12.6757
      vertex -55.2 -38.179 12.6757
    endloop
  endfacet
  facet normal 0 0.987696 -0.156385
    outer loop
      vertex -67.2 -38.179 12.6757
      vertex -55.2 -38.2322 12.3397
      vertex -67.2 -38.2322 12.3397
    endloop
  endfacet
  facet normal 0 -0.544627 0.838679
    outer loop
      vertex -67.2 36.9103 9.37069
      vertex -55.2 36.625 9.18542
      vertex -55.2 36.9103 9.37069
    endloop
  endfacet
  facet normal 0 -0.544627 0.838679
    outer loop
      vertex -55.2 36.625 9.18542
      vertex -67.2 36.9103 9.37069
      vertex -67.2 36.625 9.18542
    endloop
  endfacet
  facet normal 0 -0.933595 0.358329
    outer loop
      vertex -67.2 37.969 10.6781
      vertex -55.2 38.0909 10.9957
      vertex -67.2 38.0909 10.9957
    endloop
  endfacet
  facet normal 0 -0.933595 0.358329
    outer loop
      vertex -55.2 38.0909 10.9957
      vertex -67.2 37.969 10.6781
      vertex -55.2 37.969 10.6781
    endloop
  endfacet
  facet normal 0 -0.965888 -0.258961
    outer loop
      vertex -67.2 38.179 12.6757
      vertex -55.2 38.0909 13.0043
      vertex -67.2 38.0909 13.0043
    endloop
  endfacet
  facet normal 0 -0.965888 -0.258961
    outer loop
      vertex -55.2 38.0909 13.0043
      vertex -67.2 38.179 12.6757
      vertex -55.2 38.179 12.6757
    endloop
  endfacet
  facet normal 0 -0.453904 -0.891051
    outer loop
      vertex -67.2 36.3219 14.969
      vertex -55.2 36.625 14.8146
      vertex -55.2 36.3219 14.969
    endloop
  endfacet
  facet normal -0 -0.453904 -0.891051
    outer loop
      vertex -55.2 36.625 14.8146
      vertex -67.2 36.3219 14.969
      vertex -67.2 36.625 14.8146
    endloop
  endfacet
  facet normal -0 0.0523274 0.99863
    outer loop
      vertex -67.2 35 8.75
      vertex -55.2 34.6603 8.7678
      vertex -55.2 35 8.75
    endloop
  endfacet
  facet normal 0 0.0523274 0.99863
    outer loop
      vertex -55.2 34.6603 8.7678
      vertex -67.2 35 8.75
      vertex -67.2 34.6603 8.7678
    endloop
  endfacet
  facet normal 0 -0.99863 0.0523274
    outer loop
      vertex -67.2 38.2322 11.6603
      vertex -55.2 38.25 12
      vertex -67.2 38.25 12
    endloop
  endfacet
  facet normal 0 -0.99863 0.0523274
    outer loop
      vertex -55.2 38.25 12
      vertex -67.2 38.2322 11.6603
      vertex -55.2 38.2322 11.6603
    endloop
  endfacet
  facet normal 0 -0.156385 -0.987696
    outer loop
      vertex -67.2 35.3397 15.2322
      vertex -55.2 35.6757 15.179
      vertex -55.2 35.3397 15.2322
    endloop
  endfacet
  facet normal -0 -0.156385 -0.987696
    outer loop
      vertex -55.2 35.6757 15.179
      vertex -67.2 35.3397 15.2322
      vertex -67.2 35.6757 15.179
    endloop
  endfacet
  facet normal 0 -0.707107 -0.707107
    outer loop
      vertex -67.2 37.1747 14.4152
      vertex -55.2 37.4152 14.1747
      vertex -55.2 37.1747 14.4152
    endloop
  endfacet
  facet normal -0 -0.707107 -0.707107
    outer loop
      vertex -55.2 37.4152 14.1747
      vertex -67.2 37.1747 14.4152
      vertex -67.2 37.4152 14.1747
    endloop
  endfacet
  facet normal 0 -0.99863 -0.0523274
    outer loop
      vertex -67.2 38.25 12
      vertex -55.2 38.2322 12.3397
      vertex -67.2 38.2322 12.3397
    endloop
  endfacet
  facet normal 0 -0.99863 -0.0523274
    outer loop
      vertex -55.2 38.2322 12.3397
      vertex -67.2 38.25 12
      vertex -55.2 38.25 12
    endloop
  endfacet
  facet normal 0 -0.156443 0.987687
    outer loop
      vertex -67.2 35.6757 8.82102
      vertex -55.2 35.3397 8.7678
      vertex -55.2 35.6757 8.82102
    endloop
  endfacet
  facet normal 0 -0.156443 0.987687
    outer loop
      vertex -55.2 35.3397 8.7678
      vertex -67.2 35.6757 8.82102
      vertex -67.2 35.3397 8.7678
    endloop
  endfacet
  facet normal 0 -0.358355 0.933586
    outer loop
      vertex -67.2 36.3219 9.03098
      vertex -55.2 36.0043 8.90907
      vertex -55.2 36.3219 9.03098
    endloop
  endfacet
  facet normal 0 -0.358355 0.933586
    outer loop
      vertex -55.2 36.0043 8.90907
      vertex -67.2 36.3219 9.03098
      vertex -67.2 36.0043 8.90907
    endloop
  endfacet
  facet normal 0 -0.70718 0.707033
    outer loop
      vertex -67.2 37.4152 9.82533
      vertex -55.2 37.1747 9.58478
      vertex -55.2 37.4152 9.82533
    endloop
  endfacet
  facet normal 0 -0.70718 0.707033
    outer loop
      vertex -55.2 37.1747 9.58478
      vertex -67.2 37.4152 9.82533
      vertex -67.2 37.1747 9.58478
    endloop
  endfacet
  facet normal 0 -0.965888 0.258961
    outer loop
      vertex -67.2 38.0909 10.9957
      vertex -55.2 38.179 11.3243
      vertex -67.2 38.179 11.3243
    endloop
  endfacet
  facet normal 0 -0.965888 0.258961
    outer loop
      vertex -55.2 38.179 11.3243
      vertex -67.2 38.0909 10.9957
      vertex -55.2 38.0909 10.9957
    endloop
  endfacet
  facet normal 0 -0.891051 0.453904
    outer loop
      vertex -67.2 37.8146 10.375
      vertex -55.2 37.969 10.6781
      vertex -67.2 37.969 10.6781
    endloop
  endfacet
  facet normal 0 -0.891051 0.453904
    outer loop
      vertex -55.2 37.969 10.6781
      vertex -67.2 37.8146 10.375
      vertex -55.2 37.8146 10.375
    endloop
  endfacet
  facet normal 0 -0.777121 0.629351
    outer loop
      vertex -67.2 37.4152 9.82533
      vertex -55.2 37.6293 10.0897
      vertex -67.2 37.6293 10.0897
    endloop
  endfacet
  facet normal 0 -0.777121 0.629351
    outer loop
      vertex -55.2 37.6293 10.0897
      vertex -67.2 37.4152 9.82533
      vertex -55.2 37.4152 9.82533
    endloop
  endfacet
  facet normal 0 -0.0523274 -0.99863
    outer loop
      vertex -67.2 35 15.25
      vertex -55.2 35.3397 15.2322
      vertex -55.2 35 15.25
    endloop
  endfacet
  facet normal -0 -0.0523274 -0.99863
    outer loop
      vertex -55.2 35.3397 15.2322
      vertex -67.2 35 15.25
      vertex -67.2 35.3397 15.2322
    endloop
  endfacet
  facet normal 0 -0.358329 -0.933595
    outer loop
      vertex -67.2 36.0043 15.0909
      vertex -55.2 36.3219 14.969
      vertex -55.2 36.0043 15.0909
    endloop
  endfacet
  facet normal -0 -0.358329 -0.933595
    outer loop
      vertex -55.2 36.3219 14.969
      vertex -67.2 36.0043 15.0909
      vertex -67.2 36.3219 14.969
    endloop
  endfacet
  facet normal 0 -0.258961 -0.965888
    outer loop
      vertex -67.2 35.6757 15.179
      vertex -55.2 36.0043 15.0909
      vertex -55.2 35.6757 15.179
    endloop
  endfacet
  facet normal -0 -0.258961 -0.965888
    outer loop
      vertex -55.2 36.0043 15.0909
      vertex -67.2 35.6757 15.179
      vertex -67.2 36.0043 15.0909
    endloop
  endfacet
  facet normal 0 -0.544689 -0.838638
    outer loop
      vertex -67.2 36.625 14.8146
      vertex -55.2 36.9103 14.6293
      vertex -55.2 36.625 14.8146
    endloop
  endfacet
  facet normal -0 -0.544689 -0.838638
    outer loop
      vertex -55.2 36.9103 14.6293
      vertex -67.2 36.625 14.8146
      vertex -67.2 36.9103 14.6293
    endloop
  endfacet
  facet normal 0 -0.629308 -0.777156
    outer loop
      vertex -67.2 36.9103 14.6293
      vertex -55.2 37.1747 14.4152
      vertex -55.2 36.9103 14.6293
    endloop
  endfacet
  facet normal -0 -0.629308 -0.777156
    outer loop
      vertex -55.2 37.1747 14.4152
      vertex -67.2 36.9103 14.6293
      vertex -67.2 37.1747 14.4152
    endloop
  endfacet
  facet normal 0 -0.987696 -0.156385
    outer loop
      vertex -67.2 38.2322 12.3397
      vertex -55.2 38.179 12.6757
      vertex -67.2 38.179 12.6757
    endloop
  endfacet
  facet normal 0 -0.987696 -0.156385
    outer loop
      vertex -55.2 38.179 12.6757
      vertex -67.2 38.2322 12.3397
      vertex -55.2 38.2322 12.3397
    endloop
  endfacet
  facet normal 0 -0.891051 -0.453904
    outer loop
      vertex -67.2 37.969 13.3219
      vertex -55.2 37.8146 13.625
      vertex -67.2 37.8146 13.625
    endloop
  endfacet
  facet normal 0 -0.891051 -0.453904
    outer loop
      vertex -55.2 37.8146 13.625
      vertex -67.2 37.969 13.3219
      vertex -55.2 37.969 13.3219
    endloop
  endfacet
  facet normal 0 -0.838638 -0.544689
    outer loop
      vertex -67.2 37.8146 13.625
      vertex -55.2 37.6293 13.9103
      vertex -67.2 37.6293 13.9103
    endloop
  endfacet
  facet normal 0 -0.838638 -0.544689
    outer loop
      vertex -55.2 37.6293 13.9103
      vertex -67.2 37.8146 13.625
      vertex -55.2 37.8146 13.625
    endloop
  endfacet
  facet normal 0 -0.933595 -0.358329
    outer loop
      vertex -67.2 38.0909 13.0043
      vertex -55.2 37.969 13.3219
      vertex -67.2 37.969 13.3219
    endloop
  endfacet
  facet normal 0 -0.933595 -0.358329
    outer loop
      vertex -55.2 37.969 13.3219
      vertex -67.2 38.0909 13.0043
      vertex -55.2 38.0909 13.0043
    endloop
  endfacet
  facet normal 0 -0.777156 -0.629308
    outer loop
      vertex -67.2 37.6293 13.9103
      vertex -55.2 37.4152 14.1747
      vertex -67.2 37.4152 14.1747
    endloop
  endfacet
  facet normal 0 -0.777156 -0.629308
    outer loop
      vertex -55.2 37.4152 14.1747
      vertex -67.2 37.6293 13.9103
      vertex -55.2 37.6293 13.9103
    endloop
  endfacet
  facet normal 0 -0.0523274 0.99863
    outer loop
      vertex -67.2 35.3397 8.7678
      vertex -55.2 35 8.75
      vertex -55.2 35.3397 8.7678
    endloop
  endfacet
  facet normal 0 -0.0523274 0.99863
    outer loop
      vertex -55.2 35 8.75
      vertex -67.2 35.3397 8.7678
      vertex -67.2 35 8.75
    endloop
  endfacet
  facet normal -0 0.258824 0.965924
    outer loop
      vertex -67.2 34.3243 8.82102
      vertex -55.2 33.9957 8.90907
      vertex -55.2 34.3243 8.82102
    endloop
  endfacet
  facet normal 0 0.258824 0.965924
    outer loop
      vertex -55.2 33.9957 8.90907
      vertex -67.2 34.3243 8.82102
      vertex -67.2 33.9957 8.90907
    endloop
  endfacet
  facet normal 0 0.99863 0.0523274
    outer loop
      vertex -55.2 31.7678 11.6603
      vertex -67.2 31.75 12
      vertex -55.2 31.75 12
    endloop
  endfacet
  facet normal 0 0.99863 0.0523274
    outer loop
      vertex -67.2 31.75 12
      vertex -55.2 31.7678 11.6603
      vertex -67.2 31.7678 11.6603
    endloop
  endfacet
  facet normal 0 0.987696 0.156385
    outer loop
      vertex -55.2 31.821 11.3243
      vertex -67.2 31.7678 11.6603
      vertex -55.2 31.7678 11.6603
    endloop
  endfacet
  facet normal 0 0.987696 0.156385
    outer loop
      vertex -67.2 31.7678 11.6603
      vertex -55.2 31.821 11.3243
      vertex -67.2 31.821 11.3243
    endloop
  endfacet
  facet normal 0 -0.453997 0.891003
    outer loop
      vertex -67.2 36.625 9.18542
      vertex -55.2 36.3219 9.03098
      vertex -55.2 36.625 9.18542
    endloop
  endfacet
  facet normal 0 -0.453997 0.891003
    outer loop
      vertex -55.2 36.3219 9.03098
      vertex -67.2 36.625 9.18542
      vertex -67.2 36.3219 9.03098
    endloop
  endfacet
  facet normal 0 -0.258824 0.965924
    outer loop
      vertex -67.2 36.0043 8.90907
      vertex -55.2 35.6757 8.82102
      vertex -55.2 36.0043 8.90907
    endloop
  endfacet
  facet normal 0 -0.258824 0.965924
    outer loop
      vertex -55.2 35.6757 8.82102
      vertex -67.2 36.0043 8.90907
      vertex -67.2 35.6757 8.82102
    endloop
  endfacet
  facet normal 0 -0.62929 0.77717
    outer loop
      vertex -67.2 37.1747 9.58478
      vertex -55.2 36.9103 9.37069
      vertex -55.2 37.1747 9.58478
    endloop
  endfacet
  facet normal 0 -0.62929 0.77717
    outer loop
      vertex -55.2 36.9103 9.37069
      vertex -67.2 37.1747 9.58478
      vertex -67.2 36.9103 9.37069
    endloop
  endfacet
  facet normal 0 -0.987696 0.156385
    outer loop
      vertex -67.2 38.179 11.3243
      vertex -55.2 38.2322 11.6603
      vertex -67.2 38.2322 11.6603
    endloop
  endfacet
  facet normal 0 -0.987696 0.156385
    outer loop
      vertex -55.2 38.2322 11.6603
      vertex -67.2 38.179 11.3243
      vertex -55.2 38.179 11.3243
    endloop
  endfacet
  facet normal 0 -0.838638 0.544689
    outer loop
      vertex -67.2 37.6293 10.0897
      vertex -55.2 37.8146 10.375
      vertex -67.2 37.8146 10.375
    endloop
  endfacet
  facet normal 0 -0.838638 0.544689
    outer loop
      vertex -55.2 37.8146 10.375
      vertex -67.2 37.6293 10.0897
      vertex -55.2 37.6293 10.0897
    endloop
  endfacet
  facet normal -0 0.156443 0.987687
    outer loop
      vertex -67.2 34.6603 8.7678
      vertex -55.2 34.3243 8.82102
      vertex -55.2 34.6603 8.7678
    endloop
  endfacet
  facet normal 0 0.156443 0.987687
    outer loop
      vertex -55.2 34.3243 8.82102
      vertex -67.2 34.6603 8.7678
      vertex -67.2 34.3243 8.82102
    endloop
  endfacet
  facet normal -0 0.70718 0.707033
    outer loop
      vertex -67.2 32.8253 9.58478
      vertex -55.2 32.5848 9.82533
      vertex -55.2 32.8253 9.58478
    endloop
  endfacet
  facet normal 0 0.70718 0.707033
    outer loop
      vertex -55.2 32.5848 9.82533
      vertex -67.2 32.8253 9.58478
      vertex -67.2 32.5848 9.82533
    endloop
  endfacet
  facet normal -0 0.62929 0.77717
    outer loop
      vertex -67.2 33.0897 9.37069
      vertex -55.2 32.8253 9.58478
      vertex -55.2 33.0897 9.37069
    endloop
  endfacet
  facet normal 0 0.62929 0.77717
    outer loop
      vertex -55.2 32.8253 9.58478
      vertex -67.2 33.0897 9.37069
      vertex -67.2 32.8253 9.58478
    endloop
  endfacet
  facet normal -0 0.453997 0.891003
    outer loop
      vertex -67.2 33.6781 9.03098
      vertex -55.2 33.375 9.18542
      vertex -55.2 33.6781 9.03098
    endloop
  endfacet
  facet normal 0 0.453997 0.891003
    outer loop
      vertex -55.2 33.375 9.18542
      vertex -67.2 33.6781 9.03098
      vertex -67.2 33.375 9.18542
    endloop
  endfacet
  facet normal -0 0.544627 0.838679
    outer loop
      vertex -67.2 33.375 9.18542
      vertex -55.2 33.0897 9.37069
      vertex -55.2 33.375 9.18542
    endloop
  endfacet
  facet normal 0 0.544627 0.838679
    outer loop
      vertex -55.2 33.0897 9.37069
      vertex -67.2 33.375 9.18542
      vertex -67.2 33.0897 9.37069
    endloop
  endfacet
  facet normal 0 0.358329 -0.933595
    outer loop
      vertex -67.2 33.6781 14.969
      vertex -55.2 33.9957 15.0909
      vertex -55.2 33.6781 14.969
    endloop
  endfacet
  facet normal 0 0.358329 -0.933595
    outer loop
      vertex -55.2 33.9957 15.0909
      vertex -67.2 33.6781 14.969
      vertex -67.2 33.9957 15.0909
    endloop
  endfacet
  facet normal 0 0.453904 -0.891051
    outer loop
      vertex -67.2 33.375 14.8146
      vertex -55.2 33.6781 14.969
      vertex -55.2 33.375 14.8146
    endloop
  endfacet
  facet normal 0 0.453904 -0.891051
    outer loop
      vertex -55.2 33.6781 14.969
      vertex -67.2 33.375 14.8146
      vertex -67.2 33.6781 14.969
    endloop
  endfacet
  facet normal 0 0.258961 -0.965888
    outer loop
      vertex -67.2 33.9957 15.0909
      vertex -55.2 34.3243 15.179
      vertex -55.2 33.9957 15.0909
    endloop
  endfacet
  facet normal 0 0.258961 -0.965888
    outer loop
      vertex -55.2 34.3243 15.179
      vertex -67.2 33.9957 15.0909
      vertex -67.2 34.3243 15.179
    endloop
  endfacet
  facet normal 0 0.707107 -0.707107
    outer loop
      vertex -67.2 32.5848 14.1747
      vertex -55.2 32.8253 14.4152
      vertex -55.2 32.5848 14.1747
    endloop
  endfacet
  facet normal 0 0.707107 -0.707107
    outer loop
      vertex -55.2 32.8253 14.4152
      vertex -67.2 32.5848 14.1747
      vertex -67.2 32.8253 14.4152
    endloop
  endfacet
  facet normal 0 0.933595 0.358329
    outer loop
      vertex -55.2 32.031 10.6781
      vertex -67.2 31.9091 10.9957
      vertex -55.2 31.9091 10.9957
    endloop
  endfacet
  facet normal 0 0.933595 0.358329
    outer loop
      vertex -67.2 31.9091 10.9957
      vertex -55.2 32.031 10.6781
      vertex -67.2 32.031 10.6781
    endloop
  endfacet
  facet normal 0 0.965888 0.258961
    outer loop
      vertex -55.2 31.9091 10.9957
      vertex -67.2 31.821 11.3243
      vertex -55.2 31.821 11.3243
    endloop
  endfacet
  facet normal 0 0.965888 0.258961
    outer loop
      vertex -67.2 31.821 11.3243
      vertex -55.2 31.9091 10.9957
      vertex -67.2 31.9091 10.9957
    endloop
  endfacet
  facet normal 0 0.777121 0.629351
    outer loop
      vertex -55.2 32.5848 9.82533
      vertex -67.2 32.3707 10.0897
      vertex -55.2 32.3707 10.0897
    endloop
  endfacet
  facet normal 0 0.777121 0.629351
    outer loop
      vertex -67.2 32.3707 10.0897
      vertex -55.2 32.5848 9.82533
      vertex -67.2 32.5848 9.82533
    endloop
  endfacet
  facet normal -0 0.358355 0.933586
    outer loop
      vertex -67.2 33.9957 8.90907
      vertex -55.2 33.6781 9.03098
      vertex -55.2 33.9957 8.90907
    endloop
  endfacet
  facet normal 0 0.358355 0.933586
    outer loop
      vertex -55.2 33.6781 9.03098
      vertex -67.2 33.9957 8.90907
      vertex -67.2 33.6781 9.03098
    endloop
  endfacet
  facet normal 0 0.965888 -0.258961
    outer loop
      vertex -55.2 31.821 12.6757
      vertex -67.2 31.9091 13.0043
      vertex -55.2 31.9091 13.0043
    endloop
  endfacet
  facet normal 0 0.965888 -0.258961
    outer loop
      vertex -67.2 31.9091 13.0043
      vertex -55.2 31.821 12.6757
      vertex -67.2 31.821 12.6757
    endloop
  endfacet
  facet normal 0 0.99863 -0.0523274
    outer loop
      vertex -55.2 31.75 12
      vertex -67.2 31.7678 12.3397
      vertex -55.2 31.7678 12.3397
    endloop
  endfacet
  facet normal 0 0.99863 -0.0523274
    outer loop
      vertex -67.2 31.7678 12.3397
      vertex -55.2 31.75 12
      vertex -67.2 31.75 12
    endloop
  endfacet
  facet normal 0 0.156385 -0.987696
    outer loop
      vertex -67.2 34.3243 15.179
      vertex -55.2 34.6603 15.2322
      vertex -55.2 34.3243 15.179
    endloop
  endfacet
  facet normal 0 0.156385 -0.987696
    outer loop
      vertex -55.2 34.6603 15.2322
      vertex -67.2 34.3243 15.179
      vertex -67.2 34.6603 15.2322
    endloop
  endfacet
  facet normal 0 0.0523274 -0.99863
    outer loop
      vertex -67.2 34.6603 15.2322
      vertex -55.2 35 15.25
      vertex -55.2 34.6603 15.2322
    endloop
  endfacet
  facet normal 0 0.0523274 -0.99863
    outer loop
      vertex -55.2 35 15.25
      vertex -67.2 34.6603 15.2322
      vertex -67.2 35 15.25
    endloop
  endfacet
  facet normal 0 0.629308 -0.777156
    outer loop
      vertex -67.2 32.8253 14.4152
      vertex -55.2 33.0897 14.6293
      vertex -55.2 32.8253 14.4152
    endloop
  endfacet
  facet normal 0 0.629308 -0.777156
    outer loop
      vertex -55.2 33.0897 14.6293
      vertex -67.2 32.8253 14.4152
      vertex -67.2 33.0897 14.6293
    endloop
  endfacet
  facet normal 0 0.838638 0.544689
    outer loop
      vertex -55.2 32.3707 10.0897
      vertex -67.2 32.1854 10.375
      vertex -55.2 32.1854 10.375
    endloop
  endfacet
  facet normal 0 0.838638 0.544689
    outer loop
      vertex -67.2 32.1854 10.375
      vertex -55.2 32.3707 10.0897
      vertex -67.2 32.3707 10.0897
    endloop
  endfacet
  facet normal 0 0.891051 0.453904
    outer loop
      vertex -55.2 32.1854 10.375
      vertex -67.2 32.031 10.6781
      vertex -55.2 32.031 10.6781
    endloop
  endfacet
  facet normal 0 0.891051 0.453904
    outer loop
      vertex -67.2 32.031 10.6781
      vertex -55.2 32.1854 10.375
      vertex -67.2 32.1854 10.375
    endloop
  endfacet
  facet normal 0 0.933595 -0.358329
    outer loop
      vertex -55.2 31.9091 13.0043
      vertex -67.2 32.031 13.3219
      vertex -55.2 32.031 13.3219
    endloop
  endfacet
  facet normal 0 0.933595 -0.358329
    outer loop
      vertex -67.2 32.031 13.3219
      vertex -55.2 31.9091 13.0043
      vertex -67.2 31.9091 13.0043
    endloop
  endfacet
  facet normal 0 0.987696 -0.156385
    outer loop
      vertex -55.2 31.7678 12.3397
      vertex -67.2 31.821 12.6757
      vertex -55.2 31.821 12.6757
    endloop
  endfacet
  facet normal 0 0.987696 -0.156385
    outer loop
      vertex -67.2 31.821 12.6757
      vertex -55.2 31.7678 12.3397
      vertex -67.2 31.7678 12.3397
    endloop
  endfacet
  facet normal 0 0.544689 -0.838638
    outer loop
      vertex -67.2 33.0897 14.6293
      vertex -55.2 33.375 14.8146
      vertex -55.2 33.0897 14.6293
    endloop
  endfacet
  facet normal 0 0.544689 -0.838638
    outer loop
      vertex -55.2 33.375 14.8146
      vertex -67.2 33.0897 14.6293
      vertex -67.2 33.375 14.8146
    endloop
  endfacet
  facet normal 0 0.838638 -0.544689
    outer loop
      vertex -55.2 32.1854 13.625
      vertex -67.2 32.3707 13.9103
      vertex -55.2 32.3707 13.9103
    endloop
  endfacet
  facet normal 0 0.838638 -0.544689
    outer loop
      vertex -67.2 32.3707 13.9103
      vertex -55.2 32.1854 13.625
      vertex -67.2 32.1854 13.625
    endloop
  endfacet
  facet normal 0 0.777156 -0.629308
    outer loop
      vertex -55.2 32.3707 13.9103
      vertex -67.2 32.5848 14.1747
      vertex -55.2 32.5848 14.1747
    endloop
  endfacet
  facet normal 0 0.777156 -0.629308
    outer loop
      vertex -67.2 32.5848 14.1747
      vertex -55.2 32.3707 13.9103
      vertex -67.2 32.3707 13.9103
    endloop
  endfacet
  facet normal 0 0.891051 -0.453904
    outer loop
      vertex -55.2 32.031 13.3219
      vertex -67.2 32.1854 13.625
      vertex -55.2 32.1854 13.625
    endloop
  endfacet
  facet normal 0 0.891051 -0.453904
    outer loop
      vertex -67.2 32.1854 13.625
      vertex -55.2 32.031 13.3219
      vertex -67.2 32.031 13.3219
    endloop
  endfacet
  facet normal 0 -0.777156 0.629308
    outer loop
      vertex -67.2 -32.5848 39.8253
      vertex -55.2 -32.3707 40.0897
      vertex -67.2 -32.3707 40.0897
    endloop
  endfacet
  facet normal 0 -0.777156 0.629308
    outer loop
      vertex -55.2 -32.3707 40.0897
      vertex -67.2 -32.5848 39.8253
      vertex -55.2 -32.5848 39.8253
    endloop
  endfacet
  facet normal 0 -0.891051 -0.453904
    outer loop
      vertex -67.2 -32.031 43.3219
      vertex -55.2 -32.1854 43.625
      vertex -67.2 -32.1854 43.625
    endloop
  endfacet
  facet normal 0 -0.891051 -0.453904
    outer loop
      vertex -55.2 -32.1854 43.625
      vertex -67.2 -32.031 43.3219
      vertex -55.2 -32.031 43.3219
    endloop
  endfacet
  facet normal 0 -0.358329 -0.933595
    outer loop
      vertex -67.2 -33.9957 45.0909
      vertex -55.2 -33.6781 44.969
      vertex -55.2 -33.9957 45.0909
    endloop
  endfacet
  facet normal -0 -0.358329 -0.933595
    outer loop
      vertex -55.2 -33.6781 44.969
      vertex -67.2 -33.9957 45.0909
      vertex -67.2 -33.6781 44.969
    endloop
  endfacet
  facet normal -0 0.358329 0.933595
    outer loop
      vertex -67.2 -36.0043 38.9091
      vertex -55.2 -36.3219 39.031
      vertex -55.2 -36.0043 38.9091
    endloop
  endfacet
  facet normal 0 0.358329 0.933595
    outer loop
      vertex -55.2 -36.3219 39.031
      vertex -67.2 -36.0043 38.9091
      vertex -67.2 -36.3219 39.031
    endloop
  endfacet
  facet normal 0 0.258961 -0.965888
    outer loop
      vertex -67.2 -36.0043 45.0909
      vertex -55.2 -35.6757 45.179
      vertex -55.2 -36.0043 45.0909
    endloop
  endfacet
  facet normal 0 0.258961 -0.965888
    outer loop
      vertex -55.2 -35.6757 45.179
      vertex -67.2 -36.0043 45.0909
      vertex -67.2 -35.6757 45.179
    endloop
  endfacet
  facet normal 0 0.891051 -0.453904
    outer loop
      vertex -55.2 -37.969 43.3219
      vertex -67.2 -37.8146 43.625
      vertex -55.2 -37.8146 43.625
    endloop
  endfacet
  facet normal 0 0.891051 -0.453904
    outer loop
      vertex -67.2 -37.8146 43.625
      vertex -55.2 -37.969 43.3219
      vertex -67.2 -37.969 43.3219
    endloop
  endfacet
  facet normal 0 -0.358329 0.933595
    outer loop
      vertex -67.2 -33.6781 39.031
      vertex -55.2 -33.9957 38.9091
      vertex -55.2 -33.6781 39.031
    endloop
  endfacet
  facet normal 0 -0.358329 0.933595
    outer loop
      vertex -55.2 -33.9957 38.9091
      vertex -67.2 -33.6781 39.031
      vertex -67.2 -33.9957 38.9091
    endloop
  endfacet
  facet normal 0 -0.453904 0.891051
    outer loop
      vertex -67.2 -33.375 39.1854
      vertex -55.2 -33.6781 39.031
      vertex -55.2 -33.375 39.1854
    endloop
  endfacet
  facet normal 0 -0.453904 0.891051
    outer loop
      vertex -55.2 -33.6781 39.031
      vertex -67.2 -33.375 39.1854
      vertex -67.2 -33.6781 39.031
    endloop
  endfacet
  facet normal 0 -0.99863 0.0523274
    outer loop
      vertex -67.2 -31.7678 41.6603
      vertex -55.2 -31.75 42
      vertex -67.2 -31.75 42
    endloop
  endfacet
  facet normal 0 -0.99863 0.0523274
    outer loop
      vertex -55.2 -31.75 42
      vertex -67.2 -31.7678 41.6603
      vertex -55.2 -31.7678 41.6603
    endloop
  endfacet
  facet normal 0 -0.0523274 -0.99863
    outer loop
      vertex -67.2 -35 45.25
      vertex -55.2 -34.6603 45.2322
      vertex -55.2 -35 45.25
    endloop
  endfacet
  facet normal -0 -0.0523274 -0.99863
    outer loop
      vertex -55.2 -34.6603 45.2322
      vertex -67.2 -35 45.25
      vertex -67.2 -34.6603 45.2322
    endloop
  endfacet
  facet normal 0 -0.629308 -0.777156
    outer loop
      vertex -67.2 -33.0897 44.6293
      vertex -55.2 -32.8253 44.4152
      vertex -55.2 -33.0897 44.6293
    endloop
  endfacet
  facet normal -0 -0.629308 -0.777156
    outer loop
      vertex -55.2 -32.8253 44.4152
      vertex -67.2 -33.0897 44.6293
      vertex -67.2 -32.8253 44.4152
    endloop
  endfacet
  facet normal 0 -0.965888 -0.258961
    outer loop
      vertex -67.2 -31.821 42.6757
      vertex -55.2 -31.9091 43.0043
      vertex -67.2 -31.9091 43.0043
    endloop
  endfacet
  facet normal 0 -0.965888 -0.258961
    outer loop
      vertex -55.2 -31.9091 43.0043
      vertex -67.2 -31.821 42.6757
      vertex -55.2 -31.821 42.6757
    endloop
  endfacet
  facet normal 0 -0.707107 -0.707107
    outer loop
      vertex -67.2 -32.5848 44.1747
      vertex -55.2 -32.8253 44.4152
      vertex -67.2 -32.8253 44.4152
    endloop
  endfacet
  facet normal 0 -0.707107 -0.707107
    outer loop
      vertex -55.2 -32.8253 44.4152
      vertex -67.2 -32.5848 44.1747
      vertex -55.2 -32.5848 44.1747
    endloop
  endfacet
  facet normal -0 0.0523274 0.99863
    outer loop
      vertex -67.2 -35 38.75
      vertex -55.2 -35.3397 38.7678
      vertex -55.2 -35 38.75
    endloop
  endfacet
  facet normal 0 0.0523274 0.99863
    outer loop
      vertex -55.2 -35.3397 38.7678
      vertex -67.2 -35 38.75
      vertex -67.2 -35.3397 38.7678
    endloop
  endfacet
  facet normal -0 0.629308 0.777156
    outer loop
      vertex -67.2 -36.9103 39.3707
      vertex -55.2 -37.1747 39.5848
      vertex -55.2 -36.9103 39.3707
    endloop
  endfacet
  facet normal 0 0.629308 0.777156
    outer loop
      vertex -55.2 -37.1747 39.5848
      vertex -67.2 -36.9103 39.3707
      vertex -67.2 -37.1747 39.5848
    endloop
  endfacet
  facet normal 0 0.987696 -0.156385
    outer loop
      vertex -55.2 -38.2322 42.3397
      vertex -67.2 -38.179 42.6757
      vertex -55.2 -38.179 42.6757
    endloop
  endfacet
  facet normal 0 0.987696 -0.156385
    outer loop
      vertex -67.2 -38.179 42.6757
      vertex -55.2 -38.2322 42.3397
      vertex -67.2 -38.2322 42.3397
    endloop
  endfacet
  facet normal 0 0.707107 -0.707107
    outer loop
      vertex -55.2 -37.4152 44.1747
      vertex -67.2 -37.1747 44.4152
      vertex -55.2 -37.1747 44.4152
    endloop
  endfacet
  facet normal 0 0.707107 -0.707107
    outer loop
      vertex -67.2 -37.1747 44.4152
      vertex -55.2 -37.4152 44.1747
      vertex -67.2 -37.4152 44.1747
    endloop
  endfacet
  facet normal 0 0.0523274 -0.99863
    outer loop
      vertex -67.2 -35.3397 45.2322
      vertex -55.2 -35 45.25
      vertex -55.2 -35.3397 45.2322
    endloop
  endfacet
  facet normal 0 0.0523274 -0.99863
    outer loop
      vertex -55.2 -35 45.25
      vertex -67.2 -35.3397 45.2322
      vertex -67.2 -35 45.25
    endloop
  endfacet
  facet normal 0 0.544689 -0.838638
    outer loop
      vertex -67.2 -36.9103 44.6293
      vertex -55.2 -36.625 44.8146
      vertex -55.2 -36.9103 44.6293
    endloop
  endfacet
  facet normal 0 0.544689 -0.838638
    outer loop
      vertex -55.2 -36.625 44.8146
      vertex -67.2 -36.9103 44.6293
      vertex -67.2 -36.625 44.8146
    endloop
  endfacet
  facet normal 0 -0.156385 0.987696
    outer loop
      vertex -67.2 -34.3243 38.821
      vertex -55.2 -34.6603 38.7678
      vertex -55.2 -34.3243 38.821
    endloop
  endfacet
  facet normal 0 -0.156385 0.987696
    outer loop
      vertex -55.2 -34.6603 38.7678
      vertex -67.2 -34.3243 38.821
      vertex -67.2 -34.6603 38.7678
    endloop
  endfacet
  facet normal 0 -0.629308 0.777156
    outer loop
      vertex -67.2 -32.8253 39.5848
      vertex -55.2 -33.0897 39.3707
      vertex -55.2 -32.8253 39.5848
    endloop
  endfacet
  facet normal 0 -0.629308 0.777156
    outer loop
      vertex -55.2 -33.0897 39.3707
      vertex -67.2 -32.8253 39.5848
      vertex -67.2 -33.0897 39.3707
    endloop
  endfacet
  facet normal 0 -0.99863 -0.0523274
    outer loop
      vertex -67.2 -31.75 42
      vertex -55.2 -31.7678 42.3397
      vertex -67.2 -31.7678 42.3397
    endloop
  endfacet
  facet normal 0 -0.99863 -0.0523274
    outer loop
      vertex -55.2 -31.7678 42.3397
      vertex -67.2 -31.75 42
      vertex -55.2 -31.75 42
    endloop
  endfacet
  facet normal 0 -0.891051 0.453904
    outer loop
      vertex -67.2 -32.1854 40.375
      vertex -55.2 -32.031 40.6781
      vertex -67.2 -32.031 40.6781
    endloop
  endfacet
  facet normal 0 -0.891051 0.453904
    outer loop
      vertex -55.2 -32.031 40.6781
      vertex -67.2 -32.1854 40.375
      vertex -55.2 -32.1854 40.375
    endloop
  endfacet
  facet normal 0 -0.965888 0.258961
    outer loop
      vertex -67.2 -31.9091 40.9957
      vertex -55.2 -31.821 41.3243
      vertex -67.2 -31.821 41.3243
    endloop
  endfacet
  facet normal 0 -0.965888 0.258961
    outer loop
      vertex -55.2 -31.821 41.3243
      vertex -67.2 -31.9091 40.9957
      vertex -55.2 -31.9091 40.9957
    endloop
  endfacet
  facet normal 0 -0.258961 -0.965888
    outer loop
      vertex -67.2 -34.3243 45.179
      vertex -55.2 -33.9957 45.0909
      vertex -55.2 -34.3243 45.179
    endloop
  endfacet
  facet normal -0 -0.258961 -0.965888
    outer loop
      vertex -55.2 -33.9957 45.0909
      vertex -67.2 -34.3243 45.179
      vertex -67.2 -33.9957 45.0909
    endloop
  endfacet
  facet normal 0 -0.156385 -0.987696
    outer loop
      vertex -67.2 -34.6603 45.2322
      vertex -55.2 -34.3243 45.179
      vertex -55.2 -34.6603 45.2322
    endloop
  endfacet
  facet normal -0 -0.156385 -0.987696
    outer loop
      vertex -55.2 -34.3243 45.179
      vertex -67.2 -34.6603 45.2322
      vertex -67.2 -34.3243 45.179
    endloop
  endfacet
  facet normal 0 -0.453904 -0.891051
    outer loop
      vertex -67.2 -33.6781 44.969
      vertex -55.2 -33.375 44.8146
      vertex -55.2 -33.6781 44.969
    endloop
  endfacet
  facet normal -0 -0.453904 -0.891051
    outer loop
      vertex -55.2 -33.375 44.8146
      vertex -67.2 -33.6781 44.969
      vertex -67.2 -33.375 44.8146
    endloop
  endfacet
  facet normal 0 -0.544689 -0.838638
    outer loop
      vertex -67.2 -33.375 44.8146
      vertex -55.2 -33.0897 44.6293
      vertex -55.2 -33.375 44.8146
    endloop
  endfacet
  facet normal -0 -0.544689 -0.838638
    outer loop
      vertex -55.2 -33.0897 44.6293
      vertex -67.2 -33.375 44.8146
      vertex -67.2 -33.0897 44.6293
    endloop
  endfacet
  facet normal 0 -0.933595 -0.358329
    outer loop
      vertex -67.2 -31.9091 43.0043
      vertex -55.2 -32.031 43.3219
      vertex -67.2 -32.031 43.3219
    endloop
  endfacet
  facet normal 0 -0.933595 -0.358329
    outer loop
      vertex -55.2 -32.031 43.3219
      vertex -67.2 -31.9091 43.0043
      vertex -55.2 -31.9091 43.0043
    endloop
  endfacet
  facet normal 0 -0.987696 -0.156385
    outer loop
      vertex -67.2 -31.7678 42.3397
      vertex -55.2 -31.821 42.6757
      vertex -67.2 -31.821 42.6757
    endloop
  endfacet
  facet normal 0 -0.987696 -0.156385
    outer loop
      vertex -55.2 -31.821 42.6757
      vertex -67.2 -31.7678 42.3397
      vertex -55.2 -31.7678 42.3397
    endloop
  endfacet
  facet normal 0 -0.777156 -0.629308
    outer loop
      vertex -67.2 -32.3707 43.9103
      vertex -55.2 -32.5848 44.1747
      vertex -67.2 -32.5848 44.1747
    endloop
  endfacet
  facet normal 0 -0.777156 -0.629308
    outer loop
      vertex -55.2 -32.5848 44.1747
      vertex -67.2 -32.3707 43.9103
      vertex -55.2 -32.3707 43.9103
    endloop
  endfacet
  facet normal 0 -0.838638 -0.544689
    outer loop
      vertex -67.2 -32.1854 43.625
      vertex -55.2 -32.3707 43.9103
      vertex -67.2 -32.3707 43.9103
    endloop
  endfacet
  facet normal 0 -0.838638 -0.544689
    outer loop
      vertex -55.2 -32.3707 43.9103
      vertex -67.2 -32.1854 43.625
      vertex -55.2 -32.1854 43.625
    endloop
  endfacet
  facet normal 0 -0.0523274 0.99863
    outer loop
      vertex -67.2 -34.6603 38.7678
      vertex -55.2 -35 38.75
      vertex -55.2 -34.6603 38.7678
    endloop
  endfacet
  facet normal 0 -0.0523274 0.99863
    outer loop
      vertex -55.2 -35 38.75
      vertex -67.2 -34.6603 38.7678
      vertex -67.2 -35 38.75
    endloop
  endfacet
  facet normal 0 0.99863 0.0523274
    outer loop
      vertex -55.2 -38.2322 41.6603
      vertex -67.2 -38.25 42
      vertex -55.2 -38.25 42
    endloop
  endfacet
  facet normal 0 0.99863 0.0523274
    outer loop
      vertex -67.2 -38.25 42
      vertex -55.2 -38.2322 41.6603
      vertex -67.2 -38.2322 41.6603
    endloop
  endfacet
  facet normal -0 0.258961 0.965888
    outer loop
      vertex -67.2 -35.6757 38.821
      vertex -55.2 -36.0043 38.9091
      vertex -55.2 -35.6757 38.821
    endloop
  endfacet
  facet normal 0 0.258961 0.965888
    outer loop
      vertex -55.2 -36.0043 38.9091
      vertex -67.2 -35.6757 38.821
      vertex -67.2 -36.0043 38.9091
    endloop
  endfacet
  facet normal 0 0.965888 0.258961
    outer loop
      vertex -55.2 -38.0909 40.9957
      vertex -67.2 -38.179 41.3243
      vertex -55.2 -38.179 41.3243
    endloop
  endfacet
  facet normal 0 0.965888 0.258961
    outer loop
      vertex -67.2 -38.179 41.3243
      vertex -55.2 -38.0909 40.9957
      vertex -67.2 -38.0909 40.9957
    endloop
  endfacet
  facet normal 0 0.777156 0.629308
    outer loop
      vertex -55.2 -37.4152 39.8253
      vertex -67.2 -37.6293 40.0897
      vertex -55.2 -37.6293 40.0897
    endloop
  endfacet
  facet normal 0 0.777156 0.629308
    outer loop
      vertex -67.2 -37.6293 40.0897
      vertex -55.2 -37.4152 39.8253
      vertex -67.2 -37.4152 39.8253
    endloop
  endfacet
  facet normal 0 0.891051 0.453904
    outer loop
      vertex -55.2 -37.8146 40.375
      vertex -67.2 -37.969 40.6781
      vertex -55.2 -37.969 40.6781
    endloop
  endfacet
  facet normal 0 0.891051 0.453904
    outer loop
      vertex -67.2 -37.969 40.6781
      vertex -55.2 -37.8146 40.375
      vertex -67.2 -37.8146 40.375
    endloop
  endfacet
  facet normal -0 0.453904 0.891051
    outer loop
      vertex -67.2 -36.3219 39.031
      vertex -55.2 -36.625 39.1854
      vertex -55.2 -36.3219 39.031
    endloop
  endfacet
  facet normal 0 0.453904 0.891051
    outer loop
      vertex -55.2 -36.625 39.1854
      vertex -67.2 -36.3219 39.031
      vertex -67.2 -36.625 39.1854
    endloop
  endfacet
  facet normal 0 0.99863 -0.0523274
    outer loop
      vertex -55.2 -38.25 42
      vertex -67.2 -38.2322 42.3397
      vertex -55.2 -38.2322 42.3397
    endloop
  endfacet
  facet normal 0 0.99863 -0.0523274
    outer loop
      vertex -67.2 -38.2322 42.3397
      vertex -55.2 -38.25 42
      vertex -67.2 -38.25 42
    endloop
  endfacet
  facet normal 0 0.933595 -0.358329
    outer loop
      vertex -55.2 -38.0909 43.0043
      vertex -67.2 -37.969 43.3219
      vertex -55.2 -37.969 43.3219
    endloop
  endfacet
  facet normal 0 0.933595 -0.358329
    outer loop
      vertex -67.2 -37.969 43.3219
      vertex -55.2 -38.0909 43.0043
      vertex -67.2 -38.0909 43.0043
    endloop
  endfacet
  facet normal 0 0.965888 -0.258961
    outer loop
      vertex -55.2 -38.179 42.6757
      vertex -67.2 -38.0909 43.0043
      vertex -55.2 -38.0909 43.0043
    endloop
  endfacet
  facet normal 0 0.965888 -0.258961
    outer loop
      vertex -67.2 -38.0909 43.0043
      vertex -55.2 -38.179 42.6757
      vertex -67.2 -38.179 42.6757
    endloop
  endfacet
  facet normal 0 0.838638 -0.544689
    outer loop
      vertex -55.2 -37.8146 43.625
      vertex -67.2 -37.6293 43.9103
      vertex -55.2 -37.6293 43.9103
    endloop
  endfacet
  facet normal 0 0.838638 -0.544689
    outer loop
      vertex -67.2 -37.6293 43.9103
      vertex -55.2 -37.8146 43.625
      vertex -67.2 -37.8146 43.625
    endloop
  endfacet
  facet normal 0 0.777156 -0.629308
    outer loop
      vertex -55.2 -37.6293 43.9103
      vertex -67.2 -37.4152 44.1747
      vertex -55.2 -37.4152 44.1747
    endloop
  endfacet
  facet normal 0 0.777156 -0.629308
    outer loop
      vertex -67.2 -37.4152 44.1747
      vertex -55.2 -37.6293 43.9103
      vertex -67.2 -37.6293 43.9103
    endloop
  endfacet
  facet normal 0 0.156385 -0.987696
    outer loop
      vertex -67.2 -35.6757 45.179
      vertex -55.2 -35.3397 45.2322
      vertex -55.2 -35.6757 45.179
    endloop
  endfacet
  facet normal 0 0.156385 -0.987696
    outer loop
      vertex -55.2 -35.3397 45.2322
      vertex -67.2 -35.6757 45.179
      vertex -67.2 -35.3397 45.2322
    endloop
  endfacet
  facet normal 0 0.358329 -0.933595
    outer loop
      vertex -67.2 -36.3219 44.969
      vertex -55.2 -36.0043 45.0909
      vertex -55.2 -36.3219 44.969
    endloop
  endfacet
  facet normal 0 0.358329 -0.933595
    outer loop
      vertex -55.2 -36.0043 45.0909
      vertex -67.2 -36.3219 44.969
      vertex -67.2 -36.0043 45.0909
    endloop
  endfacet
  facet normal 0 0.453904 -0.891051
    outer loop
      vertex -67.2 -36.625 44.8146
      vertex -55.2 -36.3219 44.969
      vertex -55.2 -36.625 44.8146
    endloop
  endfacet
  facet normal 0 0.453904 -0.891051
    outer loop
      vertex -55.2 -36.3219 44.969
      vertex -67.2 -36.625 44.8146
      vertex -67.2 -36.3219 44.969
    endloop
  endfacet
  facet normal 0 0.629308 -0.777156
    outer loop
      vertex -67.2 -37.1747 44.4152
      vertex -55.2 -36.9103 44.6293
      vertex -55.2 -37.1747 44.4152
    endloop
  endfacet
  facet normal 0 0.629308 -0.777156
    outer loop
      vertex -55.2 -36.9103 44.6293
      vertex -67.2 -37.1747 44.4152
      vertex -67.2 -36.9103 44.6293
    endloop
  endfacet
  facet normal 0 -0.258961 0.965888
    outer loop
      vertex -67.2 -33.9957 38.9091
      vertex -55.2 -34.3243 38.821
      vertex -55.2 -33.9957 38.9091
    endloop
  endfacet
  facet normal 0 -0.258961 0.965888
    outer loop
      vertex -55.2 -34.3243 38.821
      vertex -67.2 -33.9957 38.9091
      vertex -67.2 -34.3243 38.821
    endloop
  endfacet
  facet normal 0 -0.544689 0.838638
    outer loop
      vertex -67.2 -33.0897 39.3707
      vertex -55.2 -33.375 39.1854
      vertex -55.2 -33.0897 39.3707
    endloop
  endfacet
  facet normal 0 -0.544689 0.838638
    outer loop
      vertex -55.2 -33.375 39.1854
      vertex -67.2 -33.0897 39.3707
      vertex -67.2 -33.375 39.1854
    endloop
  endfacet
  facet normal 0 -0.707107 0.707107
    outer loop
      vertex -67.2 -32.8253 39.5848
      vertex -55.2 -32.5848 39.8253
      vertex -67.2 -32.5848 39.8253
    endloop
  endfacet
  facet normal 0 -0.707107 0.707107
    outer loop
      vertex -55.2 -32.5848 39.8253
      vertex -67.2 -32.8253 39.5848
      vertex -55.2 -32.8253 39.5848
    endloop
  endfacet
  facet normal 0 -0.838638 0.544689
    outer loop
      vertex -67.2 -32.3707 40.0897
      vertex -55.2 -32.1854 40.375
      vertex -67.2 -32.1854 40.375
    endloop
  endfacet
  facet normal 0 -0.838638 0.544689
    outer loop
      vertex -55.2 -32.1854 40.375
      vertex -67.2 -32.3707 40.0897
      vertex -55.2 -32.3707 40.0897
    endloop
  endfacet
  facet normal 0 -0.933595 0.358329
    outer loop
      vertex -67.2 -32.031 40.6781
      vertex -55.2 -31.9091 40.9957
      vertex -67.2 -31.9091 40.9957
    endloop
  endfacet
  facet normal 0 -0.933595 0.358329
    outer loop
      vertex -55.2 -31.9091 40.9957
      vertex -67.2 -32.031 40.6781
      vertex -55.2 -32.031 40.6781
    endloop
  endfacet
  facet normal 0 -0.987696 0.156385
    outer loop
      vertex -67.2 -31.821 41.3243
      vertex -55.2 -31.7678 41.6603
      vertex -67.2 -31.7678 41.6603
    endloop
  endfacet
  facet normal 0 -0.987696 0.156385
    outer loop
      vertex -55.2 -31.7678 41.6603
      vertex -67.2 -31.821 41.3243
      vertex -55.2 -31.821 41.3243
    endloop
  endfacet
  facet normal -0 0.156385 0.987696
    outer loop
      vertex -67.2 -35.3397 38.7678
      vertex -55.2 -35.6757 38.821
      vertex -55.2 -35.3397 38.7678
    endloop
  endfacet
  facet normal 0 0.156385 0.987696
    outer loop
      vertex -55.2 -35.6757 38.821
      vertex -67.2 -35.3397 38.7678
      vertex -67.2 -35.6757 38.821
    endloop
  endfacet
  facet normal 0 0.987696 0.156385
    outer loop
      vertex -55.2 -38.179 41.3243
      vertex -67.2 -38.2322 41.6603
      vertex -55.2 -38.2322 41.6603
    endloop
  endfacet
  facet normal 0 0.987696 0.156385
    outer loop
      vertex -67.2 -38.2322 41.6603
      vertex -55.2 -38.179 41.3243
      vertex -67.2 -38.179 41.3243
    endloop
  endfacet
  facet normal 0 0.933595 0.358329
    outer loop
      vertex -55.2 -37.969 40.6781
      vertex -67.2 -38.0909 40.9957
      vertex -55.2 -38.0909 40.9957
    endloop
  endfacet
  facet normal 0 0.933595 0.358329
    outer loop
      vertex -67.2 -38.0909 40.9957
      vertex -55.2 -37.969 40.6781
      vertex -67.2 -37.969 40.6781
    endloop
  endfacet
  facet normal 0 0.707107 0.707107
    outer loop
      vertex -55.2 -37.1747 39.5848
      vertex -67.2 -37.4152 39.8253
      vertex -55.2 -37.4152 39.8253
    endloop
  endfacet
  facet normal 0 0.707107 0.707107
    outer loop
      vertex -67.2 -37.4152 39.8253
      vertex -55.2 -37.1747 39.5848
      vertex -67.2 -37.1747 39.5848
    endloop
  endfacet
  facet normal 0 0.838638 0.544689
    outer loop
      vertex -55.2 -37.6293 40.0897
      vertex -67.2 -37.8146 40.375
      vertex -55.2 -37.8146 40.375
    endloop
  endfacet
  facet normal 0 0.838638 0.544689
    outer loop
      vertex -67.2 -37.8146 40.375
      vertex -55.2 -37.6293 40.0897
      vertex -67.2 -37.6293 40.0897
    endloop
  endfacet
  facet normal -0 0.544689 0.838638
    outer loop
      vertex -67.2 -36.625 39.1854
      vertex -55.2 -36.9103 39.3707
      vertex -55.2 -36.625 39.1854
    endloop
  endfacet
  facet normal 0 0.544689 0.838638
    outer loop
      vertex -55.2 -36.9103 39.3707
      vertex -67.2 -36.625 39.1854
      vertex -67.2 -36.9103 39.3707
    endloop
  endfacet
  facet normal 0 -0.0523274 0.99863
    outer loop
      vertex -67.2 35.3397 38.7678
      vertex -55.2 35 38.75
      vertex -55.2 35.3397 38.7678
    endloop
  endfacet
  facet normal 0 -0.0523274 0.99863
    outer loop
      vertex -55.2 35 38.75
      vertex -67.2 35.3397 38.7678
      vertex -67.2 35 38.75
    endloop
  endfacet
  facet normal 0 -0.0523274 -0.99863
    outer loop
      vertex -67.2 35 45.25
      vertex -55.2 35.3397 45.2322
      vertex -55.2 35 45.25
    endloop
  endfacet
  facet normal -0 -0.0523274 -0.99863
    outer loop
      vertex -55.2 35.3397 45.2322
      vertex -67.2 35 45.25
      vertex -67.2 35.3397 45.2322
    endloop
  endfacet
  facet normal 0 0.99863 0.0523274
    outer loop
      vertex -55.2 31.7678 41.6603
      vertex -67.2 31.75 42
      vertex -55.2 31.75 42
    endloop
  endfacet
  facet normal 0 0.99863 0.0523274
    outer loop
      vertex -67.2 31.75 42
      vertex -55.2 31.7678 41.6603
      vertex -67.2 31.7678 41.6603
    endloop
  endfacet
  facet normal 0 -0.777156 -0.629308
    outer loop
      vertex -67.2 37.6293 43.9103
      vertex -55.2 37.4152 44.1747
      vertex -67.2 37.4152 44.1747
    endloop
  endfacet
  facet normal 0 -0.777156 -0.629308
    outer loop
      vertex -55.2 37.4152 44.1747
      vertex -67.2 37.6293 43.9103
      vertex -55.2 37.6293 43.9103
    endloop
  endfacet
  facet normal 0 -0.965888 -0.258961
    outer loop
      vertex -67.2 38.179 42.6757
      vertex -55.2 38.0909 43.0043
      vertex -67.2 38.0909 43.0043
    endloop
  endfacet
  facet normal 0 -0.965888 -0.258961
    outer loop
      vertex -55.2 38.0909 43.0043
      vertex -67.2 38.179 42.6757
      vertex -55.2 38.179 42.6757
    endloop
  endfacet
  facet normal 0 -0.544689 -0.838638
    outer loop
      vertex -67.2 36.625 44.8146
      vertex -55.2 36.9103 44.6293
      vertex -55.2 36.625 44.8146
    endloop
  endfacet
  facet normal -0 -0.544689 -0.838638
    outer loop
      vertex -55.2 36.9103 44.6293
      vertex -67.2 36.625 44.8146
      vertex -67.2 36.9103 44.6293
    endloop
  endfacet
  facet normal 0 -0.629308 -0.777156
    outer loop
      vertex -67.2 36.9103 44.6293
      vertex -55.2 37.1747 44.4152
      vertex -55.2 36.9103 44.6293
    endloop
  endfacet
  facet normal -0 -0.629308 -0.777156
    outer loop
      vertex -55.2 37.1747 44.4152
      vertex -67.2 36.9103 44.6293
      vertex -67.2 37.1747 44.4152
    endloop
  endfacet
  facet normal 0 -0.99863 -0.0523274
    outer loop
      vertex -67.2 38.25 42
      vertex -55.2 38.2322 42.3397
      vertex -67.2 38.2322 42.3397
    endloop
  endfacet
  facet normal 0 -0.99863 -0.0523274
    outer loop
      vertex -55.2 38.2322 42.3397
      vertex -67.2 38.25 42
      vertex -55.2 38.25 42
    endloop
  endfacet
  facet normal 0 0.987696 0.156385
    outer loop
      vertex -55.2 31.821 41.3243
      vertex -67.2 31.7678 41.6603
      vertex -55.2 31.7678 41.6603
    endloop
  endfacet
  facet normal 0 0.987696 0.156385
    outer loop
      vertex -67.2 31.7678 41.6603
      vertex -55.2 31.821 41.3243
      vertex -67.2 31.821 41.3243
    endloop
  endfacet
  facet normal 0 -0.156385 0.987696
    outer loop
      vertex -67.2 35.6757 38.821
      vertex -55.2 35.3397 38.7678
      vertex -55.2 35.6757 38.821
    endloop
  endfacet
  facet normal 0 -0.156385 0.987696
    outer loop
      vertex -55.2 35.3397 38.7678
      vertex -67.2 35.6757 38.821
      vertex -67.2 35.3397 38.7678
    endloop
  endfacet
  facet normal 0 -0.358329 0.933595
    outer loop
      vertex -67.2 36.3219 39.031
      vertex -55.2 36.0043 38.9091
      vertex -55.2 36.3219 39.031
    endloop
  endfacet
  facet normal 0 -0.358329 0.933595
    outer loop
      vertex -55.2 36.0043 38.9091
      vertex -67.2 36.3219 39.031
      vertex -67.2 36.0043 38.9091
    endloop
  endfacet
  facet normal 0 -0.707107 0.707107
    outer loop
      vertex -67.2 37.1747 39.5848
      vertex -55.2 37.4152 39.8253
      vertex -67.2 37.4152 39.8253
    endloop
  endfacet
  facet normal 0 -0.707107 0.707107
    outer loop
      vertex -55.2 37.4152 39.8253
      vertex -67.2 37.1747 39.5848
      vertex -55.2 37.1747 39.5848
    endloop
  endfacet
  facet normal 0 -0.544689 0.838638
    outer loop
      vertex -67.2 36.9103 39.3707
      vertex -55.2 36.625 39.1854
      vertex -55.2 36.9103 39.3707
    endloop
  endfacet
  facet normal 0 -0.544689 0.838638
    outer loop
      vertex -55.2 36.625 39.1854
      vertex -67.2 36.9103 39.3707
      vertex -67.2 36.625 39.1854
    endloop
  endfacet
  facet normal 0 -0.987696 0.156385
    outer loop
      vertex -67.2 38.179 41.3243
      vertex -55.2 38.2322 41.6603
      vertex -67.2 38.2322 41.6603
    endloop
  endfacet
  facet normal 0 -0.987696 0.156385
    outer loop
      vertex -55.2 38.2322 41.6603
      vertex -67.2 38.179 41.3243
      vertex -55.2 38.179 41.3243
    endloop
  endfacet
  facet normal 0 -0.965888 0.258961
    outer loop
      vertex -67.2 38.0909 40.9957
      vertex -55.2 38.179 41.3243
      vertex -67.2 38.179 41.3243
    endloop
  endfacet
  facet normal 0 -0.965888 0.258961
    outer loop
      vertex -55.2 38.179 41.3243
      vertex -67.2 38.0909 40.9957
      vertex -55.2 38.0909 40.9957
    endloop
  endfacet
  facet normal 0 -0.99863 0.0523274
    outer loop
      vertex -67.2 38.2322 41.6603
      vertex -55.2 38.25 42
      vertex -67.2 38.25 42
    endloop
  endfacet
  facet normal 0 -0.99863 0.0523274
    outer loop
      vertex -55.2 38.25 42
      vertex -67.2 38.2322 41.6603
      vertex -55.2 38.2322 41.6603
    endloop
  endfacet
  facet normal 0 -0.891051 0.453904
    outer loop
      vertex -67.2 37.8146 40.375
      vertex -55.2 37.969 40.6781
      vertex -67.2 37.969 40.6781
    endloop
  endfacet
  facet normal 0 -0.891051 0.453904
    outer loop
      vertex -55.2 37.969 40.6781
      vertex -67.2 37.8146 40.375
      vertex -55.2 37.8146 40.375
    endloop
  endfacet
  facet normal 0 -0.933595 0.358329
    outer loop
      vertex -67.2 37.969 40.6781
      vertex -55.2 38.0909 40.9957
      vertex -67.2 38.0909 40.9957
    endloop
  endfacet
  facet normal 0 -0.933595 0.358329
    outer loop
      vertex -55.2 38.0909 40.9957
      vertex -67.2 37.969 40.6781
      vertex -55.2 37.969 40.6781
    endloop
  endfacet
  facet normal 0 -0.777156 0.629308
    outer loop
      vertex -67.2 37.4152 39.8253
      vertex -55.2 37.6293 40.0897
      vertex -67.2 37.6293 40.0897
    endloop
  endfacet
  facet normal 0 -0.777156 0.629308
    outer loop
      vertex -55.2 37.6293 40.0897
      vertex -67.2 37.4152 39.8253
      vertex -55.2 37.4152 39.8253
    endloop
  endfacet
  facet normal 0 -0.258961 -0.965888
    outer loop
      vertex -67.2 35.6757 45.179
      vertex -55.2 36.0043 45.0909
      vertex -55.2 35.6757 45.179
    endloop
  endfacet
  facet normal -0 -0.258961 -0.965888
    outer loop
      vertex -55.2 36.0043 45.0909
      vertex -67.2 35.6757 45.179
      vertex -67.2 36.0043 45.0909
    endloop
  endfacet
  facet normal 0 -0.453904 -0.891051
    outer loop
      vertex -67.2 36.3219 44.969
      vertex -55.2 36.625 44.8146
      vertex -55.2 36.3219 44.969
    endloop
  endfacet
  facet normal -0 -0.453904 -0.891051
    outer loop
      vertex -55.2 36.625 44.8146
      vertex -67.2 36.3219 44.969
      vertex -67.2 36.625 44.8146
    endloop
  endfacet
  facet normal 0 -0.358329 -0.933595
    outer loop
      vertex -67.2 36.0043 45.0909
      vertex -55.2 36.3219 44.969
      vertex -55.2 36.0043 45.0909
    endloop
  endfacet
  facet normal -0 -0.358329 -0.933595
    outer loop
      vertex -55.2 36.3219 44.969
      vertex -67.2 36.0043 45.0909
      vertex -67.2 36.3219 44.969
    endloop
  endfacet
  facet normal 0 -0.156385 -0.987696
    outer loop
      vertex -67.2 35.3397 45.2322
      vertex -55.2 35.6757 45.179
      vertex -55.2 35.3397 45.2322
    endloop
  endfacet
  facet normal -0 -0.156385 -0.987696
    outer loop
      vertex -55.2 35.6757 45.179
      vertex -67.2 35.3397 45.2322
      vertex -67.2 35.6757 45.179
    endloop
  endfacet
  facet normal 0 -0.933595 -0.358329
    outer loop
      vertex -67.2 38.0909 43.0043
      vertex -55.2 37.969 43.3219
      vertex -67.2 37.969 43.3219
    endloop
  endfacet
  facet normal 0 -0.933595 -0.358329
    outer loop
      vertex -55.2 37.969 43.3219
      vertex -67.2 38.0909 43.0043
      vertex -55.2 38.0909 43.0043
    endloop
  endfacet
  facet normal 0 -0.891051 -0.453904
    outer loop
      vertex -67.2 37.969 43.3219
      vertex -55.2 37.8146 43.625
      vertex -67.2 37.8146 43.625
    endloop
  endfacet
  facet normal 0 -0.891051 -0.453904
    outer loop
      vertex -55.2 37.8146 43.625
      vertex -67.2 37.969 43.3219
      vertex -55.2 37.969 43.3219
    endloop
  endfacet
  facet normal 0 -0.838638 -0.544689
    outer loop
      vertex -67.2 37.8146 43.625
      vertex -55.2 37.6293 43.9103
      vertex -67.2 37.6293 43.9103
    endloop
  endfacet
  facet normal 0 -0.838638 -0.544689
    outer loop
      vertex -55.2 37.6293 43.9103
      vertex -67.2 37.8146 43.625
      vertex -55.2 37.8146 43.625
    endloop
  endfacet
  facet normal 0 -0.987696 -0.156385
    outer loop
      vertex -67.2 38.2322 42.3397
      vertex -55.2 38.179 42.6757
      vertex -67.2 38.179 42.6757
    endloop
  endfacet
  facet normal 0 -0.987696 -0.156385
    outer loop
      vertex -55.2 38.179 42.6757
      vertex -67.2 38.2322 42.3397
      vertex -55.2 38.2322 42.3397
    endloop
  endfacet
  facet normal 0 0.707107 0.707107
    outer loop
      vertex -55.2 32.8253 39.5848
      vertex -67.2 32.5848 39.8253
      vertex -55.2 32.5848 39.8253
    endloop
  endfacet
  facet normal 0 0.707107 0.707107
    outer loop
      vertex -67.2 32.5848 39.8253
      vertex -55.2 32.8253 39.5848
      vertex -67.2 32.8253 39.5848
    endloop
  endfacet
  facet normal 0 0.933595 -0.358329
    outer loop
      vertex -55.2 31.9091 43.0043
      vertex -67.2 32.031 43.3219
      vertex -55.2 32.031 43.3219
    endloop
  endfacet
  facet normal 0 0.933595 -0.358329
    outer loop
      vertex -67.2 32.031 43.3219
      vertex -55.2 31.9091 43.0043
      vertex -67.2 31.9091 43.0043
    endloop
  endfacet
  facet normal 0 0.629308 -0.777156
    outer loop
      vertex -67.2 32.8253 44.4152
      vertex -55.2 33.0897 44.6293
      vertex -55.2 32.8253 44.4152
    endloop
  endfacet
  facet normal 0 0.629308 -0.777156
    outer loop
      vertex -55.2 33.0897 44.6293
      vertex -67.2 32.8253 44.4152
      vertex -67.2 33.0897 44.6293
    endloop
  endfacet
  facet normal 0 0.933595 0.358329
    outer loop
      vertex -55.2 32.031 40.6781
      vertex -67.2 31.9091 40.9957
      vertex -55.2 31.9091 40.9957
    endloop
  endfacet
  facet normal 0 0.933595 0.358329
    outer loop
      vertex -67.2 31.9091 40.9957
      vertex -55.2 32.031 40.6781
      vertex -67.2 32.031 40.6781
    endloop
  endfacet
  facet normal 0 -0.258961 0.965888
    outer loop
      vertex -67.2 36.0043 38.9091
      vertex -55.2 35.6757 38.821
      vertex -55.2 36.0043 38.9091
    endloop
  endfacet
  facet normal 0 -0.258961 0.965888
    outer loop
      vertex -55.2 35.6757 38.821
      vertex -67.2 36.0043 38.9091
      vertex -67.2 35.6757 38.821
    endloop
  endfacet
  facet normal 0 -0.453904 0.891051
    outer loop
      vertex -67.2 36.625 39.1854
      vertex -55.2 36.3219 39.031
      vertex -55.2 36.625 39.1854
    endloop
  endfacet
  facet normal 0 -0.453904 0.891051
    outer loop
      vertex -55.2 36.3219 39.031
      vertex -67.2 36.625 39.1854
      vertex -67.2 36.3219 39.031
    endloop
  endfacet
  facet normal 0 -0.629308 0.777156
    outer loop
      vertex -67.2 37.1747 39.5848
      vertex -55.2 36.9103 39.3707
      vertex -55.2 37.1747 39.5848
    endloop
  endfacet
  facet normal 0 -0.629308 0.777156
    outer loop
      vertex -55.2 36.9103 39.3707
      vertex -67.2 37.1747 39.5848
      vertex -67.2 36.9103 39.3707
    endloop
  endfacet
  facet normal 0 -0.838638 0.544689
    outer loop
      vertex -67.2 37.6293 40.0897
      vertex -55.2 37.8146 40.375
      vertex -67.2 37.8146 40.375
    endloop
  endfacet
  facet normal 0 -0.838638 0.544689
    outer loop
      vertex -55.2 37.8146 40.375
      vertex -67.2 37.6293 40.0897
      vertex -55.2 37.6293 40.0897
    endloop
  endfacet
  facet normal 0 -0.707107 -0.707107
    outer loop
      vertex -67.2 37.4152 44.1747
      vertex -55.2 37.1747 44.4152
      vertex -67.2 37.1747 44.4152
    endloop
  endfacet
  facet normal 0 -0.707107 -0.707107
    outer loop
      vertex -55.2 37.1747 44.4152
      vertex -67.2 37.4152 44.1747
      vertex -55.2 37.4152 44.1747
    endloop
  endfacet
  facet normal -0 0.358329 0.933595
    outer loop
      vertex -67.2 33.9957 38.9091
      vertex -55.2 33.6781 39.031
      vertex -55.2 33.9957 38.9091
    endloop
  endfacet
  facet normal 0 0.358329 0.933595
    outer loop
      vertex -55.2 33.6781 39.031
      vertex -67.2 33.9957 38.9091
      vertex -67.2 33.6781 39.031
    endloop
  endfacet
  facet normal -0 0.258961 0.965888
    outer loop
      vertex -67.2 34.3243 38.821
      vertex -55.2 33.9957 38.9091
      vertex -55.2 34.3243 38.821
    endloop
  endfacet
  facet normal 0 0.258961 0.965888
    outer loop
      vertex -55.2 33.9957 38.9091
      vertex -67.2 34.3243 38.821
      vertex -67.2 33.9957 38.9091
    endloop
  endfacet
  facet normal -0 0.156385 0.987696
    outer loop
      vertex -67.2 34.6603 38.7678
      vertex -55.2 34.3243 38.821
      vertex -55.2 34.6603 38.7678
    endloop
  endfacet
  facet normal 0 0.156385 0.987696
    outer loop
      vertex -55.2 34.3243 38.821
      vertex -67.2 34.6603 38.7678
      vertex -67.2 34.3243 38.821
    endloop
  endfacet
  facet normal -0 0.0523274 0.99863
    outer loop
      vertex -67.2 35 38.75
      vertex -55.2 34.6603 38.7678
      vertex -55.2 35 38.75
    endloop
  endfacet
  facet normal 0 0.0523274 0.99863
    outer loop
      vertex -55.2 34.6603 38.7678
      vertex -67.2 35 38.75
      vertex -67.2 34.6603 38.7678
    endloop
  endfacet
  facet normal 0 0.777156 0.629308
    outer loop
      vertex -55.2 32.5848 39.8253
      vertex -67.2 32.3707 40.0897
      vertex -55.2 32.3707 40.0897
    endloop
  endfacet
  facet normal 0 0.777156 0.629308
    outer loop
      vertex -67.2 32.3707 40.0897
      vertex -55.2 32.5848 39.8253
      vertex -67.2 32.5848 39.8253
    endloop
  endfacet
  facet normal -0 0.453904 0.891051
    outer loop
      vertex -67.2 33.6781 39.031
      vertex -55.2 33.375 39.1854
      vertex -55.2 33.6781 39.031
    endloop
  endfacet
  facet normal 0 0.453904 0.891051
    outer loop
      vertex -55.2 33.375 39.1854
      vertex -67.2 33.6781 39.031
      vertex -67.2 33.375 39.1854
    endloop
  endfacet
  facet normal -0 0.629308 0.777156
    outer loop
      vertex -67.2 33.0897 39.3707
      vertex -55.2 32.8253 39.5848
      vertex -55.2 33.0897 39.3707
    endloop
  endfacet
  facet normal 0 0.629308 0.777156
    outer loop
      vertex -55.2 32.8253 39.5848
      vertex -67.2 33.0897 39.3707
      vertex -67.2 32.8253 39.5848
    endloop
  endfacet
  facet normal 0 0.965888 0.258961
    outer loop
      vertex -55.2 31.9091 40.9957
      vertex -67.2 31.821 41.3243
      vertex -55.2 31.821 41.3243
    endloop
  endfacet
  facet normal 0 0.965888 0.258961
    outer loop
      vertex -67.2 31.821 41.3243
      vertex -55.2 31.9091 40.9957
      vertex -67.2 31.9091 40.9957
    endloop
  endfacet
  facet normal -0 0.544689 0.838638
    outer loop
      vertex -67.2 33.375 39.1854
      vertex -55.2 33.0897 39.3707
      vertex -55.2 33.375 39.1854
    endloop
  endfacet
  facet normal 0 0.544689 0.838638
    outer loop
      vertex -55.2 33.0897 39.3707
      vertex -67.2 33.375 39.1854
      vertex -67.2 33.0897 39.3707
    endloop
  endfacet
  facet normal 0 0.99863 -0.0523274
    outer loop
      vertex -55.2 31.75 42
      vertex -67.2 31.7678 42.3397
      vertex -55.2 31.7678 42.3397
    endloop
  endfacet
  facet normal 0 0.99863 -0.0523274
    outer loop
      vertex -67.2 31.7678 42.3397
      vertex -55.2 31.75 42
      vertex -67.2 31.75 42
    endloop
  endfacet
  facet normal 0 0.707107 -0.707107
    outer loop
      vertex -55.2 32.5848 44.1747
      vertex -67.2 32.8253 44.4152
      vertex -55.2 32.8253 44.4152
    endloop
  endfacet
  facet normal 0 0.707107 -0.707107
    outer loop
      vertex -67.2 32.8253 44.4152
      vertex -55.2 32.5848 44.1747
      vertex -67.2 32.5848 44.1747
    endloop
  endfacet
  facet normal 0 0.258961 -0.965888
    outer loop
      vertex -67.2 33.9957 45.0909
      vertex -55.2 34.3243 45.179
      vertex -55.2 33.9957 45.0909
    endloop
  endfacet
  facet normal 0 0.258961 -0.965888
    outer loop
      vertex -55.2 34.3243 45.179
      vertex -67.2 33.9957 45.0909
      vertex -67.2 34.3243 45.179
    endloop
  endfacet
  facet normal 0 0.156385 -0.987696
    outer loop
      vertex -67.2 34.3243 45.179
      vertex -55.2 34.6603 45.2322
      vertex -55.2 34.3243 45.179
    endloop
  endfacet
  facet normal 0 0.156385 -0.987696
    outer loop
      vertex -55.2 34.6603 45.2322
      vertex -67.2 34.3243 45.179
      vertex -67.2 34.6603 45.2322
    endloop
  endfacet
  facet normal 0 0.0523274 -0.99863
    outer loop
      vertex -67.2 34.6603 45.2322
      vertex -55.2 35 45.25
      vertex -55.2 34.6603 45.2322
    endloop
  endfacet
  facet normal 0 0.0523274 -0.99863
    outer loop
      vertex -55.2 35 45.25
      vertex -67.2 34.6603 45.2322
      vertex -67.2 35 45.25
    endloop
  endfacet
  facet normal 0 0.838638 0.544689
    outer loop
      vertex -55.2 32.3707 40.0897
      vertex -67.2 32.1854 40.375
      vertex -55.2 32.1854 40.375
    endloop
  endfacet
  facet normal 0 0.838638 0.544689
    outer loop
      vertex -67.2 32.1854 40.375
      vertex -55.2 32.3707 40.0897
      vertex -67.2 32.3707 40.0897
    endloop
  endfacet
  facet normal 0 0.891051 0.453904
    outer loop
      vertex -55.2 32.1854 40.375
      vertex -67.2 32.031 40.6781
      vertex -55.2 32.031 40.6781
    endloop
  endfacet
  facet normal 0 0.891051 0.453904
    outer loop
      vertex -67.2 32.031 40.6781
      vertex -55.2 32.1854 40.375
      vertex -67.2 32.1854 40.375
    endloop
  endfacet
  facet normal 0 0.987696 -0.156385
    outer loop
      vertex -55.2 31.7678 42.3397
      vertex -67.2 31.821 42.6757
      vertex -55.2 31.821 42.6757
    endloop
  endfacet
  facet normal 0 0.987696 -0.156385
    outer loop
      vertex -67.2 31.821 42.6757
      vertex -55.2 31.7678 42.3397
      vertex -67.2 31.7678 42.3397
    endloop
  endfacet
  facet normal 0 0.965888 -0.258961
    outer loop
      vertex -55.2 31.821 42.6757
      vertex -67.2 31.9091 43.0043
      vertex -55.2 31.9091 43.0043
    endloop
  endfacet
  facet normal 0 0.965888 -0.258961
    outer loop
      vertex -67.2 31.9091 43.0043
      vertex -55.2 31.821 42.6757
      vertex -67.2 31.821 42.6757
    endloop
  endfacet
  facet normal 0 0.544689 -0.838638
    outer loop
      vertex -67.2 33.0897 44.6293
      vertex -55.2 33.375 44.8146
      vertex -55.2 33.0897 44.6293
    endloop
  endfacet
  facet normal 0 0.544689 -0.838638
    outer loop
      vertex -55.2 33.375 44.8146
      vertex -67.2 33.0897 44.6293
      vertex -67.2 33.375 44.8146
    endloop
  endfacet
  facet normal 0 0.453904 -0.891051
    outer loop
      vertex -67.2 33.375 44.8146
      vertex -55.2 33.6781 44.969
      vertex -55.2 33.375 44.8146
    endloop
  endfacet
  facet normal 0 0.453904 -0.891051
    outer loop
      vertex -55.2 33.6781 44.969
      vertex -67.2 33.375 44.8146
      vertex -67.2 33.6781 44.969
    endloop
  endfacet
  facet normal 0 0.358329 -0.933595
    outer loop
      vertex -67.2 33.6781 44.969
      vertex -55.2 33.9957 45.0909
      vertex -55.2 33.6781 44.969
    endloop
  endfacet
  facet normal 0 0.358329 -0.933595
    outer loop
      vertex -55.2 33.9957 45.0909
      vertex -67.2 33.6781 44.969
      vertex -67.2 33.9957 45.0909
    endloop
  endfacet
  facet normal 0 0.891051 -0.453904
    outer loop
      vertex -55.2 32.031 43.3219
      vertex -67.2 32.1854 43.625
      vertex -55.2 32.1854 43.625
    endloop
  endfacet
  facet normal 0 0.891051 -0.453904
    outer loop
      vertex -67.2 32.1854 43.625
      vertex -55.2 32.031 43.3219
      vertex -67.2 32.031 43.3219
    endloop
  endfacet
  facet normal 0 0.838638 -0.544689
    outer loop
      vertex -55.2 32.1854 43.625
      vertex -67.2 32.3707 43.9103
      vertex -55.2 32.3707 43.9103
    endloop
  endfacet
  facet normal 0 0.838638 -0.544689
    outer loop
      vertex -67.2 32.3707 43.9103
      vertex -55.2 32.1854 43.625
      vertex -67.2 32.1854 43.625
    endloop
  endfacet
  facet normal 0 0.777156 -0.629308
    outer loop
      vertex -55.2 32.3707 43.9103
      vertex -67.2 32.5848 44.1747
      vertex -55.2 32.5848 44.1747
    endloop
  endfacet
  facet normal 0 0.777156 -0.629308
    outer loop
      vertex -67.2 32.5848 44.1747
      vertex -55.2 32.3707 43.9103
      vertex -67.2 32.3707 43.9103
    endloop
  endfacet
  facet normal -0.998629 0 -0.0523438
    outer loop
      vertex 8 53.2 27.5
      vertex 7.95617 51.3159 28.3362
      vertex 7.95617 53.2 28.3362
    endloop
  endfacet
  facet normal -0.998629 0 -0.0523438
    outer loop
      vertex 7.95617 51.3159 28.3362
      vertex 8 53.2 27.5
      vertex 8 51.309 27.5
    endloop
  endfacet
  facet normal -0.98769 0 -0.156423
    outer loop
      vertex 7.95617 53.2 28.3362
      vertex 7.82518 51.3366 29.1633
      vertex 7.82518 53.2 29.1633
    endloop
  endfacet
  facet normal -0.98769 0 -0.156423
    outer loop
      vertex 7.82518 51.3366 29.1633
      vertex 7.95617 53.2 28.3362
      vertex 7.95617 51.3159 28.3362
    endloop
  endfacet
  facet normal 0.0523064 0 -0.998631
    outer loop
      vertex -0.836227 53.2 35.4562
      vertex 0 52 35.5
      vertex -0.836227 51.9562 35.4562
    endloop
  endfacet
  facet normal 0.0523064 0 -0.998631
    outer loop
      vertex 0 52 35.5
      vertex -0.836227 53.2 35.4562
      vertex 0 53.2 35.5
    endloop
  endfacet
  facet normal -0.629266 0 -0.77719
    outer loop
      vertex 4.70228 51.7536 33.9721
      vertex 5.35304 53.2 33.4452
      vertex 5.35304 51.7195 33.4452
    endloop
  endfacet
  facet normal -0.629266 0 -0.77719
    outer loop
      vertex 5.35304 53.2 33.4452
      vertex 4.70228 51.7536 33.9721
      vertex 4.70228 53.2 33.9721
    endloop
  endfacet
  facet normal 0.777115 0 -0.629359
    outer loop
      vertex -5.94516 51.6344 32.853
      vertex -6.47214 53.2 32.2023
      vertex -5.94516 53.2 32.853
    endloop
  endfacet
  facet normal 0.777115 0 -0.629359
    outer loop
      vertex -6.47214 53.2 32.2023
      vertex -5.94516 51.6344 32.853
      vertex -6.47214 51.5509 32.2023
    endloop
  endfacet
  facet normal 0.454026 0 -0.890988
    outer loop
      vertex -4 53.2 34.4282
      vertex -3.25389 51.8295 34.8084
      vertex -4 51.7904 34.4282
    endloop
  endfacet
  facet normal 0.454026 0 -0.890988
    outer loop
      vertex -3.25389 51.8295 34.8084
      vertex -4 53.2 34.4282
      vertex -3.25389 53.2 34.8084
    endloop
  endfacet
  facet normal -0.156442 0 0.987687
    outer loop
      vertex 0.836227 51.9562 19.5438
      vertex 1.66329 53.2 19.6748
      vertex 0.836227 53.2 19.5438
    endloop
  endfacet
  facet normal -0.156442 0 0.987687
    outer loop
      vertex 1.66329 53.2 19.6748
      vertex 0.836227 51.9562 19.5438
      vertex 1.66329 51.9128 19.6748
    endloop
  endfacet
  facet normal -0.891005 0 -0.453993
    outer loop
      vertex 7.30836 53.2 30.7539
      vertex 6.9282 51.4787 31.5
      vertex 6.9282 53.2 31.5
    endloop
  endfacet
  facet normal -0.891005 0 -0.453993
    outer loop
      vertex 6.9282 51.4787 31.5
      vertex 7.30836 53.2 30.7539
      vertex 7.30836 51.4185 30.7539
    endloop
  endfacet
  facet normal -0.358383 0 -0.933575
    outer loop
      vertex 2.47214 51.8704 35.1085
      vertex 3.25389 53.2 34.8084
      vertex 3.25389 51.8295 34.8084
    endloop
  endfacet
  facet normal -0.358383 0 -0.933575
    outer loop
      vertex 3.25389 53.2 34.8084
      vertex 2.47214 51.8704 35.1085
      vertex 2.47214 53.2 35.1085
    endloop
  endfacet
  facet normal 0.838681 0 -0.544623
    outer loop
      vertex -6.47214 51.5509 32.2023
      vertex -6.9282 53.2 31.5
      vertex -6.47214 53.2 32.2023
    endloop
  endfacet
  facet normal 0.838681 0 -0.544623
    outer loop
      vertex -6.9282 53.2 31.5
      vertex -6.47214 51.5509 32.2023
      vertex -6.9282 51.4787 31.5
    endloop
  endfacet
  facet normal 0.258785 0 -0.965935
    outer loop
      vertex -2.47214 53.2 35.1085
      vertex -1.66329 51.9128 35.3252
      vertex -2.47214 51.8704 35.1085
    endloop
  endfacet
  facet normal 0.258785 0 -0.965935
    outer loop
      vertex -1.66329 51.9128 35.3252
      vertex -2.47214 53.2 35.1085
      vertex -1.66329 53.2 35.3252
    endloop
  endfacet
  facet normal -0.777115 0 0.629359
    outer loop
      vertex 5.94516 51.6344 22.147
      vertex 6.47214 53.2 22.7977
      vertex 5.94516 53.2 22.147
    endloop
  endfacet
  facet normal -0.777115 0 0.629359
    outer loop
      vertex 6.47214 53.2 22.7977
      vertex 5.94516 51.6344 22.147
      vertex 6.47214 51.5509 22.7977
    endloop
  endfacet
  facet normal -0.965922 0 0.258833
    outer loop
      vertex 7.60845 51.371 25.0279
      vertex 7.82518 53.2 25.8367
      vertex 7.60845 53.2 25.0279
    endloop
  endfacet
  facet normal -0.965922 0 0.258833
    outer loop
      vertex 7.82518 53.2 25.8367
      vertex 7.60845 51.371 25.0279
      vertex 7.82518 51.3366 25.8367
    endloop
  endfacet
  facet normal 0.629266 0 0.77719
    outer loop
      vertex -5.35304 53.2 21.5548
      vertex -4.70228 51.7536 21.0279
      vertex -4.70228 53.2 21.0279
    endloop
  endfacet
  facet normal 0.629266 0 0.77719
    outer loop
      vertex -4.70228 51.7536 21.0279
      vertex -5.35304 53.2 21.5548
      vertex -5.35304 51.7195 21.5548
    endloop
  endfacet
  facet normal 0.707155 2.32663e-05 0.707059
    outer loop
      vertex -5.43548 51.7151 21.6373
      vertex -5.35304 53.2 21.5548
      vertex -5.94516 53.2 22.147
    endloop
  endfacet
  facet normal 0.707364 0 0.70685
    outer loop
      vertex -5.35304 53.2 21.5548
      vertex -5.43548 51.7151 21.6373
      vertex -5.35304 51.7195 21.5548
    endloop
  endfacet
  facet normal 0.707121 0 0.707093
    outer loop
      vertex -5.43548 51.7151 21.6373
      vertex -5.94516 53.2 22.147
      vertex -5.94516 51.6344 22.147
    endloop
  endfacet
  facet normal -0.965922 0 -0.258833
    outer loop
      vertex 7.82518 53.2 29.1633
      vertex 7.60845 51.371 29.9721
      vertex 7.60845 53.2 29.9721
    endloop
  endfacet
  facet normal -0.965922 0 -0.258833
    outer loop
      vertex 7.60845 51.371 29.9721
      vertex 7.82518 53.2 29.1633
      vertex 7.82518 51.3366 29.1633
    endloop
  endfacet
  facet normal -0.933586 0 -0.358352
    outer loop
      vertex 7.60845 53.2 29.9721
      vertex 7.30836 51.4185 30.7539
      vertex 7.30836 53.2 30.7539
    endloop
  endfacet
  facet normal -0.933586 0 -0.358352
    outer loop
      vertex 7.30836 51.4185 30.7539
      vertex 7.60845 53.2 29.9721
      vertex 7.60845 51.371 29.9721
    endloop
  endfacet
  facet normal -0.156442 0 -0.987687
    outer loop
      vertex 0.836227 51.9562 35.4562
      vertex 1.66329 53.2 35.3252
      vertex 1.66329 51.9128 35.3252
    endloop
  endfacet
  facet normal -0.156442 0 -0.987687
    outer loop
      vertex 1.66329 53.2 35.3252
      vertex 0.836227 51.9562 35.4562
      vertex 0.836227 53.2 35.4562
    endloop
  endfacet
  facet normal -0.544668 0 -0.838652
    outer loop
      vertex 4 51.7904 34.4282
      vertex 4.70228 53.2 33.9721
      vertex 4.70228 51.7536 33.9721
    endloop
  endfacet
  facet normal -0.544668 0 -0.838652
    outer loop
      vertex 4.70228 53.2 33.9721
      vertex 4 51.7904 34.4282
      vertex 4 53.2 34.4282
    endloop
  endfacet
  facet normal 0.98769 0 -0.156423
    outer loop
      vertex -7.82518 51.3366 29.1633
      vertex -7.95617 53.2 28.3362
      vertex -7.82518 53.2 29.1633
    endloop
  endfacet
  facet normal 0.98769 0 -0.156423
    outer loop
      vertex -7.95617 53.2 28.3362
      vertex -7.82518 51.3366 29.1633
      vertex -7.95617 51.3159 28.3362
    endloop
  endfacet
  facet normal 0 -1 0
    outer loop
      vertex -0.836227 53.2 35.4562
      vertex 0.836227 53.2 35.4562
      vertex 0 53.2 35.5
    endloop
  endfacet
  facet normal 0 -1 0
    outer loop
      vertex -1.66329 53.2 35.3252
      vertex 0.836227 53.2 35.4562
      vertex -0.836227 53.2 35.4562
    endloop
  endfacet
  facet normal 0 -1 0
    outer loop
      vertex -1.66329 53.2 35.3252
      vertex 1.66329 53.2 35.3252
      vertex 0.836227 53.2 35.4562
    endloop
  endfacet
  facet normal 0 -1 0
    outer loop
      vertex -2.47214 53.2 35.1085
      vertex 1.66329 53.2 35.3252
      vertex -1.66329 53.2 35.3252
    endloop
  endfacet
  facet normal 0 -1 0
    outer loop
      vertex -2.47214 53.2 35.1085
      vertex 2.47214 53.2 35.1085
      vertex 1.66329 53.2 35.3252
    endloop
  endfacet
  facet normal 0 -1 0
    outer loop
      vertex -3.25389 53.2 34.8084
      vertex 2.47214 53.2 35.1085
      vertex -2.47214 53.2 35.1085
    endloop
  endfacet
  facet normal 0 -1 0
    outer loop
      vertex -3.25389 53.2 34.8084
      vertex 3.25389 53.2 34.8084
      vertex 2.47214 53.2 35.1085
    endloop
  endfacet
  facet normal 0 -1 0
    outer loop
      vertex -4 53.2 34.4282
      vertex 3.25389 53.2 34.8084
      vertex -3.25389 53.2 34.8084
    endloop
  endfacet
  facet normal 0 -1 0
    outer loop
      vertex -4 53.2 34.4282
      vertex 4 53.2 34.4282
      vertex 3.25389 53.2 34.8084
    endloop
  endfacet
  facet normal 0 -1 0
    outer loop
      vertex -4.70228 53.2 33.9721
      vertex 4 53.2 34.4282
      vertex -4 53.2 34.4282
    endloop
  endfacet
  facet normal 0 -1 0
    outer loop
      vertex -4.70228 53.2 33.9721
      vertex 4.70228 53.2 33.9721
      vertex 4 53.2 34.4282
    endloop
  endfacet
  facet normal 0 -1 0
    outer loop
      vertex -5.35304 53.2 33.4452
      vertex 4.70228 53.2 33.9721
      vertex -4.70228 53.2 33.9721
    endloop
  endfacet
  facet normal 0 -1 0
    outer loop
      vertex -5.35304 53.2 33.4452
      vertex 5.35304 53.2 33.4452
      vertex 4.70228 53.2 33.9721
    endloop
  endfacet
  facet normal 0 -1 0
    outer loop
      vertex -5.94516 53.2 32.853
      vertex 5.35304 53.2 33.4452
      vertex -5.35304 53.2 33.4452
    endloop
  endfacet
  facet normal 0 -1 0
    outer loop
      vertex -5.94516 53.2 32.853
      vertex 5.94516 53.2 32.853
      vertex 5.35304 53.2 33.4452
    endloop
  endfacet
  facet normal 0 -1 0
    outer loop
      vertex -6.47214 53.2 32.2023
      vertex 5.94516 53.2 32.853
      vertex -5.94516 53.2 32.853
    endloop
  endfacet
  facet normal 0 -1 0
    outer loop
      vertex -6.47214 53.2 32.2023
      vertex 6.47214 53.2 32.2023
      vertex 5.94516 53.2 32.853
    endloop
  endfacet
  facet normal 0 -1 0
    outer loop
      vertex -6.9282 53.2 31.5
      vertex 6.47214 53.2 32.2023
      vertex -6.47214 53.2 32.2023
    endloop
  endfacet
  facet normal 0 -1 0
    outer loop
      vertex -6.9282 53.2 31.5
      vertex 6.9282 53.2 31.5
      vertex 6.47214 53.2 32.2023
    endloop
  endfacet
  facet normal 0 -1 0
    outer loop
      vertex -7.30836 53.2 30.7539
      vertex 6.9282 53.2 31.5
      vertex -6.9282 53.2 31.5
    endloop
  endfacet
  facet normal 0 -1 0
    outer loop
      vertex -7.30836 53.2 30.7539
      vertex 7.30836 53.2 30.7539
      vertex 6.9282 53.2 31.5
    endloop
  endfacet
  facet normal 0 -1 0
    outer loop
      vertex -7.60845 53.2 29.9721
      vertex 7.30836 53.2 30.7539
      vertex -7.30836 53.2 30.7539
    endloop
  endfacet
  facet normal 0 -1 0
    outer loop
      vertex -7.60845 53.2 29.9721
      vertex 7.60845 53.2 29.9721
      vertex 7.30836 53.2 30.7539
    endloop
  endfacet
  facet normal 0 -1 0
    outer loop
      vertex -7.82518 53.2 29.1633
      vertex 7.60845 53.2 29.9721
      vertex -7.60845 53.2 29.9721
    endloop
  endfacet
  facet normal 0 -1 0
    outer loop
      vertex -7.82518 53.2 29.1633
      vertex 7.82518 53.2 29.1633
      vertex 7.60845 53.2 29.9721
    endloop
  endfacet
  facet normal 0 -1 0
    outer loop
      vertex -7.95617 53.2 28.3362
      vertex 7.82518 53.2 29.1633
      vertex -7.82518 53.2 29.1633
    endloop
  endfacet
  facet normal 0 -1 0
    outer loop
      vertex -7.95617 53.2 28.3362
      vertex 7.95617 53.2 28.3362
      vertex 7.82518 53.2 29.1633
    endloop
  endfacet
  facet normal 0 -1 0
    outer loop
      vertex -8 53.2 27.5
      vertex 7.95617 53.2 28.3362
      vertex -7.95617 53.2 28.3362
    endloop
  endfacet
  facet normal 0 -1 0
    outer loop
      vertex -8 53.2 27.5
      vertex 8 53.2 27.5
      vertex 7.95617 53.2 28.3362
    endloop
  endfacet
  facet normal 0 -1 0
    outer loop
      vertex -7.95617 53.2 26.6638
      vertex 8 53.2 27.5
      vertex -8 53.2 27.5
    endloop
  endfacet
  facet normal 0 -1 0
    outer loop
      vertex -7.95617 53.2 26.6638
      vertex 7.95617 53.2 26.6638
      vertex 8 53.2 27.5
    endloop
  endfacet
  facet normal 0 -1 0
    outer loop
      vertex -7.82518 53.2 25.8367
      vertex 7.95617 53.2 26.6638
      vertex -7.95617 53.2 26.6638
    endloop
  endfacet
  facet normal 0 -1 0
    outer loop
      vertex -7.82518 53.2 25.8367
      vertex 7.82518 53.2 25.8367
      vertex 7.95617 53.2 26.6638
    endloop
  endfacet
  facet normal 0 -1 0
    outer loop
      vertex -7.60845 53.2 25.0279
      vertex 7.82518 53.2 25.8367
      vertex -7.82518 53.2 25.8367
    endloop
  endfacet
  facet normal 0 -1 0
    outer loop
      vertex -7.60845 53.2 25.0279
      vertex 7.60845 53.2 25.0279
      vertex 7.82518 53.2 25.8367
    endloop
  endfacet
  facet normal 0 -1 0
    outer loop
      vertex -7.30836 53.2 24.2461
      vertex 7.60845 53.2 25.0279
      vertex -7.60845 53.2 25.0279
    endloop
  endfacet
  facet normal 0 -1 0
    outer loop
      vertex -7.30836 53.2 24.2461
      vertex 7.30836 53.2 24.2461
      vertex 7.60845 53.2 25.0279
    endloop
  endfacet
  facet normal 0 -1 0
    outer loop
      vertex -6.9282 53.2 23.5
      vertex 7.30836 53.2 24.2461
      vertex -7.30836 53.2 24.2461
    endloop
  endfacet
  facet normal 0 -1 0
    outer loop
      vertex -6.9282 53.2 23.5
      vertex 6.9282 53.2 23.5
      vertex 7.30836 53.2 24.2461
    endloop
  endfacet
  facet normal 0 -1 0
    outer loop
      vertex -6.47214 53.2 22.7977
      vertex 6.9282 53.2 23.5
      vertex -6.9282 53.2 23.5
    endloop
  endfacet
  facet normal 0 -1 0
    outer loop
      vertex -6.47214 53.2 22.7977
      vertex 6.47214 53.2 22.7977
      vertex 6.9282 53.2 23.5
    endloop
  endfacet
  facet normal 0 -1 0
    outer loop
      vertex -5.94516 53.2 22.147
      vertex 6.47214 53.2 22.7977
      vertex -6.47214 53.2 22.7977
    endloop
  endfacet
  facet normal 0 -1 0
    outer loop
      vertex -5.94516 53.2 22.147
      vertex 5.94516 53.2 22.147
      vertex 6.47214 53.2 22.7977
    endloop
  endfacet
  facet normal 0 -1 0
    outer loop
      vertex -5.35304 53.2 21.5548
      vertex 5.94516 53.2 22.147
      vertex -5.94516 53.2 22.147
    endloop
  endfacet
  facet normal 0 -1 0
    outer loop
      vertex -5.35304 53.2 21.5548
      vertex 5.35304 53.2 21.5548
      vertex 5.94516 53.2 22.147
    endloop
  endfacet
  facet normal 0 -1 0
    outer loop
      vertex -4.70228 53.2 21.0279
      vertex 5.35304 53.2 21.5548
      vertex -5.35304 53.2 21.5548
    endloop
  endfacet
  facet normal 0 -1 0
    outer loop
      vertex -4.70228 53.2 21.0279
      vertex 4.70228 53.2 21.0279
      vertex 5.35304 53.2 21.5548
    endloop
  endfacet
  facet normal 0 -1 0
    outer loop
      vertex -4 53.2 20.5718
      vertex 4.70228 53.2 21.0279
      vertex -4.70228 53.2 21.0279
    endloop
  endfacet
  facet normal 0 -1 0
    outer loop
      vertex -4 53.2 20.5718
      vertex 4 53.2 20.5718
      vertex 4.70228 53.2 21.0279
    endloop
  endfacet
  facet normal 0 -1 0
    outer loop
      vertex -3.25389 53.2 20.1916
      vertex 4 53.2 20.5718
      vertex -4 53.2 20.5718
    endloop
  endfacet
  facet normal 0 -1 0
    outer loop
      vertex -3.25389 53.2 20.1916
      vertex 3.25389 53.2 20.1916
      vertex 4 53.2 20.5718
    endloop
  endfacet
  facet normal 0 -1 0
    outer loop
      vertex -2.47214 53.2 19.8915
      vertex 3.25389 53.2 20.1916
      vertex -3.25389 53.2 20.1916
    endloop
  endfacet
  facet normal 0 -1 0
    outer loop
      vertex -2.47214 53.2 19.8915
      vertex 2.47214 53.2 19.8915
      vertex 3.25389 53.2 20.1916
    endloop
  endfacet
  facet normal 0 -1 0
    outer loop
      vertex -1.66329 53.2 19.6748
      vertex 2.47214 53.2 19.8915
      vertex -2.47214 53.2 19.8915
    endloop
  endfacet
  facet normal 0 -1 0
    outer loop
      vertex -1.66329 53.2 19.6748
      vertex 1.66329 53.2 19.6748
      vertex 2.47214 53.2 19.8915
    endloop
  endfacet
  facet normal 0 -1 0
    outer loop
      vertex -0.836227 53.2 19.5438
      vertex 1.66329 53.2 19.6748
      vertex -1.66329 53.2 19.6748
    endloop
  endfacet
  facet normal 0 -1 0
    outer loop
      vertex -0.836227 53.2 19.5438
      vertex 0.836227 53.2 19.5438
      vertex 1.66329 53.2 19.6748
    endloop
  endfacet
  facet normal -0 -1 0
    outer loop
      vertex 0.836227 53.2 19.5438
      vertex -0.836227 53.2 19.5438
      vertex 0 53.2 19.5
    endloop
  endfacet
  facet normal 0.933586 0 -0.358352
    outer loop
      vertex -7.30836 51.4185 30.7539
      vertex -7.60845 53.2 29.9721
      vertex -7.30836 53.2 30.7539
    endloop
  endfacet
  facet normal 0.933586 0 -0.358352
    outer loop
      vertex -7.60845 53.2 29.9721
      vertex -7.30836 51.4185 30.7539
      vertex -7.60845 51.371 29.9721
    endloop
  endfacet
  facet normal 0.891005 0 -0.453993
    outer loop
      vertex -6.9282 51.4787 31.5
      vertex -7.30836 53.2 30.7539
      vertex -6.9282 53.2 31.5
    endloop
  endfacet
  facet normal 0.891005 0 -0.453993
    outer loop
      vertex -7.30836 53.2 30.7539
      vertex -6.9282 51.4787 31.5
      vertex -7.30836 51.4185 30.7539
    endloop
  endfacet
  facet normal 0.629266 0 -0.77719
    outer loop
      vertex -5.35304 53.2 33.4452
      vertex -4.70228 51.7536 33.9721
      vertex -5.35304 51.7195 33.4452
    endloop
  endfacet
  facet normal 0.629266 0 -0.77719
    outer loop
      vertex -4.70228 51.7536 33.9721
      vertex -5.35304 53.2 33.4452
      vertex -4.70228 53.2 33.9721
    endloop
  endfacet
  facet normal 0.156442 0 -0.987687
    outer loop
      vertex -1.66329 53.2 35.3252
      vertex -0.836227 51.9562 35.4562
      vertex -1.66329 51.9128 35.3252
    endloop
  endfacet
  facet normal 0.156442 0 -0.987687
    outer loop
      vertex -0.836227 51.9562 35.4562
      vertex -1.66329 53.2 35.3252
      vertex -0.836227 53.2 35.4562
    endloop
  endfacet
  facet normal -0.358383 0 0.933575
    outer loop
      vertex 2.47214 51.8704 19.8915
      vertex 3.25389 53.2 20.1916
      vertex 2.47214 53.2 19.8915
    endloop
  endfacet
  facet normal -0.358383 0 0.933575
    outer loop
      vertex 3.25389 53.2 20.1916
      vertex 2.47214 51.8704 19.8915
      vertex 3.25389 51.8295 20.1916
    endloop
  endfacet
  facet normal -0.707364 0 0.70685
    outer loop
      vertex 5.43548 51.7151 21.6373
      vertex 5.35304 53.2 21.5548
      vertex 5.35304 51.7195 21.5548
    endloop
  endfacet
  facet normal -0.707155 2.32663e-05 0.707059
    outer loop
      vertex 5.35304 53.2 21.5548
      vertex 5.43548 51.7151 21.6373
      vertex 5.94516 53.2 22.147
    endloop
  endfacet
  facet normal -0.707121 0 0.707093
    outer loop
      vertex 5.94516 53.2 22.147
      vertex 5.43548 51.7151 21.6373
      vertex 5.94516 51.6344 22.147
    endloop
  endfacet
  facet normal -0.933586 0 0.358352
    outer loop
      vertex 7.30836 51.4185 24.2461
      vertex 7.60845 53.2 25.0279
      vertex 7.30836 53.2 24.2461
    endloop
  endfacet
  facet normal -0.933586 0 0.358352
    outer loop
      vertex 7.60845 53.2 25.0279
      vertex 7.30836 51.4185 24.2461
      vertex 7.60845 51.371 25.0279
    endloop
  endfacet
  facet normal -0.838681 0 0.544623
    outer loop
      vertex 6.47214 51.5509 22.7977
      vertex 6.9282 53.2 23.5
      vertex 6.47214 53.2 22.7977
    endloop
  endfacet
  facet normal -0.838681 0 0.544623
    outer loop
      vertex 6.9282 53.2 23.5
      vertex 6.47214 51.5509 22.7977
      vertex 6.9282 51.4787 23.5
    endloop
  endfacet
  facet normal -0.891005 0 0.453993
    outer loop
      vertex 6.9282 51.4787 23.5
      vertex 7.30836 53.2 24.2461
      vertex 6.9282 53.2 23.5
    endloop
  endfacet
  facet normal -0.891005 0 0.453993
    outer loop
      vertex 7.30836 53.2 24.2461
      vertex 6.9282 51.4787 23.5
      vertex 7.30836 51.4185 24.2461
    endloop
  endfacet
  facet normal 0.544668 0 0.838652
    outer loop
      vertex -4.70228 53.2 21.0279
      vertex -4 51.7904 20.5718
      vertex -4 53.2 20.5718
    endloop
  endfacet
  facet normal 0.544668 0 0.838652
    outer loop
      vertex -4 51.7904 20.5718
      vertex -4.70228 53.2 21.0279
      vertex -4.70228 51.7536 21.0279
    endloop
  endfacet
  facet normal 0.258785 0 0.965935
    outer loop
      vertex -2.47214 53.2 19.8915
      vertex -1.66329 51.9128 19.6748
      vertex -1.66329 53.2 19.6748
    endloop
  endfacet
  facet normal 0.258785 0 0.965935
    outer loop
      vertex -1.66329 51.9128 19.6748
      vertex -2.47214 53.2 19.8915
      vertex -2.47214 51.8704 19.8915
    endloop
  endfacet
  facet normal 0.838681 0 0.544623
    outer loop
      vertex -6.9282 53.2 23.5
      vertex -6.47214 51.5509 22.7977
      vertex -6.47214 53.2 22.7977
    endloop
  endfacet
  facet normal 0.838681 0 0.544623
    outer loop
      vertex -6.47214 51.5509 22.7977
      vertex -6.9282 53.2 23.5
      vertex -6.9282 51.4787 23.5
    endloop
  endfacet
  facet normal 0.933586 0 0.358352
    outer loop
      vertex -7.60845 53.2 25.0279
      vertex -7.30836 51.4185 24.2461
      vertex -7.30836 53.2 24.2461
    endloop
  endfacet
  facet normal 0.933586 0 0.358352
    outer loop
      vertex -7.30836 51.4185 24.2461
      vertex -7.60845 53.2 25.0279
      vertex -7.60845 51.371 25.0279
    endloop
  endfacet
  facet normal -0.707155 2.32663e-05 -0.707059
    outer loop
      vertex 5.43548 51.7151 33.3627
      vertex 5.35304 53.2 33.4452
      vertex 5.94516 53.2 32.853
    endloop
  endfacet
  facet normal -0.707364 -0 -0.70685
    outer loop
      vertex 5.35304 53.2 33.4452
      vertex 5.43548 51.7151 33.3627
      vertex 5.35304 51.7195 33.4452
    endloop
  endfacet
  facet normal -0.707121 0 -0.707093
    outer loop
      vertex 5.43548 51.7151 33.3627
      vertex 5.94516 53.2 32.853
      vertex 5.94516 51.6344 32.853
    endloop
  endfacet
  facet normal -0.838681 0 -0.544623
    outer loop
      vertex 6.9282 53.2 31.5
      vertex 6.47214 51.5509 32.2023
      vertex 6.47214 53.2 32.2023
    endloop
  endfacet
  facet normal -0.838681 0 -0.544623
    outer loop
      vertex 6.47214 51.5509 32.2023
      vertex 6.9282 53.2 31.5
      vertex 6.9282 51.4787 31.5
    endloop
  endfacet
  facet normal -0.777115 0 -0.629359
    outer loop
      vertex 6.47214 53.2 32.2023
      vertex 5.94516 51.6344 32.853
      vertex 5.94516 53.2 32.853
    endloop
  endfacet
  facet normal -0.777115 0 -0.629359
    outer loop
      vertex 5.94516 51.6344 32.853
      vertex 6.47214 53.2 32.2023
      vertex 6.47214 51.5509 32.2023
    endloop
  endfacet
  facet normal -0.258785 0 -0.965935
    outer loop
      vertex 1.66329 51.9128 35.3252
      vertex 2.47214 53.2 35.1085
      vertex 2.47214 51.8704 35.1085
    endloop
  endfacet
  facet normal -0.258785 0 -0.965935
    outer loop
      vertex 2.47214 53.2 35.1085
      vertex 1.66329 51.9128 35.3252
      vertex 1.66329 53.2 35.3252
    endloop
  endfacet
  facet normal -0.0523064 0 -0.998631
    outer loop
      vertex 0 52 35.5
      vertex 0.836227 53.2 35.4562
      vertex 0.836227 51.9562 35.4562
    endloop
  endfacet
  facet normal -0.0523064 0 -0.998631
    outer loop
      vertex 0.836227 53.2 35.4562
      vertex 0 52 35.5
      vertex 0 53.2 35.5
    endloop
  endfacet
  facet normal -0.454026 0 -0.890988
    outer loop
      vertex 3.25389 51.8295 34.8084
      vertex 4 53.2 34.4282
      vertex 4 51.7904 34.4282
    endloop
  endfacet
  facet normal -0.454026 0 -0.890988
    outer loop
      vertex 4 53.2 34.4282
      vertex 3.25389 51.8295 34.8084
      vertex 3.25389 53.2 34.8084
    endloop
  endfacet
  facet normal 0.965922 0 -0.258833
    outer loop
      vertex -7.60845 51.371 29.9721
      vertex -7.82518 53.2 29.1633
      vertex -7.60845 53.2 29.9721
    endloop
  endfacet
  facet normal 0.965922 0 -0.258833
    outer loop
      vertex -7.82518 53.2 29.1633
      vertex -7.60845 51.371 29.9721
      vertex -7.82518 51.3366 29.1633
    endloop
  endfacet
  facet normal 0.998629 0 -0.0523438
    outer loop
      vertex -7.95617 51.3159 28.3362
      vertex -8 53.2 27.5
      vertex -7.95617 53.2 28.3362
    endloop
  endfacet
  facet normal 0.998629 0 -0.0523438
    outer loop
      vertex -8 53.2 27.5
      vertex -7.95617 51.3159 28.3362
      vertex -8 51.309 27.5
    endloop
  endfacet
  facet normal 0.998629 0 0.0523438
    outer loop
      vertex -8 53.2 27.5
      vertex -7.95617 51.3159 26.6638
      vertex -7.95617 53.2 26.6638
    endloop
  endfacet
  facet normal 0.998629 0 0.0523438
    outer loop
      vertex -7.95617 51.3159 26.6638
      vertex -8 53.2 27.5
      vertex -8 51.309 27.5
    endloop
  endfacet
  facet normal 0.707364 0 -0.70685
    outer loop
      vertex -5.43548 51.7151 33.3627
      vertex -5.35304 53.2 33.4452
      vertex -5.35304 51.7195 33.4452
    endloop
  endfacet
  facet normal 0.707155 2.32663e-05 -0.707059
    outer loop
      vertex -5.35304 53.2 33.4452
      vertex -5.43548 51.7151 33.3627
      vertex -5.94516 53.2 32.853
    endloop
  endfacet
  facet normal 0.707121 0 -0.707093
    outer loop
      vertex -5.94516 53.2 32.853
      vertex -5.43548 51.7151 33.3627
      vertex -5.94516 51.6344 32.853
    endloop
  endfacet
  facet normal 0.544668 0 -0.838652
    outer loop
      vertex -4.70228 53.2 33.9721
      vertex -4 51.7904 34.4282
      vertex -4.70228 51.7536 33.9721
    endloop
  endfacet
  facet normal 0.544668 0 -0.838652
    outer loop
      vertex -4 51.7904 34.4282
      vertex -4.70228 53.2 33.9721
      vertex -4 53.2 34.4282
    endloop
  endfacet
  facet normal 0.358383 0 -0.933575
    outer loop
      vertex -3.25389 53.2 34.8084
      vertex -2.47214 51.8704 35.1085
      vertex -3.25389 51.8295 34.8084
    endloop
  endfacet
  facet normal 0.358383 0 -0.933575
    outer loop
      vertex -2.47214 51.8704 35.1085
      vertex -3.25389 53.2 34.8084
      vertex -2.47214 53.2 35.1085
    endloop
  endfacet
  facet normal -0.258785 0 0.965935
    outer loop
      vertex 1.66329 51.9128 19.6748
      vertex 2.47214 53.2 19.8915
      vertex 1.66329 53.2 19.6748
    endloop
  endfacet
  facet normal -0.258785 0 0.965935
    outer loop
      vertex 2.47214 53.2 19.8915
      vertex 1.66329 51.9128 19.6748
      vertex 2.47214 51.8704 19.8915
    endloop
  endfacet
  facet normal -0.454026 0 0.890988
    outer loop
      vertex 3.25389 51.8295 20.1916
      vertex 4 53.2 20.5718
      vertex 3.25389 53.2 20.1916
    endloop
  endfacet
  facet normal -0.454026 0 0.890988
    outer loop
      vertex 4 53.2 20.5718
      vertex 3.25389 51.8295 20.1916
      vertex 4 51.7904 20.5718
    endloop
  endfacet
  facet normal -0.544668 0 0.838652
    outer loop
      vertex 4 51.7904 20.5718
      vertex 4.70228 53.2 21.0279
      vertex 4 53.2 20.5718
    endloop
  endfacet
  facet normal -0.544668 0 0.838652
    outer loop
      vertex 4.70228 53.2 21.0279
      vertex 4 51.7904 20.5718
      vertex 4.70228 51.7536 21.0279
    endloop
  endfacet
  facet normal -0.629266 0 0.77719
    outer loop
      vertex 4.70228 51.7536 21.0279
      vertex 5.35304 53.2 21.5548
      vertex 4.70228 53.2 21.0279
    endloop
  endfacet
  facet normal -0.629266 0 0.77719
    outer loop
      vertex 5.35304 53.2 21.5548
      vertex 4.70228 51.7536 21.0279
      vertex 5.35304 51.7195 21.5548
    endloop
  endfacet
  facet normal -0.98769 0 0.156423
    outer loop
      vertex 7.82518 51.3366 25.8367
      vertex 7.95617 53.2 26.6638
      vertex 7.82518 53.2 25.8367
    endloop
  endfacet
  facet normal -0.98769 0 0.156423
    outer loop
      vertex 7.95617 53.2 26.6638
      vertex 7.82518 51.3366 25.8367
      vertex 7.95617 51.3159 26.6638
    endloop
  endfacet
  facet normal -0.998629 0 0.0523438
    outer loop
      vertex 7.95617 51.3159 26.6638
      vertex 8 53.2 27.5
      vertex 7.95617 53.2 26.6638
    endloop
  endfacet
  facet normal -0.998629 0 0.0523438
    outer loop
      vertex 8 53.2 27.5
      vertex 7.95617 51.3159 26.6638
      vertex 8 51.309 27.5
    endloop
  endfacet
  facet normal 0.454026 0 0.890988
    outer loop
      vertex -4 53.2 20.5718
      vertex -3.25389 51.8295 20.1916
      vertex -3.25389 53.2 20.1916
    endloop
  endfacet
  facet normal 0.454026 0 0.890988
    outer loop
      vertex -3.25389 51.8295 20.1916
      vertex -4 53.2 20.5718
      vertex -4 51.7904 20.5718
    endloop
  endfacet
  facet normal 0.358383 0 0.933575
    outer loop
      vertex -3.25389 53.2 20.1916
      vertex -2.47214 51.8704 19.8915
      vertex -2.47214 53.2 19.8915
    endloop
  endfacet
  facet normal 0.358383 0 0.933575
    outer loop
      vertex -2.47214 51.8704 19.8915
      vertex -3.25389 53.2 20.1916
      vertex -3.25389 51.8295 20.1916
    endloop
  endfacet
  facet normal 0.156442 0 0.987687
    outer loop
      vertex -1.66329 53.2 19.6748
      vertex -0.836227 51.9562 19.5438
      vertex -0.836227 53.2 19.5438
    endloop
  endfacet
  facet normal 0.156442 0 0.987687
    outer loop
      vertex -0.836227 51.9562 19.5438
      vertex -1.66329 53.2 19.6748
      vertex -1.66329 51.9128 19.6748
    endloop
  endfacet
  facet normal 0.0523064 0 0.998631
    outer loop
      vertex -0.836227 53.2 19.5438
      vertex 0 52 19.5
      vertex 0 53.2 19.5
    endloop
  endfacet
  facet normal 0.0523064 0 0.998631
    outer loop
      vertex 0 52 19.5
      vertex -0.836227 53.2 19.5438
      vertex -0.836227 51.9562 19.5438
    endloop
  endfacet
  facet normal -0.0523064 0 0.998631
    outer loop
      vertex 0 52 19.5
      vertex 0.836227 53.2 19.5438
      vertex 0 53.2 19.5
    endloop
  endfacet
  facet normal -0.0523064 0 0.998631
    outer loop
      vertex 0.836227 53.2 19.5438
      vertex 0 52 19.5
      vertex 0.836227 51.9562 19.5438
    endloop
  endfacet
  facet normal 0.777115 0 0.629359
    outer loop
      vertex -6.47214 53.2 22.7977
      vertex -5.94516 51.6344 22.147
      vertex -5.94516 53.2 22.147
    endloop
  endfacet
  facet normal 0.777115 0 0.629359
    outer loop
      vertex -5.94516 51.6344 22.147
      vertex -6.47214 53.2 22.7977
      vertex -6.47214 51.5509 22.7977
    endloop
  endfacet
  facet normal 0.891005 0 0.453993
    outer loop
      vertex -7.30836 53.2 24.2461
      vertex -6.9282 51.4787 23.5
      vertex -6.9282 53.2 23.5
    endloop
  endfacet
  facet normal 0.891005 0 0.453993
    outer loop
      vertex -6.9282 51.4787 23.5
      vertex -7.30836 53.2 24.2461
      vertex -7.30836 51.4185 24.2461
    endloop
  endfacet
  facet normal 0.98769 0 0.156423
    outer loop
      vertex -7.95617 53.2 26.6638
      vertex -7.82518 51.3366 25.8367
      vertex -7.82518 53.2 25.8367
    endloop
  endfacet
  facet normal 0.98769 0 0.156423
    outer loop
      vertex -7.82518 51.3366 25.8367
      vertex -7.95617 53.2 26.6638
      vertex -7.95617 51.3159 26.6638
    endloop
  endfacet
  facet normal 0.965922 0 0.258833
    outer loop
      vertex -7.82518 53.2 25.8367
      vertex -7.60845 51.371 25.0279
      vertex -7.60845 53.2 25.0279
    endloop
  endfacet
  facet normal 0.965922 0 0.258833
    outer loop
      vertex -7.60845 51.371 25.0279
      vertex -7.82518 53.2 25.8367
      vertex -7.82518 51.3366 25.8367
    endloop
  endfacet
  facet normal 0.99863 0.0523247 0
    outer loop
      vertex 13 0 0
      vertex 12.9288 1.35887 -45
      vertex 12.9288 1.35887 0
    endloop
  endfacet
  facet normal 0.99863 0.0523247 0
    outer loop
      vertex 12.9288 1.35887 -45
      vertex 13 0 0
      vertex 13 0 -45
    endloop
  endfacet
  facet normal -0.99863 0.0523247 0
    outer loop
      vertex -13 0 -45
      vertex -12.9288 1.35887 0
      vertex -12.9288 1.35887 -45
    endloop
  endfacet
  facet normal -0.99863 0.0523247 0
    outer loop
      vertex -12.9288 1.35887 0
      vertex -13 0 -45
      vertex -13 0 0
    endloop
  endfacet
  facet normal 0.0523247 0.99863 -0
    outer loop
      vertex 1.35887 12.9288 -45
      vertex 0 13 0
      vertex 1.35887 12.9288 0
    endloop
  endfacet
  facet normal 0.0523247 0.99863 0
    outer loop
      vertex 0 13 0
      vertex 1.35887 12.9288 -45
      vertex 0 13 -45
    endloop
  endfacet
  facet normal -0.0523247 -0.99863 0
    outer loop
      vertex -1.35887 -12.9288 -45
      vertex 0 -13 0
      vertex -1.35887 -12.9288 0
    endloop
  endfacet
  facet normal -0.0523247 -0.99863 -0
    outer loop
      vertex 0 -13 0
      vertex -1.35887 -12.9288 -45
      vertex 0 -13 -45
    endloop
  endfacet
  facet normal -0.777153 -0.629312 0
    outer loop
      vertex -9.66088 -8.6987 -45
      vertex -10.5172 -7.64121 0
      vertex -10.5172 -7.64121 -45
    endloop
  endfacet
  facet normal -0.777153 -0.629312 0
    outer loop
      vertex -10.5172 -7.64121 0
      vertex -9.66088 -8.6987 -45
      vertex -9.66088 -8.6987 0
    endloop
  endfacet
  facet normal 0.707107 0.707107 0
    outer loop
      vertex 9.66088 8.6987 0
      vertex 8.6987 9.66088 -45
      vertex 8.6987 9.66088 0
    endloop
  endfacet
  facet normal 0.707107 0.707107 0
    outer loop
      vertex 8.6987 9.66088 -45
      vertex 9.66088 8.6987 0
      vertex 9.66088 8.6987 -45
    endloop
  endfacet
  facet normal -0.629312 0.777153 0
    outer loop
      vertex -7.64121 10.5172 -45
      vertex -8.6987 9.66088 0
      vertex -7.64121 10.5172 0
    endloop
  endfacet
  facet normal -0.629312 0.777153 0
    outer loop
      vertex -8.6987 9.66088 0
      vertex -7.64121 10.5172 -45
      vertex -8.6987 9.66088 -45
    endloop
  endfacet
  facet normal -0.25883 0.965923 0
    outer loop
      vertex -2.70285 12.7159 -45
      vertex -4.01722 12.3637 0
      vertex -2.70285 12.7159 0
    endloop
  endfacet
  facet normal -0.25883 0.965923 0
    outer loop
      vertex -4.01722 12.3637 0
      vertex -2.70285 12.7159 -45
      vertex -4.01722 12.3637 -45
    endloop
  endfacet
  facet normal 0.890994 0.454015 0
    outer loop
      vertex 11.8761 5.28758 0
      vertex 11.2583 6.5 -45
      vertex 11.2583 6.5 0
    endloop
  endfacet
  facet normal 0.890994 0.454015 0
    outer loop
      vertex 11.2583 6.5 -45
      vertex 11.8761 5.28758 0
      vertex 11.8761 5.28758 -45
    endloop
  endfacet
  facet normal 0.838674 0.544634 0
    outer loop
      vertex 11.2583 6.5 0
      vertex 10.5172 7.64121 -45
      vertex 10.5172 7.64121 0
    endloop
  endfacet
  facet normal 0.838674 0.544634 0
    outer loop
      vertex 10.5172 7.64121 -45
      vertex 11.2583 6.5 0
      vertex 11.2583 6.5 -45
    endloop
  endfacet
  facet normal 0.358339 0.933592 -0
    outer loop
      vertex 5.28758 11.8761 -45
      vertex 4.01722 12.3637 0
      vertex 5.28758 11.8761 0
    endloop
  endfacet
  facet normal 0.358339 0.933592 0
    outer loop
      vertex 4.01722 12.3637 0
      vertex 5.28758 11.8761 -45
      vertex 4.01722 12.3637 -45
    endloop
  endfacet
  facet normal 0.25883 0.965923 -0
    outer loop
      vertex 4.01722 12.3637 -45
      vertex 2.70285 12.7159 0
      vertex 4.01722 12.3637 0
    endloop
  endfacet
  facet normal 0.25883 0.965923 0
    outer loop
      vertex 2.70285 12.7159 0
      vertex 4.01722 12.3637 -45
      vertex 2.70285 12.7159 -45
    endloop
  endfacet
  facet normal 0.544634 0.838674 -0
    outer loop
      vertex 7.64121 10.5172 -45
      vertex 6.5 11.2583 0
      vertex 7.64121 10.5172 0
    endloop
  endfacet
  facet normal 0.544634 0.838674 0
    outer loop
      vertex 6.5 11.2583 0
      vertex 7.64121 10.5172 -45
      vertex 6.5 11.2583 -45
    endloop
  endfacet
  facet normal -0.890994 0.454015 0
    outer loop
      vertex -11.8761 5.28758 -45
      vertex -11.2583 6.5 0
      vertex -11.2583 6.5 -45
    endloop
  endfacet
  facet normal -0.890994 0.454015 0
    outer loop
      vertex -11.2583 6.5 0
      vertex -11.8761 5.28758 -45
      vertex -11.8761 5.28758 0
    endloop
  endfacet
  facet normal -0.156459 0.987684 0
    outer loop
      vertex -1.35887 12.9288 -45
      vertex -2.70285 12.7159 0
      vertex -1.35887 12.9288 0
    endloop
  endfacet
  facet normal -0.156459 0.987684 0
    outer loop
      vertex -2.70285 12.7159 0
      vertex -1.35887 12.9288 -45
      vertex -2.70285 12.7159 -45
    endloop
  endfacet
  facet normal 0.933592 -0.358339 0
    outer loop
      vertex 11.8761 -5.28758 0
      vertex 12.3637 -4.01722 -45
      vertex 12.3637 -4.01722 0
    endloop
  endfacet
  facet normal 0.933592 -0.358339 0
    outer loop
      vertex 12.3637 -4.01722 -45
      vertex 11.8761 -5.28758 0
      vertex 11.8761 -5.28758 -45
    endloop
  endfacet
  facet normal -0.99863 -0.0523247 0
    outer loop
      vertex -12.9288 -1.35887 -45
      vertex -13 0 0
      vertex -13 0 -45
    endloop
  endfacet
  facet normal -0.99863 -0.0523247 0
    outer loop
      vertex -13 0 0
      vertex -12.9288 -1.35887 -45
      vertex -12.9288 -1.35887 0
    endloop
  endfacet
  facet normal 0.965923 0.25883 0
    outer loop
      vertex 12.7159 2.70285 0
      vertex 12.3637 4.01722 -45
      vertex 12.3637 4.01722 0
    endloop
  endfacet
  facet normal 0.965923 0.25883 0
    outer loop
      vertex 12.3637 4.01722 -45
      vertex 12.7159 2.70285 0
      vertex 12.7159 2.70285 -45
    endloop
  endfacet
  facet normal 0.987684 0.156459 0
    outer loop
      vertex 12.9288 1.35887 0
      vertex 12.7159 2.70285 -45
      vertex 12.7159 2.70285 0
    endloop
  endfacet
  facet normal 0.987684 0.156459 0
    outer loop
      vertex 12.7159 2.70285 -45
      vertex 12.9288 1.35887 0
      vertex 12.9288 1.35887 -45
    endloop
  endfacet
  facet normal 0.933592 0.358339 0
    outer loop
      vertex 12.3637 4.01722 0
      vertex 11.8761 5.28758 -45
      vertex 11.8761 5.28758 0
    endloop
  endfacet
  facet normal 0.933592 0.358339 0
    outer loop
      vertex 11.8761 5.28758 -45
      vertex 12.3637 4.01722 0
      vertex 12.3637 4.01722 -45
    endloop
  endfacet
  facet normal 0.777153 0.629312 0
    outer loop
      vertex 10.5172 7.64121 0
      vertex 9.66088 8.6987 -45
      vertex 9.66088 8.6987 0
    endloop
  endfacet
  facet normal 0.777153 0.629312 0
    outer loop
      vertex 9.66088 8.6987 -45
      vertex 10.5172 7.64121 0
      vertex 10.5172 7.64121 -45
    endloop
  endfacet
  facet normal 0.156459 0.987684 -0
    outer loop
      vertex 2.70285 12.7159 -45
      vertex 1.35887 12.9288 0
      vertex 2.70285 12.7159 0
    endloop
  endfacet
  facet normal 0.156459 0.987684 0
    outer loop
      vertex 1.35887 12.9288 0
      vertex 2.70285 12.7159 -45
      vertex 1.35887 12.9288 -45
    endloop
  endfacet
  facet normal 0.454015 0.890994 -0
    outer loop
      vertex 6.5 11.2583 -45
      vertex 5.28758 11.8761 0
      vertex 6.5 11.2583 0
    endloop
  endfacet
  facet normal 0.454015 0.890994 0
    outer loop
      vertex 5.28758 11.8761 0
      vertex 6.5 11.2583 -45
      vertex 5.28758 11.8761 -45
    endloop
  endfacet
  facet normal 0.629312 0.777153 -0
    outer loop
      vertex 8.6987 9.66088 -45
      vertex 7.64121 10.5172 0
      vertex 8.6987 9.66088 0
    endloop
  endfacet
  facet normal 0.629312 0.777153 0
    outer loop
      vertex 7.64121 10.5172 0
      vertex 8.6987 9.66088 -45
      vertex 7.64121 10.5172 -45
    endloop
  endfacet
  facet normal -0.965923 0.25883 0
    outer loop
      vertex -12.7159 2.70285 -45
      vertex -12.3637 4.01722 0
      vertex -12.3637 4.01722 -45
    endloop
  endfacet
  facet normal -0.965923 0.25883 0
    outer loop
      vertex -12.3637 4.01722 0
      vertex -12.7159 2.70285 -45
      vertex -12.7159 2.70285 0
    endloop
  endfacet
  facet normal -0.777153 0.629312 0
    outer loop
      vertex -10.5172 7.64121 -45
      vertex -9.66088 8.6987 0
      vertex -9.66088 8.6987 -45
    endloop
  endfacet
  facet normal -0.777153 0.629312 0
    outer loop
      vertex -9.66088 8.6987 0
      vertex -10.5172 7.64121 -45
      vertex -10.5172 7.64121 0
    endloop
  endfacet
  facet normal -0.707107 0.707107 0
    outer loop
      vertex -9.66088 8.6987 -45
      vertex -8.6987 9.66088 0
      vertex -8.6987 9.66088 -45
    endloop
  endfacet
  facet normal -0.707107 0.707107 0
    outer loop
      vertex -8.6987 9.66088 0
      vertex -9.66088 8.6987 -45
      vertex -9.66088 8.6987 0
    endloop
  endfacet
  facet normal -0.838674 0.544634 0
    outer loop
      vertex -11.2583 6.5 -45
      vertex -10.5172 7.64121 0
      vertex -10.5172 7.64121 -45
    endloop
  endfacet
  facet normal -0.838674 0.544634 0
    outer loop
      vertex -10.5172 7.64121 0
      vertex -11.2583 6.5 -45
      vertex -11.2583 6.5 0
    endloop
  endfacet
  facet normal -0.933592 0.358339 0
    outer loop
      vertex -12.3637 4.01722 -45
      vertex -11.8761 5.28758 0
      vertex -11.8761 5.28758 -45
    endloop
  endfacet
  facet normal -0.933592 0.358339 0
    outer loop
      vertex -11.8761 5.28758 0
      vertex -12.3637 4.01722 -45
      vertex -12.3637 4.01722 0
    endloop
  endfacet
  facet normal -0.987684 0.156459 0
    outer loop
      vertex -12.9288 1.35887 -45
      vertex -12.7159 2.70285 0
      vertex -12.7159 2.70285 -45
    endloop
  endfacet
  facet normal -0.987684 0.156459 0
    outer loop
      vertex -12.7159 2.70285 0
      vertex -12.9288 1.35887 -45
      vertex -12.9288 1.35887 0
    endloop
  endfacet
  facet normal -0.454015 0.890994 0
    outer loop
      vertex -5.28758 11.8761 -45
      vertex -6.5 11.2583 0
      vertex -5.28758 11.8761 0
    endloop
  endfacet
  facet normal -0.454015 0.890994 0
    outer loop
      vertex -6.5 11.2583 0
      vertex -5.28758 11.8761 -45
      vertex -6.5 11.2583 -45
    endloop
  endfacet
  facet normal -0.358339 0.933592 0
    outer loop
      vertex -4.01722 12.3637 -45
      vertex -5.28758 11.8761 0
      vertex -4.01722 12.3637 0
    endloop
  endfacet
  facet normal -0.358339 0.933592 0
    outer loop
      vertex -5.28758 11.8761 0
      vertex -4.01722 12.3637 -45
      vertex -5.28758 11.8761 -45
    endloop
  endfacet
  facet normal -0.544634 0.838674 0
    outer loop
      vertex -6.5 11.2583 -45
      vertex -7.64121 10.5172 0
      vertex -6.5 11.2583 0
    endloop
  endfacet
  facet normal -0.544634 0.838674 0
    outer loop
      vertex -7.64121 10.5172 0
      vertex -6.5 11.2583 -45
      vertex -7.64121 10.5172 -45
    endloop
  endfacet
  facet normal -0.0523247 0.99863 0
    outer loop
      vertex 0 13 -45
      vertex -1.35887 12.9288 0
      vertex 0 13 0
    endloop
  endfacet
  facet normal -0.0523247 0.99863 0
    outer loop
      vertex -1.35887 12.9288 0
      vertex 0 13 -45
      vertex -1.35887 12.9288 -45
    endloop
  endfacet
  facet normal 0.99863 -0.0523247 0
    outer loop
      vertex 12.9288 -1.35887 0
      vertex 13 0 -45
      vertex 13 0 0
    endloop
  endfacet
  facet normal 0.99863 -0.0523247 0
    outer loop
      vertex 13 0 -45
      vertex 12.9288 -1.35887 0
      vertex 12.9288 -1.35887 -45
    endloop
  endfacet
  facet normal 0.0523247 -0.99863 0
    outer loop
      vertex 0 -13 -45
      vertex 1.35887 -12.9288 0
      vertex 0 -13 0
    endloop
  endfacet
  facet normal 0.0523247 -0.99863 0
    outer loop
      vertex 1.35887 -12.9288 0
      vertex 0 -13 -45
      vertex 1.35887 -12.9288 -45
    endloop
  endfacet
  facet normal 0.25883 -0.965923 0
    outer loop
      vertex 2.70285 -12.7159 -45
      vertex 4.01722 -12.3637 0
      vertex 2.70285 -12.7159 0
    endloop
  endfacet
  facet normal 0.25883 -0.965923 0
    outer loop
      vertex 4.01722 -12.3637 0
      vertex 2.70285 -12.7159 -45
      vertex 4.01722 -12.3637 -45
    endloop
  endfacet
  facet normal 0.629312 -0.777153 0
    outer loop
      vertex 7.64121 -10.5172 -45
      vertex 8.6987 -9.66088 0
      vertex 7.64121 -10.5172 0
    endloop
  endfacet
  facet normal 0.629312 -0.777153 0
    outer loop
      vertex 8.6987 -9.66088 0
      vertex 7.64121 -10.5172 -45
      vertex 8.6987 -9.66088 -45
    endloop
  endfacet
  facet normal 0.454015 -0.890994 0
    outer loop
      vertex 5.28758 -11.8761 -45
      vertex 6.5 -11.2583 0
      vertex 5.28758 -11.8761 0
    endloop
  endfacet
  facet normal 0.454015 -0.890994 0
    outer loop
      vertex 6.5 -11.2583 0
      vertex 5.28758 -11.8761 -45
      vertex 6.5 -11.2583 -45
    endloop
  endfacet
  facet normal 0.777153 -0.629312 0
    outer loop
      vertex 9.66088 -8.6987 0
      vertex 10.5172 -7.64121 -45
      vertex 10.5172 -7.64121 0
    endloop
  endfacet
  facet normal 0.777153 -0.629312 0
    outer loop
      vertex 10.5172 -7.64121 -45
      vertex 9.66088 -8.6987 0
      vertex 9.66088 -8.6987 -45
    endloop
  endfacet
  facet normal 0.890994 -0.454015 0
    outer loop
      vertex 11.2583 -6.5 0
      vertex 11.8761 -5.28758 -45
      vertex 11.8761 -5.28758 0
    endloop
  endfacet
  facet normal 0.890994 -0.454015 0
    outer loop
      vertex 11.8761 -5.28758 -45
      vertex 11.2583 -6.5 0
      vertex 11.2583 -6.5 -45
    endloop
  endfacet
  facet normal -0.707107 -0.707107 0
    outer loop
      vertex -8.6987 -9.66088 -45
      vertex -9.66088 -8.6987 0
      vertex -9.66088 -8.6987 -45
    endloop
  endfacet
  facet normal -0.707107 -0.707107 0
    outer loop
      vertex -9.66088 -8.6987 0
      vertex -8.6987 -9.66088 -45
      vertex -8.6987 -9.66088 0
    endloop
  endfacet
  facet normal -0.544634 -0.838674 0
    outer loop
      vertex -7.64121 -10.5172 -45
      vertex -6.5 -11.2583 0
      vertex -7.64121 -10.5172 0
    endloop
  endfacet
  facet normal -0.544634 -0.838674 -0
    outer loop
      vertex -6.5 -11.2583 0
      vertex -7.64121 -10.5172 -45
      vertex -6.5 -11.2583 -45
    endloop
  endfacet
  facet normal -0.358339 -0.933592 0
    outer loop
      vertex -5.28758 -11.8761 -45
      vertex -4.01722 -12.3637 0
      vertex -5.28758 -11.8761 0
    endloop
  endfacet
  facet normal -0.358339 -0.933592 -0
    outer loop
      vertex -4.01722 -12.3637 0
      vertex -5.28758 -11.8761 -45
      vertex -4.01722 -12.3637 -45
    endloop
  endfacet
  facet normal -0.156459 -0.987684 0
    outer loop
      vertex -2.70285 -12.7159 -45
      vertex -1.35887 -12.9288 0
      vertex -2.70285 -12.7159 0
    endloop
  endfacet
  facet normal -0.156459 -0.987684 -0
    outer loop
      vertex -1.35887 -12.9288 0
      vertex -2.70285 -12.7159 -45
      vertex -1.35887 -12.9288 -45
    endloop
  endfacet
  facet normal -0.933592 -0.358339 0
    outer loop
      vertex -11.8761 -5.28758 -45
      vertex -12.3637 -4.01722 0
      vertex -12.3637 -4.01722 -45
    endloop
  endfacet
  facet normal -0.933592 -0.358339 0
    outer loop
      vertex -12.3637 -4.01722 0
      vertex -11.8761 -5.28758 -45
      vertex -11.8761 -5.28758 0
    endloop
  endfacet
  facet normal -0.838674 -0.544634 0
    outer loop
      vertex -10.5172 -7.64121 -45
      vertex -11.2583 -6.5 0
      vertex -11.2583 -6.5 -45
    endloop
  endfacet
  facet normal -0.838674 -0.544634 0
    outer loop
      vertex -11.2583 -6.5 0
      vertex -10.5172 -7.64121 -45
      vertex -10.5172 -7.64121 0
    endloop
  endfacet
  facet normal -0.965923 -0.25883 0
    outer loop
      vertex -12.3637 -4.01722 -45
      vertex -12.7159 -2.70285 0
      vertex -12.7159 -2.70285 -45
    endloop
  endfacet
  facet normal -0.965923 -0.25883 0
    outer loop
      vertex -12.7159 -2.70285 0
      vertex -12.3637 -4.01722 -45
      vertex -12.3637 -4.01722 0
    endloop
  endfacet
  facet normal 0 0 -1
    outer loop
      vertex 7 0 -45
      vertex 13 0 -45
      vertex 12.9288 -1.35887 -45
    endloop
  endfacet
  facet normal 0 0 -1
    outer loop
      vertex 6.96165 -0.731699 -45
      vertex 12.9288 -1.35887 -45
      vertex 12.7159 -2.70285 -45
    endloop
  endfacet
  facet normal 0 0 -1
    outer loop
      vertex 13 0 -45
      vertex 7 0 -45
      vertex 12.9288 1.35887 -45
    endloop
  endfacet
  facet normal 0 0 -1
    outer loop
      vertex 6.84703 -1.45538 -45
      vertex 12.7159 -2.70285 -45
      vertex 12.3637 -4.01722 -45
    endloop
  endfacet
  facet normal 0 0 -1
    outer loop
      vertex 6.96165 0.731699 -45
      vertex 12.9288 1.35887 -45
      vertex 7 0 -45
    endloop
  endfacet
  facet normal 0 0 -1
    outer loop
      vertex 6.6574 -2.16312 -45
      vertex 12.3637 -4.01722 -45
      vertex 11.8761 -5.28758 -45
    endloop
  endfacet
  facet normal -0 0 -1
    outer loop
      vertex 12.9288 1.35887 -45
      vertex 6.96165 0.731699 -45
      vertex 12.7159 2.70285 -45
    endloop
  endfacet
  facet normal 0 0 -1
    outer loop
      vertex 6.39482 -2.84716 -45
      vertex 11.8761 -5.28758 -45
      vertex 11.2583 -6.5 -45
    endloop
  endfacet
  facet normal 0 0 -1
    outer loop
      vertex 6.84703 1.45538 -45
      vertex 12.7159 2.70285 -45
      vertex 6.96165 0.731699 -45
    endloop
  endfacet
  facet normal 0 0 -1
    outer loop
      vertex 6.06218 -3.5 -45
      vertex 11.2583 -6.5 -45
      vertex 10.5172 -7.64121 -45
    endloop
  endfacet
  facet normal -0 0 -1
    outer loop
      vertex 12.7159 2.70285 -45
      vertex 6.84703 1.45538 -45
      vertex 12.3637 4.01722 -45
    endloop
  endfacet
  facet normal 0 0 -1
    outer loop
      vertex 5.66312 -4.1145 -45
      vertex 10.5172 -7.64121 -45
      vertex 9.66088 -8.6987 -45
    endloop
  endfacet
  facet normal 0 0 -1
    outer loop
      vertex 6.6574 2.16312 -45
      vertex 12.3637 4.01722 -45
      vertex 6.84703 1.45538 -45
    endloop
  endfacet
  facet normal 0 0 -1
    outer loop
      vertex 5.20201 -4.68391 -45
      vertex 9.66088 -8.6987 -45
      vertex 8.6987 -9.66088 -45
    endloop
  endfacet
  facet normal -0 0 -1
    outer loop
      vertex 12.3637 4.01722 -45
      vertex 6.6574 2.16312 -45
      vertex 11.8761 5.28758 -45
    endloop
  endfacet
  facet normal 0 0 -1
    outer loop
      vertex 4.68391 -5.20201 -45
      vertex 8.6987 -9.66088 -45
      vertex 7.64121 -10.5172 -45
    endloop
  endfacet
  facet normal 0 0 -1
    outer loop
      vertex 6.39482 2.84716 -45
      vertex 11.8761 5.28758 -45
      vertex 6.6574 2.16312 -45
    endloop
  endfacet
  facet normal -0 0 -1
    outer loop
      vertex 11.8761 5.28758 -45
      vertex 6.39482 2.84716 -45
      vertex 11.2583 6.5 -45
    endloop
  endfacet
  facet normal 0 0 -1
    outer loop
      vertex 12.9288 -1.35887 -45
      vertex 6.96165 -0.731699 -45
      vertex 7 0 -45
    endloop
  endfacet
  facet normal 0 0 -1
    outer loop
      vertex 12.7159 -2.70285 -45
      vertex 6.84703 -1.45538 -45
      vertex 6.96165 -0.731699 -45
    endloop
  endfacet
  facet normal 0 0 -1
    outer loop
      vertex 12.3637 -4.01722 -45
      vertex 6.6574 -2.16312 -45
      vertex 6.84703 -1.45538 -45
    endloop
  endfacet
  facet normal 0 0 -1
    outer loop
      vertex 4.1145 -5.66312 -45
      vertex 7.64121 -10.5172 -45
      vertex 6.5 -11.2583 -45
    endloop
  endfacet
  facet normal 0 0 -1
    outer loop
      vertex 11.8761 -5.28758 -45
      vertex 6.39482 -2.84716 -45
      vertex 6.6574 -2.16312 -45
    endloop
  endfacet
  facet normal 0 0 -1
    outer loop
      vertex 11.2583 -6.5 -45
      vertex 6.06218 -3.5 -45
      vertex 6.39482 -2.84716 -45
    endloop
  endfacet
  facet normal 0 0 -1
    outer loop
      vertex 10.5172 -7.64121 -45
      vertex 5.66312 -4.1145 -45
      vertex 6.06218 -3.5 -45
    endloop
  endfacet
  facet normal 0 0 -1
    outer loop
      vertex 3.5 -6.06218 -45
      vertex 6.5 -11.2583 -45
      vertex 5.28758 -11.8761 -45
    endloop
  endfacet
  facet normal 0 0 -1
    outer loop
      vertex 9.66088 -8.6987 -45
      vertex 5.20201 -4.68391 -45
      vertex 5.66312 -4.1145 -45
    endloop
  endfacet
  facet normal 0 0 -1
    outer loop
      vertex 8.6987 -9.66088 -45
      vertex 4.68391 -5.20201 -45
      vertex 5.20201 -4.68391 -45
    endloop
  endfacet
  facet normal 0 0 -1
    outer loop
      vertex 7.64121 -10.5172 -45
      vertex 4.1145 -5.66312 -45
      vertex 4.68391 -5.20201 -45
    endloop
  endfacet
  facet normal 0 0 -1
    outer loop
      vertex 2.84716 -6.39482 -45
      vertex 5.28758 -11.8761 -45
      vertex 4.01722 -12.3637 -45
    endloop
  endfacet
  facet normal 0 0 -1
    outer loop
      vertex 6.5 -11.2583 -45
      vertex 3.5 -6.06218 -45
      vertex 4.1145 -5.66312 -45
    endloop
  endfacet
  facet normal 0 0 -1
    outer loop
      vertex 5.28758 -11.8761 -45
      vertex 2.84716 -6.39482 -45
      vertex 3.5 -6.06218 -45
    endloop
  endfacet
  facet normal 0 0 -1
    outer loop
      vertex 2.16312 -6.6574 -45
      vertex 4.01722 -12.3637 -45
      vertex 2.70285 -12.7159 -45
    endloop
  endfacet
  facet normal 0 0 -1
    outer loop
      vertex 4.01722 -12.3637 -45
      vertex 2.16312 -6.6574 -45
      vertex 2.84716 -6.39482 -45
    endloop
  endfacet
  facet normal 0 0 -1
    outer loop
      vertex 2.70285 -12.7159 -45
      vertex 1.45538 -6.84703 -45
      vertex 2.16312 -6.6574 -45
    endloop
  endfacet
  facet normal 0 0 -1
    outer loop
      vertex 1.35887 -12.9288 -45
      vertex 1.45538 -6.84703 -45
      vertex 2.70285 -12.7159 -45
    endloop
  endfacet
  facet normal 0 0 -1
    outer loop
      vertex 1.35887 -12.9288 -45
      vertex 0.731699 -6.96165 -45
      vertex 1.45538 -6.84703 -45
    endloop
  endfacet
  facet normal 0 0 -1
    outer loop
      vertex 0 -13 -45
      vertex 0.731699 -6.96165 -45
      vertex 1.35887 -12.9288 -45
    endloop
  endfacet
  facet normal 0 0 -1
    outer loop
      vertex 0 -13 -45
      vertex 0 -7 -45
      vertex 0.731699 -6.96165 -45
    endloop
  endfacet
  facet normal 0 0 -1
    outer loop
      vertex 0 -13 -45
      vertex -0.731699 -6.96165 -45
      vertex 0 -7 -45
    endloop
  endfacet
  facet normal 0 0 -1
    outer loop
      vertex -1.35887 -12.9288 -45
      vertex -0.731699 -6.96165 -45
      vertex 0 -13 -45
    endloop
  endfacet
  facet normal 0 0 -1
    outer loop
      vertex -1.35887 -12.9288 -45
      vertex -1.45538 -6.84703 -45
      vertex -0.731699 -6.96165 -45
    endloop
  endfacet
  facet normal 0 0 -1
    outer loop
      vertex -2.70285 -12.7159 -45
      vertex -1.45538 -6.84703 -45
      vertex -1.35887 -12.9288 -45
    endloop
  endfacet
  facet normal -0 0 -1
    outer loop
      vertex -1.45538 -6.84703 -45
      vertex -2.70285 -12.7159 -45
      vertex -2.16312 -6.6574 -45
    endloop
  endfacet
  facet normal 0 0 -1
    outer loop
      vertex -4.01722 -12.3637 -45
      vertex -2.16312 -6.6574 -45
      vertex -2.70285 -12.7159 -45
    endloop
  endfacet
  facet normal -0 0 -1
    outer loop
      vertex -2.16312 -6.6574 -45
      vertex -4.01722 -12.3637 -45
      vertex -2.84716 -6.39482 -45
    endloop
  endfacet
  facet normal 0 0 -1
    outer loop
      vertex -5.28758 -11.8761 -45
      vertex -2.84716 -6.39482 -45
      vertex -4.01722 -12.3637 -45
    endloop
  endfacet
  facet normal -0 0 -1
    outer loop
      vertex -2.84716 -6.39482 -45
      vertex -5.28758 -11.8761 -45
      vertex -3.5 -6.06218 -45
    endloop
  endfacet
  facet normal 0 0 -1
    outer loop
      vertex -6.5 -11.2583 -45
      vertex -3.5 -6.06218 -45
      vertex -5.28758 -11.8761 -45
    endloop
  endfacet
  facet normal -0 0 -1
    outer loop
      vertex -3.5 -6.06218 -45
      vertex -6.5 -11.2583 -45
      vertex -4.1145 -5.66312 -45
    endloop
  endfacet
  facet normal 0 0 -1
    outer loop
      vertex -7.64121 -10.5172 -45
      vertex -4.1145 -5.66312 -45
      vertex -6.5 -11.2583 -45
    endloop
  endfacet
  facet normal -0 0 -1
    outer loop
      vertex -4.1145 -5.66312 -45
      vertex -7.64121 -10.5172 -45
      vertex -4.68391 -5.20201 -45
    endloop
  endfacet
  facet normal 0 0 -1
    outer loop
      vertex -8.6987 -9.66088 -45
      vertex -4.68391 -5.20201 -45
      vertex -7.64121 -10.5172 -45
    endloop
  endfacet
  facet normal -0 0 -1
    outer loop
      vertex -4.68391 -5.20201 -45
      vertex -8.6987 -9.66088 -45
      vertex -5.20201 -4.68391 -45
    endloop
  endfacet
  facet normal 0 0 -1
    outer loop
      vertex -9.66088 -8.6987 -45
      vertex -5.20201 -4.68391 -45
      vertex -8.6987 -9.66088 -45
    endloop
  endfacet
  facet normal -0 0 -1
    outer loop
      vertex -5.20201 -4.68391 -45
      vertex -9.66088 -8.6987 -45
      vertex -5.66312 -4.1145 -45
    endloop
  endfacet
  facet normal 0 0 -1
    outer loop
      vertex -10.5172 -7.64121 -45
      vertex -5.66312 -4.1145 -45
      vertex -9.66088 -8.6987 -45
    endloop
  endfacet
  facet normal -0 0 -1
    outer loop
      vertex -5.66312 -4.1145 -45
      vertex -10.5172 -7.64121 -45
      vertex -6.06218 -3.5 -45
    endloop
  endfacet
  facet normal 0 0 -1
    outer loop
      vertex -11.2583 -6.5 -45
      vertex -6.06218 -3.5 -45
      vertex -10.5172 -7.64121 -45
    endloop
  endfacet
  facet normal -0 0 -1
    outer loop
      vertex -6.06218 -3.5 -45
      vertex -11.2583 -6.5 -45
      vertex -6.39482 -2.84716 -45
    endloop
  endfacet
  facet normal 0 0 -1
    outer loop
      vertex 6.06218 3.5 -45
      vertex 11.2583 6.5 -45
      vertex 6.39482 2.84716 -45
    endloop
  endfacet
  facet normal -0 0 -1
    outer loop
      vertex 11.2583 6.5 -45
      vertex 6.06218 3.5 -45
      vertex 10.5172 7.64121 -45
    endloop
  endfacet
  facet normal 0 0 -1
    outer loop
      vertex 5.66312 4.1145 -45
      vertex 10.5172 7.64121 -45
      vertex 6.06218 3.5 -45
    endloop
  endfacet
  facet normal -0 0 -1
    outer loop
      vertex 10.5172 7.64121 -45
      vertex 5.66312 4.1145 -45
      vertex 9.66088 8.6987 -45
    endloop
  endfacet
  facet normal 0 0 -1
    outer loop
      vertex 5.20201 4.68391 -45
      vertex 9.66088 8.6987 -45
      vertex 5.66312 4.1145 -45
    endloop
  endfacet
  facet normal -0 0 -1
    outer loop
      vertex 9.66088 8.6987 -45
      vertex 5.20201 4.68391 -45
      vertex 8.6987 9.66088 -45
    endloop
  endfacet
  facet normal 0 0 -1
    outer loop
      vertex 4.68391 5.20201 -45
      vertex 8.6987 9.66088 -45
      vertex 5.20201 4.68391 -45
    endloop
  endfacet
  facet normal -0 0 -1
    outer loop
      vertex 8.6987 9.66088 -45
      vertex 4.68391 5.20201 -45
      vertex 7.64121 10.5172 -45
    endloop
  endfacet
  facet normal 0 0 -1
    outer loop
      vertex 4.1145 5.66312 -45
      vertex 7.64121 10.5172 -45
      vertex 4.68391 5.20201 -45
    endloop
  endfacet
  facet normal -0 0 -1
    outer loop
      vertex 7.64121 10.5172 -45
      vertex 4.1145 5.66312 -45
      vertex 6.5 11.2583 -45
    endloop
  endfacet
  facet normal 0 0 -1
    outer loop
      vertex 3.5 6.06218 -45
      vertex 6.5 11.2583 -45
      vertex 4.1145 5.66312 -45
    endloop
  endfacet
  facet normal -0 0 -1
    outer loop
      vertex 6.5 11.2583 -45
      vertex 3.5 6.06218 -45
      vertex 5.28758 11.8761 -45
    endloop
  endfacet
  facet normal 0 0 -1
    outer loop
      vertex 2.84716 6.39482 -45
      vertex 5.28758 11.8761 -45
      vertex 3.5 6.06218 -45
    endloop
  endfacet
  facet normal -0 0 -1
    outer loop
      vertex 5.28758 11.8761 -45
      vertex 2.84716 6.39482 -45
      vertex 4.01722 12.3637 -45
    endloop
  endfacet
  facet normal 0 0 -1
    outer loop
      vertex 2.16312 6.6574 -45
      vertex 4.01722 12.3637 -45
      vertex 2.84716 6.39482 -45
    endloop
  endfacet
  facet normal -0 0 -1
    outer loop
      vertex 4.01722 12.3637 -45
      vertex 2.16312 6.6574 -45
      vertex 2.70285 12.7159 -45
    endloop
  endfacet
  facet normal 0 0 -1
    outer loop
      vertex 1.45538 6.84703 -45
      vertex 2.70285 12.7159 -45
      vertex 2.16312 6.6574 -45
    endloop
  endfacet
  facet normal 0 0 -1
    outer loop
      vertex 1.45538 6.84703 -45
      vertex 1.35887 12.9288 -45
      vertex 2.70285 12.7159 -45
    endloop
  endfacet
  facet normal 0 0 -1
    outer loop
      vertex 0.731699 6.96165 -45
      vertex 1.35887 12.9288 -45
      vertex 1.45538 6.84703 -45
    endloop
  endfacet
  facet normal 0 0 -1
    outer loop
      vertex 0 7 -45
      vertex 1.35887 12.9288 -45
      vertex 0.731699 6.96165 -45
    endloop
  endfacet
  facet normal 0 0 -1
    outer loop
      vertex 0 7 -45
      vertex 0 13 -45
      vertex 1.35887 12.9288 -45
    endloop
  endfacet
  facet normal 0 0 -1
    outer loop
      vertex -0.731699 6.96165 -45
      vertex 0 13 -45
      vertex 0 7 -45
    endloop
  endfacet
  facet normal 0 0 -1
    outer loop
      vertex -0.731699 6.96165 -45
      vertex -1.35887 12.9288 -45
      vertex 0 13 -45
    endloop
  endfacet
  facet normal 0 0 -1
    outer loop
      vertex -1.45538 6.84703 -45
      vertex -1.35887 12.9288 -45
      vertex -0.731699 6.96165 -45
    endloop
  endfacet
  facet normal 0 0 -1
    outer loop
      vertex -2.70285 12.7159 -45
      vertex -1.45538 6.84703 -45
      vertex -2.16312 6.6574 -45
    endloop
  endfacet
  facet normal 0 0 -1
    outer loop
      vertex -1.45538 6.84703 -45
      vertex -2.70285 12.7159 -45
      vertex -1.35887 12.9288 -45
    endloop
  endfacet
  facet normal 0 0 -1
    outer loop
      vertex -4.01722 12.3637 -45
      vertex -2.16312 6.6574 -45
      vertex -2.84716 6.39482 -45
    endloop
  endfacet
  facet normal 0 0 -1
    outer loop
      vertex -5.28758 11.8761 -45
      vertex -2.84716 6.39482 -45
      vertex -3.5 6.06218 -45
    endloop
  endfacet
  facet normal 0 0 -1
    outer loop
      vertex -2.16312 6.6574 -45
      vertex -4.01722 12.3637 -45
      vertex -2.70285 12.7159 -45
    endloop
  endfacet
  facet normal 0 0 -1
    outer loop
      vertex -6.5 11.2583 -45
      vertex -3.5 6.06218 -45
      vertex -4.1145 5.66312 -45
    endloop
  endfacet
  facet normal 0 0 -1
    outer loop
      vertex -7.64121 10.5172 -45
      vertex -4.1145 5.66312 -45
      vertex -4.68391 5.20201 -45
    endloop
  endfacet
  facet normal 0 0 -1
    outer loop
      vertex -8.6987 9.66088 -45
      vertex -4.68391 5.20201 -45
      vertex -5.20201 4.68391 -45
    endloop
  endfacet
  facet normal 0 0 -1
    outer loop
      vertex -2.84716 6.39482 -45
      vertex -5.28758 11.8761 -45
      vertex -4.01722 12.3637 -45
    endloop
  endfacet
  facet normal 0 0 -1
    outer loop
      vertex -9.66088 8.6987 -45
      vertex -5.20201 4.68391 -45
      vertex -5.66312 4.1145 -45
    endloop
  endfacet
  facet normal 0 0 -1
    outer loop
      vertex -10.5172 7.64121 -45
      vertex -5.66312 4.1145 -45
      vertex -6.06218 3.5 -45
    endloop
  endfacet
  facet normal 0 0 -1
    outer loop
      vertex -11.2583 6.5 -45
      vertex -6.06218 3.5 -45
      vertex -6.39482 2.84716 -45
    endloop
  endfacet
  facet normal 0 0 -1
    outer loop
      vertex -3.5 6.06218 -45
      vertex -6.5 11.2583 -45
      vertex -5.28758 11.8761 -45
    endloop
  endfacet
  facet normal 0 0 -1
    outer loop
      vertex -11.8761 5.28758 -45
      vertex -6.39482 2.84716 -45
      vertex -6.6574 2.16312 -45
    endloop
  endfacet
  facet normal 0 0 -1
    outer loop
      vertex -12.3637 4.01722 -45
      vertex -6.6574 2.16312 -45
      vertex -6.84703 1.45538 -45
    endloop
  endfacet
  facet normal 0 0 -1
    outer loop
      vertex -12.7159 2.70285 -45
      vertex -6.84703 1.45538 -45
      vertex -6.96165 0.731699 -45
    endloop
  endfacet
  facet normal 0 0 -1
    outer loop
      vertex -12.9288 1.35887 -45
      vertex -6.96165 0.731699 -45
      vertex -7 0 -45
    endloop
  endfacet
  facet normal 0 0 -1
    outer loop
      vertex -11.8761 -5.28758 -45
      vertex -6.39482 -2.84716 -45
      vertex -11.2583 -6.5 -45
    endloop
  endfacet
  facet normal 0 0 -1
    outer loop
      vertex -4.1145 5.66312 -45
      vertex -7.64121 10.5172 -45
      vertex -6.5 11.2583 -45
    endloop
  endfacet
  facet normal -0 0 -1
    outer loop
      vertex -6.39482 -2.84716 -45
      vertex -11.8761 -5.28758 -45
      vertex -6.6574 -2.16312 -45
    endloop
  endfacet
  facet normal 0 0 -1
    outer loop
      vertex -4.68391 5.20201 -45
      vertex -8.6987 9.66088 -45
      vertex -7.64121 10.5172 -45
    endloop
  endfacet
  facet normal 0 0 -1
    outer loop
      vertex -12.3637 -4.01722 -45
      vertex -6.6574 -2.16312 -45
      vertex -11.8761 -5.28758 -45
    endloop
  endfacet
  facet normal 0 0 -1
    outer loop
      vertex -5.20201 4.68391 -45
      vertex -9.66088 8.6987 -45
      vertex -8.6987 9.66088 -45
    endloop
  endfacet
  facet normal -0 0 -1
    outer loop
      vertex -6.6574 -2.16312 -45
      vertex -12.3637 -4.01722 -45
      vertex -6.84703 -1.45538 -45
    endloop
  endfacet
  facet normal 0 0 -1
    outer loop
      vertex -5.66312 4.1145 -45
      vertex -10.5172 7.64121 -45
      vertex -9.66088 8.6987 -45
    endloop
  endfacet
  facet normal 0 0 -1
    outer loop
      vertex -12.7159 -2.70285 -45
      vertex -6.84703 -1.45538 -45
      vertex -12.3637 -4.01722 -45
    endloop
  endfacet
  facet normal 0 0 -1
    outer loop
      vertex -6.06218 3.5 -45
      vertex -11.2583 6.5 -45
      vertex -10.5172 7.64121 -45
    endloop
  endfacet
  facet normal -0 0 -1
    outer loop
      vertex -6.84703 -1.45538 -45
      vertex -12.7159 -2.70285 -45
      vertex -6.96165 -0.731699 -45
    endloop
  endfacet
  facet normal 0 0 -1
    outer loop
      vertex -6.39482 2.84716 -45
      vertex -11.8761 5.28758 -45
      vertex -11.2583 6.5 -45
    endloop
  endfacet
  facet normal 0 0 -1
    outer loop
      vertex -12.9288 -1.35887 -45
      vertex -6.96165 -0.731699 -45
      vertex -12.7159 -2.70285 -45
    endloop
  endfacet
  facet normal 0 0 -1
    outer loop
      vertex -6.6574 2.16312 -45
      vertex -12.3637 4.01722 -45
      vertex -11.8761 5.28758 -45
    endloop
  endfacet
  facet normal -0 0 -1
    outer loop
      vertex -6.96165 -0.731699 -45
      vertex -12.9288 -1.35887 -45
      vertex -7 0 -45
    endloop
  endfacet
  facet normal 0 0 -1
    outer loop
      vertex -6.84703 1.45538 -45
      vertex -12.7159 2.70285 -45
      vertex -12.3637 4.01722 -45
    endloop
  endfacet
  facet normal 0 0 -1
    outer loop
      vertex -13 0 -45
      vertex -7 0 -45
      vertex -12.9288 -1.35887 -45
    endloop
  endfacet
  facet normal 0 0 -1
    outer loop
      vertex -6.96165 0.731699 -45
      vertex -12.9288 1.35887 -45
      vertex -12.7159 2.70285 -45
    endloop
  endfacet
  facet normal 0 0 -1
    outer loop
      vertex -7 0 -45
      vertex -13 0 -45
      vertex -12.9288 1.35887 -45
    endloop
  endfacet
  facet normal 0.156459 -0.987684 0
    outer loop
      vertex 1.35887 -12.9288 -45
      vertex 2.70285 -12.7159 0
      vertex 1.35887 -12.9288 0
    endloop
  endfacet
  facet normal 0.156459 -0.987684 0
    outer loop
      vertex 2.70285 -12.7159 0
      vertex 1.35887 -12.9288 -45
      vertex 2.70285 -12.7159 -45
    endloop
  endfacet
  facet normal 0.358339 -0.933592 0
    outer loop
      vertex 4.01722 -12.3637 -45
      vertex 5.28758 -11.8761 0
      vertex 4.01722 -12.3637 0
    endloop
  endfacet
  facet normal 0.358339 -0.933592 0
    outer loop
      vertex 5.28758 -11.8761 0
      vertex 4.01722 -12.3637 -45
      vertex 5.28758 -11.8761 -45
    endloop
  endfacet
  facet normal 0.707107 -0.707107 0
    outer loop
      vertex 8.6987 -9.66088 0
      vertex 9.66088 -8.6987 -45
      vertex 9.66088 -8.6987 0
    endloop
  endfacet
  facet normal 0.707107 -0.707107 0
    outer loop
      vertex 9.66088 -8.6987 -45
      vertex 8.6987 -9.66088 0
      vertex 8.6987 -9.66088 -45
    endloop
  endfacet
  facet normal 0.544634 -0.838674 0
    outer loop
      vertex 6.5 -11.2583 -45
      vertex 7.64121 -10.5172 0
      vertex 6.5 -11.2583 0
    endloop
  endfacet
  facet normal 0.544634 -0.838674 0
    outer loop
      vertex 7.64121 -10.5172 0
      vertex 6.5 -11.2583 -45
      vertex 7.64121 -10.5172 -45
    endloop
  endfacet
  facet normal 0.838674 -0.544634 0
    outer loop
      vertex 10.5172 -7.64121 0
      vertex 11.2583 -6.5 -45
      vertex 11.2583 -6.5 0
    endloop
  endfacet
  facet normal 0.838674 -0.544634 0
    outer loop
      vertex 11.2583 -6.5 -45
      vertex 10.5172 -7.64121 0
      vertex 10.5172 -7.64121 -45
    endloop
  endfacet
  facet normal 0.987684 -0.156459 0
    outer loop
      vertex 12.7159 -2.70285 0
      vertex 12.9288 -1.35887 -45
      vertex 12.9288 -1.35887 0
    endloop
  endfacet
  facet normal 0.987684 -0.156459 0
    outer loop
      vertex 12.9288 -1.35887 -45
      vertex 12.7159 -2.70285 0
      vertex 12.7159 -2.70285 -45
    endloop
  endfacet
  facet normal 0.965923 -0.25883 0
    outer loop
      vertex 12.3637 -4.01722 0
      vertex 12.7159 -2.70285 -45
      vertex 12.7159 -2.70285 0
    endloop
  endfacet
  facet normal 0.965923 -0.25883 0
    outer loop
      vertex 12.7159 -2.70285 -45
      vertex 12.3637 -4.01722 0
      vertex 12.3637 -4.01722 -45
    endloop
  endfacet
  facet normal -0.629312 -0.777153 0
    outer loop
      vertex -8.6987 -9.66088 -45
      vertex -7.64121 -10.5172 0
      vertex -8.6987 -9.66088 0
    endloop
  endfacet
  facet normal -0.629312 -0.777153 -0
    outer loop
      vertex -7.64121 -10.5172 0
      vertex -8.6987 -9.66088 -45
      vertex -7.64121 -10.5172 -45
    endloop
  endfacet
  facet normal -0.454015 -0.890994 0
    outer loop
      vertex -6.5 -11.2583 -45
      vertex -5.28758 -11.8761 0
      vertex -6.5 -11.2583 0
    endloop
  endfacet
  facet normal -0.454015 -0.890994 -0
    outer loop
      vertex -5.28758 -11.8761 0
      vertex -6.5 -11.2583 -45
      vertex -5.28758 -11.8761 -45
    endloop
  endfacet
  facet normal -0.25883 -0.965923 0
    outer loop
      vertex -4.01722 -12.3637 -45
      vertex -2.70285 -12.7159 0
      vertex -4.01722 -12.3637 0
    endloop
  endfacet
  facet normal -0.25883 -0.965923 -0
    outer loop
      vertex -2.70285 -12.7159 0
      vertex -4.01722 -12.3637 -45
      vertex -2.70285 -12.7159 -45
    endloop
  endfacet
  facet normal -0.890994 -0.454015 0
    outer loop
      vertex -11.2583 -6.5 -45
      vertex -11.8761 -5.28758 0
      vertex -11.8761 -5.28758 -45
    endloop
  endfacet
  facet normal -0.890994 -0.454015 0
    outer loop
      vertex -11.8761 -5.28758 0
      vertex -11.2583 -6.5 -45
      vertex -11.2583 -6.5 0
    endloop
  endfacet
  facet normal -0.987684 -0.156459 0
    outer loop
      vertex -12.7159 -2.70285 -45
      vertex -12.9288 -1.35887 0
      vertex -12.9288 -1.35887 -45
    endloop
  endfacet
  facet normal -0.987684 -0.156459 0
    outer loop
      vertex -12.9288 -1.35887 0
      vertex -12.7159 -2.70285 -45
      vertex -12.7159 -2.70285 0
    endloop
  endfacet
  facet normal -0.998629 -0.0523404 0
    outer loop
      vertex 7 0 -45
      vertex 6.96165 0.731699 0
      vertex 6.96165 0.731699 -45
    endloop
  endfacet
  facet normal -0.998629 -0.0523404 0
    outer loop
      vertex 6.96165 0.731699 0
      vertex 7 0 -45
      vertex 7 0 0
    endloop
  endfacet
  facet normal 0.998629 -0.0523404 0
    outer loop
      vertex -7 0 0
      vertex -6.96165 0.731699 -45
      vertex -6.96165 0.731699 0
    endloop
  endfacet
  facet normal 0.998629 -0.0523404 0
    outer loop
      vertex -6.96165 0.731699 -45
      vertex -7 0 0
      vertex -7 0 -45
    endloop
  endfacet
  facet normal -0.0523404 -0.998629 0
    outer loop
      vertex 0 7 -45
      vertex 0.731699 6.96165 0
      vertex 0 7 0
    endloop
  endfacet
  facet normal -0.0523404 -0.998629 -0
    outer loop
      vertex 0.731699 6.96165 0
      vertex 0 7 -45
      vertex 0.731699 6.96165 -45
    endloop
  endfacet
  facet normal -0.707107 -0.707107 0
    outer loop
      vertex 5.20201 4.68391 -45
      vertex 4.68391 5.20201 0
      vertex 4.68391 5.20201 -45
    endloop
  endfacet
  facet normal -0.707107 -0.707107 0
    outer loop
      vertex 4.68391 5.20201 0
      vertex 5.20201 4.68391 -45
      vertex 5.20201 4.68391 0
    endloop
  endfacet
  facet normal 0.629329 -0.777139 0
    outer loop
      vertex -4.68391 5.20201 -45
      vertex -4.1145 5.66312 0
      vertex -4.68391 5.20201 0
    endloop
  endfacet
  facet normal 0.629329 -0.777139 0
    outer loop
      vertex -4.1145 5.66312 0
      vertex -4.68391 5.20201 -45
      vertex -4.1145 5.66312 -45
    endloop
  endfacet
  facet normal 0.258808 -0.965929 0
    outer loop
      vertex -2.16312 6.6574 -45
      vertex -1.45538 6.84703 0
      vertex -2.16312 6.6574 0
    endloop
  endfacet
  facet normal 0.258808 -0.965929 0
    outer loop
      vertex -1.45538 6.84703 0
      vertex -2.16312 6.6574 -45
      vertex -1.45538 6.84703 -45
    endloop
  endfacet
  facet normal -0.891006 -0.453992 0
    outer loop
      vertex 6.39482 2.84716 -45
      vertex 6.06218 3.5 0
      vertex 6.06218 3.5 -45
    endloop
  endfacet
  facet normal -0.891006 -0.453992 0
    outer loop
      vertex 6.06218 3.5 0
      vertex 6.39482 2.84716 -45
      vertex 6.39482 2.84716 0
    endloop
  endfacet
  facet normal -0.35837 -0.93358 0
    outer loop
      vertex 2.16312 6.6574 -45
      vertex 2.84716 6.39482 0
      vertex 2.16312 6.6574 0
    endloop
  endfacet
  facet normal -0.35837 -0.93358 -0
    outer loop
      vertex 2.84716 6.39482 0
      vertex 2.16312 6.6574 -45
      vertex 2.84716 6.39482 -45
    endloop
  endfacet
  facet normal -0.544638 -0.838671 0
    outer loop
      vertex 3.5 6.06218 -45
      vertex 4.1145 5.66312 0
      vertex 3.5 6.06218 0
    endloop
  endfacet
  facet normal -0.544638 -0.838671 -0
    outer loop
      vertex 4.1145 5.66312 0
      vertex 3.5 6.06218 -45
      vertex 4.1145 5.66312 -45
    endloop
  endfacet
  facet normal 0.891006 -0.453992 0
    outer loop
      vertex -6.39482 2.84716 0
      vertex -6.06218 3.5 -45
      vertex -6.06218 3.5 0
    endloop
  endfacet
  facet normal 0.891006 -0.453992 0
    outer loop
      vertex -6.06218 3.5 -45
      vertex -6.39482 2.84716 0
      vertex -6.39482 2.84716 -45
    endloop
  endfacet
  facet normal 0.0523404 -0.998629 0
    outer loop
      vertex -0.731699 6.96165 -45
      vertex 0 7 0
      vertex -0.731699 6.96165 0
    endloop
  endfacet
  facet normal 0.0523404 -0.998629 0
    outer loop
      vertex 0 7 0
      vertex -0.731699 6.96165 -45
      vertex 0 7 -45
    endloop
  endfacet
  facet normal -0.965929 0.258808 0
    outer loop
      vertex 6.6574 -2.16312 -45
      vertex 6.84703 -1.45538 0
      vertex 6.84703 -1.45538 -45
    endloop
  endfacet
  facet normal -0.965929 0.258808 0
    outer loop
      vertex 6.84703 -1.45538 0
      vertex 6.6574 -2.16312 -45
      vertex 6.6574 -2.16312 0
    endloop
  endfacet
  facet normal 0.965929 0.258808 0
    outer loop
      vertex -6.6574 -2.16312 0
      vertex -6.84703 -1.45538 -45
      vertex -6.84703 -1.45538 0
    endloop
  endfacet
  facet normal 0.965929 0.258808 0
    outer loop
      vertex -6.84703 -1.45538 -45
      vertex -6.6574 -2.16312 0
      vertex -6.6574 -2.16312 -45
    endloop
  endfacet
  facet normal 0.998629 0.0523404 0
    outer loop
      vertex -6.96165 -0.731699 0
      vertex -7 0 -45
      vertex -7 0 0
    endloop
  endfacet
  facet normal 0.998629 0.0523404 0
    outer loop
      vertex -7 0 -45
      vertex -6.96165 -0.731699 0
      vertex -6.96165 -0.731699 -45
    endloop
  endfacet
  facet normal -0.965929 -0.258808 0
    outer loop
      vertex 6.84703 1.45538 -45
      vertex 6.6574 2.16312 0
      vertex 6.6574 2.16312 -45
    endloop
  endfacet
  facet normal -0.965929 -0.258808 0
    outer loop
      vertex 6.6574 2.16312 0
      vertex 6.84703 1.45538 -45
      vertex 6.84703 1.45538 0
    endloop
  endfacet
  facet normal -0.987688 -0.156435 0
    outer loop
      vertex 6.96165 0.731699 -45
      vertex 6.84703 1.45538 0
      vertex 6.84703 1.45538 -45
    endloop
  endfacet
  facet normal -0.987688 -0.156435 0
    outer loop
      vertex 6.84703 1.45538 0
      vertex 6.96165 0.731699 -45
      vertex 6.96165 0.731699 0
    endloop
  endfacet
  facet normal -0.93358 -0.35837 0
    outer loop
      vertex 6.6574 2.16312 -45
      vertex 6.39482 2.84716 0
      vertex 6.39482 2.84716 -45
    endloop
  endfacet
  facet normal -0.93358 -0.35837 0
    outer loop
      vertex 6.39482 2.84716 0
      vertex 6.6574 2.16312 -45
      vertex 6.6574 2.16312 0
    endloop
  endfacet
  facet normal -0.777139 -0.629329 0
    outer loop
      vertex 5.66312 4.1145 -45
      vertex 5.20201 4.68391 0
      vertex 5.20201 4.68391 -45
    endloop
  endfacet
  facet normal -0.777139 -0.629329 0
    outer loop
      vertex 5.20201 4.68391 0
      vertex 5.66312 4.1145 -45
      vertex 5.66312 4.1145 0
    endloop
  endfacet
  facet normal -0.838671 -0.544638 0
    outer loop
      vertex 6.06218 3.5 -45
      vertex 5.66312 4.1145 0
      vertex 5.66312 4.1145 -45
    endloop
  endfacet
  facet normal -0.838671 -0.544638 0
    outer loop
      vertex 5.66312 4.1145 0
      vertex 6.06218 3.5 -45
      vertex 6.06218 3.5 0
    endloop
  endfacet
  facet normal -0.258808 -0.965929 0
    outer loop
      vertex 1.45538 6.84703 -45
      vertex 2.16312 6.6574 0
      vertex 1.45538 6.84703 0
    endloop
  endfacet
  facet normal -0.258808 -0.965929 -0
    outer loop
      vertex 2.16312 6.6574 0
      vertex 1.45538 6.84703 -45
      vertex 2.16312 6.6574 -45
    endloop
  endfacet
  facet normal -0.156435 -0.987688 0
    outer loop
      vertex 0.731699 6.96165 -45
      vertex 1.45538 6.84703 0
      vertex 0.731699 6.96165 0
    endloop
  endfacet
  facet normal -0.156435 -0.987688 -0
    outer loop
      vertex 1.45538 6.84703 0
      vertex 0.731699 6.96165 -45
      vertex 1.45538 6.84703 -45
    endloop
  endfacet
  facet normal -0.453992 -0.891006 0
    outer loop
      vertex 2.84716 6.39482 -45
      vertex 3.5 6.06218 0
      vertex 2.84716 6.39482 0
    endloop
  endfacet
  facet normal -0.453992 -0.891006 -0
    outer loop
      vertex 3.5 6.06218 0
      vertex 2.84716 6.39482 -45
      vertex 3.5 6.06218 -45
    endloop
  endfacet
  facet normal -0.629329 -0.777139 0
    outer loop
      vertex 4.1145 5.66312 -45
      vertex 4.68391 5.20201 0
      vertex 4.1145 5.66312 0
    endloop
  endfacet
  facet normal -0.629329 -0.777139 -0
    outer loop
      vertex 4.68391 5.20201 0
      vertex 4.1145 5.66312 -45
      vertex 4.68391 5.20201 -45
    endloop
  endfacet
  facet normal 0.965929 -0.258808 0
    outer loop
      vertex -6.84703 1.45538 0
      vertex -6.6574 2.16312 -45
      vertex -6.6574 2.16312 0
    endloop
  endfacet
  facet normal 0.965929 -0.258808 0
    outer loop
      vertex -6.6574 2.16312 -45
      vertex -6.84703 1.45538 0
      vertex -6.84703 1.45538 -45
    endloop
  endfacet
  facet normal 0.777139 -0.629329 0
    outer loop
      vertex -5.66312 4.1145 0
      vertex -5.20201 4.68391 -45
      vertex -5.20201 4.68391 0
    endloop
  endfacet
  facet normal 0.777139 -0.629329 0
    outer loop
      vertex -5.20201 4.68391 -45
      vertex -5.66312 4.1145 0
      vertex -5.66312 4.1145 -45
    endloop
  endfacet
  facet normal 0.707107 -0.707107 0
    outer loop
      vertex -5.20201 4.68391 0
      vertex -4.68391 5.20201 -45
      vertex -4.68391 5.20201 0
    endloop
  endfacet
  facet normal 0.707107 -0.707107 0
    outer loop
      vertex -4.68391 5.20201 -45
      vertex -5.20201 4.68391 0
      vertex -5.20201 4.68391 -45
    endloop
  endfacet
  facet normal 0.838671 -0.544638 0
    outer loop
      vertex -6.06218 3.5 0
      vertex -5.66312 4.1145 -45
      vertex -5.66312 4.1145 0
    endloop
  endfacet
  facet normal 0.838671 -0.544638 0
    outer loop
      vertex -5.66312 4.1145 -45
      vertex -6.06218 3.5 0
      vertex -6.06218 3.5 -45
    endloop
  endfacet
  facet normal 0.93358 -0.35837 0
    outer loop
      vertex -6.6574 2.16312 0
      vertex -6.39482 2.84716 -45
      vertex -6.39482 2.84716 0
    endloop
  endfacet
  facet normal 0.93358 -0.35837 0
    outer loop
      vertex -6.39482 2.84716 -45
      vertex -6.6574 2.16312 0
      vertex -6.6574 2.16312 -45
    endloop
  endfacet
  facet normal 0.987688 -0.156435 0
    outer loop
      vertex -6.96165 0.731699 0
      vertex -6.84703 1.45538 -45
      vertex -6.84703 1.45538 0
    endloop
  endfacet
  facet normal 0.987688 -0.156435 0
    outer loop
      vertex -6.84703 1.45538 -45
      vertex -6.96165 0.731699 0
      vertex -6.96165 0.731699 -45
    endloop
  endfacet
  facet normal 0.453992 -0.891006 0
    outer loop
      vertex -3.5 6.06218 -45
      vertex -2.84716 6.39482 0
      vertex -3.5 6.06218 0
    endloop
  endfacet
  facet normal 0.453992 -0.891006 0
    outer loop
      vertex -2.84716 6.39482 0
      vertex -3.5 6.06218 -45
      vertex -2.84716 6.39482 -45
    endloop
  endfacet
  facet normal 0.35837 -0.93358 0
    outer loop
      vertex -2.84716 6.39482 -45
      vertex -2.16312 6.6574 0
      vertex -2.84716 6.39482 0
    endloop
  endfacet
  facet normal 0.35837 -0.93358 0
    outer loop
      vertex -2.16312 6.6574 0
      vertex -2.84716 6.39482 -45
      vertex -2.16312 6.6574 -45
    endloop
  endfacet
  facet normal 0.544638 -0.838671 0
    outer loop
      vertex -4.1145 5.66312 -45
      vertex -3.5 6.06218 0
      vertex -4.1145 5.66312 0
    endloop
  endfacet
  facet normal 0.544638 -0.838671 0
    outer loop
      vertex -3.5 6.06218 0
      vertex -4.1145 5.66312 -45
      vertex -3.5 6.06218 -45
    endloop
  endfacet
  facet normal 0.156435 -0.987688 0
    outer loop
      vertex -1.45538 6.84703 -45
      vertex -0.731699 6.96165 0
      vertex -1.45538 6.84703 0
    endloop
  endfacet
  facet normal 0.156435 -0.987688 0
    outer loop
      vertex -0.731699 6.96165 0
      vertex -1.45538 6.84703 -45
      vertex -0.731699 6.96165 -45
    endloop
  endfacet
  facet normal -0.0523404 0.998629 0
    outer loop
      vertex 0.731699 -6.96165 -45
      vertex 0 -7 0
      vertex 0.731699 -6.96165 0
    endloop
  endfacet
  facet normal -0.0523404 0.998629 0
    outer loop
      vertex 0 -7 0
      vertex 0.731699 -6.96165 -45
      vertex 0 -7 -45
    endloop
  endfacet
  facet normal -0.258808 0.965929 0
    outer loop
      vertex 2.16312 -6.6574 -45
      vertex 1.45538 -6.84703 0
      vertex 2.16312 -6.6574 0
    endloop
  endfacet
  facet normal -0.258808 0.965929 0
    outer loop
      vertex 1.45538 -6.84703 0
      vertex 2.16312 -6.6574 -45
      vertex 1.45538 -6.84703 -45
    endloop
  endfacet
  facet normal -0.629329 0.777139 0
    outer loop
      vertex 4.68391 -5.20201 -45
      vertex 4.1145 -5.66312 0
      vertex 4.68391 -5.20201 0
    endloop
  endfacet
  facet normal -0.629329 0.777139 0
    outer loop
      vertex 4.1145 -5.66312 0
      vertex 4.68391 -5.20201 -45
      vertex 4.1145 -5.66312 -45
    endloop
  endfacet
  facet normal -0.453992 0.891006 0
    outer loop
      vertex 3.5 -6.06218 -45
      vertex 2.84716 -6.39482 0
      vertex 3.5 -6.06218 0
    endloop
  endfacet
  facet normal -0.453992 0.891006 0
    outer loop
      vertex 2.84716 -6.39482 0
      vertex 3.5 -6.06218 -45
      vertex 2.84716 -6.39482 -45
    endloop
  endfacet
  facet normal -0.777139 0.629329 0
    outer loop
      vertex 5.20201 -4.68391 -45
      vertex 5.66312 -4.1145 0
      vertex 5.66312 -4.1145 -45
    endloop
  endfacet
  facet normal -0.777139 0.629329 0
    outer loop
      vertex 5.66312 -4.1145 0
      vertex 5.20201 -4.68391 -45
      vertex 5.20201 -4.68391 0
    endloop
  endfacet
  facet normal -0.891006 0.453992 0
    outer loop
      vertex 6.06218 -3.5 -45
      vertex 6.39482 -2.84716 0
      vertex 6.39482 -2.84716 -45
    endloop
  endfacet
  facet normal -0.891006 0.453992 0
    outer loop
      vertex 6.39482 -2.84716 0
      vertex 6.06218 -3.5 -45
      vertex 6.06218 -3.5 0
    endloop
  endfacet
  facet normal 0.707107 0.707107 0
    outer loop
      vertex -4.68391 -5.20201 0
      vertex -5.20201 -4.68391 -45
      vertex -5.20201 -4.68391 0
    endloop
  endfacet
  facet normal 0.707107 0.707107 0
    outer loop
      vertex -5.20201 -4.68391 -45
      vertex -4.68391 -5.20201 0
      vertex -4.68391 -5.20201 -45
    endloop
  endfacet
  facet normal 0.544638 0.838671 -0
    outer loop
      vertex -3.5 -6.06218 -45
      vertex -4.1145 -5.66312 0
      vertex -3.5 -6.06218 0
    endloop
  endfacet
  facet normal 0.544638 0.838671 0
    outer loop
      vertex -4.1145 -5.66312 0
      vertex -3.5 -6.06218 -45
      vertex -4.1145 -5.66312 -45
    endloop
  endfacet
  facet normal 0.35837 0.93358 -0
    outer loop
      vertex -2.16312 -6.6574 -45
      vertex -2.84716 -6.39482 0
      vertex -2.16312 -6.6574 0
    endloop
  endfacet
  facet normal 0.35837 0.93358 0
    outer loop
      vertex -2.84716 -6.39482 0
      vertex -2.16312 -6.6574 -45
      vertex -2.84716 -6.39482 -45
    endloop
  endfacet
  facet normal 0.156435 0.987688 -0
    outer loop
      vertex -0.731699 -6.96165 -45
      vertex -1.45538 -6.84703 0
      vertex -0.731699 -6.96165 0
    endloop
  endfacet
  facet normal 0.156435 0.987688 0
    outer loop
      vertex -1.45538 -6.84703 0
      vertex -0.731699 -6.96165 -45
      vertex -1.45538 -6.84703 -45
    endloop
  endfacet
  facet normal 0.93358 0.35837 0
    outer loop
      vertex -6.39482 -2.84716 0
      vertex -6.6574 -2.16312 -45
      vertex -6.6574 -2.16312 0
    endloop
  endfacet
  facet normal 0.93358 0.35837 0
    outer loop
      vertex -6.6574 -2.16312 -45
      vertex -6.39482 -2.84716 0
      vertex -6.39482 -2.84716 -45
    endloop
  endfacet
  facet normal 0.838671 0.544638 0
    outer loop
      vertex -5.66312 -4.1145 0
      vertex -6.06218 -3.5 -45
      vertex -6.06218 -3.5 0
    endloop
  endfacet
  facet normal 0.838671 0.544638 0
    outer loop
      vertex -6.06218 -3.5 -45
      vertex -5.66312 -4.1145 0
      vertex -5.66312 -4.1145 -45
    endloop
  endfacet
  facet normal 0.987688 0.156435 0
    outer loop
      vertex -6.84703 -1.45538 0
      vertex -6.96165 -0.731699 -45
      vertex -6.96165 -0.731699 0
    endloop
  endfacet
  facet normal 0.987688 0.156435 0
    outer loop
      vertex -6.96165 -0.731699 -45
      vertex -6.84703 -1.45538 0
      vertex -6.84703 -1.45538 -45
    endloop
  endfacet
  facet normal -0.156435 0.987688 0
    outer loop
      vertex 1.45538 -6.84703 -45
      vertex 0.731699 -6.96165 0
      vertex 1.45538 -6.84703 0
    endloop
  endfacet
  facet normal -0.156435 0.987688 0
    outer loop
      vertex 0.731699 -6.96165 0
      vertex 1.45538 -6.84703 -45
      vertex 0.731699 -6.96165 -45
    endloop
  endfacet
  facet normal -0.35837 0.93358 0
    outer loop
      vertex 2.84716 -6.39482 -45
      vertex 2.16312 -6.6574 0
      vertex 2.84716 -6.39482 0
    endloop
  endfacet
  facet normal -0.35837 0.93358 0
    outer loop
      vertex 2.16312 -6.6574 0
      vertex 2.84716 -6.39482 -45
      vertex 2.16312 -6.6574 -45
    endloop
  endfacet
  facet normal -0.707107 0.707107 0
    outer loop
      vertex 4.68391 -5.20201 -45
      vertex 5.20201 -4.68391 0
      vertex 5.20201 -4.68391 -45
    endloop
  endfacet
  facet normal -0.707107 0.707107 0
    outer loop
      vertex 5.20201 -4.68391 0
      vertex 4.68391 -5.20201 -45
      vertex 4.68391 -5.20201 0
    endloop
  endfacet
  facet normal -0.544638 0.838671 0
    outer loop
      vertex 4.1145 -5.66312 -45
      vertex 3.5 -6.06218 0
      vertex 4.1145 -5.66312 0
    endloop
  endfacet
  facet normal -0.544638 0.838671 0
    outer loop
      vertex 3.5 -6.06218 0
      vertex 4.1145 -5.66312 -45
      vertex 3.5 -6.06218 -45
    endloop
  endfacet
  facet normal -0.838671 0.544638 0
    outer loop
      vertex 5.66312 -4.1145 -45
      vertex 6.06218 -3.5 0
      vertex 6.06218 -3.5 -45
    endloop
  endfacet
  facet normal -0.838671 0.544638 0
    outer loop
      vertex 6.06218 -3.5 0
      vertex 5.66312 -4.1145 -45
      vertex 5.66312 -4.1145 0
    endloop
  endfacet
  facet normal -0.93358 0.35837 0
    outer loop
      vertex 6.39482 -2.84716 -45
      vertex 6.6574 -2.16312 0
      vertex 6.6574 -2.16312 -45
    endloop
  endfacet
  facet normal -0.93358 0.35837 0
    outer loop
      vertex 6.6574 -2.16312 0
      vertex 6.39482 -2.84716 -45
      vertex 6.39482 -2.84716 0
    endloop
  endfacet
  facet normal -0.987688 0.156435 0
    outer loop
      vertex 6.84703 -1.45538 -45
      vertex 6.96165 -0.731699 0
      vertex 6.96165 -0.731699 -45
    endloop
  endfacet
  facet normal -0.987688 0.156435 0
    outer loop
      vertex 6.96165 -0.731699 0
      vertex 6.84703 -1.45538 -45
      vertex 6.84703 -1.45538 0
    endloop
  endfacet
  facet normal -0.998629 0.0523404 0
    outer loop
      vertex 6.96165 -0.731699 -45
      vertex 7 0 0
      vertex 7 0 -45
    endloop
  endfacet
  facet normal -0.998629 0.0523404 0
    outer loop
      vertex 7 0 0
      vertex 6.96165 -0.731699 -45
      vertex 6.96165 -0.731699 0
    endloop
  endfacet
  facet normal 0.629329 0.777139 -0
    outer loop
      vertex -4.1145 -5.66312 -45
      vertex -4.68391 -5.20201 0
      vertex -4.1145 -5.66312 0
    endloop
  endfacet
  facet normal 0.629329 0.777139 0
    outer loop
      vertex -4.68391 -5.20201 0
      vertex -4.1145 -5.66312 -45
      vertex -4.68391 -5.20201 -45
    endloop
  endfacet
  facet normal 0.453992 0.891006 -0
    outer loop
      vertex -2.84716 -6.39482 -45
      vertex -3.5 -6.06218 0
      vertex -2.84716 -6.39482 0
    endloop
  endfacet
  facet normal 0.453992 0.891006 0
    outer loop
      vertex -3.5 -6.06218 0
      vertex -2.84716 -6.39482 -45
      vertex -3.5 -6.06218 -45
    endloop
  endfacet
  facet normal 0.258808 0.965929 -0
    outer loop
      vertex -1.45538 -6.84703 -45
      vertex -2.16312 -6.6574 0
      vertex -1.45538 -6.84703 0
    endloop
  endfacet
  facet normal 0.258808 0.965929 0
    outer loop
      vertex -2.16312 -6.6574 0
      vertex -1.45538 -6.84703 -45
      vertex -2.16312 -6.6574 -45
    endloop
  endfacet
  facet normal 0.0523404 0.998629 -0
    outer loop
      vertex 0 -7 -45
      vertex -0.731699 -6.96165 0
      vertex 0 -7 0
    endloop
  endfacet
  facet normal 0.0523404 0.998629 0
    outer loop
      vertex -0.731699 -6.96165 0
      vertex 0 -7 -45
      vertex -0.731699 -6.96165 -45
    endloop
  endfacet
  facet normal 0.891006 0.453992 0
    outer loop
      vertex -6.06218 -3.5 0
      vertex -6.39482 -2.84716 -45
      vertex -6.39482 -2.84716 0
    endloop
  endfacet
  facet normal 0.891006 0.453992 0
    outer loop
      vertex -6.39482 -2.84716 -45
      vertex -6.06218 -3.5 0
      vertex -6.06218 -3.5 -45
    endloop
  endfacet
  facet normal 0.777139 0.629329 0
    outer loop
      vertex -5.20201 -4.68391 0
      vertex -5.66312 -4.1145 -45
      vertex -5.66312 -4.1145 0
    endloop
  endfacet
  facet normal 0.777139 0.629329 0
    outer loop
      vertex -5.66312 -4.1145 -45
      vertex -5.20201 -4.68391 0
      vertex -5.20201 -4.68391 -45
    endloop
  endfacet
endsolid OpenSCAD_Model
